{"type": "FeatureCollection", "features": [{"type": "Feature", "id": 1, "properties": {"segment_id": 1, "risk_score": 0.2224597566980359, "risk_category": "Low", "vegetation_fraction": 1.0, "mean_dist_to_line_m": 2513.185229942274, "ndvi": 0.42671269251194904}, "geometry": {"type": "Point", "coordinates": [80.22777445672297, 26.04804405173591]}}, {"type": "Feature", "id": 2, "properties": {"segment_id": 2, "risk_score": 0.30758652203348447, "risk_category": "Low", "vegetation_fraction": 1.0, "mean_dist_to_line_m": 1100.5453193758083, "ndvi": 0.3896810992999741}, "geometry": {"type": "Point", "coordinates": [80.10093233860529, 26.01085379897336]}}, {"type": "Feature", "id": 3, "properties": {"segment_id": 3, "risk_score": 0.40572314774368334, "risk_category": "Medium", "vegetation_fraction": 1.0, "mean_dist_to_line_m": 1241.933975700802, "ndvi": 0.5225455708346659}, "geometry": {"type": "Point", "coordinates": [80.13102590062329, 26.011482619672247]}}, {"type": "Feature", "id": 4, "properties": {"segment_id": 4, "risk_score": 0.5502514338178053, "risk_category": "High", "vegetation_fraction": 1.0, "mean_dist_to_line_m": 640.0781202322104, "ndvi": 0.6031036915118739}, "geometry": {"type": "Point", "coordinates": [80.33647060610143, 25.979322932500768]}}, {"type": "Feature", "id": 5, "properties": {"segment_id": 5, "risk_score": 0.3422051688251406, "risk_category": "Low", "vegetation_fraction": 1.0, "mean_dist_to_line_m": 932.6306878931232, "ndvi": 0.406494960806271}, "geometry": {"type": "Point", "coordinates": [79.95872902912916, 26.037354099854888]}}, {"type": "Feature", "id": 6, "properties": {"segment_id": 6, "risk_score": 0.3079878812307336, "risk_category": "Low", "vegetation_fraction": 1.0, "mean_dist_to_line_m": 1322.1951444472938, "ndvi": 0.41838649155722324}, "geometry": {"type": "Point", "coordinates": [80.22840327742185, 26.03690494221283]}}, {"type": "Feature", "id": 7, "properties": {"segment_id": 7, "risk_score": 0.29209398959012856, "risk_category": "Low", "vegetation_fraction": 1.0, "mean_dist_to_line_m": 1013.1633629380802, "ndvi": 0.35958549222797925}, "geometry": {"type": "Point", "coordinates": [80.29308197787846, 26.013279250240487]}}, {"type": "Feature", "id": 8, "properties": {"segment_id": 8, "risk_score": 0.3754017065463341, "risk_category": "Medium", "vegetation_fraction": 1.0, "mean_dist_to_line_m": 1176.4352935882193, "ndvi": 0.4788211103495546}, "geometry": {"type": "Point", "coordinates": [80.25723919804209, 26.028550610070518]}}, {"type": "Feature", "id": 9, "properties": {"segment_id": 9, "risk_score": 0.1453045434827833, "risk_category": "Low", "vegetation_fraction": 0.0, "mean_dist_to_line_m": 2025.2654147049466, "ndvi": 0.21467503665000187}, "geometry": {"type": "Point", "coordinates": [80.16004148430035, 26.044540622127844]}}, {"type": "Feature", "id": 10, "properties": {"segment_id": 10, "risk_score": 0.32948316719086335, "risk_category": "Low", "vegetation_fraction": 1.0, "mean_dist_to_line_m": 1734.156855650607, "ndvi": 0.4883142715067131}, "geometry": {"type": "Point", "coordinates": [80.24996284424071, 26.03564730081506]}}, {"type": "Feature", "id": 11, "properties": {"segment_id": 11, "risk_score": 0.11557540411214412, "risk_category": "Low", "vegetation_fraction": 0.0, "mean_dist_to_line_m": 2483.082761407682, "ndvi": 0.15346121768140117}, "geometry": {"type": "Point", "coordinates": [80.29092602119657, 26.02962858841146]}}, {"type": "Feature", "id": 12, "properties": {"segment_id": 12, "risk_score": 0.33425594452447277, "risk_category": "Low", "vegetation_fraction": 1.0, "mean_dist_to_line_m": 1273.184982632139, "ndvi": 0.44305555555555554}, "geometry": {"type": "Point", "coordinates": [79.9943921459087, 26.03690494221283]}}, {"type": "Feature", "id": 13, "properties": {"segment_id": 13, "risk_score": 0.5146793844575303, "risk_category": "Medium", "vegetation_fraction": 1.0, "mean_dist_to_line_m": 590.3388857258177, "ndvi": 0.5530700753252682}, "geometry": {"type": "Point", "coordinates": [80.39144750148954, 25.941414027510923]}}, {"type": "Feature", "id": 14, "properties": {"segment_id": 14, "risk_score": 0.3355582177804348, "risk_category": "Low", "vegetation_fraction": 1.0, "mean_dist_to_line_m": 1849.7837711473198, "ndvi": 0.506416584402764}, "geometry": {"type": "Point", "coordinates": [80.15141765757281, 26.043552475315312]}}, {"type": "Feature", "id": 15, "properties": {"segment_id": 15, "risk_score": 0.24036681302603924, "risk_category": "Low", "vegetation_fraction": 1.0, "mean_dist_to_line_m": 1930.5180651835403, "ndvi": 0.4026818366517676}, "geometry": {"type": "Point", "coordinates": [80.40788667118892, 25.932700369254963]}}, {"type": "Feature", "id": 16, "properties": {"segment_id": 16, "risk_score": 0.3342452128891372, "risk_category": "Low", "vegetation_fraction": 1.0, "mean_dist_to_line_m": 490.0, "ndvi": 0.3246906305244549}, "geometry": {"type": "Point", "coordinates": [80.01487373438664, 26.01893863653044]}}, {"type": "Feature", "id": 17, "properties": {"segment_id": 17, "risk_score": 0.1275887539021242, "risk_category": "Low", "vegetation_fraction": 1.0, "mean_dist_to_line_m": 2839.242856819402, "ndvi": 0.33601096075524106}, "geometry": {"type": "Point", "coordinates": [80.1799840836078, 26.04481011671308]}}, {"type": "Feature", "id": 18, "properties": {"segment_id": 18, "risk_score": 0.4652939010911915, "risk_category": "Medium", "vegetation_fraction": 1.0, "mean_dist_to_line_m": 1413.15250415516, "ndvi": 0.6126220554973244}, "geometry": {"type": "Point", "coordinates": [80.19705207400608, 26.010494472859715]}}, {"type": "Feature", "id": 19, "properties": {"segment_id": 19, "risk_score": 0.25618429240564555, "risk_category": "Low", "vegetation_fraction": 1.0, "mean_dist_to_line_m": 1784.740877550576, "ndvi": 0.40769605455431074}, "geometry": {"type": "Point", "coordinates": [79.90878269933212, 26.033671007189998]}}, {"type": "Feature", "id": 20, "properties": {"segment_id": 20, "risk_score": 0.3951624348591236, "risk_category": "Medium", "vegetation_fraction": 1.0, "mean_dist_to_line_m": 1724.5579143653017, "ndvi": 0.5639967283586633}, "geometry": {"type": "Point", "coordinates": [80.17450436037467, 26.036365953042356]}}, {"type": "Feature", "id": 21, "properties": {"segment_id": 21, "risk_score": 0.1829309887059219, "risk_category": "Low", "vegetation_fraction": 1.0, "mean_dist_to_line_m": 2505.3941805632103, "ndvi": 0.38007736943907156}, "geometry": {"type": "Point", "coordinates": [80.23684744109256, 25.999535026393456]}}, {"type": "Feature", "id": 22, "properties": {"segment_id": 22, "risk_score": 0.3469468082232625, "risk_category": "Low", "vegetation_fraction": 1.0, "mean_dist_to_line_m": 2405.202694161139, "ndvi": 0.5645791405232627}, "geometry": {"type": "Point", "coordinates": [80.41049178551287, 25.960907469176316]}}, {"type": "Feature", "id": 23, "properties": {"segment_id": 23, "risk_score": 0.5783051352617502, "risk_category": "High", "vegetation_fraction": 1.0, "mean_dist_to_line_m": 76.15773105863909, "ndvi": 0.5254587155963303}, "geometry": {"type": "Point", "coordinates": [80.38956103939289, 25.94779206602817]}}, {"type": "Feature", "id": 24, "properties": {"segment_id": 24, "risk_score": 0.16235504252607658, "risk_category": "Low", "vegetation_fraction": 0.0, "mean_dist_to_line_m": 1803.3579788827287, "ndvi": 0.0664208585725573}, "geometry": {"type": "Point", "coordinates": [80.1070408825373, 26.036725279156006]}}, {"type": "Feature", "id": 25, "properties": {"segment_id": 25, "risk_score": 0.38395727407865615, "risk_category": "Medium", "vegetation_fraction": 1.0, "mean_dist_to_line_m": 693.757882838098, "ndvi": 0.4180677338910789}, "geometry": {"type": "Point", "coordinates": [80.24340514266665, 26.014716554695077]}}, {"type": "Feature", "id": 26, "properties": {"segment_id": 26, "risk_score": 0.22407901442887995, "risk_category": "Low", "vegetation_fraction": 1.0, "mean_dist_to_line_m": 2075.427666771357, "ndvi": 0.39610247427195094}, "geometry": {"type": "Point", "coordinates": [79.94013390274789, 26.0494813561905]}}, {"type": "Feature", "id": 27, "properties": {"segment_id": 27, "risk_score": 0.22242903523429958, "risk_category": "Low", "vegetation_fraction": 1.0, "mean_dist_to_line_m": 1426.8847185389575, "ndvi": 0.3308550185873606}, "geometry": {"type": "Point", "coordinates": [79.96708336127148, 26.015165712337136]}}, {"type": "Feature", "id": 28, "properties": {"segment_id": 28, "risk_score": 0.32386076546060566, "risk_category": "Low", "vegetation_fraction": 1.0, "mean_dist_to_line_m": 3252.1377584598104, "ndvi": 0.5860436137071651}, "geometry": {"type": "Point", "coordinates": [80.40267644254104, 25.976897481233646]}}, {"type": "Feature", "id": 29, "properties": {"segment_id": 29, "risk_score": 0.5171542975786352, "risk_category": "Medium", "vegetation_fraction": 1.0, "mean_dist_to_line_m": 332.41540277189324, "ndvi": 0.5081405312767782}, "geometry": {"type": "Point", "coordinates": [80.01199912547746, 26.026664147973865]}}, {"type": "Feature", "id": 30, "properties": {"segment_id": 30, "risk_score": 0.23108129485425663, "risk_category": "Low", "vegetation_fraction": 1.0, "mean_dist_to_line_m": 1959.7193676646666, "ndvi": 0.3944250871080139}, "geometry": {"type": "Point", "coordinates": [80.17145008840866, 26.003218119058346]}}, {"type": "Feature", "id": 31, "properties": {"segment_id": 31, "risk_score": 0.3363588195882824, "risk_category": "Low", "vegetation_fraction": 1.0, "mean_dist_to_line_m": 2628.554735971842, "ndvi": 0.5670400354885217}, "geometry": {"type": "Point", "coordinates": [80.3979153715352, 25.97402287232446]}}, {"type": "Feature", "id": 32, "properties": {"segment_id": 32, "risk_score": 0.4325758554429608, "risk_category": "Medium", "vegetation_fraction": 1.0, "mean_dist_to_line_m": 819.8780397107853, "ndvi": 0.494949494949495}, "geometry": {"type": "Point", "coordinates": [80.32380436059533, 25.971777084114162]}}, {"type": "Feature", "id": 33, "properties": {"segment_id": 33, "risk_score": 0.24976190237126944, "risk_category": "Low", "vegetation_fraction": 0.0, "mean_dist_to_line_m": 941.9129471453293, "ndvi": 0.28942637685896394}, "geometry": {"type": "Point", "coordinates": [79.9448051422253, 26.021723413911207]}}, {"type": "Feature", "id": 34, "properties": {"segment_id": 34, "risk_score": 0.29891516124271034, "risk_category": "Low", "vegetation_fraction": 1.0, "mean_dist_to_line_m": 1307.7079184588583, "ndvi": 0.4060500921609021}, "geometry": {"type": "Point", "coordinates": [80.26226976363316, 26.00339778211517]}}, {"type": "Feature", "id": 35, "properties": {"segment_id": 35, "risk_score": 0.33960242557650366, "risk_category": "Low", "vegetation_fraction": 1.0, "mean_dist_to_line_m": 1062.308806327049, "ndvi": 0.42183742183742184}, "geometry": {"type": "Point", "coordinates": [80.20351994405173, 26.03825241513901]}}, {"type": "Feature", "id": 36, "properties": {"segment_id": 36, "risk_score": 0.2972762531715752, "risk_category": "Low", "vegetation_fraction": 1.0, "mean_dist_to_line_m": 970.1546268507923, "ndvi": 0.35951915012580377}, "geometry": {"type": "Point", "coordinates": [80.14324298848732, 26.016962342905376]}}, {"type": "Feature", "id": 37, "properties": {"segment_id": 37, "risk_score": 0.27464046315946467, "risk_category": "Low", "vegetation_fraction": 1.0, "mean_dist_to_line_m": 1134.6365056704283, "ndvi": 0.35579330753471433}, "geometry": {"type": "Point", "coordinates": [79.91641837924713, 26.03834224666742]}}, {"type": "Feature", "id": 38, "properties": {"segment_id": 38, "risk_score": 0.43671506241645375, "risk_category": "Medium", "vegetation_fraction": 1.0, "mean_dist_to_line_m": 704.3436661176133, "ndvi": 0.4813599062133646}, "geometry": {"type": "Point", "coordinates": [80.37752361458568, 25.950936169522592]}}, {"type": "Feature", "id": 39, "properties": {"segment_id": 39, "risk_score": 0.578880575433996, "risk_category": "High", "vegetation_fraction": 1.0, "mean_dist_to_line_m": 221.35943621178654, "ndvi": 0.5575888051668461}, "geometry": {"type": "Point", "coordinates": [80.128780112413, 26.02037594098503]}}, {"type": "Feature", "id": 40, "properties": {"segment_id": 40, "risk_score": 0.4299467114788085, "risk_category": "Medium", "vegetation_fraction": 1.0, "mean_dist_to_line_m": 1140.043858805441, "ndvi": 0.5376984126984127}, "geometry": {"type": "Point", "coordinates": [80.11252060577043, 26.02908959924099]}}, {"type": "Feature", "id": 41, "properties": {"segment_id": 41, "risk_score": 0.17207546407949328, "risk_category": "Low", "vegetation_fraction": 1.0, "mean_dist_to_line_m": 2098.022878807569, "ndvi": 0.3372889091738932}, "geometry": {"type": "Point", "coordinates": [80.22714563602408, 26.04436095907102]}}, {"type": "Feature", "id": 42, "properties": {"segment_id": 42, "risk_score": 0.2598137340950201, "risk_category": "Low", "vegetation_fraction": 1.0, "mean_dist_to_line_m": 1122.7199116431489, "ndvi": 0.3369140625}, "geometry": {"type": "Point", "coordinates": [80.10506458891224, 26.009236831461948]}}, {"type": "Feature", "id": 43, "properties": {"segment_id": 43, "risk_score": 0.3809498047173716, "risk_category": "Medium", "vegetation_fraction": 1.0, "mean_dist_to_line_m": 1259.3649193144934, "ndvi": 0.4958196634564504}, "geometry": {"type": "Point", "coordinates": [80.32434334976581, 25.966746518523095]}}, {"type": "Feature", "id": 44, "properties": {"segment_id": 44, "risk_score": 0.4744737742995231, "risk_category": "Medium", "vegetation_fraction": 1.0, "mean_dist_to_line_m": 80.62257748298549, "ndvi": 0.4053238820601764}, "geometry": {"type": "Point", "coordinates": [80.23738643026304, 26.023340381422624]}}, {"type": "Feature", "id": 45, "properties": {"segment_id": 45, "risk_score": 0.46788690337705907, "risk_category": "Medium", "vegetation_fraction": 1.0, "mean_dist_to_line_m": 2131.3845265460664, "ndvi": 0.6851063829787234}, "geometry": {"type": "Point", "coordinates": [80.27484617761083, 26.031874376621758]}}, {"type": "Feature", "id": 46, "properties": {"segment_id": 46, "risk_score": 0.22203482405617758, "risk_category": "Low", "vegetation_fraction": 1.0, "mean_dist_to_line_m": 2170.0691233230336, "ndvi": 0.401358577829166}, "geometry": {"type": "Point", "coordinates": [80.15770586456163, 26.002679129887873]}}, {"type": "Feature", "id": 47, "properties": {"segment_id": 47, "risk_score": 0.4026742734925479, "risk_category": "Medium", "vegetation_fraction": 1.0, "mean_dist_to_line_m": 1008.4641788382967, "ndvi": 0.48793436293436293}, "geometry": {"type": "Point", "coordinates": [80.3288349261864, 25.96656685546627]}}, {"type": "Feature", "id": 48, "properties": {"segment_id": 48, "risk_score": 0.3525993544625482, "risk_category": "Medium", "vegetation_fraction": 1.0, "mean_dist_to_line_m": 2799.5713957675734, "ndvi": 0.5962626661402816}, "geometry": {"type": "Point", "coordinates": [80.14198534708954, 26.000433341677574]}}, {"type": "Feature", "id": 49, "properties": {"segment_id": 49, "risk_score": 0.14531476715231637, "risk_category": "Low", "vegetation_fraction": 1.0, "mean_dist_to_line_m": 3034.5345606863666, "ndvi": 0.367189049791708}, "geometry": {"type": "Point", "coordinates": [80.3054787287993, 25.959829490835375]}}, {"type": "Feature", "id": 50, "properties": {"segment_id": 50, "risk_score": 0.49641557952006166, "risk_category": "Medium", "vegetation_fraction": 1.0, "mean_dist_to_line_m": 822.1921916437786, "ndvi": 0.5697873380591543}, "geometry": {"type": "Point", "coordinates": [79.96232229026565, 26.03600662692871]}}, {"type": "Feature", "id": 51, "properties": {"segment_id": 51, "risk_score": 0.23346324111409167, "risk_category": "Low", "vegetation_fraction": 1.0, "mean_dist_to_line_m": 3164.4272783554375, "ndvi": 0.47646461225871994}, "geometry": {"type": "Point", "coordinates": [80.18681127976711, 26.05109832370192]}}, {"type": "Feature", "id": 52, "properties": {"segment_id": 52, "risk_score": 0.37671315141837863, "risk_category": "Medium", "vegetation_fraction": 1.0, "mean_dist_to_line_m": 1102.088925631684, "ndvi": 0.47053649956024624}, "geometry": {"type": "Point", "coordinates": [80.28571579254867, 25.994414629273976]}}, {"type": "Feature", "id": 53, "properties": {"segment_id": 53, "risk_score": 0.5332236061452582, "risk_category": "Medium", "vegetation_fraction": 1.0, "mean_dist_to_line_m": 180.27756377319946, "ndvi": 0.4956521739130435}, "geometry": {"type": "Point", "coordinates": [80.32308570836804, 25.979053437915532]}}, {"type": "Feature", "id": 54, "properties": {"segment_id": 54, "risk_score": 0.27165961998799437, "risk_category": "Low", "vegetation_fraction": 1.0, "mean_dist_to_line_m": 1964.611920965563, "ndvi": 0.44219445641246585}, "geometry": {"type": "Point", "coordinates": [80.1129697634125, 26.036815110684415]}}, {"type": "Feature", "id": 55, "properties": {"segment_id": 55, "risk_score": 0.4713164257460858, "risk_category": "Medium", "vegetation_fraction": 1.0, "mean_dist_to_line_m": 152.97058540778355, "ndvi": 0.417564778720477}, "geometry": {"type": "Point", "coordinates": [80.19094353007407, 26.020286109456617]}}, {"type": "Feature", "id": 56, "properties": {"segment_id": 56, "risk_score": 0.3677899237074478, "risk_category": "Medium", "vegetation_fraction": 1.0, "mean_dist_to_line_m": 1525.0245899656832, "ndvi": 0.5113915177006659}, "geometry": {"type": "Point", "coordinates": [80.4061798721491, 25.953990441488596]}}, {"type": "Feature", "id": 57, "properties": {"segment_id": 57, "risk_score": 0.3463274176926935, "risk_category": "Low", "vegetation_fraction": 1.0, "mean_dist_to_line_m": 2439.77457975117, "ndvi": 0.5662590466683304}, "geometry": {"type": "Point", "coordinates": [80.39297463747255, 25.92335789030012]}}, {"type": "Feature", "id": 58, "properties": {"segment_id": 58, "risk_score": 0.20243101591559903, "risk_category": "Low", "vegetation_fraction": 1.0, "mean_dist_to_line_m": 2536.1782271756847, "ndvi": 0.40486409155937053}, "geometry": {"type": "Point", "coordinates": [80.30934148452101, 25.962524436687733]}}, {"type": "Feature", "id": 59, "properties": {"segment_id": 59, "risk_score": 0.3307671567102828, "risk_category": "Low", "vegetation_fraction": 1.0, "mean_dist_to_line_m": 839.3449827097318, "ndvi": 0.3791727291623363}, "geometry": {"type": "Point", "coordinates": [80.12994792228234, 26.03052690369558]}}, {"type": "Feature", "id": 60, "properties": {"segment_id": 60, "risk_score": 0.4066584427245573, "risk_category": "Medium", "vegetation_fraction": 1.0, "mean_dist_to_line_m": 746.7261881037789, "ndvi": 0.4531744101191924}, "geometry": {"type": "Point", "coordinates": [80.0063397391875, 26.017411500547436]}}, {"type": "Feature", "id": 61, "properties": {"segment_id": 61, "risk_score": 0.2103015859219449, "risk_category": "Low", "vegetation_fraction": 1.0, "mean_dist_to_line_m": 1890.0, "ndvi": 0.3639680504881176}, "geometry": {"type": "Point", "coordinates": [80.03310953465426, 26.00609272796753]}}, {"type": "Feature", "id": 62, "properties": {"segment_id": 62, "risk_score": 0.18335042523849554, "risk_category": "Low", "vegetation_fraction": 1.0, "mean_dist_to_line_m": 3258.5426190246462, "ndvi": 0.42240837696335076}, "geometry": {"type": "Point", "coordinates": [80.35174196593145, 25.997199406654747]}}, {"type": "Feature", "id": 63, "properties": {"segment_id": 63, "risk_score": 0.2801694567815346, "risk_category": "Low", "vegetation_fraction": 1.0, "mean_dist_to_line_m": 1996.4217991196147, "ndvi": 0.4548798712495689}, "geometry": {"type": "Point", "coordinates": [79.93555249479888, 26.049211861605265]}}, {"type": "Feature", "id": 64, "properties": {"segment_id": 64, "risk_score": 0.3234841853875148, "risk_category": "Low", "vegetation_fraction": 1.0, "mean_dist_to_line_m": 3064.000652741445, "ndvi": 0.5765501691093574}, "geometry": {"type": "Point", "coordinates": [80.20989798256899, 26.000792667791224]}}, {"type": "Feature", "id": 65, "properties": {"segment_id": 65, "risk_score": 0.12074788787954704, "risk_category": "Low", "vegetation_fraction": 1.0, "mean_dist_to_line_m": 2593.472575524947, "ndvi": 0.3132752705199261}, "geometry": {"type": "Point", "coordinates": [80.21124545549516, 26.00474525504135]}}, {"type": "Feature", "id": 66, "properties": {"segment_id": 66, "risk_score": 0.2670482302447726, "risk_category": "Low", "vegetation_fraction": 1.0, "mean_dist_to_line_m": 1357.1293232407882, "ndvi": 0.37479541734860883}, "geometry": {"type": "Point", "coordinates": [80.35461657484063, 25.980131416256476]}}, {"type": "Feature", "id": 67, "properties": {"segment_id": 67, "risk_score": 0.3608172799204406, "risk_category": "Medium", "vegetation_fraction": 1.0, "mean_dist_to_line_m": 320.0, "ndvi": 0.3232863917229487}, "geometry": {"type": "Point", "coordinates": [80.04721308461494, 26.02001661487138]}}, {"type": "Feature", "id": 68, "properties": {"segment_id": 68, "risk_score": 0.4678232343919527, "risk_category": "Medium", "vegetation_fraction": 1.0, "mean_dist_to_line_m": 537.5872022286245, "ndvi": 0.48911997801090284}, "geometry": {"type": "Point", "coordinates": [80.06697602086557, 26.02001661487138]}}, {"type": "Feature", "id": 69, "properties": {"segment_id": 69, "risk_score": 0.2661123534553726, "risk_category": "Low", "vegetation_fraction": 1.0, "mean_dist_to_line_m": 2480.322559668399, "ndvi": 0.47544022242817424}, "geometry": {"type": "Point", "coordinates": [80.29694473360017, 25.970519442716395]}}, {"type": "Feature", "id": 70, "properties": {"segment_id": 70, "risk_score": 0.36098941705619825, "risk_category": "Medium", "vegetation_fraction": 1.0, "mean_dist_to_line_m": 2524.143419063188, "ndvi": 0.5890563930764936}, "geometry": {"type": "Point", "coordinates": [80.12608516656063, 26.04516944282673]}}, {"type": "Feature", "id": 71, "properties": {"segment_id": 71, "risk_score": 0.2469316514875643, "risk_category": "Low", "vegetation_fraction": 1.0, "mean_dist_to_line_m": 1719.6511274092777, "ndvi": 0.3905768383971819}, "geometry": {"type": "Point", "coordinates": [80.3332366710786, 25.992887493290972]}}, {"type": "Feature", "id": 72, "properties": {"segment_id": 72, "risk_score": 0.2736709985651429, "risk_category": "Low", "vegetation_fraction": 1.0, "mean_dist_to_line_m": 1517.4320413118999, "ndvi": 0.40075809786354244}, "geometry": {"type": "Point", "coordinates": [80.15141765757281, 26.01211144037113]}}, {"type": "Feature", "id": 73, "properties": {"segment_id": 73, "risk_score": 0.24817339131796745, "risk_category": "Low", "vegetation_fraction": 1.0, "mean_dist_to_line_m": 1455.2319402761884, "ndvi": 0.36410797502857645}, "geometry": {"type": "Point", "coordinates": [80.06985062977475, 26.01211144037113]}}, {"type": "Feature", "id": 74, "properties": {"segment_id": 74, "risk_score": 0.27448834489283624, "risk_category": "Low", "vegetation_fraction": 1.0, "mean_dist_to_line_m": 2028.0532537386684, "ndvi": 0.4509505703422053}, "geometry": {"type": "Point", "coordinates": [79.92872529863958, 26.050379671474623]}}, {"type": "Feature", "id": 75, "properties": {"segment_id": 75, "risk_score": 0.4758279806707493, "risk_category": "Medium", "vegetation_fraction": 1.0, "mean_dist_to_line_m": 260.768096208106, "ndvi": 0.4455121205503385}, "geometry": {"type": "Point", "coordinates": [80.3242535182374, 25.977436470404115]}}, {"type": "Feature", "id": 76, "properties": {"segment_id": 76, "risk_score": 0.14056497823710676, "risk_category": "Low", "vegetation_fraction": 1.0, "mean_dist_to_line_m": 2245.1057881534225, "ndvi": 0.3121167883211679}, "geometry": {"type": "Point", "coordinates": [79.9950209666076, 26.04561860046879]}}, {"type": "Feature", "id": 77, "properties": {"segment_id": 77, "risk_score": 0.28485031151367773, "risk_category": "Low", "vegetation_fraction": 1.0, "mean_dist_to_line_m": 2367.1924298628533, "ndvi": 0.4894433781190019}, "geometry": {"type": "Point", "coordinates": [80.14683624962379, 26.004924918098173]}}, {"type": "Feature", "id": 78, "properties": {"segment_id": 78, "risk_score": 0.26086617202168993, "risk_category": "Low", "vegetation_fraction": 1.0, "mean_dist_to_line_m": 1290.0, "ndvi": 0.3595013477088949}, "geometry": {"type": "Point", "coordinates": [80.0379604371885, 26.011392788143834]}}, {"type": "Feature", "id": 79, "properties": {"segment_id": 79, "risk_score": 0.08472421092327166, "risk_category": "Low", "vegetation_fraction": 0.0, "mean_dist_to_line_m": 3104.1262860908223, "ndvi": 0.22214532871972317}, "geometry": {"type": "Point", "coordinates": [80.35515556401111, 25.993606145518267]}}, {"type": "Feature", "id": 80, "properties": {"segment_id": 80, "risk_score": 0.20237119221778227, "risk_category": "Low", "vegetation_fraction": 1.0, "mean_dist_to_line_m": 2236.06797749979, "ndvi": 0.3835361730899256}, "geometry": {"type": "Point", "coordinates": [80.16444322919254, 26.044899948241493]}}, {"type": "Feature", "id": 81, "properties": {"segment_id": 81, "risk_score": 0.2787009048426008, "risk_category": "Low", "vegetation_fraction": 1.0, "mean_dist_to_line_m": 1783.7320426566318, "ndvi": 0.4338689740420272}, "geometry": {"type": "Point", "coordinates": [80.17189924605073, 26.037354099854888]}}, {"type": "Feature", "id": 82, "properties": {"segment_id": 82, "risk_score": 0.525855412047016, "risk_category": "Medium", "vegetation_fraction": 1.0, "mean_dist_to_line_m": 140.0, "ndvi": 0.47838086476540936}, "geometry": {"type": "Point", "coordinates": [79.98648697140845, 26.024867517405628]}}, {"type": "Feature", "id": 83, "properties": {"segment_id": 83, "risk_score": 0.16335924879399719, "risk_category": "Low", "vegetation_fraction": 1.0, "mean_dist_to_line_m": 2150.81379947219, "ndvi": 0.3313782991202346}, "geometry": {"type": "Point", "coordinates": [80.30511940268565, 26.016962342905376]}}, {"type": "Feature", "id": 84, "properties": {"segment_id": 84, "risk_score": 0.243136804584349, "risk_category": "Low", "vegetation_fraction": 1.0, "mean_dist_to_line_m": 1686.8906307167636, "ndvi": 0.38288761022449}, "geometry": {"type": "Point", "coordinates": [80.06113697151879, 26.039420225008364]}}, {"type": "Feature", "id": 85, "properties": {"segment_id": 85, "risk_score": 0.371214958441643, "risk_category": "Medium", "vegetation_fraction": 1.0, "mean_dist_to_line_m": 1382.787040726084, "ndvi": 0.4993412384716733}, "geometry": {"type": "Point", "coordinates": [80.16974328936884, 26.00878767381989]}}, {"type": "Feature", "id": 86, "properties": {"segment_id": 86, "risk_score": 0.2573515388508571, "risk_category": "Low", "vegetation_fraction": 0.0, "mean_dist_to_line_m": 882.0430828479978, "ndvi": 0.2670404249041015}, "geometry": {"type": "Point", "coordinates": [80.0535911231322, 26.0148962177519]}}, {"type": "Feature", "id": 87, "properties": {"segment_id": 87, "risk_score": 0.28506238549157786, "risk_category": "Low", "vegetation_fraction": 1.0, "mean_dist_to_line_m": 2011.094229517851, "ndvi": 0.46184538653366586}, "geometry": {"type": "Point", "coordinates": [80.39099834384749, 25.927669803663896]}}, {"type": "Feature", "id": 88, "properties": {"segment_id": 88, "risk_score": 0.231889357110869, "risk_category": "Low", "vegetation_fraction": 1.0, "mean_dist_to_line_m": 2192.0994502987314, "ndvi": 0.41458289556629546}, "geometry": {"type": "Point", "coordinates": [80.39432211039872, 25.97222624175622]}}, {"type": "Feature", "id": 89, "properties": {"segment_id": 89, "risk_score": 0.3770754740393897, "risk_category": "Medium", "vegetation_fraction": 1.0, "mean_dist_to_line_m": 769.0253571892151, "ndvi": 0.42222297263072583}, "geometry": {"type": "Point", "coordinates": [80.22157608126254, 26.03340151260476]}}, {"type": "Feature", "id": 90, "properties": {"segment_id": 90, "risk_score": 0.34738366896583345, "risk_category": "Low", "vegetation_fraction": 1.0, "mean_dist_to_line_m": 909.5603333479313, "ndvi": 0.4091401342863331}, "geometry": {"type": "Point", "coordinates": [80.13129539520853, 26.014626723166664]}}, {"type": "Feature", "id": 91, "properties": {"segment_id": 91, "risk_score": 0.19004321931224866, "risk_category": "Low", "vegetation_fraction": 1.0, "mean_dist_to_line_m": 1817.9658962697843, "ndvi": 0.33368130639027654}, "geometry": {"type": "Point", "coordinates": [79.9725630845046, 26.04400163295737]}}, {"type": "Feature", "id": 92, "properties": {"segment_id": 92, "risk_score": 0.29709129549730096, "risk_category": "Low", "vegetation_fraction": 1.0, "mean_dist_to_line_m": 1662.0770138594662, "ndvi": 0.443328060199239}, "geometry": {"type": "Point", "coordinates": [80.06266410750179, 26.039420225008364]}}, {"type": "Feature", "id": 93, "properties": {"segment_id": 93, "risk_score": 0.316271681423011, "risk_category": "Low", "vegetation_fraction": 1.0, "mean_dist_to_line_m": 2406.34577731464, "ndvi": 0.5288715953307392}, "geometry": {"type": "Point", "coordinates": [79.95235099061192, 26.05127798675874]}}, {"type": "Feature", "id": 94, "properties": {"segment_id": 94, "risk_score": 0.3982011445992559, "risk_category": "Medium", "vegetation_fraction": 1.0, "mean_dist_to_line_m": 155.24174696260025, "ndvi": 0.332754255299488}, "geometry": {"type": "Point", "coordinates": [80.2663121824117, 26.015974196092845]}}, {"type": "Feature", "id": 95, "properties": {"segment_id": 95, "risk_score": 0.27076122649686896, "risk_category": "Low", "vegetation_fraction": 1.0, "mean_dist_to_line_m": 1962.1671692289624, "ndvi": 0.44093259995074296}, "geometry": {"type": "Point", "coordinates": [80.11809016053196, 26.001690983075342]}}, {"type": "Feature", "id": 96, "properties": {"segment_id": 96, "risk_score": 0.31815072865323263, "risk_category": "Low", "vegetation_fraction": 1.0, "mean_dist_to_line_m": 1290.310040261642, "ndvi": 0.4263712830233385}, "geometry": {"type": "Point", "coordinates": [80.23361350606974, 26.035377806229825]}}, {"type": "Feature", "id": 97, "properties": {"segment_id": 97, "risk_score": 0.31748703622366287, "risk_category": "Low", "vegetation_fraction": 1.0, "mean_dist_to_line_m": 1755.135322418189, "ndvi": 0.47636479388826986}, "geometry": {"type": "Point", "coordinates": [80.25310694773513, 26.002140140717405]}}, {"type": "Feature", "id": 98, "properties": {"segment_id": 98, "risk_score": 0.2668990221654817, "risk_category": "Low", "vegetation_fraction": 1.0, "mean_dist_to_line_m": 1502.6643005009469, "ndvi": 0.3912379285737338}, "geometry": {"type": "Point", "coordinates": [80.06149629763244, 26.037803257496947]}}, {"type": "Feature", "id": 99, "properties": {"segment_id": 99, "risk_score": 0.3157211519954336, "risk_category": "Low", "vegetation_fraction": 1.0, "mean_dist_to_line_m": 1430.9786860746738, "ndvi": 0.44016337644656234}, "geometry": {"type": "Point", "coordinates": [80.25184930633736, 26.03241336579223]}}, {"type": "Feature", "id": 100, "properties": {"segment_id": 100, "risk_score": 0.30169154407383103, "risk_category": "Low", "vegetation_fraction": 1.0, "mean_dist_to_line_m": 1877.7113729218343, "ndvi": 0.46947175851817974}, "geometry": {"type": "Point", "coordinates": [80.16821615338584, 26.038791404309478]}}, {"type": "Feature", "id": 101, "properties": {"segment_id": 101, "risk_score": 0.48304627260534716, "risk_category": "Medium", "vegetation_fraction": 1.0, "mean_dist_to_line_m": 434.1658669218482, "ndvi": 0.48795115036528186}, "geometry": {"type": "Point", "coordinates": [80.34132150863567, 25.966387192409446]}}, {"type": "Feature", "id": 102, "properties": {"segment_id": 102, "risk_score": 0.3470447670199964, "risk_category": "Low", "vegetation_fraction": 1.0, "mean_dist_to_line_m": 1593.549497191725, "ndvi": 0.49452132701421797}, "geometry": {"type": "Point", "coordinates": [80.25095099105324, 26.034120164832057]}}, {"type": "Feature", "id": 103, "properties": {"segment_id": 103, "risk_score": 0.5119921270317869, "risk_category": "Medium", "vegetation_fraction": 1.0, "mean_dist_to_line_m": 269.07248094147417, "ndvi": 0.4894009216589862}, "geometry": {"type": "Point", "coordinates": [80.28598528713391, 26.003667276700405]}}, {"type": "Feature", "id": 104, "properties": {"segment_id": 104, "risk_score": 0.29860756458815146, "risk_category": "Low", "vegetation_fraction": 1.0, "mean_dist_to_line_m": 1100.6361796706485, "ndvi": 0.37921787709497207}, "geometry": {"type": "Point", "coordinates": [80.14548877669762, 26.01633352220649]}}, {"type": "Feature", "id": 105, "properties": {"segment_id": 105, "risk_score": 0.3841947303492037, "risk_category": "Medium", "vegetation_fraction": 1.0, "mean_dist_to_line_m": 1180.1694793545544, "ndvi": 0.48956303924297245}, "geometry": {"type": "Point", "coordinates": [80.20765219435869, 26.040049045707246]}}, {"type": "Feature", "id": 106, "properties": {"segment_id": 106, "risk_score": 0.3185338892365389, "risk_category": "Low", "vegetation_fraction": 1.0, "mean_dist_to_line_m": 1028.0077820717117, "ndvi": 0.3925113729149656}, "geometry": {"type": "Point", "coordinates": [80.3738405219208, 25.951115832579415]}}, {"type": "Feature", "id": 107, "properties": {"segment_id": 107, "risk_score": 0.1267359806914252, "risk_category": "Low", "vegetation_fraction": 0.0, "mean_dist_to_line_m": 2298.7170334775874, "ndvi": 0.19983619983619982}, "geometry": {"type": "Point", "coordinates": [80.41633083485965, 25.943300489607573]}}, {"type": "Feature", "id": 108, "properties": {"segment_id": 108, "risk_score": 0.5141726376769782, "risk_category": "Medium", "vegetation_fraction": 1.0, "mean_dist_to_line_m": 441.47480109288233, "ndvi": 0.5256353660843791}, "geometry": {"type": "Point", "coordinates": [80.14557860822603, 26.030706566752404]}}, {"type": "Feature", "id": 109, "properties": {"segment_id": 109, "risk_score": 0.39511610226965205, "risk_category": "Medium", "vegetation_fraction": 1.0, "mean_dist_to_line_m": 2823.49074728429, "ndvi": 0.6472339369883403}, "geometry": {"type": "Point", "coordinates": [80.29694473360017, 25.966746518523095]}}, {"type": "Feature", "id": 110, "properties": {"segment_id": 110, "risk_score": 0.3546206410440387, "risk_category": "Medium", "vegetation_fraction": 0.0, "mean_dist_to_line_m": 240.83189157584593, "ndvi": 0.22193464898091228}, "geometry": {"type": "Point", "coordinates": [80.15429226648199, 26.024777685877215]}}, {"type": "Feature", "id": 111, "properties": {"segment_id": 111, "risk_score": 0.46238579827315274, "risk_category": "Medium", "vegetation_fraction": 1.0, "mean_dist_to_line_m": 1884.728097100481, "ndvi": 0.6575875486381322}, "geometry": {"type": "Point", "coordinates": [80.10227981153146, 26.00294862447311]}}, {"type": "Feature", "id": 112, "properties": {"segment_id": 112, "risk_score": 0.23506815278792276, "risk_category": "Low", "vegetation_fraction": 1.0, "mean_dist_to_line_m": 2470.8095839218367, "ndvi": 0.4385782175639607}, "geometry": {"type": "Point", "coordinates": [80.19157235077294, 26.048313546321147]}}, {"type": "Feature", "id": 113, "properties": {"segment_id": 113, "risk_score": 0.3808952806039111, "risk_category": "Medium", "vegetation_fraction": 1.0, "mean_dist_to_line_m": 1203.536455617361, "ndvi": 0.4887181949111858}, "geometry": {"type": "Point", "coordinates": [80.18348751321587, 26.01022497827448]}}, {"type": "Feature", "id": 114, "properties": {"segment_id": 114, "risk_score": 0.43020983189908263, "risk_category": "Medium", "vegetation_fraction": 1.0, "mean_dist_to_line_m": 200.9975124224178, "ndvi": 0.37986455981941303}, "geometry": {"type": "Point", "coordinates": [80.15249563591375, 26.02504718046245]}}, {"type": "Feature", "id": 115, "properties": {"segment_id": 115, "risk_score": 0.2675224181030609, "risk_category": "Low", "vegetation_fraction": 1.0, "mean_dist_to_line_m": 2372.003372678884, "ndvi": 0.4695707879564382}, "geometry": {"type": "Point", "coordinates": [80.36539635825007, 25.94213267973822]}}, {"type": "Feature", "id": 116, "properties": {"segment_id": 116, "risk_score": 0.3689485588207945, "risk_category": "Medium", "vegetation_fraction": 1.0, "mean_dist_to_line_m": 3136.000637755037, "ndvi": 0.6331578947368421}, "geometry": {"type": "Point", "coordinates": [80.41767830778583, 25.92740030907866]}}, {"type": "Feature", "id": 117, "properties": {"segment_id": 117, "risk_score": 0.1793057266559495, "risk_category": "Low", "vegetation_fraction": 1.0, "mean_dist_to_line_m": 3397.057550292606, "ndvi": 0.4238121855785355}, "geometry": {"type": "Point", "coordinates": [80.33278751343653, 26.009685989104007]}}, {"type": "Feature", "id": 118, "properties": {"segment_id": 118, "risk_score": 0.42848771741990127, "risk_category": "Medium", "vegetation_fraction": 1.0, "mean_dist_to_line_m": 291.547594742265, "ndvi": 0.3965375103050289}, "geometry": {"type": "Point", "coordinates": [79.99385315673824, 26.02810145242846]}}, {"type": "Feature", "id": 119, "properties": {"segment_id": 119, "risk_score": 0.3004132775458768, "risk_category": "Low", "vegetation_fraction": 1.0, "mean_dist_to_line_m": 1384.629914453678, "ndvi": 0.41695455753388255}, "geometry": {"type": "Point", "coordinates": [80.3476097156245, 25.981838215296303]}}, {"type": "Feature", "id": 120, "properties": {"segment_id": 120, "risk_score": 0.24570927168553083, "risk_category": "Low", "vegetation_fraction": 1.0, "mean_dist_to_line_m": 2948.6437560342893, "ndvi": 0.4798249878463782}, "geometry": {"type": "Point", "coordinates": [80.29074635813974, 25.970519442716395]}}, {"type": "Feature", "id": 121, "properties": {"segment_id": 121, "risk_score": 0.35222304795208415, "risk_category": "Medium", "vegetation_fraction": 1.0, "mean_dist_to_line_m": 1625.3307355735324, "ndvi": 0.5038790531131888}, "geometry": {"type": "Point", "coordinates": [80.2010944927846, 26.010404641331302]}}, {"type": "Feature", "id": 122, "properties": {"segment_id": 122, "risk_score": 0.2535947732229058, "risk_category": "Low", "vegetation_fraction": 1.0, "mean_dist_to_line_m": 2460.0, "ndvi": 0.45945736584232233}, "geometry": {"type": "Point", "coordinates": [80.09482379467327, 26.046786410338143]}}, {"type": "Feature", "id": 123, "properties": {"segment_id": 123, "risk_score": 0.4693203934944313, "risk_category": "Medium", "vegetation_fraction": 1.0, "mean_dist_to_line_m": 312.5699921617557, "ndvi": 0.4483932751649287}, "geometry": {"type": "Point", "coordinates": [80.2469085722747, 26.017411500547436]}}, {"type": "Feature", "id": 124, "properties": {"segment_id": 124, "risk_score": 0.5386527098002871, "risk_category": "Medium", "vegetation_fraction": 1.0, "mean_dist_to_line_m": 825.6512580987205, "ndvi": 0.6195985832349469}, "geometry": {"type": "Point", "coordinates": [80.35910815126124, 25.95911083860808]}}, {"type": "Feature", "id": 125, "properties": {"segment_id": 125, "risk_score": 0.4407638918101486, "risk_category": "Medium", "vegetation_fraction": 1.0, "mean_dist_to_line_m": 3226.701101744629, "ndvi": 0.7212556732223903}, "geometry": {"type": "Point", "coordinates": [80.07883378261594, 26.000882499319637]}}, {"type": "Feature", "id": 126, "properties": {"segment_id": 126, "risk_score": 0.2231316845022297, "risk_category": "Low", "vegetation_fraction": 1.0, "mean_dist_to_line_m": 2086.935552430884, "ndvi": 0.39594578385510376}, "geometry": {"type": "Point", "coordinates": [79.95962734441329, 26.04768472562226]}}, {"type": "Feature", "id": 127, "properties": {"segment_id": 127, "risk_score": 0.22364139933830815, "risk_category": "Low", "vegetation_fraction": 0.0, "mean_dist_to_line_m": 1162.841347734075, "ndvi": 0.18687406776049437}, "geometry": {"type": "Point", "coordinates": [80.31805514277697, 25.971777084114162]}}, {"type": "Feature", "id": 128, "properties": {"segment_id": 128, "risk_score": 0.21226706963226175, "risk_category": "Low", "vegetation_fraction": 1.0, "mean_dist_to_line_m": 3176.7278762903193, "ndvi": 0.4523238053676631}, "geometry": {"type": "Point", "coordinates": [80.41228841608111, 25.968183822977686]}}, {"type": "Feature", "id": 129, "properties": {"segment_id": 129, "risk_score": 0.39433613793443256, "risk_category": "Medium", "vegetation_fraction": 1.0, "mean_dist_to_line_m": 652.7633568147036, "ndvi": 0.42334494773519166}, "geometry": {"type": "Point", "coordinates": [79.92683883654293, 26.038162583610596]}}, {"type": "Feature", "id": 130, "properties": {"segment_id": 130, "risk_score": 0.23079467056898947, "risk_category": "Low", "vegetation_fraction": 1.0, "mean_dist_to_line_m": 1884.728097100481, "ndvi": 0.3873978996499417}, "geometry": {"type": "Point", "coordinates": [80.24735772991677, 26.002768961416287]}}, {"type": "Feature", "id": 131, "properties": {"segment_id": 131, "risk_score": 0.2526562688206865, "risk_category": "Low", "vegetation_fraction": 1.0, "mean_dist_to_line_m": 2612.0490041344938, "ndvi": 0.46834804539722574}, "geometry": {"type": "Point", "coordinates": [80.27808011263366, 25.98318568822248]}}, {"type": "Feature", "id": 132, "properties": {"segment_id": 132, "risk_score": 0.4377740451531884, "risk_category": "Medium", "vegetation_fraction": 1.0, "mean_dist_to_line_m": 553.6244214266563, "ndvi": 0.4569111823496135}, "geometry": {"type": "Point", "coordinates": [80.25795785026938, 26.022442066138503]}}, {"type": "Feature", "id": 133, "properties": {"segment_id": 133, "risk_score": 0.26786557569054104, "risk_category": "Low", "vegetation_fraction": 1.0, "mean_dist_to_line_m": 2905.236651290218, "ndvi": 0.5033299469466079}, "geometry": {"type": "Point", "coordinates": [80.15707704386276, 25.99881637416616]}}, {"type": "Feature", "id": 134, "properties": {"segment_id": 134, "risk_score": 0.2811708257805975, "risk_category": "Low", "vegetation_fraction": 1.0, "mean_dist_to_line_m": 2585.652722234755, "ndvi": 0.4999354921945555}, "geometry": {"type": "Point", "coordinates": [80.16498221836301, 25.998726542637748]}}, {"type": "Feature", "id": 135, "properties": {"segment_id": 135, "risk_score": 0.2387203485097286, "risk_category": "Low", "vegetation_fraction": 1.0, "mean_dist_to_line_m": 2286.9411885748177, "ndvi": 0.4297752808988764}, "geometry": {"type": "Point", "coordinates": [80.16929413172679, 26.0006130047344]}}, {"type": "Feature", "id": 136, "properties": {"segment_id": 136, "risk_score": 0.3128359416471078, "risk_category": "Low", "vegetation_fraction": 1.0, "mean_dist_to_line_m": 1598.311609167624, "ndvi": 0.4551113239166866}, "geometry": {"type": "Point", "coordinates": [80.1979503892902, 26.0419355078039]}}, {"type": "Feature", "id": 137, "properties": {"segment_id": 137, "risk_score": 0.5719796884826763, "risk_category": "High", "vegetation_fraction": 1.0, "mean_dist_to_line_m": 161.24515496597098, "ndvi": 0.5367901234567901}, "geometry": {"type": "Point", "coordinates": [80.29505827150352, 25.998726542637748]}}, {"type": "Feature", "id": 138, "properties": {"segment_id": 138, "risk_score": 0.508138676190005, "risk_category": "Medium", "vegetation_fraction": 1.0, "mean_dist_to_line_m": 70.0, "ndvi": 0.4422125946348081}, "geometry": {"type": "Point", "coordinates": [80.07182692339981, 26.02630482186022]}}, {"type": "Feature", "id": 139, "properties": {"segment_id": 139, "risk_score": 0.395258198603063, "risk_category": "Medium", "vegetation_fraction": 1.0, "mean_dist_to_line_m": 412.31056256176606, "ndvi": 0.38140476561283293}, "geometry": {"type": "Point", "coordinates": [80.24241699585411, 26.025226843519274]}}, {"type": "Feature", "id": 140, "properties": {"segment_id": 140, "risk_score": 0.3478599896035556, "risk_category": "Low", "vegetation_fraction": 1.0, "mean_dist_to_line_m": 1679.1962362987833, "ndvi": 0.5042907622412923}, "geometry": {"type": "Point", "coordinates": [80.26173077446268, 26.00007401556393]}}, {"type": "Feature", "id": 141, "properties": {"segment_id": 141, "risk_score": 0.5227327562275512, "risk_category": "Medium", "vegetation_fraction": 1.0, "mean_dist_to_line_m": 927.6313923105448, "ndvi": 0.6163778062114691}, "geometry": {"type": "Point", "coordinates": [80.35066398759051, 25.959919322363785]}}, {"type": "Feature", "id": 142, "properties": {"segment_id": 142, "risk_score": 0.375917508805684, "risk_category": "Medium", "vegetation_fraction": 1.0, "mean_dist_to_line_m": 779.3587107359485, "ndvi": 0.4225092250922509}, "geometry": {"type": "Point", "coordinates": [80.38201519100629, 25.96611769782421]}}, {"type": "Feature", "id": 143, "properties": {"segment_id": 143, "risk_score": 0.48694670920586036, "risk_category": "Medium", "vegetation_fraction": 1.0, "mean_dist_to_line_m": 362.3534186398688, "ndvi": 0.47877013177159594}, "geometry": {"type": "Point", "coordinates": [80.15698721233434, 26.029808251468285]}}, {"type": "Feature", "id": 144, "properties": {"segment_id": 144, "risk_score": 0.24052620490480642, "risk_category": "Low", "vegetation_fraction": 1.0, "mean_dist_to_line_m": 1287.245120402482, "ndvi": 0.3354338978600499}, "geometry": {"type": "Point", "coordinates": [80.07335405938282, 26.037623594440124]}}, {"type": "Feature", "id": 145, "properties": {"segment_id": 145, "risk_score": 0.55638507764127, "risk_category": "High", "vegetation_fraction": 1.0, "mean_dist_to_line_m": 513.1276644267, "ndvi": 0.5880533079485959}, "geometry": {"type": "Point", "coordinates": [80.32542132810676, 25.97402287232446]}}, {"type": "Feature", "id": 146, "properties": {"segment_id": 146, "risk_score": 0.21040087578172095, "risk_category": "Low", "vegetation_fraction": 1.0, "mean_dist_to_line_m": 3195.3247096343744, "ndvi": 0.4510288065843621}, "geometry": {"type": "Point", "coordinates": [80.4039340839388, 25.974292366909697]}}, {"type": "Feature", "id": 147, "properties": {"segment_id": 147, "risk_score": 0.3548389966763811, "risk_category": "Medium", "vegetation_fraction": 1.0, "mean_dist_to_line_m": 2650.3584663211127, "ndvi": 0.5899596788840858}, "geometry": {"type": "Point", "coordinates": [80.01505339744345, 26.04660674728132]}}, {"type": "Feature", "id": 148, "properties": {"segment_id": 148, "risk_score": 0.33231244862013515, "risk_category": "Low", "vegetation_fraction": 1.0, "mean_dist_to_line_m": 2064.7518010647186, "ndvi": 0.5214899713467048}, "geometry": {"type": "Point", "coordinates": [80.29218366259433, 25.98040091084171]}}, {"type": "Feature", "id": 149, "properties": {"segment_id": 149, "risk_score": 0.33966344379713864, "risk_category": "Low", "vegetation_fraction": 1.0, "mean_dist_to_line_m": 1302.4592124131948, "ndvi": 0.45295202952029523}, "geometry": {"type": "Point", "coordinates": [80.14881254324885, 26.038791404309478]}}, {"type": "Feature", "id": 150, "properties": {"segment_id": 150, "risk_score": 0.4023194346640355, "risk_category": "Medium", "vegetation_fraction": 1.0, "mean_dist_to_line_m": 698.5699678629192, "ndvi": 0.4402830116127047}, "geometry": {"type": "Point", "coordinates": [80.0995848656791, 26.0291794307694]}}, {"type": "Feature", "id": 151, "properties": {"segment_id": 151, "risk_score": 0.3553508836251249, "risk_category": "Medium", "vegetation_fraction": 1.0, "mean_dist_to_line_m": 1195.4915307102765, "ndvi": 0.45788594607492245}, "geometry": {"type": "Point", "coordinates": [80.19624359025036, 26.037803257496947]}}, {"type": "Feature", "id": 152, "properties": {"segment_id": 152, "risk_score": 0.37403652653291175, "risk_category": "Medium", "vegetation_fraction": 1.0, "mean_dist_to_line_m": 1450.0, "ndvi": 0.5103578154425612}, "geometry": {"type": "Point", "coordinates": [80.04424864417734, 26.035916795400297]}}, {"type": "Feature", "id": 153, "properties": {"segment_id": 153, "risk_score": 0.11248211259457346, "risk_category": "Low", "vegetation_fraction": 1.0, "mean_dist_to_line_m": 2836.476687723698, "ndvi": 0.31823036708078023}, "geometry": {"type": "Point", "coordinates": [80.19184184535818, 26.051008492173505]}}, {"type": "Feature", "id": 154, "properties": {"segment_id": 154, "risk_score": 0.44523804431575154, "risk_category": "Medium", "vegetation_fraction": 1.0, "mean_dist_to_line_m": 574.543296888929, "ndvi": 0.46930070715007294}, "geometry": {"type": "Point", "coordinates": [80.32479250740786, 25.973753377739225]}}, {"type": "Feature", "id": 155, "properties": {"segment_id": 155, "risk_score": 0.3930913926641968, "risk_category": "Medium", "vegetation_fraction": 1.0, "mean_dist_to_line_m": 206.15528128088303, "ndvi": 0.3376467220154595}, "geometry": {"type": "Point", "coordinates": [80.2641562257298, 26.0171420059622]}}, {"type": "Feature", "id": 156, "properties": {"segment_id": 156, "risk_score": 0.32013803162559396, "risk_category": "Low", "vegetation_fraction": 1.0, "mean_dist_to_line_m": 2809.5907175245293, "ndvi": 0.558966309118921}, "geometry": {"type": "Point", "coordinates": [79.91066916142877, 26.053433943440627]}}, {"type": "Feature", "id": 157, "properties": {"segment_id": 157, "risk_score": 0.4088260617073047, "risk_category": "Medium", "vegetation_fraction": 1.0, "mean_dist_to_line_m": 641.2487816752559, "ndvi": 0.43830570902394106}, "geometry": {"type": "Point", "coordinates": [79.98253438415833, 26.020735267098676]}}, {"type": "Feature", "id": 158, "properties": {"segment_id": 158, "risk_score": 0.2926888379899175, "risk_category": "Low", "vegetation_fraction": 1.0, "mean_dist_to_line_m": 1924.2141252989493, "ndvi": 0.4631630648330059}, "geometry": {"type": "Point", "coordinates": [80.34554359047102, 25.98722810700102]}}, {"type": "Feature", "id": 159, "properties": {"segment_id": 159, "risk_score": 0.4643722548645858, "risk_category": "Medium", "vegetation_fraction": 1.0, "mean_dist_to_line_m": 360.0, "ndvi": 0.4519748653500898}, "geometry": {"type": "Point", "coordinates": [80.02556368626766, 26.01992678334297]}}, {"type": "Feature", "id": 160, "properties": {"segment_id": 160, "risk_score": 0.51104429836795, "risk_category": "Medium", "vegetation_fraction": 1.0, "mean_dist_to_line_m": 441.47480109288233, "ndvi": 0.5219856368905128}, "geometry": {"type": "Point", "coordinates": [80.1145867309239, 26.0148962177519]}}, {"type": "Feature", "id": 161, "properties": {"segment_id": 161, "risk_score": 0.25444716119847566, "risk_category": "Low", "vegetation_fraction": 1.0, "mean_dist_to_line_m": 1566.780137734711, "ndvi": 0.3836562012914718}, "geometry": {"type": "Point", "coordinates": [80.23496097899591, 26.037623594440124]}}, {"type": "Feature", "id": 162, "properties": {"segment_id": 162, "risk_score": 0.17667427404795583, "risk_category": "Low", "vegetation_fraction": 1.0, "mean_dist_to_line_m": 1636.1540269791228, "ndvi": 0.30018959342742785}, "geometry": {"type": "Point", "coordinates": [80.34015369876631, 25.987587433114665]}}, {"type": "Feature", "id": 163, "properties": {"segment_id": 163, "risk_score": 0.15717668953212371, "risk_category": "Low", "vegetation_fraction": 1.0, "mean_dist_to_line_m": 3415.333073069155, "ndvi": 0.3987715841928381}, "geometry": {"type": "Point", "coordinates": [80.40555105145022, 25.97519068219382]}}, {"type": "Feature", "id": 164, "properties": {"segment_id": 164, "risk_score": 0.4783953065311498, "risk_category": "Medium", "vegetation_fraction": 1.0, "mean_dist_to_line_m": 502.09560842532767, "ndvi": 0.4950681070925317}, "geometry": {"type": "Point", "coordinates": [80.15950249512989, 26.029359093826226]}}, {"type": "Feature", "id": 165, "properties": {"segment_id": 165, "risk_score": 0.28066203151282426, "risk_category": "Low", "vegetation_fraction": 1.0, "mean_dist_to_line_m": 2866.234463542716, "ndvi": 0.5161091223305765}, "geometry": {"type": "Point", "coordinates": [80.35030466147687, 25.994234966217153]}}, {"type": "Feature", "id": 166, "properties": {"segment_id": 166, "risk_score": 0.1635709779523702, "risk_category": "Low", "vegetation_fraction": 0.0, "mean_dist_to_line_m": 1788.4350701101787, "ndvi": 0.2581453634085213}, "geometry": {"type": "Point", "coordinates": [80.29128534731021, 26.02271156072374]}}, {"type": "Feature", "id": 167, "properties": {"segment_id": 167, "risk_score": 0.38320335078349244, "risk_category": "Medium", "vegetation_fraction": 1.0, "mean_dist_to_line_m": 2117.829077144801, "ndvi": 0.5852156057494866}, "geometry": {"type": "Point", "coordinates": [80.18474515461364, 26.040318540292482]}}, {"type": "Feature", "id": 168, "properties": {"segment_id": 168, "risk_score": 0.17090448909826766, "risk_category": "Low", "vegetation_fraction": 1.0, "mean_dist_to_line_m": 2029.4087809014723, "ndvi": 0.3302174354805934}, "geometry": {"type": "Point", "coordinates": [80.29164467342386, 25.98138905765424]}}, {"type": "Feature", "id": 169, "properties": {"segment_id": 169, "risk_score": 0.3445387081843784, "risk_category": "Low", "vegetation_fraction": 1.0, "mean_dist_to_line_m": 1161.8089343777658, "ndvi": 0.4409121395036888}, "geometry": {"type": "Point", "coordinates": [80.17827728456798, 26.01022497827448]}}, {"type": "Feature", "id": 170, "properties": {"segment_id": 170, "risk_score": 0.26533538337288437, "risk_category": "Low", "vegetation_fraction": 1.0, "mean_dist_to_line_m": 2743.519637254306, "ndvi": 0.49118320096917484}, "geometry": {"type": "Point", "coordinates": [79.97930044913551, 26.050379671474623]}}, {"type": "Feature", "id": 171, "properties": {"segment_id": 171, "risk_score": 0.369966116026891, "risk_category": "Medium", "vegetation_fraction": 1.0, "mean_dist_to_line_m": 280.0, "ndvi": 0.32592662551193}, "geometry": {"type": "Point", "coordinates": [80.04856055754112, 26.0254065065761]}}, {"type": "Feature", "id": 172, "properties": {"segment_id": 172, "risk_score": 0.6309350441738545, "risk_category": "High", "vegetation_fraction": 1.0, "mean_dist_to_line_m": 478.01673610868477, "ndvi": 0.6686336813436223}, "geometry": {"type": "Point", "coordinates": [80.16084996805606, 26.027831957843222]}}, {"type": "Feature", "id": 173, "properties": {"segment_id": 173, "risk_score": 0.48417343881531916, "risk_category": "Medium", "vegetation_fraction": 1.0, "mean_dist_to_line_m": 1045.4664030948102, "ndvi": 0.5881833616298812}, "geometry": {"type": "Point", "coordinates": [80.12608516656063, 26.01211144037113]}}, {"type": "Feature", "id": 174, "properties": {"segment_id": 174, "risk_score": 0.3164301159483288, "risk_category": "Low", "vegetation_fraction": 1.0, "mean_dist_to_line_m": 1121.4722466472365, "ndvi": 0.402800390752198}, "geometry": {"type": "Point", "coordinates": [80.06724551545081, 26.035198143173]}}, {"type": "Feature", "id": 175, "properties": {"segment_id": 175, "risk_score": 0.3139471997007636, "risk_category": "Low", "vegetation_fraction": 1.0, "mean_dist_to_line_m": 2191.4607000811125, "ndvi": 0.510267229254571}, "geometry": {"type": "Point", "coordinates": [80.3784219298698, 25.981928046824713]}}, {"type": "Feature", "id": 176, "properties": {"segment_id": 176, "risk_score": 0.43360662677387507, "risk_category": "Medium", "vegetation_fraction": 1.0, "mean_dist_to_line_m": 651.9202405202648, "ndvi": 0.4690185436454093}, "geometry": {"type": "Point", "coordinates": [79.98325303638563, 26.03241336579223]}}, {"type": "Feature", "id": 177, "properties": {"segment_id": 177, "risk_score": 0.3756405150261174, "risk_category": "Medium", "vegetation_fraction": 1.0, "mean_dist_to_line_m": 338.3784863137726, "ndvi": 0.3442176870748299}, "geometry": {"type": "Point", "coordinates": [80.26217993210474, 26.01902846805885]}}, {"type": "Feature", "id": 178, "properties": {"segment_id": 178, "risk_score": 0.212950576449001, "risk_category": "Low", "vegetation_fraction": 1.0, "mean_dist_to_line_m": 2318.1458107720487, "ndvi": 0.40201309725927725}, "geometry": {"type": "Point", "coordinates": [80.21816248318288, 26.005643570325468]}}, {"type": "Feature", "id": 179, "properties": {"segment_id": 179, "risk_score": 0.27026350263997023, "risk_category": "Low", "vegetation_fraction": 1.0, "mean_dist_to_line_m": 1674.3058263053379, "ndvi": 0.41326810341191855}, "geometry": {"type": "Point", "coordinates": [79.96744268738513, 26.043193149201667]}}, {"type": "Feature", "id": 180, "properties": {"segment_id": 180, "risk_score": 0.37289101906712996, "risk_category": "Medium", "vegetation_fraction": 0.0, "mean_dist_to_line_m": 140.356688476182, "ndvi": 0.23621609872726837}, "geometry": {"type": "Point", "coordinates": [80.17450436037467, 26.021903076968034]}}, {"type": "Feature", "id": 181, "properties": {"segment_id": 181, "risk_score": 0.2340709058186252, "risk_category": "Low", "vegetation_fraction": 0.0, "mean_dist_to_line_m": 1071.6809226630844, "ndvi": 0.2606060606060606}, "geometry": {"type": "Point", "coordinates": [79.99511079813601, 26.03501848011618]}}, {"type": "Feature", "id": 182, "properties": {"segment_id": 182, "risk_score": 0.15861256762999715, "risk_category": "Low", "vegetation_fraction": 0.0, "mean_dist_to_line_m": 1850.0, "ndvi": 0.29371437087819957}, "geometry": {"type": "Point", "coordinates": [80.04811139989906, 26.039510056536777]}}, {"type": "Feature", "id": 183, "properties": {"segment_id": 183, "risk_score": 0.21376441986310044, "risk_category": "Low", "vegetation_fraction": 1.0, "mean_dist_to_line_m": 3363.4060117684276, "ndvi": 0.4625652930934417}, "geometry": {"type": "Point", "coordinates": [80.39746621389314, 25.983275519750894]}}, {"type": "Feature", "id": 184, "properties": {"segment_id": 184, "risk_score": 0.25541840327814314, "risk_category": "Low", "vegetation_fraction": 1.0, "mean_dist_to_line_m": 2013.2560691576223, "ndvi": 0.4274451835427445}, "geometry": {"type": "Point", "coordinates": [80.20208263959714, 26.04669657880973]}}, {"type": "Feature", "id": 185, "properties": {"segment_id": 185, "risk_score": 0.45207766494793167, "risk_category": "Medium", "vegetation_fraction": 1.0, "mean_dist_to_line_m": 260.1922366251538, "ndvi": 0.4176854599406528}, "geometry": {"type": "Point", "coordinates": [80.07748630968976, 26.028909936184164]}}, {"type": "Feature", "id": 186, "properties": {"segment_id": 186, "risk_score": 0.2599595746099981, "risk_category": "Low", "vegetation_fraction": 1.0, "mean_dist_to_line_m": 1988.617610301186, "ndvi": 0.4306292645943897}, "geometry": {"type": "Point", "coordinates": [80.35443691178382, 25.985970465603252]}}, {"type": "Feature", "id": 187, "properties": {"segment_id": 187, "risk_score": 0.36384163287351134, "risk_category": "Medium", "vegetation_fraction": 1.0, "mean_dist_to_line_m": 1655.8381563425817, "ndvi": 0.520568351094305}, "geometry": {"type": "Point", "coordinates": [80.32901458924323, 25.95955999625014]}}, {"type": "Feature", "id": 188, "properties": {"segment_id": 188, "risk_score": 0.2773556566989883, "risk_category": "Low", "vegetation_fraction": 1.0, "mean_dist_to_line_m": 3110.9644806715487, "ndvi": 0.525074070009876}, "geometry": {"type": "Point", "coordinates": [80.3678218095172, 25.930185086459428]}}, {"type": "Feature", "id": 189, "properties": {"segment_id": 189, "risk_score": 0.2748670723526292, "risk_category": "Low", "vegetation_fraction": 1.0, "mean_dist_to_line_m": 1027.0345661174215, "ndvi": 0.3414309022853059}, "geometry": {"type": "Point", "coordinates": [80.07892361414436, 26.03609645845712]}}, {"type": "Feature", "id": 190, "properties": {"segment_id": 190, "risk_score": 0.4238714193169665, "risk_category": "Medium", "vegetation_fraction": 1.0, "mean_dist_to_line_m": 1430.0, "ndvi": 0.5662270036981728}, "geometry": {"type": "Point", "coordinates": [80.04631476933082, 26.035737132343474]}}, {"type": "Feature", "id": 191, "properties": {"segment_id": 191, "risk_score": 0.3250678739269589, "risk_category": "Low", "vegetation_fraction": 1.0, "mean_dist_to_line_m": 1645.1443705644804, "ndvi": 0.474239074987247}, "geometry": {"type": "Point", "coordinates": [79.98172590040262, 26.011752114257483]}}, {"type": "Feature", "id": 192, "properties": {"segment_id": 192, "risk_score": 0.44350531897998147, "risk_category": "Medium", "vegetation_fraction": 1.0, "mean_dist_to_line_m": 820.9750300709517, "ndvi": 0.5078703703703704}, "geometry": {"type": "Point", "coordinates": [80.33099088286829, 25.967195676165154]}}, {"type": "Feature", "id": 193, "properties": {"segment_id": 193, "risk_score": 0.09523619044566209, "risk_category": "Low", "vegetation_fraction": 0.0, "mean_dist_to_line_m": 2870.2090516197595, "ndvi": 0.22226135963367386}, "geometry": {"type": "Point", "coordinates": [80.12851061782776, 26.047954220207497]}}, {"type": "Feature", "id": 194, "properties": {"segment_id": 194, "risk_score": 0.24617540950005895, "risk_category": "Low", "vegetation_fraction": 1.0, "mean_dist_to_line_m": 1705.813588877753, "ndvi": 0.3883232910866404}, "geometry": {"type": "Point", "coordinates": [80.32407385518057, 25.962165110574084]}}, {"type": "Feature", "id": 195, "properties": {"segment_id": 195, "risk_score": 0.34736844879291473, "risk_category": "Low", "vegetation_fraction": 1.0, "mean_dist_to_line_m": 1636.8872899500443, "ndvi": 0.49940828402366866}, "geometry": {"type": "Point", "coordinates": [79.99951254302819, 26.0396897195936]}}, {"type": "Feature", "id": 196, "properties": {"segment_id": 196, "risk_score": 0.3748386278502876, "risk_category": "Medium", "vegetation_fraction": 1.0, "mean_dist_to_line_m": 225.61028345356956, "ndvi": 0.32042686555321936}, "geometry": {"type": "Point", "coordinates": [80.14072770569177, 26.027472631729573]}}, {"type": "Feature", "id": 197, "properties": {"segment_id": 197, "risk_score": 0.14433550954220942, "risk_category": "Low", "vegetation_fraction": 1.0, "mean_dist_to_line_m": 2160.0, "ndvi": 0.30991351583160603}, "geometry": {"type": "Point", "coordinates": [80.01792800635265, 26.042743991559604]}}, {"type": "Feature", "id": 198, "properties": {"segment_id": 198, "risk_score": 0.32216648243022383, "risk_category": "Low", "vegetation_fraction": 1.0, "mean_dist_to_line_m": 1850.0, "ndvi": 0.49081290060026445}, "geometry": {"type": "Point", "coordinates": [80.01711952259693, 26.039959214178836]}}, {"type": "Feature", "id": 199, "properties": {"segment_id": 199, "risk_score": 0.28188687152308567, "risk_category": "Low", "vegetation_fraction": 1.0, "mean_dist_to_line_m": 1578.4802817900513, "ndvi": 0.4169127840395395}, "geometry": {"type": "Point", "coordinates": [80.19381813898325, 26.040588034877718]}}, {"type": "Feature", "id": 200, "properties": {"segment_id": 200, "risk_score": 0.3651189201518206, "risk_category": "Medium", "vegetation_fraction": 0.0, "mean_dist_to_line_m": 182.4828759089466, "ndvi": 0.2674289615154876}, "geometry": {"type": "Point", "coordinates": [79.93007277156575, 26.03007774605352]}}, {"type": "Feature", "id": 201, "properties": {"segment_id": 201, "risk_score": 0.2630241073440367, "risk_category": "Low", "vegetation_fraction": 1.0, "mean_dist_to_line_m": 2115.3959440256094, "ndvi": 0.44480946123521675}, "geometry": {"type": "Point", "coordinates": [80.19085369854565, 26.044540622127844]}}, {"type": "Feature", "id": 202, "properties": {"segment_id": 202, "risk_score": 0.19471329610616372, "risk_category": "Low", "vegetation_fraction": 1.0, "mean_dist_to_line_m": 2040.7106605298068, "ndvi": 0.35894765689229924}, "geometry": {"type": "Point", "coordinates": [80.07137776575776, 26.044181296014198]}}, {"type": "Feature", "id": 203, "properties": {"segment_id": 203, "risk_score": 0.32365241902611364, "risk_category": "Low", "vegetation_fraction": 1.0, "mean_dist_to_line_m": 1495.8609561052122, "ndvi": 0.4567000911577028}, "geometry": {"type": "Point", "coordinates": [80.39629840402378, 25.960278648477434]}}, {"type": "Feature", "id": 204, "properties": {"segment_id": 204, "risk_score": 0.27837411379617866, "risk_category": "Low", "vegetation_fraction": 1.0, "mean_dist_to_line_m": 2101.5232570685484, "ndvi": 0.46158984635938544}, "geometry": {"type": "Point", "coordinates": [80.20513691156314, 26.048133883264324]}}, {"type": "Feature", "id": 205, "properties": {"segment_id": 205, "risk_score": 0.3749981964726134, "risk_category": "Medium", "vegetation_fraction": 1.0, "mean_dist_to_line_m": 410.1219330881975, "ndvi": 0.35735232509426057}, "geometry": {"type": "Point", "coordinates": [80.30080748932188, 25.99279766176256]}}, {"type": "Feature", "id": 206, "properties": {"segment_id": 206, "risk_score": 0.42250645391757585, "risk_category": "Medium", "vegetation_fraction": 1.0, "mean_dist_to_line_m": 259.6150997149434, "ndvi": 0.38306745907621725}, "geometry": {"type": "Point", "coordinates": [80.05430977535949, 26.0254065065761]}}, {"type": "Feature", "id": 207, "properties": {"segment_id": 207, "risk_score": 0.3565919064482914, "risk_category": "Medium", "vegetation_fraction": 1.0, "mean_dist_to_line_m": 1486.6068747318504, "ndvi": 0.4941050375133976}, "geometry": {"type": "Point", "coordinates": [80.3476097156245, 25.955427745943187]}}, {"type": "Feature", "id": 208, "properties": {"segment_id": 208, "risk_score": 0.2705807415699473, "risk_category": "Low", "vegetation_fraction": 1.0, "mean_dist_to_line_m": 1248.0785231707177, "ndvi": 0.3656487683051425}, "geometry": {"type": "Point", "coordinates": [80.32524166504993, 25.966297360881033]}}, {"type": "Feature", "id": 209, "properties": {"segment_id": 209, "risk_score": 0.3711649622802786, "risk_category": "Medium", "vegetation_fraction": 1.0, "mean_dist_to_line_m": 482.59714048054616, "ndvi": 0.36640917416580393}, "geometry": {"type": "Point", "coordinates": [80.07973209790006, 26.022442066138503]}}, {"type": "Feature", "id": 210, "properties": {"segment_id": 210, "risk_score": 0.3425384529938768, "risk_category": "Low", "vegetation_fraction": 0.0, "mean_dist_to_line_m": 310.16124838541646, "ndvi": -0.19663596315578694}, "geometry": {"type": "Point", "coordinates": [80.09913570803705, 26.0193877941725]}}, {"type": "Feature", "id": 211, "properties": {"segment_id": 211, "risk_score": 0.5256936468122838, "risk_category": "Medium", "vegetation_fraction": 1.0, "mean_dist_to_line_m": 250.0, "ndvi": 0.5014773667415199}, "geometry": {"type": "Point", "coordinates": [80.19633342177877, 26.02810145242846]}}, {"type": "Feature", "id": 212, "properties": {"segment_id": 212, "risk_score": 0.2962158339839251, "risk_category": "Low", "vegetation_fraction": 1.0, "mean_dist_to_line_m": 1191.0499569707392, "ndvi": 0.3883243674038653}, "geometry": {"type": "Point", "coordinates": [80.0807202447126, 26.037803257496947]}}, {"type": "Feature", "id": 213, "properties": {"segment_id": 213, "risk_score": 0.19340725539360623, "risk_category": "Low", "vegetation_fraction": 1.0, "mean_dist_to_line_m": 2508.8842141477953, "ndvi": 0.39253216190775025}, "geometry": {"type": "Point", "coordinates": [79.9146217486789, 26.012380934956365]}}, {"type": "Feature", "id": 214, "properties": {"segment_id": 214, "risk_score": 0.4117968583088243, "risk_category": "Medium", "vegetation_fraction": 1.0, "mean_dist_to_line_m": 924.1753080449619, "ndvi": 0.4864450127877238}, "geometry": {"type": "Point", "coordinates": [80.28275135211108, 25.998726542637748]}}, {"type": "Feature", "id": 215, "properties": {"segment_id": 215, "risk_score": 0.2989997714924009, "risk_category": "Low", "vegetation_fraction": 1.0, "mean_dist_to_line_m": 1592.4823389915505, "ndvi": 0.4383565563217075}, "geometry": {"type": "Point", "coordinates": [80.10757987170777, 26.004026602814054]}}, {"type": "Feature", "id": 216, "properties": {"segment_id": 216, "risk_score": 0.17402480815274582, "risk_category": "Low", "vegetation_fraction": 1.0, "mean_dist_to_line_m": 2223.3533232484665, "ndvi": 0.3494924057606045}, "geometry": {"type": "Point", "coordinates": [80.2686478021504, 26.034748985530943]}}, {"type": "Feature", "id": 217, "properties": {"segment_id": 217, "risk_score": 0.36326577346959166, "risk_category": "Medium", "vegetation_fraction": 1.0, "mean_dist_to_line_m": 1742.6990560621764, "ndvi": 0.5285630153121319}, "geometry": {"type": "Point", "coordinates": [80.38264401170517, 25.975909334421114]}}, {"type": "Feature", "id": 218, "properties": {"segment_id": 218, "risk_score": 0.40554890523075504, "risk_category": "Medium", "vegetation_fraction": 1.0, "mean_dist_to_line_m": 812.1576201698781, "ndvi": 0.46222014925373134}, "geometry": {"type": "Point", "coordinates": [80.34581308505626, 25.96198544751726]}}, {"type": "Feature", "id": 219, "properties": {"segment_id": 219, "risk_score": 0.3726365823707478, "risk_category": "Medium", "vegetation_fraction": 1.0, "mean_dist_to_line_m": 432.89721643826726, "ndvi": 0.35890151515151514}, "geometry": {"type": "Point", "coordinates": [80.01208895700586, 26.027562463257986]}}, {"type": "Feature", "id": 220, "properties": {"segment_id": 220, "risk_score": 0.3961185092121384, "risk_category": "Medium", "vegetation_fraction": 1.0, "mean_dist_to_line_m": 510.88159097779203, "ndvi": 0.40066993043030147}, "geometry": {"type": "Point", "coordinates": [80.04918937824, 26.018219984303144]}}, {"type": "Feature", "id": 221, "properties": {"segment_id": 221, "risk_score": 0.22699525721242797, "risk_category": "Low", "vegetation_fraction": 1.0, "mean_dist_to_line_m": 1529.7712247261027, "ndvi": 0.3476471242629881}, "geometry": {"type": "Point", "coordinates": [80.32137890932822, 25.965758371710564]}}, {"type": "Feature", "id": 222, "properties": {"segment_id": 222, "risk_score": 0.2898421628475234, "risk_category": "Low", "vegetation_fraction": 1.0, "mean_dist_to_line_m": 2134.3148783626093, "ndvi": 0.4776228906823184}, "geometry": {"type": "Point", "coordinates": [80.13614629774277, 26.004475760456113]}}, {"type": "Feature", "id": 223, "properties": {"segment_id": 223, "risk_score": 0.4146169955006437, "risk_category": "Medium", "vegetation_fraction": 1.0, "mean_dist_to_line_m": 1774.8521065147934, "ndvi": 0.5915865719459534}, "geometry": {"type": "Point", "coordinates": [80.35174196593145, 25.951924316335123]}}, {"type": "Feature", "id": 224, "properties": {"segment_id": 224, "risk_score": 0.30656611161752856, "risk_category": "Low", "vegetation_fraction": 1.0, "mean_dist_to_line_m": 2685.218799278748, "ndvi": 0.5357842572317622}, "geometry": {"type": "Point", "coordinates": [80.35829966750553, 25.94231234279504]}}, {"type": "Feature", "id": 225, "properties": {"segment_id": 225, "risk_score": 0.25078415933777315, "risk_category": "Low", "vegetation_fraction": 1.0, "mean_dist_to_line_m": 1212.4768039018313, "ndvi": 0.33806217929369153}, "geometry": {"type": "Point", "coordinates": [80.28625478171914, 26.019208131115676]}}, {"type": "Feature", "id": 226, "properties": {"segment_id": 226, "risk_score": 0.4087230925350251, "risk_category": "Medium", "vegetation_fraction": 1.0, "mean_dist_to_line_m": 160.0, "ndvi": 0.3460559796437659}, "geometry": {"type": "Point", "coordinates": [80.04074521456928, 26.021543750854384]}}, {"type": "Feature", "id": 227, "properties": {"segment_id": 227, "risk_score": 0.2558456537857429, "risk_category": "Low", "vegetation_fraction": 1.0, "mean_dist_to_line_m": 3521.3917703090065, "ndvi": 0.518254844481669}, "geometry": {"type": "Point", "coordinates": [80.27224106328688, 25.978244954159823]}}, {"type": "Feature", "id": 228, "properties": {"segment_id": 228, "risk_score": 0.38248346744134076, "risk_category": "Medium", "vegetation_fraction": 1.0, "mean_dist_to_line_m": 1891.0843450253615, "ndvi": 0.564945226917058}, "geometry": {"type": "Point", "coordinates": [80.36162343405677, 25.948690381312293]}}, {"type": "Feature", "id": 229, "properties": {"segment_id": 229, "risk_score": 0.2956060561936161, "risk_category": "Low", "vegetation_fraction": 1.0, "mean_dist_to_line_m": 687.6772498781678, "ndvi": 0.3139868398852708}, "geometry": {"type": "Point", "coordinates": [80.16228727251065, 26.02908959924099]}}, {"type": "Feature", "id": 230, "properties": {"segment_id": 230, "risk_score": 0.15691100893061663, "risk_category": "Low", "vegetation_fraction": 1.0, "mean_dist_to_line_m": 3417.4405627603824, "ndvi": 0.39855072463768115}, "geometry": {"type": "Point", "coordinates": [80.31095845203242, 25.952912463147655]}}, {"type": "Feature", "id": 231, "properties": {"segment_id": 231, "risk_score": 0.3708914327622064, "risk_category": "Medium", "vegetation_fraction": 1.0, "mean_dist_to_line_m": 1584.3295111813072, "ndvi": 0.5213704206241518}, "geometry": {"type": "Point", "coordinates": [80.28382933045202, 26.023789539064683]}}, {"type": "Feature", "id": 232, "properties": {"segment_id": 232, "risk_score": 0.18915621689597772, "risk_category": "Low", "vegetation_fraction": 1.0, "mean_dist_to_line_m": 2130.0, "ndvi": 0.3598092541539379}, "geometry": {"type": "Point", "coordinates": [80.04586561168875, 26.003757108228818]}}, {"type": "Feature", "id": 233, "properties": {"segment_id": 233, "risk_score": 0.44515824196677134, "risk_category": "Medium", "vegetation_fraction": 1.0, "mean_dist_to_line_m": 863.7129152675674, "ndvi": 0.5163434151634342}, "geometry": {"type": "Point", "coordinates": [80.14881254324885, 26.034838817059352]}}, {"type": "Feature", "id": 234, "properties": {"segment_id": 234, "risk_score": 0.279673732825413, "risk_category": "Low", "vegetation_fraction": 1.0, "mean_dist_to_line_m": 2645.996976566678, "ndvi": 0.501996121820463}, "geometry": {"type": "Point", "coordinates": [80.38614744131323, 25.92335789030012]}}, {"type": "Feature", "id": 235, "properties": {"segment_id": 235, "risk_score": 0.2418889833174695, "risk_category": "Low", "vegetation_fraction": 1.0, "mean_dist_to_line_m": 2000.0249998437519, "ndvi": 0.4105288872602907}, "geometry": {"type": "Point", "coordinates": [79.90896236238895, 26.023969202121506]}}, {"type": "Feature", "id": 236, "properties": {"segment_id": 236, "risk_score": 0.0997583851355234, "risk_category": "Low", "vegetation_fraction": 0.0, "mean_dist_to_line_m": 2777.4268667239467, "ndvi": -0.23273415326395458}, "geometry": {"type": "Point", "coordinates": [80.08278636986607, 26.00187064613217]}}, {"type": "Feature", "id": 237, "properties": {"segment_id": 237, "risk_score": 0.46225924927994144, "risk_category": "Medium", "vegetation_fraction": 1.0, "mean_dist_to_line_m": 746.2573282722253, "ndvi": 0.5179666958808063}, "geometry": {"type": "Point", "coordinates": [80.31086862050402, 25.980041584728063]}}, {"type": "Feature", "id": 238, "properties": {"segment_id": 238, "risk_score": 0.2291773543861256, "risk_category": "Low", "vegetation_fraction": 1.0, "mean_dist_to_line_m": 2703.8676003088613, "ndvi": 0.44662851455585967}, "geometry": {"type": "Point", "coordinates": [80.26981561201976, 25.9878569276999]}}, {"type": "Feature", "id": 239, "properties": {"segment_id": 239, "risk_score": 0.24515806062493917, "risk_category": "Low", "vegetation_fraction": 1.0, "mean_dist_to_line_m": 2047.9257799051215, "ndvi": 0.41840564479807835}, "geometry": {"type": "Point", "coordinates": [79.98262421568674, 26.045079611298316]}}, {"type": "Feature", "id": 240, "properties": {"segment_id": 240, "risk_score": 0.35915523606238475, "risk_category": "Medium", "vegetation_fraction": 1.0, "mean_dist_to_line_m": 1269.0547663517127, "ndvi": 0.4715943069010884}, "geometry": {"type": "Point", "coordinates": [80.35596404776682, 25.955697240528423]}}, {"type": "Feature", "id": 241, "properties": {"segment_id": 241, "risk_score": 0.3483565314322774, "risk_category": "Low", "vegetation_fraction": 1.0, "mean_dist_to_line_m": 1135.2973178863765, "ndvi": 0.44188280499519694}, "geometry": {"type": "Point", "coordinates": [80.25571206205908, 26.028640441598927]}}, {"type": "Feature", "id": 242, "properties": {"segment_id": 242, "risk_score": 0.4664506587093724, "risk_category": "Medium", "vegetation_fraction": 1.0, "mean_dist_to_line_m": 1020.0, "ndvi": 0.5639611650485437}, "geometry": {"type": "Point", "coordinates": [80.01595171272758, 26.032503197320644]}}, {"type": "Feature", "id": 243, "properties": {"segment_id": 243, "risk_score": 0.3756121119431428, "risk_category": "Medium", "vegetation_fraction": 1.0, "mean_dist_to_line_m": 1179.5338062132853, "ndvi": 0.479467758444217}, "geometry": {"type": "Point", "coordinates": [80.27897842791778, 26.021543750854384]}}, {"type": "Feature", "id": 244, "properties": {"segment_id": 244, "risk_score": 0.19108905862967407, "risk_category": "Low", "vegetation_fraction": 1.0, "mean_dist_to_line_m": 2293.8613733179254, "ndvi": 0.37471917914532427}, "geometry": {"type": "Point", "coordinates": [80.07281507021234, 26.04669657880973]}}, {"type": "Feature", "id": 245, "properties": {"segment_id": 245, "risk_score": 0.11171632041770664, "risk_category": "Low", "vegetation_fraction": 1.0, "mean_dist_to_line_m": 2851.2453419514777, "ndvi": 0.31816828946808956}, "geometry": {"type": "Point", "coordinates": [79.91039966684353, 26.011302956615424]}}, {"type": "Feature", "id": 246, "properties": {"segment_id": 246, "risk_score": 0.30248315647619184, "risk_category": "Low", "vegetation_fraction": 1.0, "mean_dist_to_line_m": 1800.499930574839, "ndvi": 0.46321192862380833}, "geometry": {"type": "Point", "coordinates": [80.14485995599873, 26.04301348614484]}}, {"type": "Feature", "id": 247, "properties": {"segment_id": 247, "risk_score": 0.33030536364760593, "risk_category": "Low", "vegetation_fraction": 1.0, "mean_dist_to_line_m": 1059.9056561788884, "ndvi": 0.41066098081023455}, "geometry": {"type": "Point", "coordinates": [80.24852553978613, 26.010135146746066]}}, {"type": "Feature", "id": 248, "properties": {"segment_id": 248, "risk_score": 0.3229790685625291, "risk_category": "Low", "vegetation_fraction": 1.0, "mean_dist_to_line_m": 743.3034373659252, "ndvi": 0.3549982056700825}, "geometry": {"type": "Point", "coordinates": [80.24448312100759, 26.013997902467782]}}, {"type": "Feature", "id": 249, "properties": {"segment_id": 249, "risk_score": 0.19294929731620958, "risk_category": "Low", "vegetation_fraction": 1.0, "mean_dist_to_line_m": 2604.6496885377887, "ndvi": 0.39822134387351776}, "geometry": {"type": "Point", "coordinates": [80.303232940589, 25.965129551011678]}}, {"type": "Feature", "id": 250, "properties": {"segment_id": 250, "risk_score": 0.40267485547705584, "risk_category": "Medium", "vegetation_fraction": 1.0, "mean_dist_to_line_m": 594.138031100518, "ndvi": 0.42305738953783645}, "geometry": {"type": "Point", "coordinates": [80.01496356591505, 26.02873027312734]}}, {"type": "Feature", "id": 251, "properties": {"segment_id": 251, "risk_score": 0.24678251449520588, "risk_category": "Low", "vegetation_fraction": 1.0, "mean_dist_to_line_m": 1416.7568598739872, "ndvi": 0.35810662971336876}, "geometry": {"type": "Point", "coordinates": [80.26101212223539, 26.002768961416287]}}, {"type": "Feature", "id": 252, "properties": {"segment_id": 252, "risk_score": 0.08353110156519096, "risk_category": "Low", "vegetation_fraction": 0.0, "mean_dist_to_line_m": 3132.4910215354166, "ndvi": 0.24215916364412204}, "geometry": {"type": "Point", "coordinates": [80.28697343394644, 25.97195674717099]}}, {"type": "Feature", "id": 253, "properties": {"segment_id": 253, "risk_score": 0.47270748943007146, "risk_category": "Medium", "vegetation_fraction": 1.0, "mean_dist_to_line_m": 920.869154657707, "ndvi": 0.5570210346787948}, "geometry": {"type": "Point", "coordinates": [80.37994906585281, 25.96890247520498]}}, {"type": "Feature", "id": 254, "properties": {"segment_id": 254, "risk_score": 0.4245342389346649, "risk_category": "Medium", "vegetation_fraction": 1.0, "mean_dist_to_line_m": 208.80613017821102, "ndvi": 0.37488762361402456}, "geometry": {"type": "Point", "coordinates": [80.22229473348983, 26.024148865178333]}}, {"type": "Feature", "id": 255, "properties": {"segment_id": 255, "risk_score": 0.32178490783787117, "risk_category": "Low", "vegetation_fraction": 1.0, "mean_dist_to_line_m": 1153.1695452100703, "ndvi": 0.41323594510845507}, "geometry": {"type": "Point", "coordinates": [80.10012385484958, 26.03340151260476]}}, {"type": "Feature", "id": 256, "properties": {"segment_id": 256, "risk_score": 0.5337636770807572, "risk_category": "Medium", "vegetation_fraction": 1.0, "mean_dist_to_line_m": 662.872536767062, "ndvi": 0.587708066581306}, "geometry": {"type": "Point", "coordinates": [80.38453047380182, 25.96243460515932]}}, {"type": "Feature", "id": 257, "properties": {"segment_id": 257, "risk_score": 0.20181758250882048, "risk_category": "Low", "vegetation_fraction": 1.0, "mean_dist_to_line_m": 2404.703723954367, "ndvi": 0.3952267303102625}, "geometry": {"type": "Point", "coordinates": [80.19884870457432, 26.049571187718914]}}, {"type": "Feature", "id": 258, "properties": {"segment_id": 258, "risk_score": 0.443199515753234, "risk_category": "Medium", "vegetation_fraction": 1.0, "mean_dist_to_line_m": 145.60219778561037, "ndvi": 0.3831660864222814}, "geometry": {"type": "Point", "coordinates": [80.25625105122955, 26.019118299587262]}}, {"type": "Feature", "id": 259, "properties": {"segment_id": 259, "risk_score": 0.2244642492103687, "risk_category": "Low", "vegetation_fraction": 1.0, "mean_dist_to_line_m": 2692.582403567252, "ndvi": 0.4404466501240694}, "geometry": {"type": "Point", "coordinates": [80.21492854816005, 26.003218119058346]}}, {"type": "Feature", "id": 260, "properties": {"segment_id": 260, "risk_score": 0.12021216724968949, "risk_category": "Low", "vegetation_fraction": 0.0, "mean_dist_to_line_m": 2404.4126101815386, "ndvi": 0.2903681290973273}, "geometry": {"type": "Point", "coordinates": [80.35120297676099, 25.946264930045167]}}, {"type": "Feature", "id": 261, "properties": {"segment_id": 261, "risk_score": 0.24135606047290387, "risk_category": "Low", "vegetation_fraction": 1.0, "mean_dist_to_line_m": 2445.9762877019066, "ndvi": 0.44421906693711966}, "geometry": {"type": "Point", "coordinates": [80.30422108740153, 26.02046577251344]}}, {"type": "Feature", "id": 262, "properties": {"segment_id": 262, "risk_score": 0.2501085194632256, "risk_category": "Low", "vegetation_fraction": 1.0, "mean_dist_to_line_m": 2347.871376374779, "ndvi": 0.44752428334517885}, "geometry": {"type": "Point", "coordinates": [80.1701924470109, 25.999894352507106]}}, {"type": "Feature", "id": 263, "properties": {"segment_id": 263, "risk_score": 0.3934942578606604, "risk_category": "Medium", "vegetation_fraction": 1.0, "mean_dist_to_line_m": 1075.6393447619885, "ndvi": 0.4865338645418326}, "geometry": {"type": "Point", "coordinates": [79.93600165244094, 26.02136408779756]}}, {"type": "Feature", "id": 264, "properties": {"segment_id": 264, "risk_score": 0.25866736618819736, "risk_category": "Low", "vegetation_fraction": 1.0, "mean_dist_to_line_m": 990.0505037623082, "ndvi": 0.31731935370290676}, "geometry": {"type": "Point", "coordinates": [79.92126928178138, 26.04067786640613]}}, {"type": "Feature", "id": 265, "properties": {"segment_id": 265, "risk_score": 0.479029191222365, "risk_category": "Medium", "vegetation_fraction": 1.0, "mean_dist_to_line_m": 22.360679774997898, "ndvi": 0.39738915676819947}, "geometry": {"type": "Point", "coordinates": [80.33602144845936, 25.97303472551193]}}, {"type": "Feature", "id": 266, "properties": {"segment_id": 266, "risk_score": 0.22279044261892078, "risk_category": "Low", "vegetation_fraction": 1.0, "mean_dist_to_line_m": 2476.449070746257, "ndvi": 0.4246362323669888}, "geometry": {"type": "Point", "coordinates": [80.28077505848601, 25.982826362108835]}}, {"type": "Feature", "id": 267, "properties": {"segment_id": 267, "risk_score": 0.18940340063645317, "risk_category": "Low", "vegetation_fraction": 1.0, "mean_dist_to_line_m": 3264.9655434629017, "ndvi": 0.4297635605006954}, "geometry": {"type": "Point", "coordinates": [80.32470267587946, 25.947432739914525]}}, {"type": "Feature", "id": 268, "properties": {"segment_id": 268, "risk_score": 0.42264090664368803, "risk_category": "Medium", "vegetation_fraction": 1.0, "mean_dist_to_line_m": 810.0, "ndvi": 0.48182521268368134}, "geometry": {"type": "Point", "coordinates": [80.11045448061695, 26.01076396744495]}}, {"type": "Feature", "id": 269, "properties": {"segment_id": 269, "risk_score": 0.4413536982800948, "risk_category": "Medium", "vegetation_fraction": 1.0, "mean_dist_to_line_m": 900.9439494219383, "ndvi": 0.517493251468798}, "geometry": {"type": "Point", "coordinates": [80.18986555173312, 26.013279250240487]}}, {"type": "Feature", "id": 270, "properties": {"segment_id": 270, "risk_score": 0.43703758845394264, "risk_category": "Medium", "vegetation_fraction": 1.0, "mean_dist_to_line_m": 300.1666203960727, "ndvi": 0.4082469254883048}, "geometry": {"type": "Point", "coordinates": [80.07811513038865, 26.029359093826226]}}, {"type": "Feature", "id": 271, "properties": {"segment_id": 271, "risk_score": 0.19568859135063407, "risk_category": "Low", "vegetation_fraction": 1.0, "mean_dist_to_line_m": 2190.0, "ndvi": 0.37218487333305617}, "geometry": {"type": "Point", "coordinates": [80.0281688005916, 26.042833823088017]}}, {"type": "Feature", "id": 272, "properties": {"segment_id": 272, "risk_score": 0.3422122170184496, "risk_category": "Low", "vegetation_fraction": 1.0, "mean_dist_to_line_m": 810.5553651663777, "ndvi": 0.38807815978233984}, "geometry": {"type": "Point", "coordinates": [79.95010520240162, 26.03708460526965]}}, {"type": "Feature", "id": 273, "properties": {"segment_id": 273, "risk_score": 0.23638489983061978, "risk_category": "Low", "vegetation_fraction": 1.0, "mean_dist_to_line_m": 1393.0183056945089, "ndvi": 0.3432321928125672}, "geometry": {"type": "Point", "coordinates": [79.92306591234961, 26.044899948241493]}}, {"type": "Feature", "id": 274, "properties": {"segment_id": 274, "risk_score": 0.19124038051773282, "risk_category": "Low", "vegetation_fraction": 1.0, "mean_dist_to_line_m": 2146.741717114567, "ndvi": 0.36358180290481334}, "geometry": {"type": "Point", "coordinates": [79.93734912536712, 26.011572451200657]}}, {"type": "Feature", "id": 275, "properties": {"segment_id": 275, "risk_score": 0.39899419578962186, "risk_category": "Medium", "vegetation_fraction": 1.0, "mean_dist_to_line_m": 693.1810730249349, "ndvi": 0.43551565579154805}, "geometry": {"type": "Point", "coordinates": [80.40132896961485, 25.94231234279504]}}, {"type": "Feature", "id": 276, "properties": {"segment_id": 276, "risk_score": 0.23558441379682366, "risk_category": "Low", "vegetation_fraction": 1.0, "mean_dist_to_line_m": 1993.7151250868314, "ndvi": 0.4026310772163965}, "geometry": {"type": "Point", "coordinates": [80.24367463725187, 26.039510056536777]}}, {"type": "Feature", "id": 277, "properties": {"segment_id": 277, "risk_score": 0.25347995780429916, "risk_category": "Low", "vegetation_fraction": 0.0, "mean_dist_to_line_m": 912.3595782365635, "ndvi": 0.22701856407962426}, "geometry": {"type": "Point", "coordinates": [80.30017866862299, 26.00699104325165]}}, {"type": "Feature", "id": 278, "properties": {"segment_id": 278, "risk_score": 0.2856299686150108, "risk_category": "Low", "vegetation_fraction": 1.0, "mean_dist_to_line_m": 1979.0907002964768, "ndvi": 0.45975365224863934}, "geometry": {"type": "Point", "coordinates": [80.13201404743582, 26.04157618169025]}}, {"type": "Feature", "id": 279, "properties": {"segment_id": 279, "risk_score": 0.20198686554666667, "risk_category": "Low", "vegetation_fraction": 1.0, "mean_dist_to_line_m": 2410.74677226788, "ndvi": 0.39584728734092434}, "geometry": {"type": "Point", "coordinates": [80.03751127954645, 26.044720285184667]}}, {"type": "Feature", "id": 280, "properties": {"segment_id": 280, "risk_score": 0.27072373976244246, "risk_category": "Low", "vegetation_fraction": 1.0, "mean_dist_to_line_m": 2004.4201156444226, "ndvi": 0.44454628780934924}, "geometry": {"type": "Point", "coordinates": [80.39360345817143, 25.927220646021834]}}, {"type": "Feature", "id": 281, "properties": {"segment_id": 281, "risk_score": 0.2642153683505649, "risk_category": "Low", "vegetation_fraction": 1.0, "mean_dist_to_line_m": 2905.236651290218, "ndvi": 0.49907137171663574}, "geometry": {"type": "Point", "coordinates": [80.36288107545454, 25.991180694251145]}}, {"type": "Feature", "id": 282, "properties": {"segment_id": 282, "risk_score": 0.2984498557142568, "risk_category": "Low", "vegetation_fraction": 1.0, "mean_dist_to_line_m": 729.9315036357864, "ndvi": 0.3242219660793677}, "geometry": {"type": "Point", "coordinates": [79.9883734335051, 26.032593028849053]}}, {"type": "Feature", "id": 283, "properties": {"segment_id": 283, "risk_score": 0.17737965723036292, "risk_category": "Low", "vegetation_fraction": 1.0, "mean_dist_to_line_m": 3028.8776799336083, "ndvi": 0.40430820215410107}, "geometry": {"type": "Point", "coordinates": [80.33287734496494, 26.006362222552763]}}, {"type": "Feature", "id": 284, "properties": {"segment_id": 284, "risk_score": 0.5375383250000144, "risk_category": "Medium", "vegetation_fraction": 1.0, "mean_dist_to_line_m": 392.93765408777, "ndvi": 0.5437021388962239}, "geometry": {"type": "Point", "coordinates": [80.12770213407205, 26.02585566421816]}}, {"type": "Feature", "id": 285, "properties": {"segment_id": 285, "risk_score": 0.5804302916189616, "risk_category": "High", "vegetation_fraction": 1.0, "mean_dist_to_line_m": 798.1227975693967, "ndvi": 0.6640589047399907}, "geometry": {"type": "Point", "coordinates": [80.11665285607738, 26.01211144037113]}}, {"type": "Feature", "id": 286, "properties": {"segment_id": 286, "risk_score": 0.14944485841454913, "risk_category": "Low", "vegetation_fraction": 1.0, "mean_dist_to_line_m": 2903.5323314886646, "ndvi": 0.36507936507936506}, "geometry": {"type": "Point", "coordinates": [80.3198517733452, 25.952103979391946]}}, {"type": "Feature", "id": 287, "properties": {"segment_id": 287, "risk_score": 0.21760353581806782, "risk_category": "Low", "vegetation_fraction": 0.0, "mean_dist_to_line_m": 1217.579566188592, "ndvi": 0.2924522392734106}, "geometry": {"type": "Point", "coordinates": [80.26379689961615, 26.003757108228818]}}, {"type": "Feature", "id": 288, "properties": {"segment_id": 288, "risk_score": 0.35717493622562696, "risk_category": "Medium", "vegetation_fraction": 1.0, "mean_dist_to_line_m": 1001.6985574512922, "ndvi": 0.43389673535540635}, "geometry": {"type": "Point", "coordinates": [80.22400153252966, 26.016423353734904]}}, {"type": "Feature", "id": 289, "properties": {"segment_id": 289, "risk_score": 0.2478843291021349, "risk_category": "Low", "vegetation_fraction": 1.0, "mean_dist_to_line_m": 2284.4255295369117, "ndvi": 0.440279394644936}, "geometry": {"type": "Point", "coordinates": [80.33350616566383, 25.998726542637748]}}, {"type": "Feature", "id": 290, "properties": {"segment_id": 290, "risk_score": 0.19529459827570067, "risk_category": "Low", "vegetation_fraction": 0.0, "mean_dist_to_line_m": 1433.9107364128356, "ndvi": 0.2950004466545574}, "geometry": {"type": "Point", "coordinates": [80.08323552750814, 26.01345891329731]}}, {"type": "Feature", "id": 291, "properties": {"segment_id": 291, "risk_score": 0.17795127690050644, "risk_category": "Low", "vegetation_fraction": 1.0, "mean_dist_to_line_m": 1889.5766721676048, "ndvi": 0.32618762682761854}, "geometry": {"type": "Point", "coordinates": [80.19453679121054, 26.005104581155]}}, {"type": "Feature", "id": 292, "properties": {"segment_id": 292, "risk_score": 0.26415456993214603, "risk_category": "Low", "vegetation_fraction": 1.0, "mean_dist_to_line_m": 2538.5231927244627, "ndvi": 0.47702876771146413}, "geometry": {"type": "Point", "coordinates": [80.30215496224805, 26.02360987600786]}}, {"type": "Feature", "id": 293, "properties": {"segment_id": 293, "risk_score": 0.3351499996952293, "risk_category": "Low", "vegetation_fraction": 1.0, "mean_dist_to_line_m": 1294.3724348115577, "ndvi": 0.4467005076142132}, "geometry": {"type": "Point", "coordinates": [80.358838656676, 25.978694111801882]}}, {"type": "Feature", "id": 294, "properties": {"segment_id": 294, "risk_score": 0.40447792578533626, "risk_category": "Medium", "vegetation_fraction": 1.0, "mean_dist_to_line_m": 1133.5784048754633, "ndvi": 0.5071303126097647}, "geometry": {"type": "Point", "coordinates": [80.17791795845433, 26.010404641331302]}}, {"type": "Feature", "id": 295, "properties": {"segment_id": 295, "risk_score": 0.4204572746948907, "risk_category": "Medium", "vegetation_fraction": 1.0, "mean_dist_to_line_m": 1616.044553841261, "ndvi": 0.5825220738057505}, "geometry": {"type": "Point", "coordinates": [80.2994600163957, 26.014716554695077]}}, {"type": "Feature", "id": 296, "properties": {"segment_id": 296, "risk_score": 0.5533527336596192, "risk_category": "High", "vegetation_fraction": 1.0, "mean_dist_to_line_m": 20.0, "ndvi": 0.483554933519944}, "geometry": {"type": "Point", "coordinates": [80.25059166493959, 26.019297962644085]}}, {"type": "Feature", "id": 297, "properties": {"segment_id": 297, "risk_score": 0.3727137799026473, "risk_category": "Medium", "vegetation_fraction": 1.0, "mean_dist_to_line_m": 817.4350127074322, "ndvi": 0.4247318456417211}, "geometry": {"type": "Point", "coordinates": [79.99457180896553, 26.03277269190588]}}, {"type": "Feature", "id": 298, "properties": {"segment_id": 298, "risk_score": 0.3078269738087017, "risk_category": "Low", "vegetation_fraction": 1.0, "mean_dist_to_line_m": 2016.9531476958011, "ndvi": 0.48890347997373607}, "geometry": {"type": "Point", "coordinates": [80.4039340839388, 25.928927445061664]}}, {"type": "Feature", "id": 299, "properties": {"segment_id": 299, "risk_score": 0.4828748241592223, "risk_category": "Medium", "vegetation_fraction": 1.0, "mean_dist_to_line_m": 332.41540277189324, "ndvi": 0.46814781228746316}, "geometry": {"type": "Point", "coordinates": [79.97687499786838, 26.03016757758193]}}, {"type": "Feature", "id": 300, "properties": {"segment_id": 300, "risk_score": 0.20451713517563722, "risk_category": "Low", "vegetation_fraction": 1.0, "mean_dist_to_line_m": 2202.044504545719, "ndvi": 0.38342220067862337}, "geometry": {"type": "Point", "coordinates": [79.9146217486789, 26.015525038450782]}}, {"type": "Feature", "id": 301, "properties": {"segment_id": 301, "risk_score": 0.1792611784135672, "risk_category": "Low", "vegetation_fraction": 0.0, "mean_dist_to_line_m": 1605.2414148656894, "ndvi": 0.1818634778276034}, "geometry": {"type": "Point", "coordinates": [80.30511940268565, 26.011392788143834]}}, {"type": "Feature", "id": 302, "properties": {"segment_id": 302, "risk_score": 0.20029154348526815, "risk_category": "Low", "vegetation_fraction": 1.0, "mean_dist_to_line_m": 2727.288030260097, "ndvi": 0.4143341059012301}, "geometry": {"type": "Point", "coordinates": [79.97894112302185, 26.050379671474623]}}, {"type": "Feature", "id": 303, "properties": {"segment_id": 303, "risk_score": 0.3268999806593781, "risk_category": "Low", "vegetation_fraction": 1.0, "mean_dist_to_line_m": 1971.8519214180358, "ndvi": 0.5072729655353164}, "geometry": {"type": "Point", "coordinates": [80.23100839174579, 26.005823233382294]}}, {"type": "Feature", "id": 304, "properties": {"segment_id": 304, "risk_score": 0.13303724057425262, "risk_category": "Low", "vegetation_fraction": 1.0, "mean_dist_to_line_m": 2469.0281488877363, "ndvi": 0.31942125765164164}, "geometry": {"type": "Point", "coordinates": [80.29541759761716, 25.97195674717099]}}, {"type": "Feature", "id": 305, "properties": {"segment_id": 305, "risk_score": 0.4421529926406178, "risk_category": "Medium", "vegetation_fraction": 1.0, "mean_dist_to_line_m": 235.3720459187964, "ndvi": 0.400990099009901}, "geometry": {"type": "Point", "coordinates": [79.95594425174839, 26.027023474087514]}}, {"type": "Feature", "id": 306, "properties": {"segment_id": 306, "risk_score": 0.4471216477193092, "risk_category": "Medium", "vegetation_fraction": 1.0, "mean_dist_to_line_m": 1527.612516314265, "ndvi": 0.6042267050912584}, "geometry": {"type": "Point", "coordinates": [80.31176693578814, 26.006452054081176]}}, {"type": "Feature", "id": 307, "properties": {"segment_id": 307, "risk_score": 0.29199152787921656, "risk_category": "Low", "vegetation_fraction": 1.0, "mean_dist_to_line_m": 960.2083107326243, "ndvi": 0.351921274601687}, "geometry": {"type": "Point", "coordinates": [79.9161488846619, 26.032682860377466]}}, {"type": "Feature", "id": 308, "properties": {"segment_id": 308, "risk_score": 0.41476271342441545, "risk_category": "Medium", "vegetation_fraction": 1.0, "mean_dist_to_line_m": 1082.5894882179487, "ndvi": 0.5122925246474479}, "geometry": {"type": "Point", "coordinates": [80.35812000444871, 25.976897481233646]}}, {"type": "Feature", "id": 309, "properties": {"segment_id": 309, "risk_score": 0.4654506093942318, "risk_category": "Medium", "vegetation_fraction": 1.0, "mean_dist_to_line_m": 640.3124237432849, "ndvi": 0.5042090916379378}, "geometry": {"type": "Point", "coordinates": [80.15905333748782, 26.0314252189797]}}, {"type": "Feature", "id": 310, "properties": {"segment_id": 310, "risk_score": 0.2603887960406878, "risk_category": "Low", "vegetation_fraction": 1.0, "mean_dist_to_line_m": 2424.396832203837, "ndvi": 0.4649337910740559}, "geometry": {"type": "Point", "coordinates": [80.40510189380815, 25.925424015453597]}}, {"type": "Feature", "id": 311, "properties": {"segment_id": 311, "risk_score": 0.408242563340704, "risk_category": "Medium", "vegetation_fraction": 1.0, "mean_dist_to_line_m": 608.3584469702053, "ndvi": 0.43200962695547535}, "geometry": {"type": "Point", "coordinates": [80.10021368637798, 26.028011620900045]}}, {"type": "Feature", "id": 312, "properties": {"segment_id": 312, "risk_score": 0.3922096513994958, "risk_category": "Medium", "vegetation_fraction": 1.0, "mean_dist_to_line_m": 1169.144986731757, "ndvi": 0.4974840230153506}, "geometry": {"type": "Point", "coordinates": [80.08790676698555, 26.03645578457077]}}, {"type": "Feature", "id": 313, "properties": {"segment_id": 313, "risk_score": 0.302739878390453, "risk_category": "Low", "vegetation_fraction": 1.0, "mean_dist_to_line_m": 1541.8495387034366, "ndvi": 0.4373234846839018}, "geometry": {"type": "Point", "coordinates": [80.33772824749919, 25.988126422285138]}}, {"type": "Feature", "id": 314, "properties": {"segment_id": 314, "risk_score": 0.28470905008284686, "risk_category": "Low", "vegetation_fraction": 1.0, "mean_dist_to_line_m": 1186.9709347747316, "ndvi": 0.37437456457027046}, "geometry": {"type": "Point", "coordinates": [80.07577951064994, 26.03708460526965]}}, {"type": "Feature", "id": 315, "properties": {"segment_id": 315, "risk_score": 0.20668296606760372, "risk_category": "Low", "vegetation_fraction": 1.0, "mean_dist_to_line_m": 1910.1047091717248, "ndvi": 0.36156052782558806}, "geometry": {"type": "Point", "coordinates": [79.91093865601401, 26.042654160031194]}}, {"type": "Feature", "id": 316, "properties": {"segment_id": 316, "risk_score": 0.27348852611165, "risk_category": "Low", "vegetation_fraction": 1.0, "mean_dist_to_line_m": 2107.225664232476, "ndvi": 0.45635459068294887}, "geometry": {"type": "Point", "coordinates": [80.40896464952986, 25.958661680966017]}}, {"type": "Feature", "id": 317, "properties": {"segment_id": 317, "risk_score": 0.2869712401918991, "risk_category": "Low", "vegetation_fraction": 1.0, "mean_dist_to_line_m": 1879.7074240423694, "ndvi": 0.45248012116622494}, "geometry": {"type": "Point", "coordinates": [80.2288524350639, 26.0419355078039]}}, {"type": "Feature", "id": 318, "properties": {"segment_id": 318, "risk_score": 0.3467924312773163, "risk_category": "Low", "vegetation_fraction": 1.0, "mean_dist_to_line_m": 1310.0, "ndvi": 0.46218487394957986}, "geometry": {"type": "Point", "coordinates": [80.03751127954645, 26.01121312508701]}}, {"type": "Feature", "id": 319, "properties": {"segment_id": 319, "risk_score": 0.19424225370493708, "risk_category": "Low", "vegetation_fraction": 1.0, "mean_dist_to_line_m": 2124.923528035774, "ndvi": 0.365334111467756}, "geometry": {"type": "Point", "coordinates": [80.21349124370546, 26.008518179234652]}}, {"type": "Feature", "id": 320, "properties": {"segment_id": 320, "risk_score": 0.11724906317830376, "risk_category": "Low", "vegetation_fraction": 1.0, "mean_dist_to_line_m": 2975.9872311554027, "ndvi": 0.33140543666859457}, "geometry": {"type": "Point", "coordinates": [80.31652800679397, 25.953451452318124]}}, {"type": "Feature", "id": 321, "properties": {"segment_id": 321, "risk_score": 0.24900119284133043, "risk_category": "Low", "vegetation_fraction": 1.0, "mean_dist_to_line_m": 1049.237818609299, "ndvi": 0.3143369979807045}, "geometry": {"type": "Point", "coordinates": [80.36009629807377, 25.97617882900635]}}, {"type": "Feature", "id": 322, "properties": {"segment_id": 322, "risk_score": 0.25405889419973626, "risk_category": "Low", "vegetation_fraction": 1.0, "mean_dist_to_line_m": 2090.9328061896204, "ndvi": 0.4323557237464522}, "geometry": {"type": "Point", "coordinates": [80.14800405949315, 26.007799527007357]}}, {"type": "Feature", "id": 323, "properties": {"segment_id": 323, "risk_score": 0.4509854949441987, "risk_category": "Medium", "vegetation_fraction": 1.0, "mean_dist_to_line_m": 787.7182237323191, "ndvi": 0.5114068441064639}, "geometry": {"type": "Point", "coordinates": [80.31715682749285, 25.992438335648913]}}, {"type": "Feature", "id": 324, "properties": {"segment_id": 324, "risk_score": 0.3102685745202694, "risk_category": "Low", "vegetation_fraction": 1.0, "mean_dist_to_line_m": 1012.0276676059801, "ndvi": 0.3806294557468266}, "geometry": {"type": "Point", "coordinates": [80.09545261537215, 26.033311681076352]}}, {"type": "Feature", "id": 325, "properties": {"segment_id": 325, "risk_score": 0.23081708777869764, "risk_category": "Low", "vegetation_fraction": 1.0, "mean_dist_to_line_m": 1569.7452022541747, "ndvi": 0.3564036222509702}, "geometry": {"type": "Point", "coordinates": [80.18869774186376, 26.037174436798065]}}, {"type": "Feature", "id": 326, "properties": {"segment_id": 326, "risk_score": 0.2597867014424737, "risk_category": "Low", "vegetation_fraction": 1.0, "mean_dist_to_line_m": 2401.49953154274, "ndvi": 0.4626325316783036}, "geometry": {"type": "Point", "coordinates": [80.13443949870295, 26.046067758110848]}}, {"type": "Feature", "id": 327, "properties": {"segment_id": 327, "risk_score": 0.544662326989908, "risk_category": "Medium", "vegetation_fraction": 1.0, "mean_dist_to_line_m": 989.9494936611666, "ndvi": 0.650965774313792}, "geometry": {"type": "Point", "coordinates": [80.19094353007407, 26.0126504295416]}}, {"type": "Feature", "id": 328, "properties": {"segment_id": 328, "risk_score": 0.14658468342037673, "risk_category": "Low", "vegetation_fraction": 1.0, "mean_dist_to_line_m": 2083.866598417471, "ndvi": 0.30638852672750977}, "geometry": {"type": "Point", "coordinates": [79.94956621323115, 26.010943630501774]}}, {"type": "Feature", "id": 329, "properties": {"segment_id": 329, "risk_score": 0.21096268255096967, "risk_category": "Low", "vegetation_fraction": 1.0, "mean_dist_to_line_m": 1956.16972678753, "ndvi": 0.3706422018348624}, "geometry": {"type": "Point", "coordinates": [80.2882310753442, 25.984084003506602]}}, {"type": "Feature", "id": 330, "properties": {"segment_id": 330, "risk_score": 0.39447678262005315, "risk_category": "Medium", "vegetation_fraction": 1.0, "mean_dist_to_line_m": 610.0, "ndvi": 0.41623200500730234}, "geometry": {"type": "Point", "coordinates": [80.34886735702227, 25.97447202996652]}}, {"type": "Feature", "id": 331, "properties": {"segment_id": 331, "risk_score": 0.24657936443787642, "risk_category": "Low", "vegetation_fraction": 1.0, "mean_dist_to_line_m": 1469.8639392814562, "ndvi": 0.3638914873713751}, "geometry": {"type": "Point", "coordinates": [79.99241585228364, 26.03888123583789]}}, {"type": "Feature", "id": 332, "properties": {"segment_id": 332, "risk_score": 0.2362229956923778, "risk_category": "Low", "vegetation_fraction": 1.0, "mean_dist_to_line_m": 3104.1262860908223, "ndvi": 0.47674858223062383}, "geometry": {"type": "Point", "coordinates": [80.02457553945513, 26.046516915752907]}}, {"type": "Feature", "id": 333, "properties": {"segment_id": 333, "risk_score": 0.09749102929608666, "risk_category": "Low", "vegetation_fraction": 1.0, "mean_dist_to_line_m": 3383.548433228051, "ndvi": 0.32778306374881067}, "geometry": {"type": "Point", "coordinates": [80.3106889574472, 25.953361620789714]}}, {"type": "Feature", "id": 334, "properties": {"segment_id": 334, "risk_score": 0.4541396558167896, "risk_category": "Medium", "vegetation_fraction": 1.0, "mean_dist_to_line_m": 541.2023651093923, "ndvi": 0.4737999376012123}, "geometry": {"type": "Point", "coordinates": [80.09185935423568, 26.019747120286144]}}, {"type": "Feature", "id": 335, "properties": {"segment_id": 335, "risk_score": 0.4248438665601514, "risk_category": "Medium", "vegetation_fraction": 1.0, "mean_dist_to_line_m": 1731.1845655504212, "ndvi": 0.5992767967081781}, "geometry": {"type": "Point", "coordinates": [80.07991176095689, 26.011123293558597]}}, {"type": "Feature", "id": 336, "properties": {"segment_id": 336, "risk_score": 0.5379764738083362, "risk_category": "Medium", "vegetation_fraction": 1.0, "mean_dist_to_line_m": 384.70768123342685, "ndvi": 0.5426322693484915}, "geometry": {"type": "Point", "coordinates": [80.160400810414, 26.018489478888377]}}, {"type": "Feature", "id": 337, "properties": {"segment_id": 337, "risk_score": 0.411414207456022, "risk_category": "Medium", "vegetation_fraction": 1.0, "mean_dist_to_line_m": 588.5575587824865, "ndvi": 0.4322844907838391}, "geometry": {"type": "Point", "coordinates": [79.98019876441963, 26.02145391932597]}}, {"type": "Feature", "id": 338, "properties": {"segment_id": 338, "risk_score": 0.2929686553505669, "risk_category": "Low", "vegetation_fraction": 1.0, "mean_dist_to_line_m": 1461.6771189288008, "ndvi": 0.417094407846886}, "geometry": {"type": "Point", "coordinates": [80.04200285596704, 26.00977582063242]}}, {"type": "Feature", "id": 339, "properties": {"segment_id": 339, "risk_score": 0.37930370445093653, "risk_category": "Medium", "vegetation_fraction": 1.0, "mean_dist_to_line_m": 1063.6728820459793, "ndvi": 0.46834264432029793}, "geometry": {"type": "Point", "coordinates": [80.15177698368645, 26.0171420059622]}}, {"type": "Feature", "id": 340, "properties": {"segment_id": 340, "risk_score": 0.3085485852346954, "risk_category": "Low", "vegetation_fraction": 1.0, "mean_dist_to_line_m": 1833.5757415498276, "ndvi": 0.4733994589720469}, "geometry": {"type": "Point", "coordinates": [80.09985436026435, 26.039869382650423]}}, {"type": "Feature", "id": 341, "properties": {"segment_id": 341, "risk_score": 0.2433254371254332, "risk_category": "Low", "vegetation_fraction": 1.0, "mean_dist_to_line_m": 2136.7732682715778, "ndvi": 0.42355057423550574}, "geometry": {"type": "Point", "coordinates": [80.12455803057763, 26.041216855576604]}}, {"type": "Feature", "id": 342, "properties": {"segment_id": 342, "risk_score": 0.23305327587668417, "risk_category": "Low", "vegetation_fraction": 1.0, "mean_dist_to_line_m": 2575.9658382827984, "ndvi": 0.4431764146457442}, "geometry": {"type": "Point", "coordinates": [80.301705804606, 25.966387192409446]}}, {"type": "Feature", "id": 343, "properties": {"segment_id": 343, "risk_score": 0.42175179815645836, "risk_category": "Medium", "vegetation_fraction": 1.0, "mean_dist_to_line_m": 1207.0211265756702, "ndvi": 0.5368291890721426}, "geometry": {"type": "Point", "coordinates": [80.10192048541782, 26.033132018019526]}}, {"type": "Feature", "id": 344, "properties": {"segment_id": 344, "risk_score": 0.37010086124402064, "risk_category": "Medium", "vegetation_fraction": 1.0, "mean_dist_to_line_m": 1198.2069938036582, "ndvi": 0.47544253303415607}, "geometry": {"type": "Point", "coordinates": [79.98855309656193, 26.036815110684415]}}, {"type": "Feature", "id": 345, "properties": {"segment_id": 345, "risk_score": 0.44603753271018354, "risk_category": "Medium", "vegetation_fraction": 1.0, "mean_dist_to_line_m": 101.9803902718557, "ndvi": 0.37690939379394073}, "geometry": {"type": "Point", "coordinates": [80.05556741675726, 26.02226240308168]}}, {"type": "Feature", "id": 346, "properties": {"segment_id": 346, "risk_score": 0.29979098340019583, "risk_category": "Low", "vegetation_fraction": 1.0, "mean_dist_to_line_m": 1836.9812192834197, "ndvi": 0.46349967313140117}, "geometry": {"type": "Point", "coordinates": [80.38542878908594, 25.97519068219382]}}, {"type": "Feature", "id": 347, "properties": {"segment_id": 347, "risk_score": 0.295253779695562, "risk_category": "Low", "vegetation_fraction": 1.0, "mean_dist_to_line_m": 1621.1415730897781, "ndvi": 0.4369807737953952}, "geometry": {"type": "Point", "coordinates": [80.16588053364713, 26.037174436798065]}}, {"type": "Feature", "id": 348, "properties": {"segment_id": 348, "risk_score": 0.3731948467588431, "risk_category": "Medium", "vegetation_fraction": 1.0, "mean_dist_to_line_m": 1639.5426191471815, "ndvi": 0.52981220657277}, "geometry": {"type": "Point", "coordinates": [80.14135652639067, 26.010314809802892]}}, {"type": "Feature", "id": 349, "properties": {"segment_id": 349, "risk_score": 0.3475198124989915, "risk_category": "Low", "vegetation_fraction": 1.0, "mean_dist_to_line_m": 526.1178575186362, "ndvi": 0.34671470235031737}, "geometry": {"type": "Point", "coordinates": [80.08045075012735, 26.03178454509335]}}, {"type": "Feature", "id": 350, "properties": {"segment_id": 350, "risk_score": 0.476574632770135, "risk_category": "Medium", "vegetation_fraction": 1.0, "mean_dist_to_line_m": 114.0175425099138, "ndvi": 0.4151970389723492}, "geometry": {"type": "Point", "coordinates": [80.36207259169883, 25.96503971948327]}}, {"type": "Feature", "id": 351, "properties": {"segment_id": 351, "risk_score": 0.3790395676126642, "risk_category": "Medium", "vegetation_fraction": 1.0, "mean_dist_to_line_m": 1812.2085972646746, "ndvi": 0.5536349771225216}, "geometry": {"type": "Point", "coordinates": [80.10165099083258, 26.039150730423128]}}, {"type": "Feature", "id": 352, "properties": {"segment_id": 352, "risk_score": 0.6662820213887901, "risk_category": "High", "vegetation_fraction": 1.0, "mean_dist_to_line_m": 220.90722034374522, "ndvi": 0.6594626865671642}, "geometry": {"type": "Point", "coordinates": [80.35677253152252, 25.969261801318627]}}, {"type": "Feature", "id": 353, "properties": {"segment_id": 353, "risk_score": 0.20426824199560098, "risk_category": "Low", "vegetation_fraction": 0.0, "mean_dist_to_line_m": 1344.0610105199837, "ndvi": 0.2612137203166227}, "geometry": {"type": "Point", "coordinates": [80.2724207263437, 26.025226843519274]}}, {"type": "Feature", "id": 354, "properties": {"segment_id": 354, "risk_score": 0.1764495320463971, "risk_category": "Low", "vegetation_fraction": 1.0, "mean_dist_to_line_m": 1950.0, "ndvi": 0.32983468905799}, "geometry": {"type": "Point", "coordinates": [80.02574334932449, 26.005643570325468]}}, {"type": "Feature", "id": 355, "properties": {"segment_id": 355, "risk_score": 0.1471952083323655, "risk_category": "Low", "vegetation_fraction": 1.0, "mean_dist_to_line_m": 3390.294972417592, "ndvi": 0.3860607384749836}, "geometry": {"type": "Point", "coordinates": [80.31455171316891, 25.95084633799418]}}, {"type": "Feature", "id": 356, "properties": {"segment_id": 356, "risk_score": 0.5074767786427716, "risk_category": "Medium", "vegetation_fraction": 1.0, "mean_dist_to_line_m": 770.0, "ndvi": 0.5745126115210927}, "geometry": {"type": "Point", "coordinates": [80.18833841575011, 26.014357228581428]}}, {"type": "Feature", "id": 357, "properties": {"segment_id": 357, "risk_score": 0.2709384558488582, "risk_category": "Low", "vegetation_fraction": 1.0, "mean_dist_to_line_m": 1145.294721894762, "ndvi": 0.35288073974551487}, "geometry": {"type": "Point", "coordinates": [79.97741398703886, 26.01669284832014]}}, {"type": "Feature", "id": 358, "properties": {"segment_id": 358, "risk_score": 0.306772031730027, "risk_category": "Low", "vegetation_fraction": 1.0, "mean_dist_to_line_m": 1336.3382805263043, "ndvi": 0.41866576248198695}, "geometry": {"type": "Point", "coordinates": [79.99115821088589, 26.037803257496947]}}, {"type": "Feature", "id": 359, "properties": {"segment_id": 359, "risk_score": 0.25954750241157437, "risk_category": "Low", "vegetation_fraction": 1.0, "mean_dist_to_line_m": 1990.0, "ndvi": 0.4302678120262759}, "geometry": {"type": "Point", "coordinates": [80.02771964294955, 26.041037192519777]}}, {"type": "Feature", "id": 360, "properties": {"segment_id": 360, "risk_score": 0.40492202049466086, "risk_category": "Medium", "vegetation_fraction": 1.0, "mean_dist_to_line_m": 1180.0, "ndvi": 0.513722957701001}, "geometry": {"type": "Point", "coordinates": [80.02161109901753, 26.03385067024682]}}, {"type": "Feature", "id": 361, "properties": {"segment_id": 361, "risk_score": 0.25687469787054845, "risk_category": "Low", "vegetation_fraction": 1.0, "mean_dist_to_line_m": 1002.2474744293447, "ndvi": 0.3169573988370713}, "geometry": {"type": "Point", "coordinates": [80.13740393914054, 26.03385067024682]}}, {"type": "Feature", "id": 362, "properties": {"segment_id": 362, "risk_score": 0.2667345727211915, "risk_category": "Low", "vegetation_fraction": 1.0, "mean_dist_to_line_m": 2346.4441182350797, "ndvi": 0.4668183541903678}, "geometry": {"type": "Point", "coordinates": [80.26613251935487, 26.036725279156006]}}, {"type": "Feature", "id": 363, "properties": {"segment_id": 363, "risk_score": 0.2881775637588514, "risk_category": "Low", "vegetation_fraction": 1.0, "mean_dist_to_line_m": 2790.627169652012, "ndvi": 0.5205880028451751}, "geometry": {"type": "Point", "coordinates": [80.26514437254234, 25.988755242984023]}}, {"type": "Feature", "id": 364, "properties": {"segment_id": 364, "risk_score": 0.2580909368201346, "risk_category": "Low", "vegetation_fraction": 1.0, "mean_dist_to_line_m": 2068.7435800504613, "ndvi": 0.43522960932145305}, "geometry": {"type": "Point", "coordinates": [79.97085628546478, 26.046427084224497]}}, {"type": "Feature", "id": 365, "properties": {"segment_id": 365, "risk_score": 0.4871186395205185, "risk_category": "Medium", "vegetation_fraction": 1.0, "mean_dist_to_line_m": 14.142135623730951, "ndvi": 0.4049266052028634}, "geometry": {"type": "Point", "coordinates": [80.08242704375242, 26.026753979502278]}}, {"type": "Feature", "id": 366, "properties": {"segment_id": 366, "risk_score": 0.22616611402183986, "risk_category": "Low", "vegetation_fraction": 1.0, "mean_dist_to_line_m": 2411.32743525221, "ndvi": 0.42409699419045216}, "geometry": {"type": "Point", "coordinates": [80.41264774219476, 25.93153255938561]}}, {"type": "Feature", "id": 367, "properties": {"segment_id": 367, "risk_score": 0.27091687486857363, "risk_category": "Low", "vegetation_fraction": 1.0, "mean_dist_to_line_m": 1596.151621870554, "ndvi": 0.40597897184941134}, "geometry": {"type": "Point", "coordinates": [79.9409423865036, 26.045079611298316]}}, {"type": "Feature", "id": 368, "properties": {"segment_id": 368, "risk_score": 0.14931316134873324, "risk_category": "Low", "vegetation_fraction": 0.0, "mean_dist_to_line_m": 1970.8373854785686, "ndvi": 0.2517725924970994}, "geometry": {"type": "Point", "coordinates": [80.40914431258669, 25.93350885301067]}}, {"type": "Feature", "id": 369, "properties": {"segment_id": 369, "risk_score": 0.18487245247239736, "risk_category": "Low", "vegetation_fraction": 1.0, "mean_dist_to_line_m": 3214.0317359976393, "ndvi": 0.4221248630887185}, "geometry": {"type": "Point", "coordinates": [80.32164840391346, 26.017950489717908]}}, {"type": "Feature", "id": 370, "properties": {"segment_id": 370, "risk_score": 0.15538755865529108, "risk_category": "Low", "vegetation_fraction": 0.0, "mean_dist_to_line_m": 1891.0843450253615, "ndvi": -0.33748443337484435}, "geometry": {"type": "Point", "coordinates": [80.11063414367378, 26.03600662692871]}}, {"type": "Feature", "id": 371, "properties": {"segment_id": 371, "risk_score": 0.17581329901406634, "risk_category": "Low", "vegetation_fraction": 1.0, "mean_dist_to_line_m": 2462.72207120495, "ndvi": 0.3688978359335682}, "geometry": {"type": "Point", "coordinates": [80.00678889682956, 26.00187064613217]}}, {"type": "Feature", "id": 372, "properties": {"segment_id": 372, "risk_score": 0.23427523559173677, "risk_category": "Low", "vegetation_fraction": 1.0, "mean_dist_to_line_m": 1964.713719603953, "ndvi": 0.39858823529411763}, "geometry": {"type": "Point", "coordinates": [79.98433101472658, 26.008608010763062]}}, {"type": "Feature", "id": 373, "properties": {"segment_id": 373, "risk_score": 0.2320456078665424, "risk_category": "Low", "vegetation_fraction": 1.0, "mean_dist_to_line_m": 2500.019999920001, "ndvi": 0.4370189743198964}, "geometry": {"type": "Point", "coordinates": [80.0243958763983, 26.0457084319972]}}, {"type": "Feature", "id": 374, "properties": {"segment_id": 374, "risk_score": 0.45348989999046496, "risk_category": "Medium", "vegetation_fraction": 1.0, "mean_dist_to_line_m": 372.15588131856794, "ndvi": 0.4416407367871175}, "geometry": {"type": "Point", "coordinates": [80.07308456479758, 26.029269262297813]}}, {"type": "Feature", "id": 375, "properties": {"segment_id": 375, "risk_score": 0.450507764673565, "risk_category": "Medium", "vegetation_fraction": 1.0, "mean_dist_to_line_m": 335.4101966249684, "ndvi": 0.43097758051667234}, "geometry": {"type": "Point", "coordinates": [80.36279124392613, 25.969082138261804]}}, {"type": "Feature", "id": 376, "properties": {"segment_id": 376, "risk_score": 0.2442738126135009, "risk_category": "Low", "vegetation_fraction": 1.0, "mean_dist_to_line_m": 2522.399651125888, "ndvi": 0.45277296360485264}, "geometry": {"type": "Point", "coordinates": [80.12949876464029, 26.045977926582434]}}, {"type": "Feature", "id": 377, "properties": {"segment_id": 377, "risk_score": 0.19020842743874108, "risk_category": "Low", "vegetation_fraction": 1.0, "mean_dist_to_line_m": 2670.8238429368566, "ndvi": 0.39915325994919565}, "geometry": {"type": "Point", "coordinates": [80.20289112335286, 26.00070283626281]}}, {"type": "Feature", "id": 378, "properties": {"segment_id": 378, "risk_score": 0.3215692099625711, "risk_category": "Low", "vegetation_fraction": 1.0, "mean_dist_to_line_m": 1406.1649974309557, "ndvi": 0.44413750767341925}, "geometry": {"type": "Point", "coordinates": [80.12833095477093, 26.035377806229825]}}, {"type": "Feature", "id": 379, "properties": {"segment_id": 379, "risk_score": 0.34124928557893025, "risk_category": "Low", "vegetation_fraction": 1.0, "mean_dist_to_line_m": 863.1338250816034, "ndvi": 0.3950285522337924}, "geometry": {"type": "Point", "coordinates": [80.17010261548249, 26.029269262297813]}}, {"type": "Feature", "id": 380, "properties": {"segment_id": 380, "risk_score": 0.43227456022854915, "risk_category": "Medium", "vegetation_fraction": 1.0, "mean_dist_to_line_m": 892.6925562588724, "ndvi": 0.5056713268266948}, "geometry": {"type": "Point", "coordinates": [80.20873017269963, 26.021004761683912]}}, {"type": "Feature", "id": 381, "properties": {"segment_id": 381, "risk_score": 0.25876563847450074, "risk_category": "Low", "vegetation_fraction": 1.0, "mean_dist_to_line_m": 2330.772404161333, "ndvi": 0.4563855421686747}, "geometry": {"type": "Point", "coordinates": [80.09033221825267, 26.04660674728132]}}, {"type": "Feature", "id": 382, "properties": {"segment_id": 382, "risk_score": 0.2905274616080806, "risk_category": "Low", "vegetation_fraction": 1.0, "mean_dist_to_line_m": 1940.3092537015846, "ndvi": 0.4620706396407331}, "geometry": {"type": "Point", "coordinates": [80.13246320507788, 26.00537407574023]}}, {"type": "Feature", "id": 383, "properties": {"segment_id": 383, "risk_score": 0.22717698543054252, "risk_category": "Low", "vegetation_fraction": 1.0, "mean_dist_to_line_m": 3303.876511009453, "ndvi": 0.47559007024126354}, "geometry": {"type": "Point", "coordinates": [79.92315574387803, 26.00797919006418]}}, {"type": "Feature", "id": 384, "properties": {"segment_id": 384, "risk_score": 0.24083115492846413, "risk_category": "Low", "vegetation_fraction": 1.0, "mean_dist_to_line_m": 2131.3845265460664, "ndvi": 0.420208009788696}, "geometry": {"type": "Point", "coordinates": [79.99106837935747, 26.044989779769903]}}, {"type": "Feature", "id": 385, "properties": {"segment_id": 385, "risk_score": 0.3143390705789182, "risk_category": "Low", "vegetation_fraction": 1.0, "mean_dist_to_line_m": 1321.8547575282241, "ndvi": 0.42575520380356}, "geometry": {"type": "Point", "coordinates": [80.1356073085723, 26.036365953042356]}}, {"type": "Feature", "id": 386, "properties": {"segment_id": 386, "risk_score": 0.4689079805448335, "risk_category": "Medium", "vegetation_fraction": 1.0, "mean_dist_to_line_m": 441.81444068749045, "ndvi": 0.4728901461574729}, "geometry": {"type": "Point", "coordinates": [79.97867162843662, 26.03097606133764]}}, {"type": "Feature", "id": 387, "properties": {"segment_id": 387, "risk_score": 0.5310989840928, "risk_category": "Medium", "vegetation_fraction": 1.0, "mean_dist_to_line_m": 250.59928172283335, "ndvi": 0.5079069767441861}, "geometry": {"type": "Point", "coordinates": [80.37572698401745, 25.964410898784383]}}, {"type": "Feature", "id": 388, "properties": {"segment_id": 388, "risk_score": 0.21410457140759612, "risk_category": "Low", "vegetation_fraction": 0.0, "mean_dist_to_line_m": 1250.0, "ndvi": 0.2977478276290122}, "geometry": {"type": "Point", "coordinates": [80.0288874528189, 26.011931777314306]}}, {"type": "Feature", "id": 389, "properties": {"segment_id": 389, "risk_score": 0.27931702933657027, "risk_category": "Low", "vegetation_fraction": 1.0, "mean_dist_to_line_m": 1221.8428704215612, "ndvi": 0.3725396636049147}, "geometry": {"type": "Point", "coordinates": [80.33763841597077, 25.959919322363785]}}, {"type": "Feature", "id": 390, "properties": {"segment_id": 390, "risk_score": 0.22712377818833657, "risk_category": "Low", "vegetation_fraction": 1.0, "mean_dist_to_line_m": 1641.2799883018133, "ndvi": 0.3595744680851064}, "geometry": {"type": "Point", "coordinates": [79.91156747671289, 26.039060898894714]}}, {"type": "Feature", "id": 391, "properties": {"segment_id": 391, "risk_score": 0.42514915292095795, "risk_category": "Medium", "vegetation_fraction": 1.0, "mean_dist_to_line_m": 646.297145282261, "ndvi": 0.4582030719043088}, "geometry": {"type": "Point", "coordinates": [80.0010396790112, 26.018848805002026]}}, {"type": "Feature", "id": 392, "properties": {"segment_id": 392, "risk_score": 0.3062574149831202, "risk_category": "Low", "vegetation_fraction": 1.0, "mean_dist_to_line_m": 1154.1230437002807, "ndvi": 0.39524550099977784}, "geometry": {"type": "Point", "coordinates": [80.40061031738756, 25.935934304277794]}}, {"type": "Feature", "id": 393, "properties": {"segment_id": 393, "risk_score": 0.1919053625268856, "risk_category": "Low", "vegetation_fraction": 1.0, "mean_dist_to_line_m": 2214.362210660216, "ndvi": 0.3696612665684831}, "geometry": {"type": "Point", "coordinates": [80.09913570803705, 26.043552475315312]}}, {"type": "Feature", "id": 394, "properties": {"segment_id": 394, "risk_score": 0.14529570964719668, "risk_category": "Low", "vegetation_fraction": 1.0, "mean_dist_to_line_m": 2813.201023745015, "ndvi": 0.3551901543427822}, "geometry": {"type": "Point", "coordinates": [80.33090105133988, 26.005553738797058]}}, {"type": "Feature", "id": 395, "properties": {"segment_id": 395, "risk_score": 0.4465724199560269, "risk_category": "Medium", "vegetation_fraction": 1.0, "mean_dist_to_line_m": 450.0, "ndvi": 0.44836025452765543}, "geometry": {"type": "Point", "coordinates": [80.16453306072094, 26.017501332075845]}}, {"type": "Feature", "id": 396, "properties": {"segment_id": 396, "risk_score": 0.1909745810919628, "risk_category": "Low", "vegetation_fraction": 1.0, "mean_dist_to_line_m": 3098.2091601439693, "ndvi": 0.4236658932714617}, "geometry": {"type": "Point", "coordinates": [80.32847560007276, 25.94716324532929]}}, {"type": "Feature", "id": 397, "properties": {"segment_id": 397, "risk_score": 0.11906163291568242, "risk_category": "Low", "vegetation_fraction": 1.0, "mean_dist_to_line_m": 3376.818028854975, "ndvi": 0.35265901981230446}, "geometry": {"type": "Point", "coordinates": [80.31715682749285, 25.949319202011175]}}, {"type": "Feature", "id": 398, "properties": {"segment_id": 398, "risk_score": 0.28024319449240254, "risk_category": "Low", "vegetation_fraction": 1.0, "mean_dist_to_line_m": 1863.0351580150066, "ndvi": 0.4431045411505083}, "geometry": {"type": "Point", "coordinates": [80.27269022092894, 25.994773955387622]}}, {"type": "Feature", "id": 399, "properties": {"segment_id": 399, "risk_score": 0.33108686783850894, "risk_category": "Low", "vegetation_fraction": 1.0, "mean_dist_to_line_m": 1732.9743217947575, "ndvi": 0.4900692840646651}, "geometry": {"type": "Point", "coordinates": [80.2498730127123, 26.00339778211517]}}, {"type": "Feature", "id": 400, "properties": {"segment_id": 400, "risk_score": 0.17138362899829673, "risk_category": "Low", "vegetation_fraction": 1.0, "mean_dist_to_line_m": 3410.131962256006, "ndvi": 0.4151260504201681}, "geometry": {"type": "Point", "coordinates": [80.34473510671532, 26.00294862447311]}}, {"type": "Feature", "id": 401, "properties": {"segment_id": 401, "risk_score": 0.2275068584833749, "risk_category": "Low", "vegetation_fraction": 1.0, "mean_dist_to_line_m": 3101.1127035307827, "ndvi": 0.4664307045680788}, "geometry": {"type": "Point", "coordinates": [80.32021109945886, 26.017860658189495]}}, {"type": "Feature", "id": 402, "properties": {"segment_id": 402, "risk_score": 0.4737609620002647, "risk_category": "Medium", "vegetation_fraction": 1.0, "mean_dist_to_line_m": 528.1098370604357, "ndvi": 0.4943531520764864}, "geometry": {"type": "Point", "coordinates": [80.27062409577546, 26.008069021592593]}}, {"type": "Feature", "id": 403, "properties": {"segment_id": 403, "risk_score": 0.16314637010365196, "risk_category": "Low", "vegetation_fraction": 1.0, "mean_dist_to_line_m": 3116.0231064611826, "ndvi": 0.39207874384813685}, "geometry": {"type": "Point", "coordinates": [80.41076128009811, 25.96854314909133]}}, {"type": "Feature", "id": 404, "properties": {"segment_id": 404, "risk_score": 0.20476937364905914, "risk_category": "Low", "vegetation_fraction": 1.0, "mean_dist_to_line_m": 2498.039231077046, "ndvi": 0.40506422018348626}, "geometry": {"type": "Point", "coordinates": [79.91120815059924, 26.050379671474623]}}, {"type": "Feature", "id": 405, "properties": {"segment_id": 405, "risk_score": 0.12773635389129254, "risk_category": "Low", "vegetation_fraction": 1.0, "mean_dist_to_line_m": 2320.344801963708, "ndvi": 0.3027574141058529}, "geometry": {"type": "Point", "coordinates": [80.04909954671159, 26.001960477660578]}}, {"type": "Feature", "id": 406, "properties": {"segment_id": 406, "risk_score": 0.30597997413800776, "risk_category": "Low", "vegetation_fraction": 1.0, "mean_dist_to_line_m": 538.5164807134504, "ndvi": 0.30046852719494804}, "geometry": {"type": "Point", "coordinates": [80.39755604542155, 25.949678528124824]}}, {"type": "Feature", "id": 407, "properties": {"segment_id": 407, "risk_score": 0.5150012832653785, "risk_category": "Medium", "vegetation_fraction": 1.0, "mean_dist_to_line_m": 1154.3396380615195, "ndvi": 0.6388083922568679}, "geometry": {"type": "Point", "coordinates": [80.32928408382847, 25.989384063682905]}}, {"type": "Feature", "id": 408, "properties": {"segment_id": 408, "risk_score": 0.08382728579921372, "risk_category": "Low", "vegetation_fraction": 0.0, "mean_dist_to_line_m": 3125.4119728445403, "ndvi": 0.19618882633174534}, "geometry": {"type": "Point", "coordinates": [80.2927226517648, 25.96647702393786]}}, {"type": "Feature", "id": 409, "properties": {"segment_id": 409, "risk_score": 0.30499933913935684, "risk_category": "Low", "vegetation_fraction": 0.0, "mean_dist_to_line_m": 542.3098745182499, "ndvi": 0.2802373345504336}, "geometry": {"type": "Point", "coordinates": [79.94381699541277, 26.035287974701415]}}, {"type": "Feature", "id": 410, "properties": {"segment_id": 410, "risk_score": 0.2802811817683808, "risk_category": "Low", "vegetation_fraction": 1.0, "mean_dist_to_line_m": 3408.2546853191593, "ndvi": 0.5420935412026726}, "geometry": {"type": "Point", "coordinates": [80.33054172522624, 26.011482619672247]}}, {"type": "Feature", "id": 411, "properties": {"segment_id": 411, "risk_score": 0.2970709012538902, "risk_category": "Low", "vegetation_fraction": 1.0, "mean_dist_to_line_m": 991.8165152889924, "ndvi": 0.3623745462310485}, "geometry": {"type": "Point", "coordinates": [79.98783444433464, 26.03501848011618]}}, {"type": "Feature", "id": 412, "properties": {"segment_id": 412, "risk_score": 0.19148568627026977, "risk_category": "Low", "vegetation_fraction": 1.0, "mean_dist_to_line_m": 2027.6587484091103, "ndvi": 0.35408073990751154}, "geometry": {"type": "Point", "coordinates": [80.41237824760952, 25.952553137034005]}}, {"type": "Feature", "id": 413, "properties": {"segment_id": 413, "risk_score": 0.21888194816691037, "risk_category": "Low", "vegetation_fraction": 1.0, "mean_dist_to_line_m": 1579.5252451290546, "ndvi": 0.3435177539223782}, "geometry": {"type": "Point", "coordinates": [80.40635953520592, 25.95452943065907]}}, {"type": "Feature", "id": 414, "properties": {"segment_id": 414, "risk_score": 0.2621159881144337, "risk_category": "Low", "vegetation_fraction": 1.0, "mean_dist_to_line_m": 1030.9219175087899, "ndvi": 0.3270968764864436}, "geometry": {"type": "Point", "coordinates": [80.26460538337186, 26.024777685877215]}}, {"type": "Feature", "id": 415, "properties": {"segment_id": 415, "risk_score": 0.4186658477749998, "risk_category": "Medium", "vegetation_fraction": 1.0, "mean_dist_to_line_m": 798.1227975693967, "ndvi": 0.4753337202553685}, "geometry": {"type": "Point", "coordinates": [80.12330038917986, 26.013728407882546]}}, {"type": "Feature", "id": 416, "properties": {"segment_id": 416, "risk_score": 0.4890429310759433, "risk_category": "Medium", "vegetation_fraction": 1.0, "mean_dist_to_line_m": 302.65491900843114, "ndvi": 0.4694192025102133}, "geometry": {"type": "Point", "coordinates": [80.08027108707054, 26.024148865178333]}}, {"type": "Feature", "id": 417, "properties": {"segment_id": 417, "risk_score": 0.39983812575524247, "risk_category": "Medium", "vegetation_fraction": 1.0, "mean_dist_to_line_m": 1477.3286702694156, "ndvi": 0.543527064105762}, "geometry": {"type": "Point", "coordinates": [80.39881368681932, 25.958661680966017]}}, {"type": "Feature", "id": 418, "properties": {"segment_id": 418, "risk_score": 0.23853610420504803, "risk_category": "Low", "vegetation_fraction": 1.0, "mean_dist_to_line_m": 2221.9135896789508, "ndvi": 0.42464501884350375}, "geometry": {"type": "Point", "coordinates": [80.20387927016539, 26.005823233382294]}}, {"type": "Feature", "id": 419, "properties": {"segment_id": 419, "risk_score": 0.14937569077466437, "risk_category": "Low", "vegetation_fraction": 0.0, "mean_dist_to_line_m": 1970.0, "ndvi": 0.26818607555416796}, "geometry": {"type": "Point", "coordinates": [80.03463667063727, 26.04076769793454]}}, {"type": "Feature", "id": 420, "properties": {"segment_id": 420, "risk_score": 0.261904382294251, "risk_category": "Low", "vegetation_fraction": 1.0, "mean_dist_to_line_m": 3195.3247096343744, "ndvi": 0.5111162308489805}, "geometry": {"type": "Point", "coordinates": [80.31545002845303, 26.021543750854384]}}, {"type": "Feature", "id": 421, "properties": {"segment_id": 421, "risk_score": 0.3883862415823603, "risk_category": "Medium", "vegetation_fraction": 1.0, "mean_dist_to_line_m": 862.670273047588, "ndvi": 0.4499514091350826}, "geometry": {"type": "Point", "coordinates": [80.30862283229372, 25.980221247784886]}}, {"type": "Feature", "id": 422, "properties": {"segment_id": 422, "risk_score": 0.2786025741207317, "risk_category": "Low", "vegetation_fraction": 1.0, "mean_dist_to_line_m": 1730.7223925286225, "ndvi": 0.42861657081463683}, "geometry": {"type": "Point", "coordinates": [80.05350129160378, 26.007260537836885]}}, {"type": "Feature", "id": 423, "properties": {"segment_id": 423, "risk_score": 0.32519648589529015, "risk_category": "Low", "vegetation_fraction": 1.0, "mean_dist_to_line_m": 1815.406290613757, "ndvi": 0.491119314620046}, "geometry": {"type": "Point", "coordinates": [79.9537882950665, 26.04579826352561]}}, {"type": "Feature", "id": 424, "properties": {"segment_id": 424, "risk_score": 0.2734891052156082, "risk_category": "Low", "vegetation_fraction": 1.0, "mean_dist_to_line_m": 2123.605424743495, "ndvi": 0.45768244346001397}, "geometry": {"type": "Point", "coordinates": [79.99672776564742, 26.04436095907102]}}, {"type": "Feature", "id": 425, "properties": {"segment_id": 425, "risk_score": 0.2524903701886658, "risk_category": "Low", "vegetation_fraction": 1.0, "mean_dist_to_line_m": 2127.0872102478543, "ndvi": 0.4334646343551978}, "geometry": {"type": "Point", "coordinates": [80.11656302454897, 25.999804520978692]}}, {"type": "Feature", "id": 426, "properties": {"segment_id": 426, "risk_score": 0.1725453804879971, "risk_category": "Low", "vegetation_fraction": 1.0, "mean_dist_to_line_m": 3390.294972417592, "ndvi": 0.4156359393232205}, "geometry": {"type": "Point", "coordinates": [80.35623354235206, 25.995492607614917]}}, {"type": "Feature", "id": 427, "properties": {"segment_id": 427, "risk_score": 0.22111967796402843, "risk_category": "Low", "vegetation_fraction": 1.0, "mean_dist_to_line_m": 2142.1717951648975, "ndvi": 0.39807604214383874}, "geometry": {"type": "Point", "coordinates": [80.40061031738756, 25.964500730312796]}}, {"type": "Feature", "id": 428, "properties": {"segment_id": 428, "risk_score": 0.27314072973639925, "risk_category": "Low", "vegetation_fraction": 0.0, "mean_dist_to_line_m": 762.954782408499, "ndvi": 0.28279819044466514}, "geometry": {"type": "Point", "coordinates": [80.39450177345554, 25.938359755544916]}}, {"type": "Feature", "id": 429, "properties": {"segment_id": 429, "risk_score": 0.45900395958560103, "risk_category": "Medium", "vegetation_fraction": 1.0, "mean_dist_to_line_m": 886.4536084872124, "ndvi": 0.5359225437341841}, "geometry": {"type": "Point", "coordinates": [80.35901831973283, 25.958571849437607]}}, {"type": "Feature", "id": 430, "properties": {"segment_id": 430, "risk_score": 0.2577029980978218, "risk_category": "Low", "vegetation_fraction": 1.0, "mean_dist_to_line_m": 1517.8932768808222, "ndvi": 0.38217915386433465}, "geometry": {"type": "Point", "coordinates": [80.26918679132088, 25.99917570027981]}}, {"type": "Feature", "id": 431, "properties": {"segment_id": 431, "risk_score": 0.30371424751326137, "risk_category": "Low", "vegetation_fraction": 1.0, "mean_dist_to_line_m": 1584.7397262642216, "ndvi": 0.44304038004750596}, "geometry": {"type": "Point", "coordinates": [80.15842451678894, 26.040857529462954]}}, {"type": "Feature", "id": 432, "properties": {"segment_id": 432, "risk_score": 0.2611825442427474, "risk_category": "Low", "vegetation_fraction": 1.0, "mean_dist_to_line_m": 2070.0, "ndvi": 0.43894065718489456}, "geometry": {"type": "Point", "coordinates": [80.01792800635265, 26.0419355078039]}}, {"type": "Feature", "id": 433, "properties": {"segment_id": 433, "risk_score": 0.53669136895518, "risk_category": "Medium", "vegetation_fraction": 1.0, "mean_dist_to_line_m": 258.0697580112788, "ndvi": 0.5159663865546219}, "geometry": {"type": "Point", "coordinates": [80.3790507505687, 25.96243460515932]}}, {"type": "Feature", "id": 434, "properties": {"segment_id": 434, "risk_score": 0.6293456823758309, "risk_category": "High", "vegetation_fraction": 1.0, "mean_dist_to_line_m": 100.4987562112089, "ndvi": 0.590440251572327}, "geometry": {"type": "Point", "coordinates": [80.35452674331222, 25.968632980619745]}}, {"type": "Feature", "id": 435, "properties": {"segment_id": 435, "risk_score": 0.28912955459851986, "risk_category": "Low", "vegetation_fraction": 1.0, "mean_dist_to_line_m": 2267.3773395709854, "ndvi": 0.4871239991343865}, "geometry": {"type": "Point", "coordinates": [80.30799401159483, 26.016603016791727]}}, {"type": "Feature", "id": 436, "properties": {"segment_id": 436, "risk_score": 0.20610476892636123, "risk_category": "Low", "vegetation_fraction": 1.0, "mean_dist_to_line_m": 1901.578291840754, "ndvi": 0.3601187876670451}, "geometry": {"type": "Point", "coordinates": [79.90896236238895, 26.038971067366305]}}, {"type": "Feature", "id": 437, "properties": {"segment_id": 437, "risk_score": 0.20836594143764858, "risk_category": "Low", "vegetation_fraction": 1.0, "mean_dist_to_line_m": 2047.8769494283586, "ndvi": 0.37547741340708546}, "geometry": {"type": "Point", "coordinates": [79.92719816265657, 26.01354874482572]}}, {"type": "Feature", "id": 438, "properties": {"segment_id": 438, "risk_score": 0.25423539913830273, "risk_category": "Low", "vegetation_fraction": 1.0, "mean_dist_to_line_m": 2184.9713956937744, "ndvi": 0.44009645949797216}, "geometry": {"type": "Point", "coordinates": [80.37222355440939, 25.937461440260797]}}, {"type": "Feature", "id": 439, "properties": {"segment_id": 439, "risk_score": 0.2170792435561353, "risk_category": "Low", "vegetation_fraction": 1.0, "mean_dist_to_line_m": 2522.102297687388, "ndvi": 0.4210263078923677}, "geometry": {"type": "Point", "coordinates": [80.35641320540888, 25.94410897336328]}}, {"type": "Feature", "id": 440, "properties": {"segment_id": 440, "risk_score": 0.4190595833941059, "risk_category": "Medium", "vegetation_fraction": 1.0, "mean_dist_to_line_m": 513.5172830587107, "ndvi": 0.4279105628373169}, "geometry": {"type": "Point", "coordinates": [80.17189924605073, 26.01633352220649]}}, {"type": "Feature", "id": 441, "properties": {"segment_id": 441, "risk_score": 0.2302946234172109, "risk_category": "Low", "vegetation_fraction": 1.0, "mean_dist_to_line_m": 1496.4290828502365, "ndvi": 0.3478454020435362}, "geometry": {"type": "Point", "coordinates": [80.39324413205777, 25.931891885499258]}}, {"type": "Feature", "id": 442, "properties": {"segment_id": 442, "risk_score": 0.3719622372469501, "risk_category": "Medium", "vegetation_fraction": 1.0, "mean_dist_to_line_m": 836.7795408588812, "ndvi": 0.42683996491507853}, "geometry": {"type": "Point", "coordinates": [80.13668528691325, 26.016603016791727]}}, {"type": "Feature", "id": 443, "properties": {"segment_id": 443, "risk_score": 0.5476627834186852, "risk_category": "Medium", "vegetation_fraction": 1.0, "mean_dist_to_line_m": 101.9803902718557, "ndvi": 0.49547218628719275}, "geometry": {"type": "Point", "coordinates": [80.13048691145282, 26.021903076968034]}}, {"type": "Feature", "id": 444, "properties": {"segment_id": 444, "risk_score": 0.23816916104583177, "risk_category": "Low", "vegetation_fraction": 0.0, "mean_dist_to_line_m": 1036.9667304209909, "ndvi": 0.284640171858217}, "geometry": {"type": "Point", "coordinates": [79.99079888477223, 26.01633352220649]}}, {"type": "Feature", "id": 445, "properties": {"segment_id": 445, "risk_score": 0.18602835395966785, "risk_category": "Low", "vegetation_fraction": 1.0, "mean_dist_to_line_m": 2122.4985276791126, "ndvi": 0.35555555555555557}, "geometry": {"type": "Point", "coordinates": [80.19211133994342, 26.04516944282673]}}, {"type": "Feature", "id": 446, "properties": {"segment_id": 446, "risk_score": 0.1593340125225969, "risk_category": "Low", "vegetation_fraction": 0.0, "mean_dist_to_line_m": 1840.9236811991964, "ndvi": 0.2816753926701571}, "geometry": {"type": "Point", "coordinates": [80.2250795108706, 26.04247449697437]}}, {"type": "Feature", "id": 447, "properties": {"segment_id": 447, "risk_score": 0.4717511992622524, "risk_category": "Medium", "vegetation_fraction": 1.0, "mean_dist_to_line_m": 345.2535300326414, "ndvi": 0.45769897860859515}, "geometry": {"type": "Point", "coordinates": [80.22454052170013, 26.022352234610093]}}, {"type": "Feature", "id": 448, "properties": {"segment_id": 448, "risk_score": 0.3723733527658711, "risk_category": "Medium", "vegetation_fraction": 1.0, "mean_dist_to_line_m": 350.5709628591621, "ndvi": 0.3428007889546351}, "geometry": {"type": "Point", "coordinates": [79.9672630243283, 26.024867517405628]}}, {"type": "Feature", "id": 449, "properties": {"segment_id": 449, "risk_score": 0.29169580443678944, "risk_category": "Low", "vegetation_fraction": 1.0, "mean_dist_to_line_m": 1675.0522379914005, "ndvi": 0.4383478436930553}, "geometry": {"type": "Point", "coordinates": [79.9717546007489, 26.01247076648478]}}, {"type": "Feature", "id": 450, "properties": {"segment_id": 450, "risk_score": 0.4993548518832126, "risk_category": "Medium", "vegetation_fraction": 1.0, "mean_dist_to_line_m": 58.309518948453004, "ndvi": 0.42932312843817266}, "geometry": {"type": "Point", "coordinates": [80.3498555038348, 25.969171969790217]}}, {"type": "Feature", "id": 451, "properties": {"segment_id": 451, "risk_score": 0.2156267656830321, "risk_category": "Low", "vegetation_fraction": 1.0, "mean_dist_to_line_m": 2228.1157959136685, "ndvi": 0.3983931947069943}, "geometry": {"type": "Point", "coordinates": [80.33934521501061, 25.994414629273976]}}, {"type": "Feature", "id": 452, "properties": {"segment_id": 452, "risk_score": 0.5114619385463002, "risk_category": "Medium", "vegetation_fraction": 1.0, "mean_dist_to_line_m": 278.92651361962703, "ndvi": 0.490787269681742}, "geometry": {"type": "Point", "coordinates": [80.34778937868133, 25.96647702393786]}}, {"type": "Feature", "id": 453, "properties": {"segment_id": 453, "risk_score": 0.3303129978807694, "risk_category": "Low", "vegetation_fraction": 1.0, "mean_dist_to_line_m": 1229.8373876248843, "ndvi": 0.4330455654059077}, "geometry": {"type": "Point", "coordinates": [80.06544888488257, 26.035916795400297]}}, {"type": "Feature", "id": 454, "properties": {"segment_id": 454, "risk_score": 0.14641785392160617, "risk_category": "Low", "vegetation_fraction": 0.0, "mean_dist_to_line_m": 2010.0, "ndvi": 0.29870718983896577}, "geometry": {"type": "Point", "coordinates": [80.03912824705786, 26.041037192519777]}}, {"type": "Feature", "id": 455, "properties": {"segment_id": 455, "risk_score": 0.08746040653113682, "risk_category": "Low", "vegetation_fraction": 1.0, "mean_dist_to_line_m": 3521.4201680572, "ndvi": 0.32180652854374714}, "geometry": {"type": "Point", "coordinates": [80.2602934700081, 25.98641962324531]}}, {"type": "Feature", "id": 456, "properties": {"segment_id": 456, "risk_score": 0.2584151367941744, "risk_category": "Low", "vegetation_fraction": 1.0, "mean_dist_to_line_m": 2183.048327454067, "ndvi": 0.44482225656877905}, "geometry": {"type": "Point", "coordinates": [80.25679004040002, 26.038162583610596]}}, {"type": "Feature", "id": 457, "properties": {"segment_id": 457, "risk_score": 0.2349548185568447, "risk_category": "Low", "vegetation_fraction": 1.0, "mean_dist_to_line_m": 1930.3885619221846, "ndvi": 0.3963563333811505}, "geometry": {"type": "Point", "coordinates": [79.91507090632096, 26.01813015277473]}}, {"type": "Feature", "id": 458, "properties": {"segment_id": 458, "risk_score": 0.21210976453235936, "risk_category": "Low", "vegetation_fraction": 1.0, "mean_dist_to_line_m": 3500.185709358862, "ndvi": 0.46637441466573676}, "geometry": {"type": "Point", "coordinates": [80.40986296481398, 25.97222624175622]}}, {"type": "Feature", "id": 459, "properties": {"segment_id": 459, "risk_score": 0.32671834152592083, "risk_category": "Low", "vegetation_fraction": 1.0, "mean_dist_to_line_m": 2931.0237119477556, "ndvi": 0.5733901850036879}, "geometry": {"type": "Point", "coordinates": [79.92971344545211, 26.007889358535767]}}, {"type": "Feature", "id": 460, "properties": {"segment_id": 460, "risk_score": 0.467388154175561, "risk_category": "Medium", "vegetation_fraction": 1.0, "mean_dist_to_line_m": 186.81541692269406, "ndvi": 0.420235878336437}, "geometry": {"type": "Point", "coordinates": [80.06248444444498, 26.022531897666916]}}, {"type": "Feature", "id": 461, "properties": {"segment_id": 461, "risk_score": 0.3115474230912582, "risk_category": "Low", "vegetation_fraction": 1.0, "mean_dist_to_line_m": 1383.6184445142383, "ndvi": 0.42982626106051797}, "geometry": {"type": "Point", "coordinates": [79.95729172467458, 26.016513185263314]}}, {"type": "Feature", "id": 462, "properties": {"segment_id": 462, "risk_score": 0.1535312696132043, "risk_category": "Low", "vegetation_fraction": 1.0, "mean_dist_to_line_m": 2080.793118020146, "ndvi": 0.31423969396486634}, "geometry": {"type": "Point", "coordinates": [80.11817999206038, 26.039150730423128]}}, {"type": "Feature", "id": 463, "properties": {"segment_id": 463, "risk_score": 0.25335969770418754, "risk_category": "Low", "vegetation_fraction": 1.0, "mean_dist_to_line_m": 1755.135322418189, "ndvi": 0.40154956561554866}, "geometry": {"type": "Point", "coordinates": [80.06239461291656, 26.040228708764072]}}, {"type": "Feature", "id": 464, "properties": {"segment_id": 464, "risk_score": 0.0919806205198747, "risk_category": "Low", "vegetation_fraction": 1.0, "mean_dist_to_line_m": 3514.3847256667846, "ndvi": 0.32679738562091504}, "geometry": {"type": "Point", "coordinates": [80.32748745326023, 25.946175098516758]}}, {"type": "Feature", "id": 465, "properties": {"segment_id": 465, "risk_score": 0.20027772286551787, "risk_category": "Low", "vegetation_fraction": 1.0, "mean_dist_to_line_m": 2332.38075793812, "ndvi": 0.38826660751913056}, "geometry": {"type": "Point", "coordinates": [80.31275508260067, 25.962704099744556]}}, {"type": "Feature", "id": 466, "properties": {"segment_id": 466, "risk_score": 0.21283259628562978, "risk_category": "Low", "vegetation_fraction": 1.0, "mean_dist_to_line_m": 2314.649001468689, "ndvi": 0.40161921222596203}, "geometry": {"type": "Point", "coordinates": [80.24178817515522, 26.04292365461643]}}, {"type": "Feature", "id": 467, "properties": {"segment_id": 467, "risk_score": 0.15353597699980948, "risk_category": "Low", "vegetation_fraction": 1.0, "mean_dist_to_line_m": 1959.0048494069633, "ndvi": 0.3038929574362645}, "geometry": {"type": "Point", "coordinates": [79.91210646588337, 26.044720285184667]}}, {"type": "Feature", "id": 468, "properties": {"segment_id": 468, "risk_score": 0.468125519764506, "risk_category": "Medium", "vegetation_fraction": 1.0, "mean_dist_to_line_m": 912.1951545584968, "ndvi": 0.5503955090584333}, "geometry": {"type": "Point", "coordinates": [80.12994792228234, 26.01426739705302]}}, {"type": "Feature", "id": 469, "properties": {"segment_id": 469, "risk_score": 0.15631283620292055, "risk_category": "Low", "vegetation_fraction": 1.0, "mean_dist_to_line_m": 2153.4158910902465, "ndvi": 0.3233644859813084}, "geometry": {"type": "Point", "coordinates": [80.1611194626413, 26.002409635302637]}}, {"type": "Feature", "id": 470, "properties": {"segment_id": 470, "risk_score": 0.1963414431875425, "risk_category": "Low", "vegetation_fraction": 1.0, "mean_dist_to_line_m": 2908.0061898145955, "ndvi": 0.420036210018105}, "geometry": {"type": "Point", "coordinates": [79.90914202544577, 26.011572451200657]}}, {"type": "Feature", "id": 471, "properties": {"segment_id": 471, "risk_score": 0.21534394355243947, "risk_category": "Low", "vegetation_fraction": 1.0, "mean_dist_to_line_m": 3226.701101744629, "ndvi": 0.4582657335883963}, "geometry": {"type": "Point", "coordinates": [80.02457553945513, 26.04669657880973]}}, {"type": "Feature", "id": 472, "properties": {"segment_id": 472, "risk_score": 0.16760470109289644, "risk_category": "Low", "vegetation_fraction": 0.0, "mean_dist_to_line_m": 1739.7126199461795, "ndvi": 0.28766437069505324}, "geometry": {"type": "Point", "coordinates": [80.38192535947788, 25.97626866053476]}}, {"type": "Feature", "id": 473, "properties": {"segment_id": 473, "risk_score": 0.22366826651429636, "risk_category": "Low", "vegetation_fraction": 1.0, "mean_dist_to_line_m": 3176.7278762903193, "ndvi": 0.4656252017300368}, "geometry": {"type": "Point", "coordinates": [80.2829310151679, 26.037264268326478]}}, {"type": "Feature", "id": 474, "properties": {"segment_id": 474, "risk_score": 0.2832307748682935, "risk_category": "Low", "vegetation_fraction": 1.0, "mean_dist_to_line_m": 1889.5766721676048, "ndvi": 0.4490137077900368}, "geometry": {"type": "Point", "coordinates": [80.11800032900355, 26.037354099854888]}}, {"type": "Feature", "id": 475, "properties": {"segment_id": 475, "risk_score": 0.29338044456306905, "risk_category": "Low", "vegetation_fraction": 1.0, "mean_dist_to_line_m": 2743.519637254306, "ndvi": 0.5239024390243903}, "geometry": {"type": "Point", "coordinates": [80.2340626637118, 25.99845704805251]}}, {"type": "Feature", "id": 476, "properties": {"segment_id": 476, "risk_score": 0.3982989374994083, "risk_category": "Medium", "vegetation_fraction": 1.0, "mean_dist_to_line_m": 808.9499366462674, "ndvi": 0.4532627865961199}, "geometry": {"type": "Point", "coordinates": [79.9829835418004, 26.03385067024682]}}, {"type": "Feature", "id": 477, "properties": {"segment_id": 477, "risk_score": 0.29034478153967624, "risk_category": "Low", "vegetation_fraction": 1.0, "mean_dist_to_line_m": 1636.7040050051812, "ndvi": 0.43286180631120785}, "geometry": {"type": "Point", "coordinates": [80.34455544365849, 25.984802655733898]}}, {"type": "Feature", "id": 478, "properties": {"segment_id": 478, "risk_score": 0.2755958180228285, "risk_category": "Low", "vegetation_fraction": 1.0, "mean_dist_to_line_m": 771.0382610480494, "ndvi": 0.30414962794127504}, "geometry": {"type": "Point", "coordinates": [80.20935899339851, 26.036276121513946]}}, {"type": "Feature", "id": 479, "properties": {"segment_id": 479, "risk_score": 0.38394933861453, "risk_category": "Medium", "vegetation_fraction": 1.0, "mean_dist_to_line_m": 943.6630754670864, "ndvi": 0.45680688139044223}, "geometry": {"type": "Point", "coordinates": [80.05583691134248, 26.031874376621758]}}, {"type": "Feature", "id": 480, "properties": {"segment_id": 480, "risk_score": 0.32085036397222155, "risk_category": "Low", "vegetation_fraction": 1.0, "mean_dist_to_line_m": 1458.2523787054147, "ndvi": 0.4492379646802678}, "geometry": {"type": "Point", "coordinates": [80.05287247090489, 26.03609645845712]}}, {"type": "Feature", "id": 481, "properties": {"segment_id": 481, "risk_score": 0.2572009501287713, "risk_category": "Low", "vegetation_fraction": 1.0, "mean_dist_to_line_m": 2364.7832881682834, "ndvi": 0.45701357466063347}, "geometry": {"type": "Point", "coordinates": [80.23567963122322, 26.04481011671308]}}, {"type": "Feature", "id": 482, "properties": {"segment_id": 482, "risk_score": 0.24952880083935486, "risk_category": "Low", "vegetation_fraction": 1.0, "mean_dist_to_line_m": 2039.8284241572867, "ndvi": 0.42282485875706216}, "geometry": {"type": "Point", "coordinates": [79.95729172467458, 26.010584304388125]}}, {"type": "Feature", "id": 483, "properties": {"segment_id": 483, "risk_score": 0.24025024211861742, "risk_category": "Low", "vegetation_fraction": 1.0, "mean_dist_to_line_m": 2627.8698597913863, "ndvi": 0.4548704200178731}, "geometry": {"type": "Point", "coordinates": [80.13623612927118, 26.048583040906383]}}, {"type": "Feature", "id": 484, "properties": {"segment_id": 484, "risk_score": 0.20376037533178748, "risk_category": "Low", "vegetation_fraction": 1.0, "mean_dist_to_line_m": 1944.8650338776724, "ndvi": 0.3612448225680063}, "geometry": {"type": "Point", "coordinates": [80.2640663942014, 26.033581175661585]}}, {"type": "Feature", "id": 485, "properties": {"segment_id": 485, "risk_score": 0.2379434569799114, "risk_category": "Low", "vegetation_fraction": 1.0, "mean_dist_to_line_m": 1170.0427342623002, "ndvi": 0.31762351932340754}, "geometry": {"type": "Point", "coordinates": [80.10578324113953, 26.008518179234652]}}, {"type": "Feature", "id": 486, "properties": {"segment_id": 486, "risk_score": 0.20607815043128044, "risk_category": "Low", "vegetation_fraction": 1.0, "mean_dist_to_line_m": 2430.226326908669, "ndvi": 0.4019755037534572}, "geometry": {"type": "Point", "coordinates": [80.09320682716186, 26.046876241866556]}}, {"type": "Feature", "id": 487, "properties": {"segment_id": 487, "risk_score": 0.2745893926245141, "risk_category": "Low", "vegetation_fraction": 1.0, "mean_dist_to_line_m": 1808.7841220001906, "ndvi": 0.431453272951832}, "geometry": {"type": "Point", "coordinates": [80.06508955876892, 26.04112702404819]}}, {"type": "Feature", "id": 488, "properties": {"segment_id": 488, "risk_score": 0.16256192811703113, "risk_category": "Low", "vegetation_fraction": 1.0, "mean_dist_to_line_m": 1887.9883474216676, "ndvi": 0.3080892506722872}, "geometry": {"type": "Point", "coordinates": [80.06077764540514, 26.006811380194826]}}, {"type": "Feature", "id": 489, "properties": {"segment_id": 489, "risk_score": 0.3695335013251482, "risk_category": "Medium", "vegetation_fraction": 1.0, "mean_dist_to_line_m": 1030.4368005850722, "ndvi": 0.45234969808348646}, "geometry": {"type": "Point", "coordinates": [80.16507204989142, 26.012291103427955]}}, {"type": "Feature", "id": 490, "properties": {"segment_id": 490, "risk_score": 0.3472046724594599, "risk_category": "Low", "vegetation_fraction": 1.0, "mean_dist_to_line_m": 635.6099432828282, "ndvi": 0.36545792200175936}, "geometry": {"type": "Point", "coordinates": [80.34734022103927, 25.975011019136993]}}, {"type": "Feature", "id": 491, "properties": {"segment_id": 491, "risk_score": 0.25101473837686056, "risk_category": "Low", "vegetation_fraction": 1.0, "mean_dist_to_line_m": 2153.7177159507232, "ndvi": 0.4338740318573725}, "geometry": {"type": "Point", "coordinates": [80.24376446878028, 26.001151993904873]}}, {"type": "Feature", "id": 492, "properties": {"segment_id": 492, "risk_score": 0.4727755849052241, "risk_category": "Medium", "vegetation_fraction": 1.0, "mean_dist_to_line_m": 662.7216610312357, "ndvi": 0.5165300185136207}, "geometry": {"type": "Point", "coordinates": [80.17971458902257, 26.0148962177519]}}, {"type": "Feature", "id": 493, "properties": {"segment_id": 493, "risk_score": 0.25434617886108546, "risk_category": "Low", "vegetation_fraction": 1.0, "mean_dist_to_line_m": 1892.828571212935, "ndvi": 0.41560975609756096}, "geometry": {"type": "Point", "coordinates": [80.25157981175212, 26.001331656961696]}}, {"type": "Feature", "id": 494, "properties": {"segment_id": 494, "risk_score": 0.5885265659884654, "risk_category": "High", "vegetation_fraction": 1.0, "mean_dist_to_line_m": 130.0, "ndvi": 0.5493161774104214}, "geometry": {"type": "Point", "coordinates": [80.12141392708321, 26.021903076968034]}}, {"type": "Feature", "id": 495, "properties": {"segment_id": 495, "risk_score": 0.512754076170905, "risk_category": "Medium", "vegetation_fraction": 1.0, "mean_dist_to_line_m": 201.24611797498108, "ndvi": 0.47621863647883755}, "geometry": {"type": "Point", "coordinates": [80.09706958288358, 26.0254065065761]}}, {"type": "Feature", "id": 496, "properties": {"segment_id": 496, "risk_score": 0.2306360717997033, "risk_category": "Low", "vegetation_fraction": 1.0, "mean_dist_to_line_m": 2916.0589843142748, "ndvi": 0.46048472075869334}, "geometry": {"type": "Point", "coordinates": [80.30961097910625, 25.958482017909194]}}, {"type": "Feature", "id": 497, "properties": {"segment_id": 497, "risk_score": 0.2056359176052968, "risk_category": "Low", "vegetation_fraction": 1.0, "mean_dist_to_line_m": 2090.861066642162, "ndvi": 0.3758563666430428}, "geometry": {"type": "Point", "coordinates": [79.90599792195135, 26.03196420815017]}}, {"type": "Feature", "id": 498, "properties": {"segment_id": 498, "risk_score": 0.30463151075597195, "risk_category": "Low", "vegetation_fraction": 1.0, "mean_dist_to_line_m": 1767.0880000724355, "ndvi": 0.4625228519195612}, "geometry": {"type": "Point", "coordinates": [80.39324413205777, 25.967285507693564]}}, {"type": "Feature", "id": 499, "properties": {"segment_id": 499, "risk_score": 0.22814770897240982, "risk_category": "Low", "vegetation_fraction": 0.0, "mean_dist_to_line_m": 1122.9425630903836, "ndvi": 0.2598046434005792}, "geometry": {"type": "Point", "coordinates": [80.2213065866773, 26.036725279156006]}}, {"type": "Feature", "id": 500, "properties": {"segment_id": 500, "risk_score": 0.3709824415770141, "risk_category": "Medium", "vegetation_fraction": 1.0, "mean_dist_to_line_m": 1494.0548852033517, "ndvi": 0.5117188852345508}, "geometry": {"type": "Point", "coordinates": [80.00274647805102, 26.038072752082183]}}, {"type": "Feature", "id": 501, "properties": {"segment_id": 501, "risk_score": 0.35020194363476875, "risk_category": "Medium", "vegetation_fraction": 1.0, "mean_dist_to_line_m": 1200.0, "ndvi": 0.45245683739668446}, "geometry": {"type": "Point", "coordinates": [80.02367722417101, 26.034030333303647]}}, {"type": "Feature", "id": 502, "properties": {"segment_id": 502, "risk_score": 0.2880909108647515, "risk_category": "Low", "vegetation_fraction": 1.0, "mean_dist_to_line_m": 1325.0283015845362, "ndvi": 0.3955144179423283}, "geometry": {"type": "Point", "coordinates": [80.09365598480392, 26.011841945785893]}}, {"type": "Feature", "id": 503, "properties": {"segment_id": 503, "risk_score": 0.3618333392529086, "risk_category": "Medium", "vegetation_fraction": 1.0, "mean_dist_to_line_m": 802.3091673413684, "ndvi": 0.40968383816051296}, "geometry": {"type": "Point", "coordinates": [80.06616753710986, 26.032143871206994]}}, {"type": "Feature", "id": 504, "properties": {"segment_id": 504, "risk_score": 0.4163533163513697, "risk_category": "Medium", "vegetation_fraction": 1.0, "mean_dist_to_line_m": 170.0, "ndvi": 0.35710646968925114}, "geometry": {"type": "Point", "coordinates": [80.01496356591505, 26.024867517405628]}}, {"type": "Feature", "id": 505, "properties": {"segment_id": 505, "risk_score": 0.42563057975661667, "risk_category": "Medium", "vegetation_fraction": 1.0, "mean_dist_to_line_m": 381.8376618407357, "ndvi": 0.41100917431192663}, "geometry": {"type": "Point", "coordinates": [80.28850056992944, 26.00986565216083]}}, {"type": "Feature", "id": 506, "properties": {"segment_id": 506, "risk_score": 0.40202822246561387, "risk_category": "Medium", "vegetation_fraction": 1.0, "mean_dist_to_line_m": 312.5699921617557, "ndvi": 0.369885742297975}, "geometry": {"type": "Point", "coordinates": [80.05996916164943, 26.021004761683912]}}, {"type": "Feature", "id": 507, "properties": {"segment_id": 507, "risk_score": 0.2986213194823706, "risk_category": "Low", "vegetation_fraction": 1.0, "mean_dist_to_line_m": 1524.5327152934437, "ndvi": 0.4306412664341293}, "geometry": {"type": "Point", "coordinates": [80.05790303649596, 26.009685989104007]}}, {"type": "Feature", "id": 508, "properties": {"segment_id": 508, "risk_score": 0.3745030794204949, "risk_category": "Medium", "vegetation_fraction": 1.0, "mean_dist_to_line_m": 1582.1820375671064, "ndvi": 0.5253569670113245}, "geometry": {"type": "Point", "coordinates": [80.28005640625872, 25.99333665093303]}}, {"type": "Feature", "id": 509, "properties": {"segment_id": 509, "risk_score": 0.33321611049995625, "risk_category": "Low", "vegetation_fraction": 1.0, "mean_dist_to_line_m": 3465.544690232691, "ndvi": 0.6062484502851475}, "geometry": {"type": "Point", "coordinates": [79.93025243462257, 26.007080874780062]}}, {"type": "Feature", "id": 510, "properties": {"segment_id": 510, "risk_score": 0.2703706988177333, "risk_category": "Low", "vegetation_fraction": 1.0, "mean_dist_to_line_m": 1933.1321734428818, "ndvi": 0.43791854210121856}, "geometry": {"type": "Point", "coordinates": [80.31787547972014, 25.963692246557088]}}, {"type": "Feature", "id": 511, "properties": {"segment_id": 511, "risk_score": 0.3090923664881102, "risk_category": "Low", "vegetation_fraction": 1.0, "mean_dist_to_line_m": 3376.818028854975, "ndvi": 0.5743615423134703}, "geometry": {"type": "Point", "coordinates": [80.14000905346448, 25.997738395825216]}}, {"type": "Feature", "id": 512, "properties": {"segment_id": 512, "risk_score": 0.3639535192398889, "risk_category": "Medium", "vegetation_fraction": 1.0, "mean_dist_to_line_m": 400.24992192379, "ndvi": 0.34258582907231555}, "geometry": {"type": "Point", "coordinates": [80.247627224502, 26.016423353734904]}}, {"type": "Feature", "id": 513, "properties": {"segment_id": 513, "risk_score": 0.21724261671871253, "risk_category": "Low", "vegetation_fraction": 1.0, "mean_dist_to_line_m": 2555.503864211518, "ndvi": 0.42340696270677675}, "geometry": {"type": "Point", "coordinates": [80.19830971540384, 25.999984184035515]}}, {"type": "Feature", "id": 514, "properties": {"segment_id": 514, "risk_score": 0.21766915285833816, "risk_category": "Low", "vegetation_fraction": 1.0, "mean_dist_to_line_m": 3464.823227814083, "ndvi": 0.4714138993495378}, "geometry": {"type": "Point", "coordinates": [80.40132896961485, 25.981478889182654]}}, {"type": "Feature", "id": 515, "properties": {"segment_id": 515, "risk_score": 0.2898209308123299, "risk_category": "Low", "vegetation_fraction": 1.0, "mean_dist_to_line_m": 2553.918557824427, "ndvi": 0.5079785428125212}, "geometry": {"type": "Point", "coordinates": [80.12644449267428, 26.045528768940375]}}, {"type": "Feature", "id": 516, "properties": {"segment_id": 516, "risk_score": 0.4156143747192045, "risk_category": "Medium", "vegetation_fraction": 1.0, "mean_dist_to_line_m": 1866.7619023324855, "ndvi": 0.6013798390187811}, "geometry": {"type": "Point", "coordinates": [80.37545748943221, 25.938359755544916]}}, {"type": "Feature", "id": 517, "properties": {"segment_id": 517, "risk_score": 0.47747560961812896, "risk_category": "Medium", "vegetation_fraction": 1.0, "mean_dist_to_line_m": 781.6009211867653, "ndvi": 0.5413478153542335}, "geometry": {"type": "Point", "coordinates": [79.94300851165707, 26.023340381422624]}}, {"type": "Feature", "id": 518, "properties": {"segment_id": 518, "risk_score": 0.34472764718579285, "risk_category": "Low", "vegetation_fraction": 1.0, "mean_dist_to_line_m": 447.21359549995793, "ndvi": 0.3290218270008084}, "geometry": {"type": "Point", "coordinates": [80.29299214635004, 25.99692991206951]}}, {"type": "Feature", "id": 519, "properties": {"segment_id": 519, "risk_score": 0.2966884093486353, "risk_category": "Low", "vegetation_fraction": 1.0, "mean_dist_to_line_m": 3092.3130501293044, "ndvi": 0.5467059980334317}, "geometry": {"type": "Point", "coordinates": [80.28409882503726, 25.975011019136993]}}, {"type": "Feature", "id": 520, "properties": {"segment_id": 520, "risk_score": 0.23035617743092593, "risk_category": "Low", "vegetation_fraction": 0.0, "mean_dist_to_line_m": 1103.675676999362, "ndvi": 0.2625794634198901}, "geometry": {"type": "Point", "coordinates": [80.10452559974176, 26.009596157575594]}}, {"type": "Feature", "id": 521, "properties": {"segment_id": 521, "risk_score": 0.40708777966241866, "risk_category": "Medium", "vegetation_fraction": 1.0, "mean_dist_to_line_m": 613.9218191268332, "ndvi": 0.43161870903232974}, "geometry": {"type": "Point", "coordinates": [80.36593534742055, 25.970968600358457]}}, {"type": "Feature", "id": 522, "properties": {"segment_id": 522, "risk_score": 0.46486054672653554, "risk_category": "Medium", "vegetation_fraction": 1.0, "mean_dist_to_line_m": 117.04699910719626, "ndvi": 0.4021978021978022}, "geometry": {"type": "Point", "coordinates": [79.94193053331612, 26.031604882036522]}}, {"type": "Feature", "id": 523, "properties": {"segment_id": 523, "risk_score": 0.2827267035422153, "risk_category": "Low", "vegetation_fraction": 1.0, "mean_dist_to_line_m": 2124.335190124195, "ndvi": 0.4685185185185185}, "geometry": {"type": "Point", "coordinates": [80.39908318140455, 25.965399045596914]}}, {"type": "Feature", "id": 524, "properties": {"segment_id": 524, "risk_score": 0.4007000654339461, "risk_category": "Medium", "vegetation_fraction": 1.0, "mean_dist_to_line_m": 370.0, "ndvi": 0.3796347438752784}, "geometry": {"type": "Point", "coordinates": [80.04918937824, 26.026214990331805]}}, {"type": "Feature", "id": 525, "properties": {"segment_id": 525, "risk_score": 0.3634831637209503, "risk_category": "Medium", "vegetation_fraction": 1.0, "mean_dist_to_line_m": 1737.728402253931, "ndvi": 0.5283307810107197}, "geometry": {"type": "Point", "coordinates": [80.38255418017675, 25.975909334421114]}}, {"type": "Feature", "id": 526, "properties": {"segment_id": 526, "risk_score": 0.5184420766464869, "risk_category": "Medium", "vegetation_fraction": 1.0, "mean_dist_to_line_m": 304.138126514911, "ndvi": 0.5040155755658311}, "geometry": {"type": "Point", "coordinates": [80.35138263981781, 25.97114826341528]}}, {"type": "Feature", "id": 527, "properties": {"segment_id": 527, "risk_score": 0.27594368660374036, "risk_category": "Low", "vegetation_fraction": 1.0, "mean_dist_to_line_m": 2108.293148497144, "ndvi": 0.45930576945859497}, "geometry": {"type": "Point", "coordinates": [80.35524539553953, 25.94815139214182]}}, {"type": "Feature", "id": 528, "properties": {"segment_id": 528, "risk_score": 0.36352875570693594, "risk_category": "Medium", "vegetation_fraction": 1.0, "mean_dist_to_line_m": 701.78344238091, "ndvi": 0.39555555555555555}, "geometry": {"type": "Point", "coordinates": [80.1791755998521, 26.02729296867275]}}, {"type": "Feature", "id": 529, "properties": {"segment_id": 529, "risk_score": 0.3073871449967669, "risk_category": "Low", "vegetation_fraction": 1.0, "mean_dist_to_line_m": 2033.7649815059754, "ndvi": 0.4898152714031027}, "geometry": {"type": "Point", "coordinates": [80.08440333737748, 26.04516944282673]}}, {"type": "Feature", "id": 530, "properties": {"segment_id": 530, "risk_score": 0.30571028452579163, "risk_category": "Low", "vegetation_fraction": 1.0, "mean_dist_to_line_m": 2289.8034850178738, "ndvi": 0.5081429112485797}, "geometry": {"type": "Point", "coordinates": [80.10308829528718, 26.043193149201667]}}, {"type": "Feature", "id": 531, "properties": {"segment_id": 531, "risk_score": 0.30180462764961075, "risk_category": "Low", "vegetation_fraction": 1.0, "mean_dist_to_line_m": 1856.906028855526, "ndvi": 0.467695274831244}, "geometry": {"type": "Point", "coordinates": [80.17728913775545, 26.003757108228818]}}, {"type": "Feature", "id": 532, "properties": {"segment_id": 532, "risk_score": 0.23728442756397405, "risk_category": "Low", "vegetation_fraction": 1.0, "mean_dist_to_line_m": 1667.6930173146375, "ndvi": 0.37412338652302063}, "geometry": {"type": "Point", "coordinates": [79.96690369821465, 26.01300975565525]}}, {"type": "Feature", "id": 533, "properties": {"segment_id": 533, "risk_score": 0.2391357558475405, "risk_category": "Low", "vegetation_fraction": 1.0, "mean_dist_to_line_m": 2822.4280327406045, "ndvi": 0.46519641626464503}, "geometry": {"type": "Point", "coordinates": [80.24511194170647, 25.995043449972858]}}, {"type": "Feature", "id": 534, "properties": {"segment_id": 534, "risk_score": 0.385217556289669, "risk_category": "Medium", "vegetation_fraction": 1.0, "mean_dist_to_line_m": 2363.810483097154, "ndvi": 0.6062966829973495}, "geometry": {"type": "Point", "coordinates": [80.14962102700456, 26.00393677128564]}}, {"type": "Feature", "id": 535, "properties": {"segment_id": 535, "risk_score": 0.3096214061587945, "risk_category": "Low", "vegetation_fraction": 1.0, "mean_dist_to_line_m": 875.5569655939013, "ndvi": 0.3600062241067435}, "geometry": {"type": "Point", "coordinates": [80.22202523890459, 26.018040321246318]}}, {"type": "Feature", "id": 536, "properties": {"segment_id": 536, "risk_score": 0.29623618197564233, "risk_category": "Low", "vegetation_fraction": 1.0, "mean_dist_to_line_m": 1072.0074626605917, "ndvi": 0.3725707380928405}, "geometry": {"type": "Point", "coordinates": [80.07380321702487, 26.035737132343474]}}, {"type": "Feature", "id": 537, "properties": {"segment_id": 537, "risk_score": 0.43096028168911615, "risk_category": "Medium", "vegetation_fraction": 1.0, "mean_dist_to_line_m": 89.44271909999159, "ndvi": 0.35653050932929903}, "geometry": {"type": "Point", "coordinates": [79.93663047313983, 26.030257409110344]}}, {"type": "Feature", "id": 538, "properties": {"segment_id": 538, "risk_score": 0.283556306235084, "risk_category": "Low", "vegetation_fraction": 1.0, "mean_dist_to_line_m": 1177.115117564973, "ndvi": 0.37175621570856604}, "geometry": {"type": "Point", "coordinates": [80.05664539509819, 26.0126504295416]}}, {"type": "Feature", "id": 539, "properties": {"segment_id": 539, "risk_score": 0.39285663395273945, "risk_category": "Medium", "vegetation_fraction": 1.0, "mean_dist_to_line_m": 843.4453153583818, "ndvi": 0.4522386401510944}, "geometry": {"type": "Point", "coordinates": [80.0535911231322, 26.03061673522399]}}, {"type": "Feature", "id": 540, "properties": {"segment_id": 540, "risk_score": 0.17625265708165017, "risk_category": "Low", "vegetation_fraction": 1.0, "mean_dist_to_line_m": 2191.4607000811125, "ndvi": 0.3496235961989387}, "geometry": {"type": "Point", "coordinates": [79.91354377033795, 26.01633352220649]}}, {"type": "Feature", "id": 541, "properties": {"segment_id": 541, "risk_score": 0.6187940540703385, "risk_category": "High", "vegetation_fraction": 1.0, "mean_dist_to_line_m": 136.01470508735443, "ndvi": 0.5859413810233483}, "geometry": {"type": "Point", "coordinates": [80.37572698401745, 25.960278648477434]}}, {"type": "Feature", "id": 542, "properties": {"segment_id": 542, "risk_score": 0.38676641513722043, "risk_category": "Medium", "vegetation_fraction": 1.0, "mean_dist_to_line_m": 1147.3883387938017, "ndvi": 0.4882887495200307}, "geometry": {"type": "Point", "coordinates": [80.33790791055601, 25.983814508921366]}}, {"type": "Feature", "id": 543, "properties": {"segment_id": 543, "risk_score": 0.539284836061135, "risk_category": "Medium", "vegetation_fraction": 1.0, "mean_dist_to_line_m": 41.23105625617661, "ndvi": 0.4720210664911126}, "geometry": {"type": "Point", "coordinates": [79.9416610387309, 26.03097606133764]}}, {"type": "Feature", "id": 544, "properties": {"segment_id": 544, "risk_score": 0.308380757792333, "risk_category": "Low", "vegetation_fraction": 1.0, "mean_dist_to_line_m": 1417.603611733548, "ndvi": 0.430068520757759}, "geometry": {"type": "Point", "coordinates": [80.36836079868766, 25.977795796517764]}}, {"type": "Feature", "id": 545, "properties": {"segment_id": 545, "risk_score": 0.35141292507272115, "risk_category": "Medium", "vegetation_fraction": 1.0, "mean_dist_to_line_m": 996.0923651951158, "ndvi": 0.42638054070644804}, "geometry": {"type": "Point", "coordinates": [80.07003029283158, 26.034479490945706]}}, {"type": "Feature", "id": 546, "properties": {"segment_id": 546, "risk_score": 0.22172940533542773, "risk_category": "Low", "vegetation_fraction": 1.0, "mean_dist_to_line_m": 2033.2486321156102, "ndvi": 0.3898376554923044}, "geometry": {"type": "Point", "coordinates": [80.38875255563718, 25.97519068219382]}}, {"type": "Feature", "id": 547, "properties": {"segment_id": 547, "risk_score": 0.24709547809861637, "risk_category": "Low", "vegetation_fraction": 0.0, "mean_dist_to_line_m": 963.3794683301072, "ndvi": 0.23970694458776184}, "geometry": {"type": "Point", "coordinates": [80.40429341005245, 25.946534424630403]}}, {"type": "Feature", "id": 548, "properties": {"segment_id": 548, "risk_score": 0.2102696279737845, "risk_category": "Low", "vegetation_fraction": 1.0, "mean_dist_to_line_m": 2052.924742897313, "ndvi": 0.37812089356110384}, "geometry": {"type": "Point", "coordinates": [79.9469610989072, 26.011482619672247]}}, {"type": "Feature", "id": 549, "properties": {"segment_id": 549, "risk_score": 0.3254389675076383, "risk_category": "Low", "vegetation_fraction": 1.0, "mean_dist_to_line_m": 1622.374802565671, "ndvi": 0.47232472324723246}, "geometry": {"type": "Point", "coordinates": [79.92782698335546, 26.017321669019022]}}, {"type": "Feature", "id": 550, "properties": {"segment_id": 550, "risk_score": 0.22176656856893767, "risk_category": "Low", "vegetation_fraction": 1.0, "mean_dist_to_line_m": 2710.608787708031, "ndvi": 0.43838889520992147}, "geometry": {"type": "Point", "coordinates": [80.2948786084467, 25.969531295903863]}}, {"type": "Feature", "id": 551, "properties": {"segment_id": 551, "risk_score": 0.3505361235834208, "risk_category": "Medium", "vegetation_fraction": 1.0, "mean_dist_to_line_m": 1639.176622576103, "ndvi": 0.5033394049787493}, "geometry": {"type": "Point", "coordinates": [80.31616868068032, 25.96791432839245]}}, {"type": "Feature", "id": 552, "properties": {"segment_id": 552, "risk_score": 0.3576658124570491, "risk_category": "Medium", "vegetation_fraction": 1.0, "mean_dist_to_line_m": 1550.0322577288512, "ndvi": 0.5022851509991935}, "geometry": {"type": "Point", "coordinates": [80.19669274789243, 26.041216855576604]}}, {"type": "Feature", "id": 553, "properties": {"segment_id": 553, "risk_score": 0.384522099115838, "risk_category": "Medium", "vegetation_fraction": 1.0, "mean_dist_to_line_m": 1654.6298679765212, "ndvi": 0.5445723313021891}, "geometry": {"type": "Point", "coordinates": [80.39557975179649, 25.96288376280138]}}, {"type": "Feature", "id": 554, "properties": {"segment_id": 554, "risk_score": 0.2956631210540611, "risk_category": "Low", "vegetation_fraction": 1.0, "mean_dist_to_line_m": 1986.454127333425, "ndvi": 0.4720965309200603}, "geometry": {"type": "Point", "coordinates": [80.16623985976078, 26.003757108228818]}}, {"type": "Feature", "id": 555, "properties": {"segment_id": 555, "risk_score": 0.2088089588459548, "risk_category": "Low", "vegetation_fraction": 1.0, "mean_dist_to_line_m": 1910.0, "ndvi": 0.36403145119555724}, "geometry": {"type": "Point", "coordinates": [80.02241958277324, 26.040408371820895]}}, {"type": "Feature", "id": 556, "properties": {"segment_id": 556, "risk_score": 0.37450684154346836, "risk_category": "Medium", "vegetation_fraction": 1.0, "mean_dist_to_line_m": 910.0, "ndvi": 0.44084893009153986}, "geometry": {"type": "Point", "coordinates": [80.01774834329582, 26.031515050508112]}}, {"type": "Feature", "id": 557, "properties": {"segment_id": 557, "risk_score": 0.3934780550751037, "risk_category": "Medium", "vegetation_fraction": 1.0, "mean_dist_to_line_m": 747.3285756613352, "ndvi": 0.43789403827010287}, "geometry": {"type": "Point", "coordinates": [80.35829966750553, 25.960009153892198]}}, {"type": "Feature", "id": 558, "properties": {"segment_id": 558, "risk_score": 0.22131143391004104, "risk_category": "Low", "vegetation_fraction": 1.0, "mean_dist_to_line_m": 2397.540406333124, "ndvi": 0.41746641074856045}, "geometry": {"type": "Point", "coordinates": [79.96537656223165, 26.04993051383256]}}, {"type": "Feature", "id": 559, "properties": {"segment_id": 559, "risk_score": 0.48724336676462776, "risk_category": "Medium", "vegetation_fraction": 1.0, "mean_dist_to_line_m": 446.5422712353222, "ndvi": 0.49516488966030253}, "geometry": {"type": "Point", "coordinates": [80.28832090687261, 26.01076396744495]}}, {"type": "Feature", "id": 560, "properties": {"segment_id": 560, "risk_score": 0.4821617709047018, "risk_category": "Medium", "vegetation_fraction": 1.0, "mean_dist_to_line_m": 320.1562118716424, "ndvi": 0.46488602348606956}, "geometry": {"type": "Point", "coordinates": [80.24394413183711, 26.018040321246318]}}, {"type": "Feature", "id": 561, "properties": {"segment_id": 561, "risk_score": 0.19935337003661094, "risk_category": "Low", "vegetation_fraction": 1.0, "mean_dist_to_line_m": 3479.425239892359, "ndvi": 0.4506458688764319}, "geometry": {"type": "Point", "coordinates": [79.9402237342763, 26.00609272796753]}}, {"type": "Feature", "id": 562, "properties": {"segment_id": 562, "risk_score": 0.2751068627739174, "risk_category": "Low", "vegetation_fraction": 1.0, "mean_dist_to_line_m": 1752.6266002774237, "ndvi": 0.4266777133388567}, "geometry": {"type": "Point", "coordinates": [80.0063397391875, 26.040049045707246]}}, {"type": "Feature", "id": 563, "properties": {"segment_id": 563, "risk_score": 0.41143257003568645, "risk_category": "Medium", "vegetation_fraction": 1.0, "mean_dist_to_line_m": 645.3681120105022, "ndvi": 0.44204343971631205}, "geometry": {"type": "Point", "coordinates": [80.13677511844165, 26.018399647359967]}}, {"type": "Feature", "id": 564, "properties": {"segment_id": 564, "risk_score": 0.2944384204174737, "risk_category": "Low", "vegetation_fraction": 1.0, "mean_dist_to_line_m": 1529.477034806342, "ndvi": 0.4262988661364021}, "geometry": {"type": "Point", "coordinates": [80.01406525063092, 26.037264268326478]}}, {"type": "Feature", "id": 565, "properties": {"segment_id": 565, "risk_score": 0.3820435621335382, "risk_category": "Medium", "vegetation_fraction": 1.0, "mean_dist_to_line_m": 437.3785545725808, "ndvi": 0.37071751777634127}, "geometry": {"type": "Point", "coordinates": [80.1385717490099, 26.028909936184164]}}, {"type": "Feature", "id": 566, "properties": {"segment_id": 566, "risk_score": 0.4673983309474261, "risk_category": "Medium", "vegetation_fraction": 1.0, "mean_dist_to_line_m": 1011.3851887386921, "ndvi": 0.5638571095026851}, "geometry": {"type": "Point", "coordinates": [80.36234208628407, 25.975370345250642]}}, {"type": "Feature", "id": 567, "properties": {"segment_id": 567, "risk_score": 0.4086653284162908, "risk_category": "Medium", "vegetation_fraction": 1.0, "mean_dist_to_line_m": 1164.1735265844177, "ndvi": 0.5160349854227405}, "geometry": {"type": "Point", "coordinates": [80.21870147235336, 26.037713425968537]}}, {"type": "Feature", "id": 568, "properties": {"segment_id": 568, "risk_score": 0.30300572008163884, "risk_category": "Low", "vegetation_fraction": 1.0, "mean_dist_to_line_m": 2016.7548190099856, "ndvi": 0.4832618025751073}, "geometry": {"type": "Point", "coordinates": [80.10281880070194, 26.04067786640613]}}, {"type": "Feature", "id": 569, "properties": {"segment_id": 569, "risk_score": 0.18527007668468604, "risk_category": "Low", "vegetation_fraction": 1.0, "mean_dist_to_line_m": 2604.400122868988, "ndvi": 0.3892464189329458}, "geometry": {"type": "Point", "coordinates": [80.35183179745987, 25.944378467948518]}}, {"type": "Feature", "id": 570, "properties": {"segment_id": 570, "risk_score": 0.2948725811621977, "risk_category": "Low", "vegetation_fraction": 1.0, "mean_dist_to_line_m": 1270.0, "ndvi": 0.39671478347436534}, "geometry": {"type": "Point", "coordinates": [80.03203155631331, 26.01166228272907]}}, {"type": "Feature", "id": 571, "properties": {"segment_id": 571, "risk_score": 0.22903527664266995, "risk_category": "Low", "vegetation_fraction": 1.0, "mean_dist_to_line_m": 2337.733945512192, "ndvi": 0.422205718529521}, "geometry": {"type": "Point", "coordinates": [80.1438718091862, 26.004475760456113]}}, {"type": "Feature", "id": 572, "properties": {"segment_id": 572, "risk_score": 0.43852329271983037, "risk_category": "Medium", "vegetation_fraction": 1.0, "mean_dist_to_line_m": 2021.9297712828702, "ndvi": 0.6418055724540699}, "geometry": {"type": "Point", "coordinates": [80.3888423871656, 25.975011019136993]}}, {"type": "Feature", "id": 573, "properties": {"segment_id": 573, "risk_score": 0.2945710413627615, "risk_category": "Low", "vegetation_fraction": 1.0, "mean_dist_to_line_m": 785.87530817554, "ndvi": 0.3286331589720264}, "geometry": {"type": "Point", "coordinates": [80.21223360230769, 26.035737132343474]}}, {"type": "Feature", "id": 574, "properties": {"segment_id": 574, "risk_score": 0.2980693843605052, "risk_category": "Low", "vegetation_fraction": 1.0, "mean_dist_to_line_m": 2546.9197081965503, "ndvi": 0.5171455050973123}, "geometry": {"type": "Point", "coordinates": [80.21259292842134, 26.004835086569763]}}, {"type": "Feature", "id": 575, "properties": {"segment_id": 575, "risk_score": 0.2715815738568105, "risk_category": "Low", "vegetation_fraction": 1.0, "mean_dist_to_line_m": 2393.846277437213, "ndvi": 0.475854729280298}, "geometry": {"type": "Point", "coordinates": [80.2010046612562, 26.002589298359464]}}, {"type": "Feature", "id": 576, "properties": {"segment_id": 576, "risk_score": 0.15282556229175473, "risk_category": "Low", "vegetation_fraction": 1.0, "mean_dist_to_line_m": 2756.0116110060203, "ndvi": 0.36065880591428046}, "geometry": {"type": "Point", "coordinates": [80.22166591279095, 26.051188155230328]}}, {"type": "Feature", "id": 577, "properties": {"segment_id": 577, "risk_score": 0.1397671054450592, "risk_category": "Low", "vegetation_fraction": 0.0, "mean_dist_to_line_m": 2102.974084481309, "ndvi": 0.2752091589608102}, "geometry": {"type": "Point", "coordinates": [79.92198793400868, 26.051188155230328]}}, {"type": "Feature", "id": 578, "properties": {"segment_id": 578, "risk_score": 0.3714063558714553, "risk_category": "Medium", "vegetation_fraction": 1.0, "mean_dist_to_line_m": 2333.430950339007, "ndvi": 0.5879930034418552}, "geometry": {"type": "Point", "coordinates": [79.99681759717583, 26.04624742116767]}}, {"type": "Feature", "id": 579, "properties": {"segment_id": 579, "risk_score": 0.1801468682004366, "risk_category": "Low", "vegetation_fraction": 1.0, "mean_dist_to_line_m": 2494.6743274423616, "ndvi": 0.3761126060856965}, "geometry": {"type": "Point", "coordinates": [80.35201146051669, 25.945276783232636]}}, {"type": "Feature", "id": 580, "properties": {"segment_id": 580, "risk_score": 0.26450498657833654, "risk_category": "Low", "vegetation_fraction": 1.0, "mean_dist_to_line_m": 2427.8591392418134, "ndvi": 0.46997618152187537}, "geometry": {"type": "Point", "coordinates": [80.35650303693728, 25.98956372673973]}}, {"type": "Feature", "id": 581, "properties": {"segment_id": 581, "risk_score": 0.13196299969685188, "risk_category": "Low", "vegetation_fraction": 1.0, "mean_dist_to_line_m": 2757.480734293533, "ndvi": 0.33640552995391704}, "geometry": {"type": "Point", "coordinates": [80.28706326547486, 25.976538155119997]}}, {"type": "Feature", "id": 582, "properties": {"segment_id": 582, "risk_score": 0.5020012280316908, "risk_category": "Medium", "vegetation_fraction": 1.0, "mean_dist_to_line_m": 253.17977802344328, "ndvi": 0.4744904582630144}, "geometry": {"type": "Point", "coordinates": [80.06832349379175, 26.022801392252152]}}, {"type": "Feature", "id": 583, "properties": {"segment_id": 583, "risk_score": 0.4849471049124917, "risk_category": "Medium", "vegetation_fraction": 1.0, "mean_dist_to_line_m": 465.72524088780074, "ndvi": 0.49604916593503073}, "geometry": {"type": "Point", "coordinates": [80.12806146018569, 26.017950489717908]}}, {"type": "Feature", "id": 584, "properties": {"segment_id": 584, "risk_score": 0.20208215971693178, "risk_category": "Low", "vegetation_fraction": 1.0, "mean_dist_to_line_m": 2601.61488310626, "ndvi": 0.40868366643694004}, "geometry": {"type": "Point", "coordinates": [80.37554732096062, 25.986689117830547]}}, {"type": "Feature", "id": 585, "properties": {"segment_id": 585, "risk_score": 0.2360541659211452, "risk_category": "Low", "vegetation_fraction": 1.0, "mean_dist_to_line_m": 1860.0, "ndvi": 0.3912714620679222}, "geometry": {"type": "Point", "coordinates": [80.04469780181941, 26.00618255949594]}}, {"type": "Feature", "id": 586, "properties": {"segment_id": 586, "risk_score": 0.23591759360061743, "risk_category": "Low", "vegetation_fraction": 1.0, "mean_dist_to_line_m": 1426.8847185389575, "ndvi": 0.3465916700147314}, "geometry": {"type": "Point", "coordinates": [80.01226862006268, 26.01067413591654]}}, {"type": "Feature", "id": 587, "properties": {"segment_id": 587, "risk_score": 0.43041158345638, "risk_category": "Medium", "vegetation_fraction": 1.0, "mean_dist_to_line_m": 1608.22883943797, "ndvi": 0.5933209647495362}, "geometry": {"type": "Point", "coordinates": [80.35713185763618, 25.981928046824713]}}, {"type": "Feature", "id": 588, "properties": {"segment_id": 588, "risk_score": 0.17674868199664595, "risk_category": "Low", "vegetation_fraction": 1.0, "mean_dist_to_line_m": 2435.2617929085163, "ndvi": 0.36810592976396084}, "geometry": {"type": "Point", "coordinates": [80.35551489012475, 25.945097120175813]}}, {"type": "Feature", "id": 589, "properties": {"segment_id": 589, "risk_score": 0.33384703066316723, "risk_category": "Low", "vegetation_fraction": 1.0, "mean_dist_to_line_m": 1623.3915116200405, "ndvi": 0.48223951285520966}, "geometry": {"type": "Point", "coordinates": [79.91821500981537, 26.019477625700908]}}, {"type": "Feature", "id": 590, "properties": {"segment_id": 590, "risk_score": 0.517996973414983, "risk_category": "Medium", "vegetation_fraction": 1.0, "mean_dist_to_line_m": 317.6476034853718, "ndvi": 0.5061946902654867}, "geometry": {"type": "Point", "coordinates": [80.29478877691828, 25.997289238183157]}}, {"type": "Feature", "id": 591, "properties": {"segment_id": 591, "risk_score": 0.2887281150941518, "risk_category": "Low", "vegetation_fraction": 1.0, "mean_dist_to_line_m": 1627.4212730574711, "ndvi": 0.4300179390073749}, "geometry": {"type": "Point", "coordinates": [80.21313191759181, 26.013189418712074]}}, {"type": "Feature", "id": 592, "properties": {"segment_id": 592, "risk_score": 0.2851725875608901, "risk_category": "Low", "vegetation_fraction": 1.0, "mean_dist_to_line_m": 2132.135080148535, "ndvi": 0.472}, "geometry": {"type": "Point", "coordinates": [80.10183065388941, 26.042115170860722]}}, {"type": "Feature", "id": 593, "properties": {"segment_id": 593, "risk_score": 0.5281174249269937, "risk_category": "Medium", "vegetation_fraction": 1.0, "mean_dist_to_line_m": 470.7440918375928, "ndvi": 0.5473411670981877}, "geometry": {"type": "Point", "coordinates": [80.23244569620039, 26.02810145242846]}}, {"type": "Feature", "id": 594, "properties": {"segment_id": 594, "risk_score": 0.30903299225494263, "risk_category": "Low", "vegetation_fraction": 1.0, "mean_dist_to_line_m": 1554.6382215808283, "ndvi": 0.44604141291108407}, "geometry": {"type": "Point", "coordinates": [80.17980442055098, 26.034928648587766]}}, {"type": "Feature", "id": 595, "properties": {"segment_id": 595, "risk_score": 0.22793363833069227, "risk_category": "Low", "vegetation_fraction": 1.0, "mean_dist_to_line_m": 1131.1056537742174, "ndvi": 0.3008344312692139}, "geometry": {"type": "Point", "coordinates": [80.03661296426233, 26.012830092598424]}}, {"type": "Feature", "id": 596, "properties": {"segment_id": 596, "risk_score": 0.26312670125323234, "risk_category": "Low", "vegetation_fraction": 1.0, "mean_dist_to_line_m": 3156.35866149587, "ndvi": 0.5106842737094838}, "geometry": {"type": "Point", "coordinates": [80.36072511877265, 25.93665295650509]}}, {"type": "Feature", "id": 597, "properties": {"segment_id": 597, "risk_score": 0.3058388674001175, "risk_category": "Low", "vegetation_fraction": 1.0, "mean_dist_to_line_m": 3252.1377584598104, "ndvi": 0.5650180659699289}, "geometry": {"type": "Point", "coordinates": [80.19552493802307, 25.99818755346728]}}, {"type": "Feature", "id": 598, "properties": {"segment_id": 598, "risk_score": 0.3492762462174561, "risk_category": "Low", "vegetation_fraction": 1.0, "mean_dist_to_line_m": 1986.4037857394453, "ndvi": 0.5346408262736452}, "geometry": {"type": "Point", "coordinates": [80.09895604498023, 26.04148635016184]}}, {"type": "Feature", "id": 599, "properties": {"segment_id": 599, "risk_score": 0.37825283499513895, "risk_category": "Medium", "vegetation_fraction": 0.0, "mean_dist_to_line_m": 111.80339887498948, "ndvi": -0.23576722914366813}, "geometry": {"type": "Point", "coordinates": [80.10192048541782, 26.020106446399794]}}, {"type": "Feature", "id": 600, "properties": {"segment_id": 600, "risk_score": 0.4181876582042582, "risk_category": "Medium", "vegetation_fraction": 1.0, "mean_dist_to_line_m": 1033.9245620450265, "ndvi": 0.5095986038394416}, "geometry": {"type": "Point", "coordinates": [79.96627487751577, 26.03753376291171]}}, {"type": "Feature", "id": 601, "properties": {"segment_id": 601, "risk_score": 0.23678435833605765, "risk_category": "Low", "vegetation_fraction": 1.0, "mean_dist_to_line_m": 2982.0295102496893, "ndvi": 0.4711811837684156}, "geometry": {"type": "Point", "coordinates": [80.17073143618137, 26.04894236702003]}}, {"type": "Feature", "id": 602, "properties": {"segment_id": 602, "risk_score": 0.329632091655338, "risk_category": "Low", "vegetation_fraction": 1.0, "mean_dist_to_line_m": 1133.5784048754633, "ndvi": 0.41981017279143346}, "geometry": {"type": "Point", "coordinates": [80.24241699585411, 26.031874376621758]}}, {"type": "Feature", "id": 603, "properties": {"segment_id": 603, "risk_score": 0.1712823026416184, "risk_category": "Low", "vegetation_fraction": 1.0, "mean_dist_to_line_m": 2040.0, "ndvi": 0.3315517143344516}, "geometry": {"type": "Point", "coordinates": [79.92504220597468, 26.050828829116682]}}, {"type": "Feature", "id": 604, "properties": {"segment_id": 604, "risk_score": 0.32908659158433295, "risk_category": "Low", "vegetation_fraction": 1.0, "mean_dist_to_line_m": 1438.3671297690307, "ndvi": 0.4565977742448331}, "geometry": {"type": "Point", "coordinates": [80.20989798256899, 26.01570470150761]}}, {"type": "Feature", "id": 605, "properties": {"segment_id": 605, "risk_score": 0.29591507038416737, "risk_category": "Low", "vegetation_fraction": 1.0, "mean_dist_to_line_m": 1502.165104108067, "ndvi": 0.425035030359645}, "geometry": {"type": "Point", "coordinates": [80.26074262765015, 26.00205030918899]}}, {"type": "Feature", "id": 606, "properties": {"segment_id": 606, "risk_score": 0.4755488732436917, "risk_category": "Medium", "vegetation_fraction": 1.0, "mean_dist_to_line_m": 10.0, "ndvi": 0.3904678618277219}, "geometry": {"type": "Point", "coordinates": [80.3370095952719, 25.97222624175622]}}, {"type": "Feature", "id": 607, "properties": {"segment_id": 607, "risk_score": 0.3026382002547776, "risk_category": "Low", "vegetation_fraction": 0.0, "mean_dist_to_line_m": 557.8530272392541, "ndvi": 0.29880843263061413}, "geometry": {"type": "Point", "coordinates": [79.91992180885521, 26.03376083871841]}}, {"type": "Feature", "id": 608, "properties": {"segment_id": 608, "risk_score": 0.370483012954966, "risk_category": "Medium", "vegetation_fraction": 1.0, "mean_dist_to_line_m": 763.6753236814714, "ndvi": 0.41368078175895767}, "geometry": {"type": "Point", "coordinates": [80.30098715237871, 25.988126422285138]}}, {"type": "Feature", "id": 609, "properties": {"segment_id": 609, "risk_score": 0.32921868312603053, "risk_category": "Low", "vegetation_fraction": 1.0, "mean_dist_to_line_m": 1430.9786860746738, "ndvi": 0.45591049609892537}, "geometry": {"type": "Point", "coordinates": [80.23891356624604, 26.00896733687671]}}, {"type": "Feature", "id": 610, "properties": {"segment_id": 610, "risk_score": 0.27887977785815693, "risk_category": "Low", "vegetation_fraction": 1.0, "mean_dist_to_line_m": 2643.1988196123275, "ndvi": 0.5008958280010238}, "geometry": {"type": "Point", "coordinates": [80.40420357852403, 25.967644833807213]}}, {"type": "Feature", "id": 611, "properties": {"segment_id": 611, "risk_score": 0.38006526406811947, "risk_category": "Medium", "vegetation_fraction": 1.0, "mean_dist_to_line_m": 1149.4781424629177, "ndvi": 0.48074534161490684}, "geometry": {"type": "Point", "coordinates": [80.29802271194112, 26.010584304388125]}}, {"type": "Feature", "id": 612, "properties": {"segment_id": 612, "risk_score": 0.35625294992258016, "risk_category": "Medium", "vegetation_fraction": 1.0, "mean_dist_to_line_m": 1086.830253535482, "ndvi": 0.4446064139941691}, "geometry": {"type": "Point", "coordinates": [80.3979153715352, 25.935574978164148]}}, {"type": "Feature", "id": 613, "properties": {"segment_id": 613, "risk_score": 0.5038137559131053, "risk_category": "Medium", "vegetation_fraction": 1.0, "mean_dist_to_line_m": 1661.7159805454119, "ndvi": 0.6844675655589766}, "geometry": {"type": "Point", "coordinates": [80.29766338582746, 25.97995175319965]}}, {"type": "Feature", "id": 614, "properties": {"segment_id": 614, "risk_score": 0.2700980215193928, "risk_category": "Low", "vegetation_fraction": 1.0, "mean_dist_to_line_m": 2206.0145058453263, "ndvi": 0.4602409638554216}, "geometry": {"type": "Point", "coordinates": [80.14800405949315, 26.006721548666413]}}, {"type": "Feature", "id": 615, "properties": {"segment_id": 615, "risk_score": 0.23333263060968215, "risk_category": "Low", "vegetation_fraction": 1.0, "mean_dist_to_line_m": 1637.1316379570703, "ndvi": 0.3663916447249854}, "geometry": {"type": "Point", "coordinates": [80.20432842780744, 26.043732138372135]}}, {"type": "Feature", "id": 616, "properties": {"segment_id": 616, "risk_score": 0.2884089365858007, "risk_category": "Low", "vegetation_fraction": 1.0, "mean_dist_to_line_m": 3310.422933704997, "ndvi": 0.5473196558570483}, "geometry": {"type": "Point", "coordinates": [80.41435454123459, 25.968093991449273]}}, {"type": "Feature", "id": 617, "properties": {"segment_id": 617, "risk_score": 0.6162935603080719, "risk_category": "High", "vegetation_fraction": 1.0, "mean_dist_to_line_m": 181.10770276274835, "ndvi": 0.592744086786413}, "geometry": {"type": "Point", "coordinates": [80.34671140034038, 25.970968600358457]}}, {"type": "Feature", "id": 618, "properties": {"segment_id": 618, "risk_score": 0.24057934392009245, "risk_category": "Low", "vegetation_fraction": 1.0, "mean_dist_to_line_m": 2195.358740616212, "ndvi": 0.4249751573368666}, "geometry": {"type": "Point", "coordinates": [80.25921549166715, 26.03753376291171]}}, {"type": "Feature", "id": 619, "properties": {"segment_id": 619, "risk_score": 0.2751121134692286, "risk_category": "Low", "vegetation_fraction": 1.0, "mean_dist_to_line_m": 1994.041122946064, "ndvi": 0.4487747957992999}, "geometry": {"type": "Point", "coordinates": [80.31850430041904, 26.005643570325468]}}, {"type": "Feature", "id": 620, "properties": {"segment_id": 620, "risk_score": 0.2508770887326711, "risk_category": "Low", "vegetation_fraction": 1.0, "mean_dist_to_line_m": 2601.61488310626, "ndvi": 0.46561108362196935}, "geometry": {"type": "Point", "coordinates": [80.11898847581608, 25.99603159678539]}}, {"type": "Feature", "id": 621, "properties": {"segment_id": 621, "risk_score": 0.32704331288494115, "risk_category": "Low", "vegetation_fraction": 1.0, "mean_dist_to_line_m": 1830.0, "ndvi": 0.4946427728567159}, "geometry": {"type": "Point", "coordinates": [80.03328919771108, 26.039510056536777]}}, {"type": "Feature", "id": 622, "properties": {"segment_id": 622, "risk_score": 0.47178304151489703, "risk_category": "Medium", "vegetation_fraction": 1.0, "mean_dist_to_line_m": 1001.2492197250392, "ndvi": 0.5675426463808206}, "geometry": {"type": "Point", "coordinates": [80.29496843997511, 26.01121312508701]}}, {"type": "Feature", "id": 623, "properties": {"segment_id": 623, "risk_score": 0.3940447758412251, "risk_category": "Medium", "vegetation_fraction": 0.0, "mean_dist_to_line_m": 30.0, "ndvi": 0.25033229951262737}, "geometry": {"type": "Point", "coordinates": [80.23415249524021, 26.02360987600786]}}, {"type": "Feature", "id": 624, "properties": {"segment_id": 624, "risk_score": 0.4211168320310651, "risk_category": "Medium", "vegetation_fraction": 1.0, "mean_dist_to_line_m": 740.9453421137082, "ndvi": 0.46911260912808045}, "geometry": {"type": "Point", "coordinates": [80.37222355440939, 25.956056566642072]}}, {"type": "Feature", "id": 625, "properties": {"segment_id": 625, "risk_score": 0.15307239640625503, "risk_category": "Low", "vegetation_fraction": 1.0, "mean_dist_to_line_m": 1965.7314160383153, "ndvi": 0.3039404794709286}, "geometry": {"type": "Point", "coordinates": [80.01307710381839, 26.00573340185388]}}, {"type": "Feature", "id": 626, "properties": {"segment_id": 626, "risk_score": 0.5167153766611192, "risk_category": "Medium", "vegetation_fraction": 1.0, "mean_dist_to_line_m": 140.0, "ndvi": 0.46771749014852976}, "geometry": {"type": "Point", "coordinates": [79.93582198938412, 26.03241336579223]}}, {"type": "Feature", "id": 627, "properties": {"segment_id": 627, "risk_score": 0.4162920844293245, "risk_category": "Medium", "vegetation_fraction": 1.0, "mean_dist_to_line_m": 1298.6531484580476, "ndvi": 0.5418886198547216}, "geometry": {"type": "Point", "coordinates": [80.31545002845303, 25.97195674717099]}}, {"type": "Feature", "id": 628, "properties": {"segment_id": 628, "risk_score": 0.30743390636225004, "risk_category": "Low", "vegetation_fraction": 1.0, "mean_dist_to_line_m": 1303.1116606031887, "ndvi": 0.41543026706231456}, "geometry": {"type": "Point", "coordinates": [79.97759365009567, 26.01525554386555]}}, {"type": "Feature", "id": 629, "properties": {"segment_id": 629, "risk_score": 0.24110444021238164, "risk_category": "Low", "vegetation_fraction": 1.0, "mean_dist_to_line_m": 1658.5535867134352, "ndvi": 0.37765162832387206}, "geometry": {"type": "Point", "coordinates": [80.19067403548883, 26.0396897195936]}}, {"type": "Feature", "id": 630, "properties": {"segment_id": 630, "risk_score": 0.4547150845025105, "risk_category": "Medium", "vegetation_fraction": 1.0, "mean_dist_to_line_m": 20.0, "ndvi": 0.36847767616998384}, "geometry": {"type": "Point", "coordinates": [79.95711206161775, 26.029269262297813]}}, {"type": "Feature", "id": 631, "properties": {"segment_id": 631, "risk_score": 0.32809648270675523, "risk_category": "Low", "vegetation_fraction": 1.0, "mean_dist_to_line_m": 2286.1539755668255, "ndvi": 0.5339888841385207}, "geometry": {"type": "Point", "coordinates": [80.40609004062068, 25.96288376280138]}}, {"type": "Feature", "id": 632, "properties": {"segment_id": 632, "risk_score": 0.31599799549090724, "risk_category": "Low", "vegetation_fraction": 1.0, "mean_dist_to_line_m": 2372.172000509238, "ndvi": 0.526137645731478}, "geometry": {"type": "Point", "coordinates": [79.9867564659937, 26.04759489409385]}}, {"type": "Feature", "id": 633, "properties": {"segment_id": 633, "risk_score": 0.15131013685931696, "risk_category": "Low", "vegetation_fraction": 1.0, "mean_dist_to_line_m": 2441.3111231467406, "ndvi": 0.3388447048974466}, "geometry": {"type": "Point", "coordinates": [80.36449804296595, 25.94231234279504]}}, {"type": "Feature", "id": 634, "properties": {"segment_id": 634, "risk_score": 0.3246128729121872, "risk_category": "Low", "vegetation_fraction": 1.0, "mean_dist_to_line_m": 1581.4234094637652, "ndvi": 0.4670714619336759}, "geometry": {"type": "Point", "coordinates": [80.12168342166845, 26.00609272796753]}}, {"type": "Feature", "id": 635, "properties": {"segment_id": 635, "risk_score": 0.48021178433659667, "risk_category": "Medium", "vegetation_fraction": 1.0, "mean_dist_to_line_m": 1908.9525923919641, "ndvi": 0.6805740100983259}, "geometry": {"type": "Point", "coordinates": [80.40438324158086, 25.93027491798784]}}, {"type": "Feature", "id": 636, "properties": {"segment_id": 636, "risk_score": 0.2587122470086866, "risk_category": "Low", "vegetation_fraction": 1.0, "mean_dist_to_line_m": 1533.7535656030275, "ndvi": 0.38508229251780085}, "geometry": {"type": "Point", "coordinates": [80.3498555038348, 25.95452943065907]}}, {"type": "Feature", "id": 637, "properties": {"segment_id": 637, "risk_score": 0.22514652618321634, "risk_category": "Low", "vegetation_fraction": 1.0, "mean_dist_to_line_m": 2053.411795037712, "ndvi": 0.3955179858661413}, "geometry": {"type": "Point", "coordinates": [80.19965718833002, 26.046516915752907]}}, {"type": "Feature", "id": 638, "properties": {"segment_id": 638, "risk_score": 0.4666256847121795, "risk_category": "Medium", "vegetation_fraction": 1.0, "mean_dist_to_line_m": 449.22154890432404, "ndvi": 0.4716106604866744}, "geometry": {"type": "Point", "coordinates": [80.26011380695127, 26.012201271899542]}}, {"type": "Feature", "id": 639, "properties": {"segment_id": 639, "risk_score": 0.5504217203249564, "risk_category": "High", "vegetation_fraction": 1.0, "mean_dist_to_line_m": 219.3171219946131, "ndvi": 0.5239599789362822}, "geometry": {"type": "Point", "coordinates": [80.15932283207306, 26.020735267098676]}}, {"type": "Feature", "id": 640, "properties": {"segment_id": 640, "risk_score": 0.22730256536904522, "risk_category": "Low", "vegetation_fraction": 1.0, "mean_dist_to_line_m": 3012.042496380155, "ndvi": 0.4616840113528855}, "geometry": {"type": "Point", "coordinates": [80.27655297665065, 26.038521909724242]}}, {"type": "Feature", "id": 641, "properties": {"segment_id": 641, "risk_score": 0.36748779516981067, "risk_category": "Medium", "vegetation_fraction": 1.0, "mean_dist_to_line_m": 2992.607558635111, "ndvi": 0.6242227629088943}, "geometry": {"type": "Point", "coordinates": [80.32847560007276, 26.008697842291475]}}, {"type": "Feature", "id": 642, "properties": {"segment_id": 642, "risk_score": 0.38432909155895206, "risk_category": "Medium", "vegetation_fraction": 1.0, "mean_dist_to_line_m": 3125.0759990758625, "ndvi": 0.6505690098077092}, "geometry": {"type": "Point", "coordinates": [79.90366230221264, 26.051008492173505]}}, {"type": "Feature", "id": 643, "properties": {"segment_id": 643, "risk_score": 0.22612080348895577, "risk_category": "Low", "vegetation_fraction": 1.0, "mean_dist_to_line_m": 2194.288039433292, "ndvi": 0.4080234833659491}, "geometry": {"type": "Point", "coordinates": [79.97346139978873, 26.00761986395053]}}, {"type": "Feature", "id": 644, "properties": {"segment_id": 644, "risk_score": 0.36423162555223493, "risk_category": "Medium", "vegetation_fraction": 1.0, "mean_dist_to_line_m": 424.26406871192853, "ndvi": 0.3474698795180723}, "geometry": {"type": "Point", "coordinates": [79.94660177279356, 26.026214990331805]}}, {"type": "Feature", "id": 645, "properties": {"segment_id": 645, "risk_score": 0.22951916523386928, "risk_category": "Low", "vegetation_fraction": 1.0, "mean_dist_to_line_m": 2826.46422231027, "ndvi": 0.4542064786762992}, "geometry": {"type": "Point", "coordinates": [80.37402018497762, 25.928298624362778]}}, {"type": "Feature", "id": 646, "properties": {"segment_id": 646, "risk_score": 0.46675153046658135, "risk_category": "Medium", "vegetation_fraction": 1.0, "mean_dist_to_line_m": 1867.0297265978386, "ndvi": 0.6610644257703081}, "geometry": {"type": "Point", "coordinates": [80.1731568874485, 26.03789308902536]}}, {"type": "Feature", "id": 647, "properties": {"segment_id": 647, "risk_score": 0.25985800874800363, "risk_category": "Low", "vegetation_fraction": 1.0, "mean_dist_to_line_m": 1031.6006979447038, "ndvi": 0.3245571409639087}, "geometry": {"type": "Point", "coordinates": [80.14378197765778, 26.035737132343474]}}, {"type": "Feature", "id": 648, "properties": {"segment_id": 648, "risk_score": 0.2778334247958545, "risk_category": "Low", "vegetation_fraction": 1.0, "mean_dist_to_line_m": 2751.817581163403, "ndvi": 0.5062543653565306}, "geometry": {"type": "Point", "coordinates": [80.128780112413, 25.99746890123998]}}, {"type": "Feature", "id": 649, "properties": {"segment_id": 649, "risk_score": 0.0986387855766426, "risk_category": "Low", "vegetation_fraction": 0.0, "mean_dist_to_line_m": 2800.0, "ndvi": 0.27549824150058616}, "geometry": {"type": "Point", "coordinates": [80.29550742914557, 25.968004159920863]}}, {"type": "Feature", "id": 650, "properties": {"segment_id": 650, "risk_score": 0.34586800259507955, "risk_category": "Low", "vegetation_fraction": 1.0, "mean_dist_to_line_m": 388.329756778952, "ndvi": 0.3192023507260434}, "geometry": {"type": "Point", "coordinates": [80.06446073807004, 26.021004761683912]}}, {"type": "Feature", "id": 651, "properties": {"segment_id": 651, "risk_score": 0.30050600997165533, "risk_category": "Low", "vegetation_fraction": 1.0, "mean_dist_to_line_m": 1922.1342304844372, "ndvi": 0.4720975722011276}, "geometry": {"type": "Point", "coordinates": [80.30646687561183, 25.97033977965957]}}, {"type": "Feature", "id": 652, "properties": {"segment_id": 652, "risk_score": 0.4097908747968627, "risk_category": "Medium", "vegetation_fraction": 1.0, "mean_dist_to_line_m": 497.3932046178355, "ndvi": 0.4141749723145072}, "geometry": {"type": "Point", "coordinates": [80.32407385518057, 25.985700971018016]}}, {"type": "Feature", "id": 653, "properties": {"segment_id": 653, "risk_score": 0.32723023148666036, "risk_category": "Low", "vegetation_fraction": 1.0, "mean_dist_to_line_m": 1390.0359707575917, "ndvi": 0.4488713831237691}, "geometry": {"type": "Point", "coordinates": [80.18133155653398, 26.00833851617783]}}, {"type": "Feature", "id": 654, "properties": {"segment_id": 654, "risk_score": 0.3305474675466691, "risk_category": "Low", "vegetation_fraction": 1.0, "mean_dist_to_line_m": 1487.1785366928882, "ndvi": 0.4637832810138356}, "geometry": {"type": "Point", "coordinates": [80.38237451711993, 25.937281777203975]}}, {"type": "Feature", "id": 655, "properties": {"segment_id": 655, "risk_score": 0.5303262789250334, "risk_category": "Medium", "vegetation_fraction": 1.0, "mean_dist_to_line_m": 41.23105625617661, "ndvi": 0.46156941649899397}, "geometry": {"type": "Point", "coordinates": [80.38309316934723, 25.95470909371589]}}, {"type": "Feature", "id": 656, "properties": {"segment_id": 656, "risk_score": 0.41450223887831367, "risk_category": "Medium", "vegetation_fraction": 1.0, "mean_dist_to_line_m": 974.1663102366043, "ndvi": 0.49685850716260366}, "geometry": {"type": "Point", "coordinates": [79.98927174878924, 26.017052174433786]}}, {"type": "Feature", "id": 657, "properties": {"segment_id": 657, "risk_score": 0.34199725538905107, "risk_category": "Low", "vegetation_fraction": 1.0, "mean_dist_to_line_m": 1262.4579200908045, "ndvi": 0.45075921908893707}, "geometry": {"type": "Point", "coordinates": [80.29263282023639, 26.01669284832014]}}, {"type": "Feature", "id": 658, "properties": {"segment_id": 658, "risk_score": 0.1792935934540944, "risk_category": "Low", "vegetation_fraction": 1.0, "mean_dist_to_line_m": 2122.4985276791126, "ndvi": 0.3476983349657199}, "geometry": {"type": "Point", "coordinates": [80.39782554000679, 25.926142667680892]}}, {"type": "Feature", "id": 659, "properties": {"segment_id": 659, "risk_score": 0.4136768639903079, "risk_category": "Medium", "vegetation_fraction": 1.0, "mean_dist_to_line_m": 1267.517258265149, "ndvi": 0.5350125944584383}, "geometry": {"type": "Point", "coordinates": [80.17261789827802, 26.00932666299036]}}, {"type": "Feature", "id": 660, "properties": {"segment_id": 660, "risk_score": 0.39608185827600634, "risk_category": "Medium", "vegetation_fraction": 1.0, "mean_dist_to_line_m": 590.0, "ndvi": 0.41464742717124964}, "geometry": {"type": "Point", "coordinates": [80.0439791495921, 26.02819128395687]}}, {"type": "Feature", "id": 661, "properties": {"segment_id": 661, "risk_score": 0.20427828356879524, "risk_category": "Low", "vegetation_fraction": 1.0, "mean_dist_to_line_m": 3226.701101744629, "ndvi": 0.44535579694081134}, "geometry": {"type": "Point", "coordinates": [80.3392553834822, 25.94455813100534]}}, {"type": "Feature", "id": 662, "properties": {"segment_id": 662, "risk_score": 0.5450996243671473, "risk_category": "Medium", "vegetation_fraction": 1.0, "mean_dist_to_line_m": 311.44823004794875, "ndvi": 0.5365784409602826}, "geometry": {"type": "Point", "coordinates": [80.07416254313853, 26.0231607183658]}}, {"type": "Feature", "id": 663, "properties": {"segment_id": 663, "risk_score": 0.38285251573904916, "risk_category": "Medium", "vegetation_fraction": 1.0, "mean_dist_to_line_m": 401.62171256046406, "ndvi": 0.36489659874251956}, "geometry": {"type": "Point", "coordinates": [80.27484617761083, 26.015525038450782]}}, {"type": "Feature", "id": 664, "properties": {"segment_id": 664, "risk_score": 0.4608611152238688, "risk_category": "Medium", "vegetation_fraction": 1.0, "mean_dist_to_line_m": 58.309518948453004, "ndvi": 0.3844137690022716}, "geometry": {"type": "Point", "coordinates": [80.20594539531886, 26.02953875688305]}}, {"type": "Feature", "id": 665, "properties": {"segment_id": 665, "risk_score": 0.45935254019172145, "risk_category": "Medium", "vegetation_fraction": 1.0, "mean_dist_to_line_m": 664.6803743153546, "ndvi": 0.5011977641735427}, "geometry": {"type": "Point", "coordinates": [80.30062782626506, 25.989743389796555]}}, {"type": "Feature", "id": 666, "properties": {"segment_id": 666, "risk_score": 0.2021676581336875, "risk_category": "Low", "vegetation_fraction": 0.0, "mean_dist_to_line_m": 1364.734406395618, "ndvi": 0.27263818710764043}, "geometry": {"type": "Point", "coordinates": [80.06616753710986, 26.012380934956365]}}, {"type": "Feature", "id": 667, "properties": {"segment_id": 667, "risk_score": 0.29999531186734374, "risk_category": "Low", "vegetation_fraction": 1.0, "mean_dist_to_line_m": 2079.2787210953707, "ndvi": 0.48498951567534393}, "geometry": {"type": "Point", "coordinates": [80.24017120764381, 26.002679129887873]}}, {"type": "Feature", "id": 668, "properties": {"segment_id": 668, "risk_score": 0.333653473238934, "risk_category": "Low", "vegetation_fraction": 1.0, "mean_dist_to_line_m": 1585.3390804493529, "ndvi": 0.4780327868852459}, "geometry": {"type": "Point", "coordinates": [79.9454339629242, 26.044540622127844]}}, {"type": "Feature", "id": 669, "properties": {"segment_id": 669, "risk_score": 0.36531687305209776, "risk_category": "Medium", "vegetation_fraction": 1.0, "mean_dist_to_line_m": 1564.6085772486356, "ndvi": 0.5127725856697819}, "geometry": {"type": "Point", "coordinates": [80.3288349261864, 25.96063797459108]}}, {"type": "Feature", "id": 670, "properties": {"segment_id": 670, "risk_score": 0.22444190357502042, "risk_category": "Low", "vegetation_fraction": 1.0, "mean_dist_to_line_m": 2190.1826407859235, "ndvi": 0.4057446604117967}, "geometry": {"type": "Point", "coordinates": [80.23801525096192, 26.042654160031194]}}, {"type": "Feature", "id": 671, "properties": {"segment_id": 671, "risk_score": 0.4701749701646607, "risk_category": "Medium", "vegetation_fraction": 1.0, "mean_dist_to_line_m": 614.00325732035, "ndvi": 0.5052344105598543}, "geometry": {"type": "Point", "coordinates": [80.37366085886397, 25.95650572428413]}}, {"type": "Feature", "id": 672, "properties": {"segment_id": 672, "risk_score": 0.4245986508027376, "risk_category": "Medium", "vegetation_fraction": 1.0, "mean_dist_to_line_m": 290.17236257093816, "ndvi": 0.3917228103946102}, "geometry": {"type": "Point", "coordinates": [80.17872644221003, 26.018309815831554]}}, {"type": "Feature", "id": 673, "properties": {"segment_id": 673, "risk_score": 0.25473735519487717, "risk_category": "Low", "vegetation_fraction": 1.0, "mean_dist_to_line_m": 1670.478973228936, "ndvi": 0.39476730724704795}, "geometry": {"type": "Point", "coordinates": [80.18231970334651, 26.03609645845712]}}, {"type": "Feature", "id": 674, "properties": {"segment_id": 674, "risk_score": 0.20407847313339672, "risk_category": "Low", "vegetation_fraction": 1.0, "mean_dist_to_line_m": 2643.1988196123275, "ndvi": 0.41362763915547024}, "geometry": {"type": "Point", "coordinates": [80.30880249535055, 25.961715952932025]}}, {"type": "Feature", "id": 675, "properties": {"segment_id": 675, "risk_score": 0.31596265572262255, "risk_category": "Low", "vegetation_fraction": 1.0, "mean_dist_to_line_m": 1448.4474446799925, "ndvi": 0.44242944521944416}, "geometry": {"type": "Point", "coordinates": [80.36800147257402, 25.95084633799418]}}, {"type": "Feature", "id": 676, "properties": {"segment_id": 676, "risk_score": 0.09326478229692703, "risk_category": "Low", "vegetation_fraction": 0.0, "mean_dist_to_line_m": 2912.043955712207, "ndvi": 0.22391968572675688}, "geometry": {"type": "Point", "coordinates": [80.27457668302559, 25.982467035995185]}}, {"type": "Feature", "id": 677, "properties": {"segment_id": 677, "risk_score": 0.43718020557172027, "risk_category": "Medium", "vegetation_fraction": 1.0, "mean_dist_to_line_m": 740.0, "ndvi": 0.48770088553624147}, "geometry": {"type": "Point", "coordinates": [80.02170093054595, 26.016603016791727]}}, {"type": "Feature", "id": 678, "properties": {"segment_id": 678, "risk_score": 0.28561397211669054, "risk_category": "Low", "vegetation_fraction": 0.0, "mean_dist_to_line_m": 673.6467917239715, "ndvi": 0.218612818261633}, "geometry": {"type": "Point", "coordinates": [79.99942271149978, 26.018758973473613]}}, {"type": "Feature", "id": 679, "properties": {"segment_id": 679, "risk_score": 0.35000657043100414, "risk_category": "Medium", "vegetation_fraction": 1.0, "mean_dist_to_line_m": 1013.9033484509262, "ndvi": 0.42725418920117025}, "geometry": {"type": "Point", "coordinates": [80.21277259147817, 26.01893863653044]}}, {"type": "Feature", "id": 680, "properties": {"segment_id": 680, "risk_score": 0.4300266914304316, "risk_category": "Medium", "vegetation_fraction": 1.0, "mean_dist_to_line_m": 1699.2056967889437, "ndvi": 0.602158273381295}, "geometry": {"type": "Point", "coordinates": [80.2611019537638, 26.00007401556393]}}, {"type": "Feature", "id": 681, "properties": {"segment_id": 681, "risk_score": 0.16200721088417458, "risk_category": "Low", "vegetation_fraction": 1.0, "mean_dist_to_line_m": 2951.016773927251, "ndvi": 0.3822992700729927}, "geometry": {"type": "Point", "coordinates": [80.39063901773383, 25.983724677392953]}}, {"type": "Feature", "id": 682, "properties": {"segment_id": 682, "risk_score": 0.2711159609930509, "risk_category": "Low", "vegetation_fraction": 1.0, "mean_dist_to_line_m": 2080.0, "ndvi": 0.451356436244462}, "geometry": {"type": "Point", "coordinates": [80.02987559963144, 26.041845676275486]}}, {"type": "Feature", "id": 683, "properties": {"segment_id": 683, "risk_score": 0.5045280733068813, "risk_category": "Medium", "vegetation_fraction": 1.0, "mean_dist_to_line_m": 310.4834939252005, "ndvi": 0.48905227437989823}, "geometry": {"type": "Point", "coordinates": [80.11934780192973, 26.023070886837388]}}, {"type": "Feature", "id": 684, "properties": {"segment_id": 684, "risk_score": 0.5576868180369335, "risk_category": "High", "vegetation_fraction": 1.0, "mean_dist_to_line_m": 347.85054261852173, "ndvi": 0.5584667637069384}, "geometry": {"type": "Point", "coordinates": [80.28176320529855, 26.005823233382294]}}, {"type": "Feature", "id": 685, "properties": {"segment_id": 685, "risk_score": 0.2523491129126918, "risk_category": "Low", "vegetation_fraction": 1.0, "mean_dist_to_line_m": 2498.019215298393, "ndvi": 0.46057257659467604}, "geometry": {"type": "Point", "coordinates": [79.98738528669257, 26.003487613643582]}}, {"type": "Feature", "id": 686, "properties": {"segment_id": 686, "risk_score": 0.17833336192678617, "risk_category": "Low", "vegetation_fraction": 1.0, "mean_dist_to_line_m": 2584.8984506165807, "ndvi": 0.37991013190317435}, "geometry": {"type": "Point", "coordinates": [80.14935153241933, 26.001780814603755]}}, {"type": "Feature", "id": 687, "properties": {"segment_id": 687, "risk_score": 0.1304464017087114, "risk_category": "Low", "vegetation_fraction": 0.0, "mean_dist_to_line_m": 2241.0042391749284, "ndvi": 0.2545531554426091}, "geometry": {"type": "Point", "coordinates": [79.90806404710483, 26.043732138372135]}}, {"type": "Feature", "id": 688, "properties": {"segment_id": 688, "risk_score": 0.27234632102432166, "risk_category": "Low", "vegetation_fraction": 1.0, "mean_dist_to_line_m": 1574.9285698088024, "ndvi": 0.4054054054054054}, "geometry": {"type": "Point", "coordinates": [80.15177698368645, 26.011123293558597]}}, {"type": "Feature", "id": 689, "properties": {"segment_id": 689, "risk_score": 0.1801001546608208, "risk_category": "Low", "vegetation_fraction": 1.0, "mean_dist_to_line_m": 2917.276126800478, "ndvi": 0.4015922158337019}, "geometry": {"type": "Point", "coordinates": [80.41812746542789, 25.95875151249443]}}, {"type": "Feature", "id": 690, "properties": {"segment_id": 690, "risk_score": 0.24025826150316515, "risk_category": "Low", "vegetation_fraction": 1.0, "mean_dist_to_line_m": 1955.7607215607945, "ndvi": 0.40478448730108546}, "geometry": {"type": "Point", "coordinates": [79.92638967890086, 26.050020345360974]}}, {"type": "Feature", "id": 691, "properties": {"segment_id": 691, "risk_score": 0.6034145138218194, "risk_category": "High", "vegetation_fraction": 1.0, "mean_dist_to_line_m": 837.6156636548769, "ndvi": 0.6969959874200196}, "geometry": {"type": "Point", "coordinates": [80.33422481789113, 25.964949887954855]}}, {"type": "Feature", "id": 692, "properties": {"segment_id": 692, "risk_score": 0.5823757561655007, "risk_category": "High", "vegetation_fraction": 1.0, "mean_dist_to_line_m": 82.46211251235322, "ndvi": 0.5316216043736305}, "geometry": {"type": "Point", "coordinates": [80.24403396336552, 26.020196277928207]}}, {"type": "Feature", "id": 693, "properties": {"segment_id": 693, "risk_score": 0.49601678947110206, "risk_category": "Medium", "vegetation_fraction": 1.0, "mean_dist_to_line_m": 838.1527307120105, "ndvi": 0.5717810677433827}, "geometry": {"type": "Point", "coordinates": [80.37554732096062, 25.970070285074335]}}, {"type": "Feature", "id": 694, "properties": {"segment_id": 694, "risk_score": 0.4341331159523662, "risk_category": "Medium", "vegetation_fraction": 1.0, "mean_dist_to_line_m": 608.7692502089769, "ndvi": 0.46228597871355853}, "geometry": {"type": "Point", "coordinates": [80.25166964328054, 26.024867517405628]}}, {"type": "Feature", "id": 695, "properties": {"segment_id": 695, "risk_score": 0.31793231687380336, "risk_category": "Low", "vegetation_fraction": 1.0, "mean_dist_to_line_m": 1183.4272263219232, "ndvi": 0.4126778783958603}, "geometry": {"type": "Point", "coordinates": [79.99475147202236, 26.014626723166664]}}, {"type": "Feature", "id": 696, "properties": {"segment_id": 696, "risk_score": 0.2367655050459675, "risk_category": "Low", "vegetation_fraction": 1.0, "mean_dist_to_line_m": 2506.4716236175504, "ndvi": 0.4429561200923788}, "geometry": {"type": "Point", "coordinates": [79.94552379445261, 26.00753003242212]}}, {"type": "Feature", "id": 697, "properties": {"segment_id": 697, "risk_score": 0.17437479206885742, "risk_category": "Low", "vegetation_fraction": 1.0, "mean_dist_to_line_m": 3204.886893480018, "ndvi": 0.4094488188976378}, "geometry": {"type": "Point", "coordinates": [80.17809762151116, 26.04750506256544]}}, {"type": "Feature", "id": 698, "properties": {"segment_id": 698, "risk_score": 0.49058355517267754, "risk_category": "Medium", "vegetation_fraction": 1.0, "mean_dist_to_line_m": 664.8308055437865, "ndvi": 0.5376591230551626}, "geometry": {"type": "Point", "coordinates": [80.1671381750449, 26.01579453303602]}}, {"type": "Feature", "id": 699, "properties": {"segment_id": 699, "risk_score": 0.39862561518308226, "risk_category": "Medium", "vegetation_fraction": 1.0, "mean_dist_to_line_m": 480.0, "ndvi": 0.39797021588253767}, "geometry": {"type": "Point", "coordinates": [80.0454164540467, 26.01857931041679]}}, {"type": "Feature", "id": 700, "properties": {"segment_id": 700, "risk_score": 0.4295153442541139, "risk_category": "Medium", "vegetation_fraction": 1.0, "mean_dist_to_line_m": 793.2212806020776, "ndvi": 0.48722316865417375}, "geometry": {"type": "Point", "coordinates": [80.3408723509936, 25.978155122631414]}}, {"type": "Feature", "id": 701, "properties": {"segment_id": 701, "risk_score": 0.3939528197710944, "risk_category": "Medium", "vegetation_fraction": 1.0, "mean_dist_to_line_m": 1760.0284088616297, "ndvi": 0.5660490137477585}, "geometry": {"type": "Point", "coordinates": [80.05314196549013, 26.00699104325165]}}, {"type": "Feature", "id": 702, "properties": {"segment_id": 702, "risk_score": 0.2534289695067452, "risk_category": "Low", "vegetation_fraction": 1.0, "mean_dist_to_line_m": 1409.1841611372163, "ndvi": 0.3649890508899662}, "geometry": {"type": "Point", "coordinates": [80.13147505826535, 26.010045315217656]}}, {"type": "Feature", "id": 703, "properties": {"segment_id": 703, "risk_score": 0.24141571574511175, "risk_category": "Low", "vegetation_fraction": 1.0, "mean_dist_to_line_m": 3128.0025575437116, "ndvi": 0.4839797639123103}, "geometry": {"type": "Point", "coordinates": [80.3708760814832, 25.990282378967027]}}, {"type": "Feature", "id": 704, "properties": {"segment_id": 704, "risk_score": 0.20670707803889665, "risk_category": "Low", "vegetation_fraction": 1.0, "mean_dist_to_line_m": 2120.377324911771, "ndvi": 0.3795093795093795}, "geometry": {"type": "Point", "coordinates": [80.37725412000044, 25.933778347595908]}}, {"type": "Feature", "id": 705, "properties": {"segment_id": 705, "risk_score": 0.367825748763812, "risk_category": "Medium", "vegetation_fraction": 1.0, "mean_dist_to_line_m": 419.7618372363071, "ndvi": 0.3508123441932433}, "geometry": {"type": "Point", "coordinates": [80.13515815093024, 26.027921789371632]}}, {"type": "Feature", "id": 706, "properties": {"segment_id": 706, "risk_score": 0.1939170922377138, "risk_category": "Low", "vegetation_fraction": 0.0, "mean_dist_to_line_m": 1448.0676779764126, "ndvi": 0.2934893762072492}, "geometry": {"type": "Point", "coordinates": [80.25400526301925, 26.032054039678584]}}, {"type": "Feature", "id": 707, "properties": {"segment_id": 707, "risk_score": 0.275374180837224, "risk_category": "Low", "vegetation_fraction": 1.0, "mean_dist_to_line_m": 2510.3187048659775, "ndvi": 0.4882556796303427}, "geometry": {"type": "Point", "coordinates": [80.2009148297278, 26.051008492173505]}}, {"type": "Feature", "id": 708, "properties": {"segment_id": 708, "risk_score": 0.10157790182684089, "risk_category": "Low", "vegetation_fraction": 0.0, "mean_dist_to_line_m": 2741.277074649697, "ndvi": 0.2874436268692143}, "geometry": {"type": "Point", "coordinates": [79.90905219391736, 26.051457649815564]}}, {"type": "Feature", "id": 709, "properties": {"segment_id": 709, "risk_score": 0.29404061421432753, "risk_category": "Low", "vegetation_fraction": 1.0, "mean_dist_to_line_m": 1322.3085872821066, "ndvi": 0.40212834569493716}, "geometry": {"type": "Point", "coordinates": [80.18106206194875, 26.03286252343429]}}, {"type": "Feature", "id": 710, "properties": {"segment_id": 710, "risk_score": 0.26132541569687684, "risk_category": "Low", "vegetation_fraction": 1.0, "mean_dist_to_line_m": 1124.4554237496477, "ndvi": 0.3389085892020768}, "geometry": {"type": "Point", "coordinates": [80.02349756111418, 26.01309958718366]}}, {"type": "Feature", "id": 711, "properties": {"segment_id": 711, "risk_score": 0.07891272976953004, "risk_category": "Low", "vegetation_fraction": 0.0, "mean_dist_to_line_m": 3246.243983436858, "ndvi": 0.2796934865900383}, "geometry": {"type": "Point", "coordinates": [80.29038703202609, 25.96710584463674]}}, {"type": "Feature", "id": 712, "properties": {"segment_id": 712, "risk_score": 0.49463308898678826, "risk_category": "Medium", "vegetation_fraction": 1.0, "mean_dist_to_line_m": 1476.6516176810292, "ndvi": 0.6540457004084336}, "geometry": {"type": "Point", "coordinates": [80.40707818743321, 25.938180092488093]}}, {"type": "Feature", "id": 713, "properties": {"segment_id": 713, "risk_score": 0.32316882347605286, "risk_category": "Low", "vegetation_fraction": 1.0, "mean_dist_to_line_m": 2173.0393461693234, "ndvi": 0.5195822454308094}, "geometry": {"type": "Point", "coordinates": [80.34293847614708, 25.99154002036479]}}, {"type": "Feature", "id": 714, "properties": {"segment_id": 714, "risk_score": 0.36509528669961, "risk_category": "Medium", "vegetation_fraction": 1.0, "mean_dist_to_line_m": 1605.8953888718904, "ndvi": 0.516874833909115}, "geometry": {"type": "Point", "coordinates": [80.33979437265266, 25.987497601586256]}}, {"type": "Feature", "id": 715, "properties": {"segment_id": 715, "risk_score": 0.4611826573439739, "risk_category": "Medium", "vegetation_fraction": 1.0, "mean_dist_to_line_m": 880.7383266328314, "ndvi": 0.5376070354084702}, "geometry": {"type": "Point", "coordinates": [80.35012499842004, 25.960458311534257]}}, {"type": "Feature", "id": 716, "properties": {"segment_id": 716, "risk_score": 0.2314648947850067, "risk_category": "Low", "vegetation_fraction": 1.0, "mean_dist_to_line_m": 1817.9658962697843, "ndvi": 0.3820065944418276}, "geometry": {"type": "Point", "coordinates": [79.95756121925982, 26.012560598013188]}}, {"type": "Feature", "id": 717, "properties": {"segment_id": 717, "risk_score": 0.6382454595287402, "risk_category": "High", "vegetation_fraction": 1.0, "mean_dist_to_line_m": 206.15528128088303, "ndvi": 0.6236598000240935}, "geometry": {"type": "Point", "coordinates": [80.15662788622069, 26.028370947013695]}}, {"type": "Feature", "id": 718, "properties": {"segment_id": 718, "risk_score": 0.3380186153126352, "risk_category": "Low", "vegetation_fraction": 1.0, "mean_dist_to_line_m": 669.1038783328041, "ndvi": 0.36038100372916393}, "geometry": {"type": "Point", "coordinates": [80.0018481627669, 26.030706566752404]}}, {"type": "Feature", "id": 719, "properties": {"segment_id": 719, "risk_score": 0.29697287210405243, "risk_category": "Low", "vegetation_fraction": 1.0, "mean_dist_to_line_m": 1882.9763673503712, "ndvi": 0.46444644464446444}, "geometry": {"type": "Point", "coordinates": [80.21573703191576, 26.01022497827448]}}, {"type": "Feature", "id": 720, "properties": {"segment_id": 720, "risk_score": 0.5271781254143009, "risk_category": "Medium", "vegetation_fraction": 1.0, "mean_dist_to_line_m": 237.06539182259394, "ndvi": 0.5005371851498149}, "geometry": {"type": "Point", "coordinates": [80.37770327764251, 25.963063425858206]}}, {"type": "Feature", "id": 721, "properties": {"segment_id": 721, "risk_score": 0.11122686823964296, "risk_category": "Low", "vegetation_fraction": 0.0, "mean_dist_to_line_m": 2559.785147234041, "ndvi": 0.2687969243045229}, "geometry": {"type": "Point", "coordinates": [79.90231482928645, 26.0374439313833]}}, {"type": "Feature", "id": 722, "properties": {"segment_id": 722, "risk_score": 0.16663508644773511, "risk_category": "Low", "vegetation_fraction": 1.0, "mean_dist_to_line_m": 2180.0, "ndvi": 0.3375065704592154}, "geometry": {"type": "Point", "coordinates": [80.04496729640464, 26.04247449697437]}}, {"type": "Feature", "id": 723, "properties": {"segment_id": 723, "risk_score": 0.4071912983135872, "risk_category": "Medium", "vegetation_fraction": 1.0, "mean_dist_to_line_m": 352.2782990761707, "ndvi": 0.3837559088955737}, "geometry": {"type": "Point", "coordinates": [80.2844581511509, 26.00429609739929]}}, {"type": "Feature", "id": 724, "properties": {"segment_id": 724, "risk_score": 0.31654552234977595, "risk_category": "Low", "vegetation_fraction": 1.0, "mean_dist_to_line_m": 1081.8964830333814, "ndvi": 0.39761167624944715}, "geometry": {"type": "Point", "coordinates": [79.92629984737245, 26.022442066138503]}}, {"type": "Feature", "id": 725, "properties": {"segment_id": 725, "risk_score": 0.1948428742503128, "risk_category": "Low", "vegetation_fraction": 1.0, "mean_dist_to_line_m": 3323.567360532956, "ndvi": 0.4387432901799811}, "geometry": {"type": "Point", "coordinates": [80.23397283218338, 26.050469503003033]}}, {"type": "Feature", "id": 726, "properties": {"segment_id": 726, "risk_score": 0.5525584442750293, "risk_category": "High", "vegetation_fraction": 1.0, "mean_dist_to_line_m": 1865.0737250843463, "ndvi": 0.760992961477333}, "geometry": {"type": "Point", "coordinates": [80.17306705592009, 26.03789308902536]}}, {"type": "Feature", "id": 727, "properties": {"segment_id": 727, "risk_score": 0.32114754958577163, "risk_category": "Low", "vegetation_fraction": 1.0, "mean_dist_to_line_m": 3500.3571246374277, "ndvi": 0.5935921133703019}, "geometry": {"type": "Point", "coordinates": [80.40204762184214, 25.981119563069008]}}, {"type": "Feature", "id": 728, "properties": {"segment_id": 728, "risk_score": 0.3040371034614597, "risk_category": "Low", "vegetation_fraction": 1.0, "mean_dist_to_line_m": 1230.447073221762, "ndvi": 0.4024672613399126}, "geometry": {"type": "Point", "coordinates": [79.97426988354444, 26.038521909724242]}}, {"type": "Feature", "id": 729, "properties": {"segment_id": 729, "risk_score": 0.527756426350928, "risk_category": "Medium", "vegetation_fraction": 1.0, "mean_dist_to_line_m": 451.22056690713913, "ndvi": 0.543302275851535}, "geometry": {"type": "Point", "coordinates": [80.13497848787341, 26.019747120286144]}}, {"type": "Feature", "id": 730, "properties": {"segment_id": 730, "risk_score": 0.20799316836582227, "risk_category": "Low", "vegetation_fraction": 1.0, "mean_dist_to_line_m": 2936.2561196189954, "ndvi": 0.43515909207357684}, "geometry": {"type": "Point", "coordinates": [80.0710184396441, 26.000972330848047]}}, {"type": "Feature", "id": 731, "properties": {"segment_id": 731, "risk_score": 0.2586384890497967, "risk_category": "Low", "vegetation_fraction": 0.0, "mean_dist_to_line_m": 872.0665112249179, "ndvi": 0.06853905131993815}, "geometry": {"type": "Point", "coordinates": [80.10299846375877, 26.029359093826226]}}, {"type": "Feature", "id": 732, "properties": {"segment_id": 732, "risk_score": 0.3271308876292065, "risk_category": "Low", "vegetation_fraction": 1.0, "mean_dist_to_line_m": 1955.019181491578, "ndvi": 0.5060707960058526}, "geometry": {"type": "Point", "coordinates": [80.20944882492692, 26.046966073394966]}}, {"type": "Feature", "id": 733, "properties": {"segment_id": 733, "risk_score": 0.31850595087261113, "risk_category": "Low", "vegetation_fraction": 1.0, "mean_dist_to_line_m": 1649.0603384958356, "ndvi": 0.46698450536352804}, "geometry": {"type": "Point", "coordinates": [80.07200658645664, 26.01067413591654]}}, {"type": "Feature", "id": 734, "properties": {"segment_id": 734, "risk_score": 0.5066134561862505, "risk_category": "Medium", "vegetation_fraction": 1.0, "mean_dist_to_line_m": 1951.665955024066, "ndvi": 0.7151724961203295}, "geometry": {"type": "Point", "coordinates": [80.32380436059533, 26.0006130047344]}}, {"type": "Feature", "id": 735, "properties": {"segment_id": 735, "risk_score": 0.3357208767654927, "risk_category": "Low", "vegetation_fraction": 1.0, "mean_dist_to_line_m": 1752.6266002774237, "ndvi": 0.49739406299569455}, "geometry": {"type": "Point", "coordinates": [79.97382072590237, 26.043282980730076]}}, {"type": "Feature", "id": 736, "properties": {"segment_id": 736, "risk_score": 0.2213596873190921, "risk_category": "Low", "vegetation_fraction": 1.0, "mean_dist_to_line_m": 2189.61183774659, "ndvi": 0.4021041827046446}, "geometry": {"type": "Point", "coordinates": [80.37779310917092, 25.98210770988154]}}, {"type": "Feature", "id": 737, "properties": {"segment_id": 737, "risk_score": 0.19599286266497568, "risk_category": "Low", "vegetation_fraction": 1.0, "mean_dist_to_line_m": 2198.658682015014, "ndvi": 0.3732142857142857}, "geometry": {"type": "Point", "coordinates": [80.1295885961687, 26.04301348614484]}}, {"type": "Feature", "id": 738, "properties": {"segment_id": 738, "risk_score": 0.43852873016149735, "risk_category": "Medium", "vegetation_fraction": 1.0, "mean_dist_to_line_m": 590.7622195096772, "ndvi": 0.46430116832540025}, "geometry": {"type": "Point", "coordinates": [80.33665026915824, 25.978694111801882]}}, {"type": "Feature", "id": 739, "properties": {"segment_id": 739, "risk_score": 0.49223265597650967, "risk_category": "Medium", "vegetation_fraction": 1.0, "mean_dist_to_line_m": 240.20824298928628, "ndvi": 0.4604183214191157}, "geometry": {"type": "Point", "coordinates": [79.94714076196402, 26.032233702735407]}}, {"type": "Feature", "id": 740, "properties": {"segment_id": 740, "risk_score": 0.18642566668359006, "risk_category": "Low", "vegetation_fraction": 1.0, "mean_dist_to_line_m": 3323.567360532956, "ndvi": 0.42892321468547123}, "geometry": {"type": "Point", "coordinates": [80.36907945091497, 25.92659182532295]}}, {"type": "Feature", "id": 741, "properties": {"segment_id": 741, "risk_score": 0.24593624874234116, "risk_category": "Low", "vegetation_fraction": 1.0, "mean_dist_to_line_m": 2161.1339616044165, "ndvi": 0.42853754003083855}, "geometry": {"type": "Point", "coordinates": [80.16659918587442, 26.042833823088017]}}, {"type": "Feature", "id": 742, "properties": {"segment_id": 742, "risk_score": 0.4999187008822945, "risk_category": "Medium", "vegetation_fraction": 1.0, "mean_dist_to_line_m": 559.7320787662612, "ndvi": 0.5304921540656206}, "geometry": {"type": "Point", "coordinates": [80.10802902934984, 26.01354874482572]}}, {"type": "Feature", "id": 743, "properties": {"segment_id": 743, "risk_score": 0.4041300081912682, "risk_category": "Medium", "vegetation_fraction": 1.0, "mean_dist_to_line_m": 615.223536610881, "ndvi": 0.4283913538404152}, "geometry": {"type": "Point", "coordinates": [80.0589810148369, 26.029359093826226]}}, {"type": "Feature", "id": 744, "properties": {"segment_id": 744, "risk_score": 0.1148572996774734, "risk_category": "Low", "vegetation_fraction": 1.0, "mean_dist_to_line_m": 3277.8651589105984, "ndvi": 0.3433794844335653}, "geometry": {"type": "Point", "coordinates": [80.23972205000175, 25.994414629273976]}}, {"type": "Feature", "id": 745, "properties": {"segment_id": 745, "risk_score": 0.1825508638444039, "risk_category": "Low", "vegetation_fraction": 1.0, "mean_dist_to_line_m": 2359.364321167886, "ndvi": 0.3695336787564767}, "geometry": {"type": "Point", "coordinates": [80.27511567219607, 26.033940501775234]}}, {"type": "Feature", "id": 746, "properties": {"segment_id": 746, "risk_score": 0.3758033241078024, "risk_category": "Medium", "vegetation_fraction": 1.0, "mean_dist_to_line_m": 390.1281840626232, "ndvi": 0.3544723142451491}, "geometry": {"type": "Point", "coordinates": [79.92468287986104, 26.03600662692871]}}, {"type": "Feature", "id": 747, "properties": {"segment_id": 747, "risk_score": 0.08994901850762319, "risk_category": "Low", "vegetation_fraction": 0.0, "mean_dist_to_line_m": 2984.4429966075745, "ndvi": 0.23407611910865708}, "geometry": {"type": "Point", "coordinates": [80.30413125587312, 25.960817637647907]}}, {"type": "Feature", "id": 748, "properties": {"segment_id": 748, "risk_score": 0.1341634571485876, "risk_category": "Low", "vegetation_fraction": 1.0, "mean_dist_to_line_m": 3040.2138082707274, "ndvi": 0.35446939674152356}, "geometry": {"type": "Point", "coordinates": [80.27825977569047, 25.978604280273473]}}, {"type": "Feature", "id": 749, "properties": {"segment_id": 749, "risk_score": 0.2379695683516931, "risk_category": "Low", "vegetation_fraction": 1.0, "mean_dist_to_line_m": 1391.6896205691842, "ndvi": 0.34492642843493215}, "geometry": {"type": "Point", "coordinates": [79.93447451645794, 26.018669141945203]}}, {"type": "Feature", "id": 750, "properties": {"segment_id": 750, "risk_score": 0.4981815324531483, "risk_category": "Medium", "vegetation_fraction": 1.0, "mean_dist_to_line_m": 126.49110640673518, "ndvi": 0.4431457485342992}, "geometry": {"type": "Point", "coordinates": [80.00840586434097, 26.025137011990864]}}, {"type": "Feature", "id": 751, "properties": {"segment_id": 751, "risk_score": 0.2299648370953608, "risk_category": "Low", "vegetation_fraction": 1.0, "mean_dist_to_line_m": 1132.8283188550681, "ndvi": 0.3034323939028402}, "geometry": {"type": "Point", "coordinates": [79.99529046119282, 26.035557469286648]}}, {"type": "Feature", "id": 752, "properties": {"segment_id": 752, "risk_score": 0.169545323553867, "risk_category": "Low", "vegetation_fraction": 1.0, "mean_dist_to_line_m": 2030.2216627747819, "ndvi": 0.32870048644892286}, "geometry": {"type": "Point", "coordinates": [80.26226976363316, 25.996570585955862]}}, {"type": "Feature", "id": 753, "properties": {"segment_id": 753, "risk_score": 0.3989236404577966, "risk_category": "Medium", "vegetation_fraction": 1.0, "mean_dist_to_line_m": 130.0, "ndvi": 0.32811276429130776}, "geometry": {"type": "Point", "coordinates": [80.07353372243963, 26.027113305615927]}}, {"type": "Feature", "id": 754, "properties": {"segment_id": 754, "risk_score": 0.32023228046079855, "risk_category": "Low", "vegetation_fraction": 1.0, "mean_dist_to_line_m": 1452.7904184706065, "ndvi": 0.4479013177282869}, "geometry": {"type": "Point", "coordinates": [80.13434966717453, 26.037264268326478]}}, {"type": "Feature", "id": 755, "properties": {"segment_id": 755, "risk_score": 0.44456792870019124, "risk_category": "Medium", "vegetation_fraction": 1.0, "mean_dist_to_line_m": 965.6603957913983, "ndvi": 0.5307131089668157}, "geometry": {"type": "Point", "coordinates": [80.29002770591245, 25.99324681940462]}}, {"type": "Feature", "id": 756, "properties": {"segment_id": 756, "risk_score": 0.4074037201052988, "risk_category": "Medium", "vegetation_fraction": 1.0, "mean_dist_to_line_m": 300.0, "ndvi": 0.3736406177911549}, "geometry": {"type": "Point", "coordinates": [80.04514695946146, 26.020196277928207]}}, {"type": "Feature", "id": 757, "properties": {"segment_id": 757, "risk_score": 0.30288358707439655, "risk_category": "Low", "vegetation_fraction": 1.0, "mean_dist_to_line_m": 716.9379331573969, "ndvi": 0.3272830402722632}, "geometry": {"type": "Point", "coordinates": [79.92153877636662, 26.0269336425591]}}, {"type": "Feature", "id": 758, "properties": {"segment_id": 758, "risk_score": 0.1534668990231515, "risk_category": "Low", "vegetation_fraction": 0.0, "mean_dist_to_line_m": 1915.9592897553955, "ndvi": 0.054353419092755664}, "geometry": {"type": "Point", "coordinates": [80.10731037712253, 26.037713425968537]}}, {"type": "Feature", "id": 759, "properties": {"segment_id": 759, "risk_score": 0.43183034643661605, "risk_category": "Medium", "vegetation_fraction": 1.0, "mean_dist_to_line_m": 320.0, "ndvi": 0.40613496932515336}, "geometry": {"type": "Point", "coordinates": [80.1852841437841, 26.018309815831554]}}, {"type": "Feature", "id": 760, "properties": {"segment_id": 760, "risk_score": 0.6159710674000412, "risk_category": "High", "vegetation_fraction": 1.0, "mean_dist_to_line_m": 106.3014581273465, "ndvi": 0.576122277048983}, "geometry": {"type": "Point", "coordinates": [80.38246434864834, 25.953451452318124]}}, {"type": "Feature", "id": 761, "properties": {"segment_id": 761, "risk_score": 0.42073177953404217, "risk_category": "Medium", "vegetation_fraction": 1.0, "mean_dist_to_line_m": 1577.1493271088823, "ndvi": 0.5787574117040475}, "geometry": {"type": "Point", "coordinates": [80.01208895700586, 26.03789308902536]}}, {"type": "Feature", "id": 762, "properties": {"segment_id": 762, "risk_score": 0.2503280158680447, "risk_category": "Low", "vegetation_fraction": 1.0, "mean_dist_to_line_m": 1121.4722466472365, "ndvi": 0.3256812739918665}, "geometry": {"type": "Point", "coordinates": [80.05404028077425, 26.03322184954794]}}, {"type": "Feature", "id": 763, "properties": {"segment_id": 763, "risk_score": 0.5301868796939067, "risk_category": "Medium", "vegetation_fraction": 1.0, "mean_dist_to_line_m": 130.0, "ndvi": 0.4812532100667694}, "geometry": {"type": "Point", "coordinates": [80.36494720060801, 25.96423123572756]}}, {"type": "Feature", "id": 764, "properties": {"segment_id": 764, "risk_score": 0.09753882762070187, "risk_category": "Low", "vegetation_fraction": 0.0, "mean_dist_to_line_m": 2822.4280327406045, "ndvi": 0.045904900425604335}, "geometry": {"type": "Point", "coordinates": [80.09787806663928, 25.995851933728567]}}, {"type": "Feature", "id": 765, "properties": {"segment_id": 765, "risk_score": 0.17466276802482947, "risk_category": "Low", "vegetation_fraction": 1.0, "mean_dist_to_line_m": 2125.0882334623193, "ndvi": 0.34250465962545484}, "geometry": {"type": "Point", "coordinates": [80.27799028110525, 26.030796398280817]}}, {"type": "Feature", "id": 766, "properties": {"segment_id": 766, "risk_score": 0.4087522736525654, "risk_category": "Medium", "vegetation_fraction": 1.0, "mean_dist_to_line_m": 1346.291201783626, "ndvi": 0.538830297219559}, "geometry": {"type": "Point", "coordinates": [80.39890351834774, 25.93341902148226]}}, {"type": "Feature", "id": 767, "properties": {"segment_id": 767, "risk_score": 0.6307073624963313, "risk_category": "High", "vegetation_fraction": 1.0, "mean_dist_to_line_m": 1063.6728820459793, "ndvi": 0.7616469120399252}, "geometry": {"type": "Point", "coordinates": [80.07784563580341, 26.016872511376963]}}, {"type": "Feature", "id": 768, "properties": {"segment_id": 768, "risk_score": 0.4359933040728633, "risk_category": "Medium", "vegetation_fraction": 1.0, "mean_dist_to_line_m": 376.4306044943742, "ndvi": 0.4220552369652626}, "geometry": {"type": "Point", "coordinates": [80.27799028110525, 26.01426739705302]}}, {"type": "Feature", "id": 769, "properties": {"segment_id": 769, "risk_score": 0.24757260949285034, "risk_category": "Low", "vegetation_fraction": 1.0, "mean_dist_to_line_m": 2424.04620418011, "ndvi": 0.4499572284003422}, "geometry": {"type": "Point", "coordinates": [80.33772824749919, 25.948870044369116]}}, {"type": "Feature", "id": 770, "properties": {"segment_id": 770, "risk_score": 0.4276918296288843, "risk_category": "Medium", "vegetation_fraction": 1.0, "mean_dist_to_line_m": 445.5333881989093, "ndvi": 0.42549974802620527}, "geometry": {"type": "Point", "coordinates": [80.06266410750179, 26.020196277928207]}}, {"type": "Feature", "id": 771, "properties": {"segment_id": 771, "risk_score": 0.31374199083103116, "risk_category": "Low", "vegetation_fraction": 1.0, "mean_dist_to_line_m": 1980.0252523642216, "ndvi": 0.49263205622307865}, "geometry": {"type": "Point", "coordinates": [80.39513059415442, 25.96791432839245]}}, {"type": "Feature", "id": 772, "properties": {"segment_id": 772, "risk_score": 0.24959850270249978, "risk_category": "Low", "vegetation_fraction": 1.0, "mean_dist_to_line_m": 3310.422933704997, "ndvi": 0.5020408163265306}, "geometry": {"type": "Point", "coordinates": [80.3077245170096, 25.95587690358525]}}, {"type": "Feature", "id": 773, "properties": {"segment_id": 773, "risk_score": 0.18568073658794831, "risk_category": "Low", "vegetation_fraction": 1.0, "mean_dist_to_line_m": 1855.2897347853784, "ndvi": 0.33206831119544594}, "geometry": {"type": "Point", "coordinates": [79.95971717594169, 26.01202160884272]}}, {"type": "Feature", "id": 774, "properties": {"segment_id": 774, "risk_score": 0.5820561707566441, "risk_category": "High", "vegetation_fraction": 1.0, "mean_dist_to_line_m": 194.164878389476, "ndvi": 0.5555743100683602}, "geometry": {"type": "Point", "coordinates": [80.12330038917986, 26.019297962644085]}}, {"type": "Feature", "id": 775, "properties": {"segment_id": 775, "risk_score": 0.3246272610774056, "risk_category": "Low", "vegetation_fraction": 1.0, "mean_dist_to_line_m": 1295.5307792561316, "ndvi": 0.43456543456543456}, "geometry": {"type": "Point", "coordinates": [80.1746840234315, 26.03241336579223]}}, {"type": "Feature", "id": 776, "properties": {"segment_id": 776, "risk_score": 0.3339102926223348, "risk_category": "Low", "vegetation_fraction": 1.0, "mean_dist_to_line_m": 708.5901495222749, "ndvi": 0.362116991643454}, "geometry": {"type": "Point", "coordinates": [80.1723484036928, 26.027472631729573]}}, {"type": "Feature", "id": 777, "properties": {"segment_id": 777, "risk_score": 0.3297863878705798, "risk_category": "Low", "vegetation_fraction": 1.0, "mean_dist_to_line_m": 1370.0364958642524, "ndvi": 0.4495129713569293}, "geometry": {"type": "Point", "coordinates": [79.91731669453125, 26.042294833917545]}}, {"type": "Feature", "id": 778, "properties": {"segment_id": 778, "risk_score": 0.3378052498937546, "risk_category": "Low", "vegetation_fraction": 1.0, "mean_dist_to_line_m": 544.5181356024793, "ndvi": 0.33866623132805485}, "geometry": {"type": "Point", "coordinates": [80.17145008840866, 26.026125158803396]}}, {"type": "Feature", "id": 779, "properties": {"segment_id": 779, "risk_score": 0.3188558757757878, "risk_category": "Low", "vegetation_fraction": 1.0, "mean_dist_to_line_m": 2233.6517185989405, "ndvi": 0.5192505426710842}, "geometry": {"type": "Point", "coordinates": [80.36449804296595, 25.94455813100534]}}, {"type": "Feature", "id": 780, "properties": {"segment_id": 780, "risk_score": 0.5024075760656843, "risk_category": "Medium", "vegetation_fraction": 1.0, "mean_dist_to_line_m": 20.0, "ndvi": 0.4241189163270199}, "geometry": {"type": "Point", "coordinates": [79.98406152014134, 26.026574316445455]}}, {"type": "Feature", "id": 781, "properties": {"segment_id": 781, "risk_score": 0.33456115740836173, "risk_category": "Low", "vegetation_fraction": 1.0, "mean_dist_to_line_m": 933.0058949438637, "ndvi": 0.3976318622174381}, "geometry": {"type": "Point", "coordinates": [80.33674010068665, 25.96279393127297]}}, {"type": "Feature", "id": 782, "properties": {"segment_id": 782, "risk_score": 0.3306029825529273, "risk_category": "Low", "vegetation_fraction": 1.0, "mean_dist_to_line_m": 958.8534820294495, "ndvi": 0.3967723118802256}, "geometry": {"type": "Point", "coordinates": [80.1881587526933, 26.0126504295416]}}, {"type": "Feature", "id": 783, "properties": {"segment_id": 783, "risk_score": 0.27421943487688755, "risk_category": "Low", "vegetation_fraction": 1.0, "mean_dist_to_line_m": 1711.286066091815, "ndvi": 0.42158476369621445}, "geometry": {"type": "Point", "coordinates": [80.33350616566383, 25.992617998705736]}}, {"type": "Feature", "id": 784, "properties": {"segment_id": 784, "risk_score": 0.3437249274088677, "risk_category": "Low", "vegetation_fraction": 1.0, "mean_dist_to_line_m": 530.8483775994798, "ndvi": 0.3431348118614503}, "geometry": {"type": "Point", "coordinates": [79.96393925777706, 26.03322184954794]}}, {"type": "Feature", "id": 785, "properties": {"segment_id": 785, "risk_score": 0.3189117223122355, "risk_category": "Low", "vegetation_fraction": 0.0, "mean_dist_to_line_m": 453.10043036836765, "ndvi": 0.056424778761061944}, "geometry": {"type": "Point", "coordinates": [80.09697975135516, 26.01893863653044]}}, {"type": "Feature", "id": 786, "properties": {"segment_id": 786, "risk_score": 0.21793544408192056, "risk_category": "Low", "vegetation_fraction": 1.0, "mean_dist_to_line_m": 1840.0, "ndvi": 0.36828246558946737}, "geometry": {"type": "Point", "coordinates": [80.01568221814235, 26.006811380194826]}}, {"type": "Feature", "id": 787, "properties": {"segment_id": 787, "risk_score": 0.23955353050745837, "risk_category": "Low", "vegetation_fraction": 1.0, "mean_dist_to_line_m": 2163.90850083824, "ndvi": 0.42131061005957315}, "geometry": {"type": "Point", "coordinates": [80.24142884904158, 26.001601151546932]}}, {"type": "Feature", "id": 788, "properties": {"segment_id": 788, "risk_score": 0.2687443428100338, "risk_category": "Low", "vegetation_fraction": 1.0, "mean_dist_to_line_m": 2104.40015206234, "ndvi": 0.45058967059780397}, "geometry": {"type": "Point", "coordinates": [80.36611501047737, 25.98462299267707]}}, {"type": "Feature", "id": 789, "properties": {"segment_id": 789, "risk_score": 0.2607027962237074, "risk_category": "Low", "vegetation_fraction": 1.0, "mean_dist_to_line_m": 2670.880004792428, "ndvi": 0.4814001372683596}, "geometry": {"type": "Point", "coordinates": [80.37949990821075, 25.986060297131665]}}, {"type": "Feature", "id": 790, "properties": {"segment_id": 790, "risk_score": 0.3568782175621342, "risk_category": "Medium", "vegetation_fraction": 1.0, "mean_dist_to_line_m": 1372.7709204379294, "ndvi": 0.481441506266115}, "geometry": {"type": "Point", "coordinates": [80.2452916047633, 26.03340151260476]}}, {"type": "Feature", "id": 791, "properties": {"segment_id": 791, "risk_score": 0.2111295028672111, "risk_category": "Low", "vegetation_fraction": 1.0, "mean_dist_to_line_m": 2396.351393264352, "ndvi": 0.4055038012635186}, "geometry": {"type": "Point", "coordinates": [80.41552235110395, 25.95363111537495]}}, {"type": "Feature", "id": 792, "properties": {"segment_id": 792, "risk_score": 0.25948233764014983, "risk_category": "Low", "vegetation_fraction": 1.0, "mean_dist_to_line_m": 3214.093962534387, "ndvi": 0.5091726400194387}, "geometry": {"type": "Point", "coordinates": [80.37437951109126, 25.924435868641066]}}, {"type": "Feature", "id": 793, "properties": {"segment_id": 793, "risk_score": 0.6001579021055239, "risk_category": "High", "vegetation_fraction": 1.0, "mean_dist_to_line_m": 291.20439557122074, "ndvi": 0.5967501692620176}, "geometry": {"type": "Point", "coordinates": [80.1273428079584, 26.0193877941725]}}, {"type": "Feature", "id": 794, "properties": {"segment_id": 794, "risk_score": 0.24451439451012974, "risk_category": "Low", "vegetation_fraction": 1.0, "mean_dist_to_line_m": 2362.11769393483, "ndvi": 0.44202180376610506}, "geometry": {"type": "Point", "coordinates": [80.10955616533283, 25.996840080541098]}}, {"type": "Feature", "id": 795, "properties": {"segment_id": 795, "risk_score": 0.5121876160046013, "risk_category": "Medium", "vegetation_fraction": 1.0, "mean_dist_to_line_m": 264.0075756488817, "ndvi": 0.4885946366974519}, "geometry": {"type": "Point", "coordinates": [80.33736892138555, 25.974741524551757]}}, {"type": "Feature", "id": 796, "properties": {"segment_id": 796, "risk_score": 0.28561702011441914, "risk_category": "Low", "vegetation_fraction": 1.0, "mean_dist_to_line_m": 1773.41478509682, "ndvi": 0.4409484724122207}, "geometry": {"type": "Point", "coordinates": [80.3430283076755, 25.98722810700102]}}, {"type": "Feature", "id": 797, "properties": {"segment_id": 797, "risk_score": 0.3220657461121219, "risk_category": "Low", "vegetation_fraction": 1.0, "mean_dist_to_line_m": 2147.2074888095935, "ndvi": 0.5162485445114852}, "geometry": {"type": "Point", "coordinates": [80.27134274800275, 25.992528167177323]}}, {"type": "Feature", "id": 798, "properties": {"segment_id": 798, "risk_score": 0.38927285886551116, "risk_category": "Medium", "vegetation_fraction": 1.0, "mean_dist_to_line_m": 691.2307863514183, "ndvi": 0.42385216367593015}, "geometry": {"type": "Point", "coordinates": [80.08431350584907, 26.03286252343429]}}, {"type": "Feature", "id": 799, "properties": {"segment_id": 799, "risk_score": 0.2609060732234555, "risk_category": "Low", "vegetation_fraction": 1.0, "mean_dist_to_line_m": 1950.0, "ndvi": 0.42836732043122483}, "geometry": {"type": "Point", "coordinates": [80.03239088242697, 26.040588034877718]}}, {"type": "Feature", "id": 800, "properties": {"segment_id": 800, "risk_score": 0.17785540174141812, "risk_category": "Low", "vegetation_fraction": 0.0, "mean_dist_to_line_m": 1620.9873534361705, "ndvi": 0.27949709864603484}, "geometry": {"type": "Point", "coordinates": [80.19256049758548, 26.00717070630847]}}, {"type": "Feature", "id": 801, "properties": {"segment_id": 801, "risk_score": 0.19180655852196643, "risk_category": "Low", "vegetation_fraction": 1.0, "mean_dist_to_line_m": 2596.2472917655587, "ndvi": 0.39635395329782874}, "geometry": {"type": "Point", "coordinates": [80.37824226681298, 25.98579080254643]}}, {"type": "Feature", "id": 802, "properties": {"segment_id": 802, "risk_score": 0.4708847819832407, "risk_category": "Medium", "vegetation_fraction": 1.0, "mean_dist_to_line_m": 318.27660925679095, "ndvi": 0.4513556618819777}, "geometry": {"type": "Point", "coordinates": [80.39782554000679, 25.947073413800876]}}, {"type": "Feature", "id": 803, "properties": {"segment_id": 803, "risk_score": 0.48543429902146484, "risk_category": "Medium", "vegetation_fraction": 1.0, "mean_dist_to_line_m": 269.2582403567252, "ndvi": 0.4584546750108433}, "geometry": {"type": "Point", "coordinates": [80.27394786232671, 26.00941649451877]}}, {"type": "Feature", "id": 804, "properties": {"segment_id": 804, "risk_score": 0.4611821294607984, "risk_category": "Medium", "vegetation_fraction": 1.0, "mean_dist_to_line_m": 218.40329667841556, "ndvi": 0.4196559989907061}, "geometry": {"type": "Point", "coordinates": [80.17926543138051, 26.022891223780565]}}, {"type": "Feature", "id": 805, "properties": {"segment_id": 805, "risk_score": 0.4234739693022368, "risk_category": "Medium", "vegetation_fraction": 1.0, "mean_dist_to_line_m": 1554.1557193537592, "ndvi": 0.579504132231405}, "geometry": {"type": "Point", "coordinates": [80.20235213418238, 26.01211144037113]}}, {"type": "Feature", "id": 806, "properties": {"segment_id": 806, "risk_score": 0.3435180476436188, "risk_category": "Low", "vegetation_fraction": 1.0, "mean_dist_to_line_m": 788.4795495128583, "ndvi": 0.38614794373022815}, "geometry": {"type": "Point", "coordinates": [80.23379316912656, 26.030706566752404]}}, {"type": "Feature", "id": 807, "properties": {"segment_id": 807, "risk_score": 0.36856157869808726, "risk_category": "Medium", "vegetation_fraction": 1.0, "mean_dist_to_line_m": 788.4795495128583, "ndvi": 0.41536539662710803}, "geometry": {"type": "Point", "coordinates": [80.13443949870295, 26.016513185263314]}}, {"type": "Feature", "id": 808, "properties": {"segment_id": 808, "risk_score": 0.3727561563350622, "risk_category": "Medium", "vegetation_fraction": 1.0, "mean_dist_to_line_m": 610.3277807866851, "ndvi": 0.3909476465271501}, "geometry": {"type": "Point", "coordinates": [80.00166849971008, 26.019118299587262]}}, {"type": "Feature", "id": 809, "properties": {"segment_id": 809, "risk_score": 0.19258705845737484, "risk_category": "Low", "vegetation_fraction": 1.0, "mean_dist_to_line_m": 1701.3524032369073, "ndvi": 0.3253594297450767}, "geometry": {"type": "Point", "coordinates": [80.28391916198044, 26.024867517405628]}}, {"type": "Feature", "id": 810, "properties": {"segment_id": 810, "risk_score": 0.11468301098650595, "risk_category": "Low", "vegetation_fraction": 1.0, "mean_dist_to_line_m": 2808.629559055448, "ndvi": 0.31921373200442965}, "geometry": {"type": "Point", "coordinates": [79.94121188108883, 26.00699104325165]}}, {"type": "Feature", "id": 811, "properties": {"segment_id": 811, "risk_score": 0.4296635193739929, "risk_category": "Medium", "vegetation_fraction": 1.0, "mean_dist_to_line_m": 1554.6703830716015, "ndvi": 0.5867804771284745}, "geometry": {"type": "Point", "coordinates": [80.22831344589343, 26.039060898894714]}}, {"type": "Feature", "id": 812, "properties": {"segment_id": 812, "risk_score": 0.33288909485363344, "risk_category": "Low", "vegetation_fraction": 1.0, "mean_dist_to_line_m": 932.148056909416, "ndvi": 0.39555555555555555}, "geometry": {"type": "Point", "coordinates": [79.92504220597468, 26.023969202121506]}}, {"type": "Feature", "id": 813, "properties": {"segment_id": 813, "risk_score": 0.3541459205853879, "risk_category": "Medium", "vegetation_fraction": 1.0, "mean_dist_to_line_m": 531.5072906367325, "ndvi": 0.35541052292321323}, "geometry": {"type": "Point", "coordinates": [80.13318185730517, 26.028460778542104]}}, {"type": "Feature", "id": 814, "properties": {"segment_id": 814, "risk_score": 0.22234206978437135, "risk_category": "Low", "vegetation_fraction": 1.0, "mean_dist_to_line_m": 2433.926868252208, "ndvi": 0.4212060076216095}, "geometry": {"type": "Point", "coordinates": [79.96968847559542, 26.04984068230415]}}, {"type": "Feature", "id": 815, "properties": {"segment_id": 815, "risk_score": 0.27789269170342484, "risk_category": "Low", "vegetation_fraction": 1.0, "mean_dist_to_line_m": 3323.567360532956, "ndvi": 0.5356347438752784}, "geometry": {"type": "Point", "coordinates": [79.95199166449827, 26.0539729326111]}}, {"type": "Feature", "id": 816, "properties": {"segment_id": 816, "risk_score": 0.34787056109830533, "risk_category": "Low", "vegetation_fraction": 1.0, "mean_dist_to_line_m": 1348.517704741024, "ndvi": 0.4680664916885389}, "geometry": {"type": "Point", "coordinates": [80.36728282034673, 25.977436470404115]}}, {"type": "Feature", "id": 817, "properties": {"segment_id": 817, "risk_score": 0.19648905286687518, "risk_category": "Low", "vegetation_fraction": 1.0, "mean_dist_to_line_m": 1547.19100307622, "ndvi": 0.3139399581103095}, "geometry": {"type": "Point", "coordinates": [79.92710833112815, 26.04624742116767]}}, {"type": "Feature", "id": 818, "properties": {"segment_id": 818, "risk_score": 0.12106132008732742, "risk_category": "Low", "vegetation_fraction": 0.0, "mean_dist_to_line_m": 2390.3347045968267, "ndvi": 0.2649298597194389}, "geometry": {"type": "Point", "coordinates": [80.3821050225347, 25.928118961305955]}}, {"type": "Feature", "id": 819, "properties": {"segment_id": 819, "risk_score": 0.27304881647403123, "risk_category": "Low", "vegetation_fraction": 1.0, "mean_dist_to_line_m": 1628.0663377147748, "ndvi": 0.4117921230482405}, "geometry": {"type": "Point", "coordinates": [80.23163721244468, 26.038971067366305]}}, {"type": "Feature", "id": 820, "properties": {"segment_id": 820, "risk_score": 0.1135100304070364, "risk_category": "Low", "vegetation_fraction": 0.0, "mean_dist_to_line_m": 2519.1466809219346, "ndvi": 0.26478485820944403}, "geometry": {"type": "Point", "coordinates": [79.99088871630065, 26.00294862447311]}}, {"type": "Feature", "id": 821, "properties": {"segment_id": 821, "risk_score": 0.3547902504982571, "risk_category": "Medium", "vegetation_fraction": 1.0, "mean_dist_to_line_m": 441.81444068749045, "ndvi": 0.339752794436467}, "geometry": {"type": "Point", "coordinates": [80.00598041307386, 26.020196277928207]}}, {"type": "Feature", "id": 822, "properties": {"segment_id": 822, "risk_score": 0.3610973855180105, "risk_category": "Medium", "vegetation_fraction": 1.0, "mean_dist_to_line_m": 1171.537451385998, "ndvi": 0.46149732620320855}, "geometry": {"type": "Point", "coordinates": [80.08880508226967, 26.036276121513946]}}, {"type": "Feature", "id": 823, "properties": {"segment_id": 823, "risk_score": 0.5666322370303061, "risk_category": "High", "vegetation_fraction": 1.0, "mean_dist_to_line_m": 246.98178070456936, "ndvi": 0.5486170866625691}, "geometry": {"type": "Point", "coordinates": [80.2979328804127, 25.996301091370626]}}, {"type": "Feature", "id": 824, "properties": {"segment_id": 824, "risk_score": 0.2918382930505123, "risk_category": "Low", "vegetation_fraction": 1.0, "mean_dist_to_line_m": 1033.1021246711284, "ndvi": 0.36207655081390233}, "geometry": {"type": "Point", "coordinates": [79.92055062955409, 26.04076769793454]}}, {"type": "Feature", "id": 825, "properties": {"segment_id": 825, "risk_score": 0.5160099547568009, "risk_category": "Medium", "vegetation_fraction": 1.0, "mean_dist_to_line_m": 331.05890714493694, "ndvi": 0.5065373260227752}, "geometry": {"type": "Point", "coordinates": [80.30197529919124, 26.00007401556393]}}, {"type": "Feature", "id": 826, "properties": {"segment_id": 826, "risk_score": 0.28012042871604687, "risk_category": "Low", "vegetation_fraction": 1.0, "mean_dist_to_line_m": 1933.3132182861627, "ndvi": 0.44930929524701474}, "geometry": {"type": "Point", "coordinates": [80.31383306094162, 26.009506326047184]}}, {"type": "Feature", "id": 827, "properties": {"segment_id": 827, "risk_score": 0.11372237378188225, "risk_category": "Low", "vegetation_fraction": 1.0, "mean_dist_to_line_m": 2756.0116110060203, "ndvi": 0.3150384193194292}, "geometry": {"type": "Point", "coordinates": [80.1589635059594, 25.998996037222984]}}, {"type": "Feature", "id": 828, "properties": {"segment_id": 828, "risk_score": 0.29840217057841356, "risk_category": "Low", "vegetation_fraction": 1.0, "mean_dist_to_line_m": 2118.726032312814, "ndvi": 0.48635346756152126}, "geometry": {"type": "Point", "coordinates": [80.41381555206412, 25.951115832579415]}}, {"type": "Feature", "id": 829, "properties": {"segment_id": 829, "risk_score": 0.6059797152056956, "risk_category": "High", "vegetation_fraction": 1.0, "mean_dist_to_line_m": 104.40306508910551, "ndvi": 0.5640454705261925}, "geometry": {"type": "Point", "coordinates": [80.3550657324827, 25.96854314909133]}}, {"type": "Feature", "id": 830, "properties": {"segment_id": 830, "risk_score": 0.28249367321887214, "risk_category": "Low", "vegetation_fraction": 1.0, "mean_dist_to_line_m": 2463.5746386095143, "ndvi": 0.4934163275077807}, "geometry": {"type": "Point", "coordinates": [80.39270514288731, 25.923178227243298]}}, {"type": "Feature", "id": 831, "properties": {"segment_id": 831, "risk_score": 0.47902652270099594, "risk_category": "Medium", "vegetation_fraction": 1.0, "mean_dist_to_line_m": 104.40306508910551, "ndvi": 0.4159334126040428}, "geometry": {"type": "Point", "coordinates": [80.24825604520089, 26.021004761683912]}}, {"type": "Feature", "id": 832, "properties": {"segment_id": 832, "risk_score": 0.4260548865128969, "risk_category": "Medium", "vegetation_fraction": 1.0, "mean_dist_to_line_m": 550.0, "ndvi": 0.4425970434267277}, "geometry": {"type": "Point", "coordinates": [80.05224365020601, 26.017860658189495]}}, {"type": "Feature", "id": 833, "properties": {"segment_id": 833, "risk_score": 0.48827159881041465, "risk_category": "Medium", "vegetation_fraction": 1.0, "mean_dist_to_line_m": 41.23105625617661, "ndvi": 0.41250562303193883}, "geometry": {"type": "Point", "coordinates": [79.93330670658858, 26.03178454509335]}}, {"type": "Feature", "id": 834, "properties": {"segment_id": 834, "risk_score": 0.44424506711165895, "risk_category": "Medium", "vegetation_fraction": 1.0, "mean_dist_to_line_m": 722.4956747275377, "ndvi": 0.49310964649490713}, "geometry": {"type": "Point", "coordinates": [79.95765105078823, 26.022442066138503]}}, {"type": "Feature", "id": 835, "properties": {"segment_id": 835, "risk_score": 0.3123336026488164, "risk_category": "Low", "vegetation_fraction": 1.0, "mean_dist_to_line_m": 1977.725966861941, "ndvi": 0.49078947368421055}, "geometry": {"type": "Point", "coordinates": [80.28796158075897, 26.02594549574657]}}, {"type": "Feature", "id": 836, "properties": {"segment_id": 836, "risk_score": 0.17222121532716092, "risk_category": "Low", "vegetation_fraction": 1.0, "mean_dist_to_line_m": 2086.2646045025067, "ndvi": 0.3364950838635049}, "geometry": {"type": "Point", "coordinates": [80.06140646610403, 26.005104581155]}}, {"type": "Feature", "id": 837, "properties": {"segment_id": 837, "risk_score": 0.3011829781250586, "risk_category": "Low", "vegetation_fraction": 1.0, "mean_dist_to_line_m": 1508.6417732516886, "ndvi": 0.43189284811726053}, "geometry": {"type": "Point", "coordinates": [80.13893107512354, 26.010943630501774]}}, {"type": "Feature", "id": 838, "properties": {"segment_id": 838, "risk_score": 0.4349383307015758, "risk_category": "Medium", "vegetation_fraction": 1.0, "mean_dist_to_line_m": 70.71067811865476, "ndvi": 0.35697228453578406}, "geometry": {"type": "Point", "coordinates": [80.05610640592772, 26.02262172919533]}}, {"type": "Feature", "id": 839, "properties": {"segment_id": 839, "risk_score": 0.2794525392581051, "risk_category": "Low", "vegetation_fraction": 1.0, "mean_dist_to_line_m": 2010.0, "ndvi": 0.455207132892582}, "geometry": {"type": "Point", "coordinates": [80.04667409544447, 26.004835086569763]}}, {"type": "Feature", "id": 840, "properties": {"segment_id": 840, "risk_score": 0.22932944748061995, "risk_category": "Low", "vegetation_fraction": 1.0, "mean_dist_to_line_m": 2162.2673285234646, "ndvi": 0.4092526690391459}, "geometry": {"type": "Point", "coordinates": [80.01101097866493, 26.043282980730076]}}, {"type": "Feature", "id": 841, "properties": {"segment_id": 841, "risk_score": 0.4999241838805841, "risk_category": "Medium", "vegetation_fraction": 1.0, "mean_dist_to_line_m": 110.0, "ndvi": 0.44155181214905564}, "geometry": {"type": "Point", "coordinates": [79.9725630845046, 26.028550610070518]}}, {"type": "Feature", "id": 842, "properties": {"segment_id": 842, "risk_score": 0.6310265953597575, "risk_category": "High", "vegetation_fraction": 1.0, "mean_dist_to_line_m": 480.0, "ndvi": 0.6691046927553254}, "geometry": {"type": "Point", "coordinates": [80.15375327731151, 26.03133538745129]}}, {"type": "Feature", "id": 843, "properties": {"segment_id": 843, "risk_score": 0.2706909928884187, "risk_category": "Low", "vegetation_fraction": 1.0, "mean_dist_to_line_m": 861.2200647918046, "ndvi": 0.31242037911514264}, "geometry": {"type": "Point", "coordinates": [80.13093606909487, 26.03097606133764]}}, {"type": "Feature", "id": 844, "properties": {"segment_id": 844, "risk_score": 0.4821893727027895, "risk_category": "Medium", "vegetation_fraction": 1.0, "mean_dist_to_line_m": 110.0, "ndvi": 0.4208611991082952}, "geometry": {"type": "Point", "coordinates": [80.02745014836431, 26.02217257155327]}}, {"type": "Feature", "id": 845, "properties": {"segment_id": 845, "risk_score": 0.4214461099103939, "risk_category": "Medium", "vegetation_fraction": 1.0, "mean_dist_to_line_m": 994.786409235671, "ndvi": 0.5079006772009029}, "geometry": {"type": "Point", "coordinates": [80.32003143640203, 25.972316073284635]}}, {"type": "Feature", "id": 846, "properties": {"segment_id": 846, "risk_score": 0.3756156926480875, "risk_category": "Medium", "vegetation_fraction": 1.0, "mean_dist_to_line_m": 1601.2495120998478, "ndvi": 0.5286624203821656}, "geometry": {"type": "Point", "coordinates": [80.19148251924453, 26.00717070630847]}}, {"type": "Feature", "id": 847, "properties": {"segment_id": 847, "risk_score": 0.3833514327556188, "risk_category": "Medium", "vegetation_fraction": 1.0, "mean_dist_to_line_m": 980.0510190801293, "ndvi": 0.4613583138173302}, "geometry": {"type": "Point", "coordinates": [80.2948786084467, 25.99046204202385]}}, {"type": "Feature", "id": 848, "properties": {"segment_id": 848, "risk_score": 0.30484198363408094, "risk_category": "Low", "vegetation_fraction": 1.0, "mean_dist_to_line_m": 1420.0, "ndvi": 0.4262150220913107}, "geometry": {"type": "Point", "coordinates": [80.02906711587572, 26.035916795400297]}}, {"type": "Feature", "id": 849, "properties": {"segment_id": 849, "risk_score": 0.19521361996585912, "risk_category": "Low", "vegetation_fraction": 1.0, "mean_dist_to_line_m": 2237.789087470041, "ndvi": 0.37531690497921105}, "geometry": {"type": "Point", "coordinates": [80.35515556401111, 25.946983582272466]}}, {"type": "Feature", "id": 850, "properties": {"segment_id": 850, "risk_score": 0.1916973824920682, "risk_category": "Low", "vegetation_fraction": 1.0, "mean_dist_to_line_m": 2140.0, "ndvi": 0.36357630477868313}, "geometry": {"type": "Point", "coordinates": [80.0454164540467, 26.003667276700405]}}, {"type": "Feature", "id": 851, "properties": {"segment_id": 851, "risk_score": 0.1895172200888387, "risk_category": "Low", "vegetation_fraction": 1.0, "mean_dist_to_line_m": 3451.7242068276546, "ndvi": 0.43802765006488}, "geometry": {"type": "Point", "coordinates": [80.21717433637035, 25.999804520978692]}}, {"type": "Feature", "id": 852, "properties": {"segment_id": 852, "risk_score": 0.393912673957117, "risk_category": "Medium", "vegetation_fraction": 1.0, "mean_dist_to_line_m": 388.329756778952, "ndvi": 0.3752544673150871}, "geometry": {"type": "Point", "coordinates": [80.25077132799642, 26.01579453303602]}}, {"type": "Feature", "id": 853, "properties": {"segment_id": 853, "risk_score": 0.4848859835167964, "risk_category": "Medium", "vegetation_fraction": 1.0, "mean_dist_to_line_m": 20.0, "ndvi": 0.40367705835331735}, "geometry": {"type": "Point", "coordinates": [79.99079888477223, 26.025586169632923]}}, {"type": "Feature", "id": 854, "properties": {"segment_id": 854, "risk_score": 0.31130189870053415, "risk_category": "Low", "vegetation_fraction": 1.0, "mean_dist_to_line_m": 1654.6903033498443, "ndvi": 0.4591549295774648}, "geometry": {"type": "Point", "coordinates": [80.28679377088962, 25.987946759228315]}}, {"type": "Feature", "id": 855, "properties": {"segment_id": 855, "risk_score": 0.3602922071214453, "risk_category": "Medium", "vegetation_fraction": 1.0, "mean_dist_to_line_m": 220.0, "ndvi": 0.3022849785033063}, "geometry": {"type": "Point", "coordinates": [80.03553498592139, 26.021094593212325]}}, {"type": "Feature", "id": 856, "properties": {"segment_id": 856, "risk_score": 0.5007494743650527, "risk_category": "Medium", "vegetation_fraction": 1.0, "mean_dist_to_line_m": 92.19544457292886, "ndvi": 0.4385650224215247}, "geometry": {"type": "Point", "coordinates": [80.37824226681298, 25.961176963761552]}}, {"type": "Feature", "id": 857, "properties": {"segment_id": 857, "risk_score": 0.25415630069798956, "risk_category": "Low", "vegetation_fraction": 1.0, "mean_dist_to_line_m": 1770.1129907438112, "ndvi": 0.4039266173157386}, "geometry": {"type": "Point", "coordinates": [80.16399407155048, 26.005643570325468]}}, {"type": "Feature", "id": 858, "properties": {"segment_id": 858, "risk_score": 0.26168418959590345, "risk_category": "Low", "vegetation_fraction": 1.0, "mean_dist_to_line_m": 2158.6338272157227, "ndvi": 0.4467120181405896}, "geometry": {"type": "Point", "coordinates": [80.24942385507025, 26.0396897195936]}}, {"type": "Feature", "id": 859, "properties": {"segment_id": 859, "risk_score": 0.362715590532322, "risk_category": "Medium", "vegetation_fraction": 1.0, "mean_dist_to_line_m": 1166.6190466471905, "ndvi": 0.46274558700415025}, "geometry": {"type": "Point", "coordinates": [80.13452933023136, 26.03465915400253]}}, {"type": "Feature", "id": 860, "properties": {"segment_id": 860, "risk_score": 0.40389386820974216, "risk_category": "Medium", "vegetation_fraction": 1.0, "mean_dist_to_line_m": 1751.1139311878026, "ndvi": 0.5767822232012556}, "geometry": {"type": "Point", "coordinates": [80.11476639398073, 26.035287974701415]}}, {"type": "Feature", "id": 861, "properties": {"segment_id": 861, "risk_score": 0.3220856226612269, "risk_category": "Low", "vegetation_fraction": 1.0, "mean_dist_to_line_m": 955.0916186418976, "ndvi": 0.38629142078983203}, "geometry": {"type": "Point", "coordinates": [80.27071392730387, 26.022082740024857]}}, {"type": "Feature", "id": 862, "properties": {"segment_id": 862, "risk_score": 0.24537848433117004, "risk_category": "Low", "vegetation_fraction": 1.0, "mean_dist_to_line_m": 1901.4205216100936, "ndvi": 0.40592389585748917}, "geometry": {"type": "Point", "coordinates": [80.40680869284799, 25.93207154855608]}}, {"type": "Feature", "id": 863, "properties": {"segment_id": 863, "risk_score": 0.20524621661459957, "risk_category": "Low", "vegetation_fraction": 1.0, "mean_dist_to_line_m": 2392.0702330826325, "ndvi": 0.39833822091886606}, "geometry": {"type": "Point", "coordinates": [80.00121934206801, 26.046337252696084]}}, {"type": "Feature", "id": 864, "properties": {"segment_id": 864, "risk_score": 0.08824818590546148, "risk_category": "Low", "vegetation_fraction": 1.0, "mean_dist_to_line_m": 3182.9074758779907, "ndvi": 0.30792917628945343}, "geometry": {"type": "Point", "coordinates": [80.25050183341119, 25.99136035730797]}}, {"type": "Feature", "id": 865, "properties": {"segment_id": 865, "risk_score": 0.31348470973244963, "risk_category": "Low", "vegetation_fraction": 1.0, "mean_dist_to_line_m": 1811.767093199344, "ndvi": 0.477112676056338}, "geometry": {"type": "Point", "coordinates": [80.24574076240535, 26.037354099854888]}}, {"type": "Feature", "id": 866, "properties": {"segment_id": 866, "risk_score": 0.4060291817001637, "risk_category": "Medium", "vegetation_fraction": 1.0, "mean_dist_to_line_m": 799.0619500389191, "ndvi": 0.4607379375591296}, "geometry": {"type": "Point", "coordinates": [80.30017866862299, 25.988485748398787]}}, {"type": "Feature", "id": 867, "properties": {"segment_id": 867, "risk_score": 0.28969437646912266, "risk_category": "Low", "vegetation_fraction": 1.0, "mean_dist_to_line_m": 2751.817581163403, "ndvi": 0.5200921423086767}, "geometry": {"type": "Point", "coordinates": [80.23316434842768, 25.998636711109338]}}, {"type": "Feature", "id": 868, "properties": {"segment_id": 868, "risk_score": 0.29908765933432, "risk_category": "Low", "vegetation_fraction": 1.0, "mean_dist_to_line_m": 1233.085560697229, "ndvi": 0.3970254600453743}, "geometry": {"type": "Point", "coordinates": [79.91453191715048, 26.036725279156006]}}, {"type": "Feature", "id": 869, "properties": {"segment_id": 869, "risk_score": 0.25484684635803484, "risk_category": "Low", "vegetation_fraction": 1.0, "mean_dist_to_line_m": 1254.830665866913, "ndvi": 0.34813524887534464}, "geometry": {"type": "Point", "coordinates": [80.00624990765908, 26.012830092598424]}}, {"type": "Feature", "id": 870, "properties": {"segment_id": 870, "risk_score": 0.11026214328244917, "risk_category": "Low", "vegetation_fraction": 0.0, "mean_dist_to_line_m": 2577.2077913897438, "ndvi": 0.29602157788267025}, "geometry": {"type": "Point", "coordinates": [80.3084431692369, 25.962524436687733]}}, {"type": "Feature", "id": 871, "properties": {"segment_id": 871, "risk_score": 0.1918970446367731, "risk_category": "Low", "vegetation_fraction": 1.0, "mean_dist_to_line_m": 1813.9735389470266, "ndvi": 0.3354683746997598}, "geometry": {"type": "Point", "coordinates": [79.94606278362308, 26.013728407882546]}}, {"type": "Feature", "id": 872, "properties": {"segment_id": 872, "risk_score": 0.19445788893740176, "risk_category": "Low", "vegetation_fraction": 0.0, "mean_dist_to_line_m": 1442.497833620557, "ndvi": -0.14803625377643503}, "geometry": {"type": "Point", "coordinates": [80.31230592495861, 26.004835086569763]}}, {"type": "Feature", "id": 873, "properties": {"segment_id": 873, "risk_score": 0.13993334458740658, "risk_category": "Low", "vegetation_fraction": 1.0, "mean_dist_to_line_m": 3343.411431457397, "ndvi": 0.3755566551212271}, "geometry": {"type": "Point", "coordinates": [80.33584178540254, 25.94491745711899]}}, {"type": "Feature", "id": 874, "properties": {"segment_id": 874, "risk_score": 0.2728885141081805, "risk_category": "Low", "vegetation_fraction": 1.0, "mean_dist_to_line_m": 1631.7475294910057, "ndvi": 0.4119853240929474}, "geometry": {"type": "Point", "coordinates": [80.24861537131453, 26.00474525504135]}}, {"type": "Feature", "id": 875, "properties": {"segment_id": 875, "risk_score": 0.19185306323548565, "risk_category": "Low", "vegetation_fraction": 1.0, "mean_dist_to_line_m": 2567.2553437474817, "ndvi": 0.39454767394547674}, "geometry": {"type": "Point", "coordinates": [79.91417259103683, 26.01202160884272]}}, {"type": "Feature", "id": 876, "properties": {"segment_id": 876, "risk_score": 0.21743301837941106, "risk_category": "Low", "vegetation_fraction": 1.0, "mean_dist_to_line_m": 2270.7928130941405, "ndvi": 0.40373431282522193}, "geometry": {"type": "Point", "coordinates": [79.92423372221897, 26.052894954270155]}}, {"type": "Feature", "id": 877, "properties": {"segment_id": 877, "risk_score": 0.41516180842424605, "risk_category": "Medium", "vegetation_fraction": 1.0, "mean_dist_to_line_m": 521.7278984298232, "ndvi": 0.4248421052631579}, "geometry": {"type": "Point", "coordinates": [80.1417158525043, 26.020735267098676]}}, {"type": "Feature", "id": 878, "properties": {"segment_id": 878, "risk_score": 0.4212332124231609, "risk_category": "Medium", "vegetation_fraction": 1.0, "mean_dist_to_line_m": 676.8308503607086, "ndvi": 0.45875251509054327}, "geometry": {"type": "Point", "coordinates": [80.11647319302055, 26.013189418712074]}}, {"type": "Feature", "id": 879, "properties": {"segment_id": 879, "risk_score": 0.3107354593896897, "risk_category": "Low", "vegetation_fraction": 1.0, "mean_dist_to_line_m": 929.7311439335567, "ndvi": 0.3693555793662941}, "geometry": {"type": "Point", "coordinates": [80.26837830756516, 26.02262172919533]}}, {"type": "Feature", "id": 880, "properties": {"segment_id": 880, "risk_score": 0.19243418937725593, "risk_category": "Low", "vegetation_fraction": 0.0, "mean_dist_to_line_m": 1463.4206503941373, "ndvi": 0.21436158912258338}, "geometry": {"type": "Point", "coordinates": [79.98469034084022, 26.01309958718366]}}, {"type": "Feature", "id": 881, "properties": {"segment_id": 881, "risk_score": 0.3372054240517286, "risk_category": "Low", "vegetation_fraction": 1.0, "mean_dist_to_line_m": 1691.4490828872147, "ndvi": 0.49309141660851363}, "geometry": {"type": "Point", "coordinates": [80.11135279590107, 26.0028587929447]}}, {"type": "Feature", "id": 882, "properties": {"segment_id": 882, "risk_score": 0.3939976239185405, "risk_category": "Medium", "vegetation_fraction": 1.0, "mean_dist_to_line_m": 1037.5451797391765, "ndvi": 0.4818802268576372}, "geometry": {"type": "Point", "coordinates": [80.08593047336049, 26.016513185263314]}}, {"type": "Feature", "id": 883, "properties": {"segment_id": 883, "risk_score": 0.26577843899999254, "risk_category": "Low", "vegetation_fraction": 1.0, "mean_dist_to_line_m": 1992.5109786397663, "ndvi": 0.4377537212449256}, "geometry": {"type": "Point", "coordinates": [80.15528041329452, 26.044899948241493]}}, {"type": "Feature", "id": 884, "properties": {"segment_id": 884, "risk_score": 0.12166039031177432, "risk_category": "Low", "vegetation_fraction": 0.0, "mean_dist_to_line_m": 2380.462140005591, "ndvi": 0.23686899652564888}, "geometry": {"type": "Point", "coordinates": [80.38614744131323, 25.980490742370122]}}, {"type": "Feature", "id": 885, "properties": {"segment_id": 885, "risk_score": 0.5077452130939786, "risk_category": "Medium", "vegetation_fraction": 1.0, "mean_dist_to_line_m": 243.51591323771842, "ndvi": 0.479200183865778}, "geometry": {"type": "Point", "coordinates": [80.36809130410244, 25.966836350051505]}}, {"type": "Feature", "id": 886, "properties": {"segment_id": 886, "risk_score": 0.39473754994343835, "risk_category": "Medium", "vegetation_fraction": 1.0, "mean_dist_to_line_m": 844.0379138403677, "ndvi": 0.45452372415441616}, "geometry": {"type": "Point", "coordinates": [80.15644822316388, 26.01579453303602]}}, {"type": "Feature", "id": 887, "properties": {"segment_id": 887, "risk_score": 0.26718056842746685, "risk_category": "Low", "vegetation_fraction": 1.0, "mean_dist_to_line_m": 1585.2129194527784, "ndvi": 0.40046773971660476}, "geometry": {"type": "Point", "coordinates": [79.91578955854825, 26.02145391932597]}}, {"type": "Feature", "id": 888, "properties": {"segment_id": 888, "risk_score": 0.21276664101352205, "risk_category": "Low", "vegetation_fraction": 0.0, "mean_dist_to_line_m": 1262.5371281669304, "ndvi": 0.2558947629684785}, "geometry": {"type": "Point", "coordinates": [79.9446254791685, 26.018848805002026]}}, {"type": "Feature", "id": 889, "properties": {"segment_id": 889, "risk_score": 0.24521442807268556, "risk_category": "Low", "vegetation_fraction": 1.0, "mean_dist_to_line_m": 1533.9491516996254, "ndvi": 0.36935603256846783}, "geometry": {"type": "Point", "coordinates": [79.94714076196402, 26.043911801428962]}}, {"type": "Feature", "id": 890, "properties": {"segment_id": 890, "risk_score": 0.3749714919352343, "risk_category": "Medium", "vegetation_fraction": 1.0, "mean_dist_to_line_m": 1026.1091559868278, "ndvi": 0.45809015273811005}, "geometry": {"type": "Point", "coordinates": [80.24547126782012, 26.03016757758193]}}, {"type": "Feature", "id": 891, "properties": {"segment_id": 891, "risk_score": 0.5162165875747866, "risk_category": "Medium", "vegetation_fraction": 1.0, "mean_dist_to_line_m": 667.0832032063167, "ndvi": 0.5679410409949333}, "geometry": {"type": "Point", "coordinates": [80.34572325352785, 25.97563983983588]}}, {"type": "Feature", "id": 892, "properties": {"segment_id": 892, "risk_score": 0.4291706444481667, "risk_category": "Medium", "vegetation_fraction": 1.0, "mean_dist_to_line_m": 1704.9633427144408, "ndvi": 0.601733164831197}, "geometry": {"type": "Point", "coordinates": [80.26092229070697, 26.00007401556393]}}, {"type": "Feature", "id": 893, "properties": {"segment_id": 893, "risk_score": 0.36110450619029355, "risk_category": "Medium", "vegetation_fraction": 1.0, "mean_dist_to_line_m": 2445.7309745759035, "ndvi": 0.5839087374335038}, "geometry": {"type": "Point", "coordinates": [80.18465532308522, 26.04400163295737]}}, {"type": "Feature", "id": 894, "properties": {"segment_id": 894, "risk_score": 0.19653313183240298, "risk_category": "Low", "vegetation_fraction": 0.0, "mean_dist_to_line_m": 1421.2670403551895, "ndvi": 0.24888982871643053}, "geometry": {"type": "Point", "coordinates": [80.12033594874227, 26.033581175661585]}}, {"type": "Feature", "id": 895, "properties": {"segment_id": 895, "risk_score": 0.22546013804998766, "risk_category": "Low", "vegetation_fraction": 1.0, "mean_dist_to_line_m": 2225.061796894639, "ndvi": 0.4096313912009512}, "geometry": {"type": "Point", "coordinates": [80.02933661046096, 26.003128287529936]}}, {"type": "Feature", "id": 896, "properties": {"segment_id": 896, "risk_score": 0.4250160066411195, "risk_category": "Medium", "vegetation_fraction": 1.0, "mean_dist_to_line_m": 356.93136595149497, "ndvi": 0.40546071770102543}, "geometry": {"type": "Point", "coordinates": [80.08700845170144, 26.0291794307694]}}, {"type": "Feature", "id": 897, "properties": {"segment_id": 897, "risk_score": 0.2149129402128933, "risk_category": "Low", "vegetation_fraction": 1.0, "mean_dist_to_line_m": 2640.549185302179, "ndvi": 0.4261028495472293}, "geometry": {"type": "Point", "coordinates": [80.19857920998908, 26.051547481343977]}}, {"type": "Feature", "id": 898, "properties": {"segment_id": 898, "risk_score": 0.29026615331196803, "risk_category": "Low", "vegetation_fraction": 1.0, "mean_dist_to_line_m": 1588.6157496386593, "ndvi": 0.427760028399006}, "geometry": {"type": "Point", "coordinates": [80.13048691145282, 26.008158853121003]}}, {"type": "Feature", "id": 899, "properties": {"segment_id": 899, "risk_score": 0.28013202011624216, "risk_category": "Low", "vegetation_fraction": 1.0, "mean_dist_to_line_m": 2835.365937581955, "ndvi": 0.5137591517293613}, "geometry": {"type": "Point", "coordinates": [80.41660032944489, 25.930454581044664]}}, {"type": "Feature", "id": 900, "properties": {"segment_id": 900, "risk_score": 0.3958241346656378, "risk_category": "Medium", "vegetation_fraction": 1.0, "mean_dist_to_line_m": 618.1423784210236, "ndvi": 0.41920152091254753}, "geometry": {"type": "Point", "coordinates": [79.94076272344678, 26.02504718046245]}}, {"type": "Feature", "id": 901, "properties": {"segment_id": 901, "risk_score": 0.35213194877536325, "risk_category": "Medium", "vegetation_fraction": 1.0, "mean_dist_to_line_m": 752.8612089887484, "ndvi": 0.39054412700700125}, "geometry": {"type": "Point", "coordinates": [80.27565466136653, 26.00429609739929]}}, {"type": "Feature", "id": 902, "properties": {"segment_id": 902, "risk_score": 0.28132650835803097, "risk_category": "Low", "vegetation_fraction": 1.0, "mean_dist_to_line_m": 1674.3058263053379, "ndvi": 0.4261749434163227}, "geometry": {"type": "Point", "coordinates": [80.18600279601141, 26.036276121513946]}}, {"type": "Feature", "id": 903, "properties": {"segment_id": 903, "risk_score": 0.1682826061152788, "risk_category": "Low", "vegetation_fraction": 1.0, "mean_dist_to_line_m": 2457.9056125083403, "ndvi": 0.35978358881875566}, "geometry": {"type": "Point", "coordinates": [80.17010261548249, 25.998906205694574]}}, {"type": "Feature", "id": 904, "properties": {"segment_id": 904, "risk_score": 0.23366240147410303, "risk_category": "Low", "vegetation_fraction": 0.0, "mean_dist_to_line_m": 1075.174404457249, "ndvi": 0.1948784722222222}, "geometry": {"type": "Point", "coordinates": [80.38632710437005, 25.96611769782421]}}, {"type": "Feature", "id": 905, "properties": {"segment_id": 905, "risk_score": 0.3015703811668847, "risk_category": "Low", "vegetation_fraction": 1.0, "mean_dist_to_line_m": 2020.0, "ndvi": 0.4818632542279879}, "geometry": {"type": "Point", "coordinates": [80.0287976212905, 26.005014749626586]}}, {"type": "Feature", "id": 906, "properties": {"segment_id": 906, "risk_score": 0.3209773601971049, "risk_category": "Low", "vegetation_fraction": 1.0, "mean_dist_to_line_m": 2199.931817125249, "ndvi": 0.5191284519888523}, "geometry": {"type": "Point", "coordinates": [80.2250795108706, 26.005104581155]}}, {"type": "Feature", "id": 907, "properties": {"segment_id": 907, "risk_score": 0.1838517830879192, "risk_category": "Low", "vegetation_fraction": 1.0, "mean_dist_to_line_m": 1940.0, "ndvi": 0.3375883291543196}, "geometry": {"type": "Point", "coordinates": [80.0341875129952, 26.005643570325468]}}, {"type": "Feature", "id": 908, "properties": {"segment_id": 908, "risk_score": 0.17925831319321933, "risk_category": "Low", "vegetation_fraction": 1.0, "mean_dist_to_line_m": 2905.236651290218, "ndvi": 0.39995480736639927}, "geometry": {"type": "Point", "coordinates": [80.0619454552745, 26.048672872434793]}}, {"type": "Feature", "id": 909, "properties": {"segment_id": 909, "risk_score": 0.3134381634431701, "risk_category": "Low", "vegetation_fraction": 1.0, "mean_dist_to_line_m": 1420.0352108310553, "ndvi": 0.43624793777987275}, "geometry": {"type": "Point", "coordinates": [80.3378180790276, 25.98677894935896]}}, {"type": "Feature", "id": 910, "properties": {"segment_id": 910, "risk_score": 0.43710781026322854, "risk_category": "Medium", "vegetation_fraction": 1.0, "mean_dist_to_line_m": 100.0, "ndvi": 0.3660520472067667}, "geometry": {"type": "Point", "coordinates": [80.18483498614205, 26.020286109456617]}}, {"type": "Feature", "id": 911, "properties": {"segment_id": 911, "risk_score": 0.3071669896193349, "risk_category": "Low", "vegetation_fraction": 1.0, "mean_dist_to_line_m": 1720.523176246109, "ndvi": 0.4609375}, "geometry": {"type": "Point", "coordinates": [79.94965604475956, 26.045349105883552]}}, {"type": "Feature", "id": 912, "properties": {"segment_id": 912, "risk_score": 0.2099197800016543, "risk_category": "Low", "vegetation_fraction": 1.0, "mean_dist_to_line_m": 2822.4280327406045, "ndvi": 0.4311111111111111}, "geometry": {"type": "Point", "coordinates": [80.33144004051036, 26.00537407574023]}}, {"type": "Feature", "id": 913, "properties": {"segment_id": 913, "risk_score": 0.17792964436308517, "risk_category": "Low", "vegetation_fraction": 1.0, "mean_dist_to_line_m": 2668.332812825267, "ndvi": 0.38467502261274067}, "geometry": {"type": "Point", "coordinates": [79.90285381845693, 26.022801392252152]}}, {"type": "Feature", "id": 914, "properties": {"segment_id": 914, "risk_score": 0.22333176307914243, "risk_category": "Low", "vegetation_fraction": 1.0, "mean_dist_to_line_m": 2323.1228981696167, "ndvi": 0.4144884241971621}, "geometry": {"type": "Point", "coordinates": [80.27206140023006, 25.990641705080673]}}, {"type": "Feature", "id": 915, "properties": {"segment_id": 915, "risk_score": 0.438997272479115, "risk_category": "Medium", "vegetation_fraction": 1.0, "mean_dist_to_line_m": 30.0, "ndvi": 0.35244457941087154}, "geometry": {"type": "Point", "coordinates": [80.26685117158216, 26.013997902467782]}}, {"type": "Feature", "id": 916, "properties": {"segment_id": 916, "risk_score": 0.4252428705110324, "risk_category": "Medium", "vegetation_fraction": 1.0, "mean_dist_to_line_m": 651.9202405202648, "ndvi": 0.4592608280054261}, "geometry": {"type": "Point", "coordinates": [80.08206771763878, 26.032952354962703]}}, {"type": "Feature", "id": 917, "properties": {"segment_id": 917, "risk_score": 0.311236786495069, "risk_category": "Low", "vegetation_fraction": 1.0, "mean_dist_to_line_m": 2047.0710783946902, "ndvi": 0.49542584718464117}, "geometry": {"type": "Point", "coordinates": [79.98343269944245, 26.044989779769903]}}, {"type": "Feature", "id": 918, "properties": {"segment_id": 918, "risk_score": 0.418060418775089, "risk_category": "Medium", "vegetation_fraction": 1.0, "mean_dist_to_line_m": 2372.277386816306, "ndvi": 0.6452179828788479}, "geometry": {"type": "Point", "coordinates": [80.07209641798505, 26.004116434342468]}}, {"type": "Feature", "id": 919, "properties": {"segment_id": 919, "risk_score": 0.24891784395931218, "risk_category": "Low", "vegetation_fraction": 0.0, "mean_dist_to_line_m": 948.6832980505137, "ndvi": 0.2773984492535586}, "geometry": {"type": "Point", "coordinates": [80.32757728478865, 25.968004159920863]}}, {"type": "Feature", "id": 920, "properties": {"segment_id": 920, "risk_score": 0.27103555257618006, "risk_category": "Low", "vegetation_fraction": 1.0, "mean_dist_to_line_m": 1286.5846260545786, "ndvi": 0.37094715343375034}, "geometry": {"type": "Point", "coordinates": [80.00876519045462, 26.012291103427955]}}, {"type": "Feature", "id": 921, "properties": {"segment_id": 921, "risk_score": 0.1592886781514599, "risk_category": "Low", "vegetation_fraction": 1.0, "mean_dist_to_line_m": 2261.725005388586, "ndvi": 0.3352179034157833}, "geometry": {"type": "Point", "coordinates": [79.94507463681055, 26.00977582063242]}}, {"type": "Feature", "id": 922, "properties": {"segment_id": 922, "risk_score": 0.21431626632538092, "risk_category": "Low", "vegetation_fraction": 1.0, "mean_dist_to_line_m": 3090.064724241225, "ndvi": 0.45049332559489264}, "geometry": {"type": "Point", "coordinates": [80.32479250740786, 26.013279250240487]}}, {"type": "Feature", "id": 923, "properties": {"segment_id": 923, "risk_score": 0.34232527364837007, "risk_category": "Low", "vegetation_fraction": 1.0, "mean_dist_to_line_m": 510.0, "ndvi": 0.3377517868745939}, "geometry": {"type": "Point", "coordinates": [80.05089617727982, 26.027382800201163]}}, {"type": "Feature", "id": 924, "properties": {"segment_id": 924, "risk_score": 0.31677883702215137, "risk_category": "Low", "vegetation_fraction": 1.0, "mean_dist_to_line_m": 1508.6417732516886, "ndvi": 0.45008801683053545}, "geometry": {"type": "Point", "coordinates": [80.13291236271994, 26.0374439313833]}}, {"type": "Feature", "id": 925, "properties": {"segment_id": 925, "risk_score": 0.224148382046989, "risk_category": "Low", "vegetation_fraction": 1.0, "mean_dist_to_line_m": 2715.437349673161, "ndvi": 0.44145785876993165}, "geometry": {"type": "Point", "coordinates": [80.3768947938868, 25.98722810700102]}}, {"type": "Feature", "id": 926, "properties": {"segment_id": 926, "risk_score": 0.27713031595076776, "risk_category": "Low", "vegetation_fraction": 1.0, "mean_dist_to_line_m": 2884.995667241114, "ndvi": 0.5130282461134223}, "geometry": {"type": "Point", "coordinates": [80.36512686366484, 25.935485146635735]}}, {"type": "Feature", "id": 927, "properties": {"segment_id": 927, "risk_score": 0.32803206971281534, "risk_category": "Low", "vegetation_fraction": 1.0, "mean_dist_to_line_m": 1056.834897228512, "ndvi": 0.4075867191153412}, "geometry": {"type": "Point", "coordinates": [80.1769298116418, 26.010943630501774]}}, {"type": "Feature", "id": 928, "properties": {"segment_id": 928, "risk_score": 0.17341325726294254, "risk_category": "Low", "vegetation_fraction": 1.0, "mean_dist_to_line_m": 3352.7600570276422, "ndvi": 0.4150255288110868}, "geometry": {"type": "Point", "coordinates": [79.90402162832629, 26.01067413591654]}}, {"type": "Feature", "id": 929, "properties": {"segment_id": 929, "risk_score": 0.20270243463538745, "risk_category": "Low", "vegetation_fraction": 1.0, "mean_dist_to_line_m": 2180.73382144635, "ndvi": 0.37964270145534973}, "geometry": {"type": "Point", "coordinates": [80.05637590051296, 26.043193149201667]}}, {"type": "Feature", "id": 930, "properties": {"segment_id": 930, "risk_score": 0.7026449016917448, "risk_category": "High", "vegetation_fraction": 1.0, "mean_dist_to_line_m": 28.284271247461902, "ndvi": 0.65963893447797}, "geometry": {"type": "Point", "coordinates": [80.30493973962884, 25.993516313989854]}}, {"type": "Feature", "id": 931, "properties": {"segment_id": 931, "risk_score": 0.22765523086206502, "risk_category": "Low", "vegetation_fraction": 1.0, "mean_dist_to_line_m": 2299.956521328175, "ndvi": 0.4178307313064914}, "geometry": {"type": "Point", "coordinates": [80.06050815081991, 26.044899948241493]}}, {"type": "Feature", "id": 932, "properties": {"segment_id": 932, "risk_score": 0.36409250567363804, "risk_category": "Medium", "vegetation_fraction": 1.0, "mean_dist_to_line_m": 509.9019513592785, "ndvi": 0.3631291619173316}, "geometry": {"type": "Point", "coordinates": [80.07964226637165, 26.02217257155327]}}, {"type": "Feature", "id": 933, "properties": {"segment_id": 933, "risk_score": 0.2875694933727705, "risk_category": "Low", "vegetation_fraction": 0.0, "mean_dist_to_line_m": 660.0, "ndvi": 0.28077007862443976}, "geometry": {"type": "Point", "coordinates": [80.1844756600284, 26.027113305615927]}}, {"type": "Feature", "id": 934, "properties": {"segment_id": 934, "risk_score": 0.25805923444924256, "risk_category": "Low", "vegetation_fraction": 1.0, "mean_dist_to_line_m": 1778.004499431877, "ndvi": 0.4092384519350811}, "geometry": {"type": "Point", "coordinates": [80.39548992026808, 25.964500730312796]}}, {"type": "Feature", "id": 935, "properties": {"segment_id": 935, "risk_score": 0.24080055616458113, "risk_category": "Low", "vegetation_fraction": 1.0, "mean_dist_to_line_m": 1333.7541002748594, "ndvi": 0.3413897280966767}, "geometry": {"type": "Point", "coordinates": [79.94148137567407, 26.042654160031194]}}, {"type": "Feature", "id": 936, "properties": {"segment_id": 936, "risk_score": 0.4358246621487025, "risk_category": "Medium", "vegetation_fraction": 1.0, "mean_dist_to_line_m": 480.0, "ndvi": 0.4413691040090946}, "geometry": {"type": "Point", "coordinates": [80.0213416044323, 26.01893863653044]}}, {"type": "Feature", "id": 937, "properties": {"segment_id": 937, "risk_score": 0.24821370798245446, "risk_category": "Low", "vegetation_fraction": 1.0, "mean_dist_to_line_m": 1253.9936203984453, "ndvi": 0.3402922755741127}, "geometry": {"type": "Point", "coordinates": [79.97561735647061, 26.038611741252655]}}, {"type": "Feature", "id": 938, "properties": {"segment_id": 938, "risk_score": 0.5880780049401393, "risk_category": "High", "vegetation_fraction": 1.0, "mean_dist_to_line_m": 256.3201123595259, "ndvi": 0.5755584756898817}, "geometry": {"type": "Point", "coordinates": [80.2671206661674, 26.011752114257483]}}, {"type": "Feature", "id": 939, "properties": {"segment_id": 939, "risk_score": 0.12024854164513354, "risk_category": "Low", "vegetation_fraction": 1.0, "mean_dist_to_line_m": 2875.1347794494786, "ndvi": 0.3294543857723131}, "geometry": {"type": "Point", "coordinates": [80.25571206205908, 25.99127052577956]}}, {"type": "Feature", "id": 940, "properties": {"segment_id": 940, "risk_score": 0.34581970522028554, "risk_category": "Low", "vegetation_fraction": 1.0, "mean_dist_to_line_m": 1412.267680009707, "ndvi": 0.47313361864003806}, "geometry": {"type": "Point", "coordinates": [79.95702223008934, 26.041845676275486]}}, {"type": "Feature", "id": 941, "properties": {"segment_id": 941, "risk_score": 0.5280371598641169, "risk_category": "Medium", "vegetation_fraction": 1.0, "mean_dist_to_line_m": 1018.6756107809787, "ndvi": 0.635626453971419}, "geometry": {"type": "Point", "coordinates": [80.23442198982545, 26.032682860377466]}}, {"type": "Feature", "id": 942, "properties": {"segment_id": 942, "risk_score": 0.3700114039445964, "risk_category": "Medium", "vegetation_fraction": 1.0, "mean_dist_to_line_m": 542.3098745182499, "ndvi": 0.3758474089394462}, "geometry": {"type": "Point", "coordinates": [79.97795297620932, 26.022082740024857]}}, {"type": "Feature", "id": 943, "properties": {"segment_id": 943, "risk_score": 0.3684314529284093, "risk_category": "Medium", "vegetation_fraction": 1.0, "mean_dist_to_line_m": 691.2307863514183, "ndvi": 0.39953719008264466}, "geometry": {"type": "Point", "coordinates": [80.08251687528083, 26.02046577251344]}}, {"type": "Feature", "id": 944, "properties": {"segment_id": 944, "risk_score": 0.524311586250367, "risk_category": "Medium", "vegetation_fraction": 1.0, "mean_dist_to_line_m": 953.3624704172071, "ndvi": 0.621971330711658}, "geometry": {"type": "Point", "coordinates": [80.23451182135386, 26.032054039678584]}}, {"type": "Feature", "id": 945, "properties": {"segment_id": 945, "risk_score": 0.46045747577143814, "risk_category": "Medium", "vegetation_fraction": 1.0, "mean_dist_to_line_m": 1758.2377541163196, "ndvi": 0.6434643995749203}, "geometry": {"type": "Point", "coordinates": [80.37428967956285, 25.979143269443945]}}, {"type": "Feature", "id": 946, "properties": {"segment_id": 946, "risk_score": 0.31253983028352406, "risk_category": "Low", "vegetation_fraction": 1.0, "mean_dist_to_line_m": 1086.6922287382017, "ndvi": 0.3935890698896479}, "geometry": {"type": "Point", "coordinates": [80.20837084658598, 26.019297962644085]}}, {"type": "Feature", "id": 947, "properties": {"segment_id": 947, "risk_score": 0.3551328642158903, "risk_category": "Medium", "vegetation_fraction": 1.0, "mean_dist_to_line_m": 2156.687274502263, "ndvi": 0.555581048525869}, "geometry": {"type": "Point", "coordinates": [80.29371079857734, 25.97761613346094]}}, {"type": "Feature", "id": 948, "properties": {"segment_id": 948, "risk_score": 0.35624382191705983, "risk_category": "Medium", "vegetation_fraction": 1.0, "mean_dist_to_line_m": 785.175139698144, "ndvi": 0.40047442887049994}, "geometry": {"type": "Point", "coordinates": [80.03778077413169, 26.03007774605352]}}, {"type": "Feature", "id": 949, "properties": {"segment_id": 949, "risk_score": 0.43750748489799424, "risk_category": "Medium", "vegetation_fraction": 1.0, "mean_dist_to_line_m": 171.17242768623692, "ndvi": 0.3820375335120643}, "geometry": {"type": "Point", "coordinates": [80.35470640636905, 25.9660278662958]}}, {"type": "Feature", "id": 950, "properties": {"segment_id": 950, "risk_score": 0.14900140714417343, "risk_category": "Low", "vegetation_fraction": 1.0, "mean_dist_to_line_m": 2578.4685377176897, "ndvi": 0.34527687296416937}, "geometry": {"type": "Point", "coordinates": [80.2814937107133, 26.033940501775234]}}, {"type": "Feature", "id": 951, "properties": {"segment_id": 951, "risk_score": 0.37593641747703593, "risk_category": "Medium", "vegetation_fraction": 1.0, "mean_dist_to_line_m": 240.20824298928628, "ndvi": 0.32473937650306306}, "geometry": {"type": "Point", "coordinates": [80.06203528680291, 26.026394653388632]}}, {"type": "Feature", "id": 952, "properties": {"segment_id": 952, "risk_score": 0.40563443745718036, "risk_category": "Medium", "vegetation_fraction": 1.0, "mean_dist_to_line_m": 562.2277118748239, "ndvi": 0.42093373493975905}, "geometry": {"type": "Point", "coordinates": [79.92594052125881, 26.027203137144337]}}, {"type": "Feature", "id": 953, "properties": {"segment_id": 953, "risk_score": 0.36003407870224513, "risk_category": "Medium", "vegetation_fraction": 1.0, "mean_dist_to_line_m": 1543.9235732380018, "ndvi": 0.5043904664157829}, "geometry": {"type": "Point", "coordinates": [79.98109707970374, 26.04067786640613]}}, {"type": "Feature", "id": 954, "properties": {"segment_id": 954, "risk_score": 0.22254977780040888, "risk_category": "Low", "vegetation_fraction": 1.0, "mean_dist_to_line_m": 2586.4261056523537, "ndvi": 0.4315937940761636}, "geometry": {"type": "Point", "coordinates": [80.34195032933455, 25.996570585955862]}}, {"type": "Feature", "id": 955, "properties": {"segment_id": 955, "risk_score": 0.3767860199436889, "risk_category": "Medium", "vegetation_fraction": 1.0, "mean_dist_to_line_m": 1278.8275880665071, "ndvi": 0.4933696021761306}, "geometry": {"type": "Point", "coordinates": [79.9732817367319, 26.039060898894714]}}, {"type": "Feature", "id": 956, "properties": {"segment_id": 956, "risk_score": 0.39629600104808493, "risk_category": "Medium", "vegetation_fraction": 1.0, "mean_dist_to_line_m": 847.17176534632, "ndvi": 0.4568210262828536}, "geometry": {"type": "Point", "coordinates": [80.17198907757914, 26.013279250240487]}}, {"type": "Feature", "id": 957, "properties": {"segment_id": 957, "risk_score": 0.48885784959556544, "risk_category": "Medium", "vegetation_fraction": 1.0, "mean_dist_to_line_m": 474.1307836451879, "ndvi": 0.5021622996692954}, "geometry": {"type": "Point", "coordinates": [80.33763841597077, 25.976807649705233]}}, {"type": "Feature", "id": 958, "properties": {"segment_id": 958, "risk_score": 0.24616264525965453, "risk_category": "Low", "vegetation_fraction": 1.0, "mean_dist_to_line_m": 2029.7044119772713, "ndvi": 0.41804362194315925}, "geometry": {"type": "Point", "coordinates": [79.91812517828696, 26.0494813561905]}}, {"type": "Feature", "id": 959, "properties": {"segment_id": 959, "risk_score": 0.3297312912245242, "risk_category": "Low", "vegetation_fraction": 1.0, "mean_dist_to_line_m": 1278.8275880665071, "ndvi": 0.43847241867043846}, "geometry": {"type": "Point", "coordinates": [79.99861422774407, 26.03654561609918]}}, {"type": "Feature", "id": 960, "properties": {"segment_id": 960, "risk_score": 0.2774346449969442, "risk_category": "Low", "vegetation_fraction": 1.0, "mean_dist_to_line_m": 3225.926223582926, "ndvi": 0.5306688585225522}, "geometry": {"type": "Point", "coordinates": [80.40474256769451, 25.973663546210815]}}, {"type": "Feature", "id": 961, "properties": {"segment_id": 961, "risk_score": 0.10891802718287283, "risk_category": "Low", "vegetation_fraction": 1.0, "mean_dist_to_line_m": 3167.838379715733, "ndvi": 0.3313253012048193}, "geometry": {"type": "Point", "coordinates": [80.2889497275715, 25.969531295903863]}}, {"type": "Feature", "id": 962, "properties": {"segment_id": 962, "risk_score": 0.2407707546163097, "risk_category": "Low", "vegetation_fraction": 1.0, "mean_dist_to_line_m": 2604.6496885377887, "ndvi": 0.4540130440569679}, "geometry": {"type": "Point", "coordinates": [79.90509960666724, 26.019836951814558]}}, {"type": "Feature", "id": 963, "properties": {"segment_id": 963, "risk_score": 0.5992885684450968, "risk_category": "High", "vegetation_fraction": 1.0, "mean_dist_to_line_m": 294.10882339705483, "ndvi": 0.5963213939980639}, "geometry": {"type": "Point", "coordinates": [80.29038703202609, 25.999984184035515]}}, {"type": "Feature", "id": 964, "properties": {"segment_id": 964, "risk_score": 0.3314879553952186, "risk_category": "Low", "vegetation_fraction": 1.0, "mean_dist_to_line_m": 1370.5838172107533, "ndvi": 0.4515625}, "geometry": {"type": "Point", "coordinates": [79.95594425174839, 26.04157618169025]}}, {"type": "Feature", "id": 965, "properties": {"segment_id": 965, "risk_score": 0.31411105942143835, "risk_category": "Low", "vegetation_fraction": 1.0, "mean_dist_to_line_m": 1020.7840124139876, "ndvi": 0.38634146341463416}, "geometry": {"type": "Point", "coordinates": [79.94678143585037, 26.02082509862709]}}, {"type": "Feature", "id": 966, "properties": {"segment_id": 966, "risk_score": 0.34890592224802014, "risk_category": "Low", "vegetation_fraction": 1.0, "mean_dist_to_line_m": 560.4462507680821, "ndvi": 0.3544365172819838}, "geometry": {"type": "Point", "coordinates": [80.17719930622704, 26.015525038450782]}}, {"type": "Feature", "id": 967, "properties": {"segment_id": 967, "risk_score": 0.21020810585585317, "risk_category": "Low", "vegetation_fraction": 1.0, "mean_dist_to_line_m": 2841.2145290350745, "ndvi": 0.43251139418020335}, "geometry": {"type": "Point", "coordinates": [79.97112578005002, 26.051367818287154]}}, {"type": "Feature", "id": 968, "properties": {"segment_id": 968, "risk_score": 0.27507984643081373, "risk_category": "Low", "vegetation_fraction": 1.0, "mean_dist_to_line_m": 1300.0, "ndvi": 0.3773051250141419}, "geometry": {"type": "Point", "coordinates": [80.32551115963517, 25.965578708653737]}}, {"type": "Feature", "id": 969, "properties": {"segment_id": 969, "risk_score": 0.2625795271043851, "risk_category": "Low", "vegetation_fraction": 1.0, "mean_dist_to_line_m": 1421.442928857856, "ndvi": 0.3770742915496553}, "geometry": {"type": "Point", "coordinates": [79.97130544310684, 26.014806386223487]}}, {"type": "Feature", "id": 970, "properties": {"segment_id": 970, "risk_score": 0.5589757993115327, "risk_category": "High", "vegetation_fraction": 1.0, "mean_dist_to_line_m": 532.2593352868505, "ndvi": 0.5945132151221144}, "geometry": {"type": "Point", "coordinates": [80.29532776608875, 26.00573340185388]}}, {"type": "Feature", "id": 971, "properties": {"segment_id": 971, "risk_score": 0.5645344209746116, "risk_category": "High", "vegetation_fraction": 1.0, "mean_dist_to_line_m": 220.0, "ndvi": 0.5405675613320003}, "geometry": {"type": "Point", "coordinates": [79.96393925777706, 26.026394653388632]}}, {"type": "Feature", "id": 972, "properties": {"segment_id": 972, "risk_score": 0.28971222514054085, "risk_category": "Low", "vegetation_fraction": 1.0, "mean_dist_to_line_m": 2130.2112571292078, "ndvi": 0.4771415889924545}, "geometry": {"type": "Point", "coordinates": [80.1799840836078, 26.001690983075342]}}, {"type": "Feature", "id": 973, "properties": {"segment_id": 973, "risk_score": 0.30196299310064234, "risk_category": "Low", "vegetation_fraction": 1.0, "mean_dist_to_line_m": 1821.4829123546563, "ndvi": 0.4645847476804707}, "geometry": {"type": "Point", "coordinates": [80.13731410761213, 26.041396518633427]}}, {"type": "Feature", "id": 974, "properties": {"segment_id": 974, "risk_score": 0.3655242726172786, "risk_category": "Medium", "vegetation_fraction": 1.0, "mean_dist_to_line_m": 1227.8843593759145, "ndvi": 0.47387887193712436}, "geometry": {"type": "Point", "coordinates": [80.19139268771612, 26.035377806229825]}}, {"type": "Feature", "id": 975, "properties": {"segment_id": 975, "risk_score": 0.16765912049932624, "risk_category": "Low", "vegetation_fraction": 1.0, "mean_dist_to_line_m": 1775.387281693772, "ndvi": 0.30352045670789723}, "geometry": {"type": "Point", "coordinates": [80.25157981175212, 26.03564730081506]}}, {"type": "Feature", "id": 976, "properties": {"segment_id": 976, "risk_score": 0.5670315617996755, "risk_category": "High", "vegetation_fraction": 1.0, "mean_dist_to_line_m": 40.0, "ndvi": 0.504110774556469}, "geometry": {"type": "Point", "coordinates": [79.96636470904419, 26.028550610070518]}}, {"type": "Feature", "id": 977, "properties": {"segment_id": 977, "risk_score": 0.17077010917494143, "risk_category": "Low", "vegetation_fraction": 0.0, "mean_dist_to_line_m": 1702.292571798397, "ndvi": 0.22497687326549495}, "geometry": {"type": "Point", "coordinates": [80.19318931828435, 26.00654188560959]}}, {"type": "Feature", "id": 978, "properties": {"segment_id": 978, "risk_score": 0.32000356087037135, "risk_category": "Low", "vegetation_fraction": 1.0, "mean_dist_to_line_m": 890.5054744357274, "ndvi": 0.374361730717549}, "geometry": {"type": "Point", "coordinates": [79.97040712782272, 26.035826963871884]}}, {"type": "Feature", "id": 979, "properties": {"segment_id": 979, "risk_score": 0.12992919074263895, "risk_category": "Low", "vegetation_fraction": 1.0, "mean_dist_to_line_m": 2817.8005607210744, "ndvi": 0.33752515986533904}, "geometry": {"type": "Point", "coordinates": [80.22831344589343, 25.999445194865043]}}, {"type": "Feature", "id": 980, "properties": {"segment_id": 980, "risk_score": 0.3920440538646492, "risk_category": "Medium", "vegetation_fraction": 1.0, "mean_dist_to_line_m": 335.26109228480425, "ndvi": 0.36274049741905207}, "geometry": {"type": "Point", "coordinates": [80.21771332554083, 26.02405903364992]}}, {"type": "Feature", "id": 981, "properties": {"segment_id": 981, "risk_score": 0.255033879369439, "risk_category": "Low", "vegetation_fraction": 1.0, "mean_dist_to_line_m": 2826.764935398768, "ndvi": 0.4839907192575406}, "geometry": {"type": "Point", "coordinates": [80.28643444477596, 25.97617882900635]}}, {"type": "Feature", "id": 982, "properties": {"segment_id": 982, "risk_score": 0.4372748759042478, "risk_category": "Medium", "vegetation_fraction": 1.0, "mean_dist_to_line_m": 430.0, "ndvi": 0.4337680164722032}, "geometry": {"type": "Point", "coordinates": [80.02349756111418, 26.0193877941725]}}, {"type": "Feature", "id": 983, "properties": {"segment_id": 983, "risk_score": 0.27175618737764207, "risk_category": "Low", "vegetation_fraction": 1.0, "mean_dist_to_line_m": 2188.2641522448794, "ndvi": 0.4607948442534909}, "geometry": {"type": "Point", "coordinates": [80.14890237477726, 26.006362222552763]}}, {"type": "Feature", "id": 984, "properties": {"segment_id": 984, "risk_score": 0.2678186208296118, "risk_category": "Low", "vegetation_fraction": 0.0, "mean_dist_to_line_m": 802.3091673413684, "ndvi": 0.2581353563585546}, "geometry": {"type": "Point", "coordinates": [80.35847933056235, 25.959470164721726]}}, {"type": "Feature", "id": 985, "properties": {"segment_id": 985, "risk_score": 0.358146323873118, "risk_category": "Medium", "vegetation_fraction": 1.0, "mean_dist_to_line_m": 1084.665847162157, "ndvi": 0.44652189060504005}, "geometry": {"type": "Point", "coordinates": [80.26011380695127, 26.026753979502278]}}, {"type": "Feature", "id": 986, "properties": {"segment_id": 986, "risk_score": 0.1605546943189481, "risk_category": "Low", "vegetation_fraction": 1.0, "mean_dist_to_line_m": 2209.547464980103, "ndvi": 0.33271375464684017}, "geometry": {"type": "Point", "coordinates": [80.25409509454767, 26.039060898894714]}}, {"type": "Feature", "id": 987, "properties": {"segment_id": 987, "risk_score": 0.32422316135218604, "risk_category": "Low", "vegetation_fraction": 1.0, "mean_dist_to_line_m": 1314.6862743635836, "ndvi": 0.4364213853206702}, "geometry": {"type": "Point", "coordinates": [80.161927946397, 26.036815110684415]}}, {"type": "Feature", "id": 988, "properties": {"segment_id": 988, "risk_score": 0.3656395086051798, "risk_category": "Medium", "vegetation_fraction": 1.0, "mean_dist_to_line_m": 2462.214450449026, "ndvi": 0.5903271692745377}, "geometry": {"type": "Point", "coordinates": [80.3130245771859, 26.01588436456443]}}, {"type": "Feature", "id": 989, "properties": {"segment_id": 989, "risk_score": 0.39508044927814634, "risk_category": "Medium", "vegetation_fraction": 1.0, "mean_dist_to_line_m": 288.61739379323626, "ndvi": 0.3569709610139579}, "geometry": {"type": "Point", "coordinates": [80.1197969595718, 26.022981055308975]}}, {"type": "Feature", "id": 990, "properties": {"segment_id": 990, "risk_score": 0.34483794541300405, "risk_category": "Low", "vegetation_fraction": 1.0, "mean_dist_to_line_m": 1903.785702225962, "ndvi": 0.5221730890713835}, "geometry": {"type": "Point", "coordinates": [80.1725280667496, 26.03834224666742]}}, {"type": "Feature", "id": 991, "properties": {"segment_id": 991, "risk_score": 0.47495302484380686, "risk_category": "Medium", "vegetation_fraction": 1.0, "mean_dist_to_line_m": 1372.6616480400407, "ndvi": 0.6191826128041578}, "geometry": {"type": "Point", "coordinates": [80.37419984803445, 25.975550008307465]}}, {"type": "Feature", "id": 992, "properties": {"segment_id": 992, "risk_score": 0.2636904541206924, "risk_category": "Low", "vegetation_fraction": 1.0, "mean_dist_to_line_m": 1661.1140839809889, "ndvi": 0.4042625169147497}, "geometry": {"type": "Point", "coordinates": [80.16147878875495, 26.040588034877718]}}, {"type": "Feature", "id": 993, "properties": {"segment_id": 993, "risk_score": 0.3179864173068155, "risk_category": "Low", "vegetation_fraction": 0.0, "mean_dist_to_line_m": 458.9117562233506, "ndvi": 0.2143120116721437}, "geometry": {"type": "Point", "coordinates": [80.0025668149942, 26.02873027312734]}}, {"type": "Feature", "id": 994, "properties": {"segment_id": 994, "risk_score": 0.3312172681279198, "risk_category": "Low", "vegetation_fraction": 1.0, "mean_dist_to_line_m": 990.4039579888603, "ndvi": 0.40201117318435753}, "geometry": {"type": "Point", "coordinates": [80.36449804296595, 25.974741524551757]}}, {"type": "Feature", "id": 995, "properties": {"segment_id": 995, "risk_score": 0.26307780814428444, "risk_category": "Low", "vegetation_fraction": 1.0, "mean_dist_to_line_m": 1878.643127366132, "ndvi": 0.42450740352104466}, "geometry": {"type": "Point", "coordinates": [79.9537882950665, 26.012380934956365]}}, {"type": "Feature", "id": 996, "properties": {"segment_id": 996, "risk_score": 0.5483327451531601, "risk_category": "Medium", "vegetation_fraction": 1.0, "mean_dist_to_line_m": 1197.5391434103522, "ndvi": 0.6832941176470588}, "geometry": {"type": "Point", "coordinates": [80.31455171316891, 25.999445194865043]}}, {"type": "Feature", "id": 997, "properties": {"segment_id": 997, "risk_score": 0.35418076058113246, "risk_category": "Medium", "vegetation_fraction": 1.0, "mean_dist_to_line_m": 796.3039620647382, "ndvi": 0.3998162414304898}, "geometry": {"type": "Point", "coordinates": [80.03149256714285, 26.030257409110344]}}, {"type": "Feature", "id": 998, "properties": {"segment_id": 998, "risk_score": 0.2252495709923426, "risk_category": "Low", "vegetation_fraction": 1.0, "mean_dist_to_line_m": 2751.817581163403, "ndvi": 0.4449065359191}, "geometry": {"type": "Point", "coordinates": [79.9740003889592, 26.05091866064509]}}, {"type": "Feature", "id": 999, "properties": {"segment_id": 999, "risk_score": 0.12629085732175968, "risk_category": "Low", "vegetation_fraction": 1.0, "mean_dist_to_line_m": 3303.876511009453, "ndvi": 0.35788958744768357}, "geometry": {"type": "Point", "coordinates": [80.03778077413169, 26.045977926582434]}}, {"type": "Feature", "id": 1000, "properties": {"segment_id": 1000, "risk_score": 0.22526570111885413, "risk_category": "Low", "vegetation_fraction": 1.0, "mean_dist_to_line_m": 2567.8006153126453, "ndvi": 0.433564326604399}, "geometry": {"type": "Point", "coordinates": [80.28230219446901, 26.033581175661585]}}, {"type": "Feature", "id": 1001, "properties": {"segment_id": 1001, "risk_score": 0.5105841034388867, "risk_category": "Medium", "vegetation_fraction": 1.0, "mean_dist_to_line_m": 180.0, "ndvi": 0.4691802342187946}, "geometry": {"type": "Point", "coordinates": [79.9822648895731, 26.024957348934038]}}, {"type": "Feature", "id": 1002, "properties": {"segment_id": 1002, "risk_score": 0.40443895738637714, "risk_category": "Medium", "vegetation_fraction": 1.0, "mean_dist_to_line_m": 700.2856560004639, "ndvi": 0.4430379746835443}, "geometry": {"type": "Point", "coordinates": [79.95549509410634, 26.035557469286648]}}, {"type": "Feature", "id": 1003, "properties": {"segment_id": 1003, "risk_score": 0.4528438228225518, "risk_category": "Medium", "vegetation_fraction": 1.0, "mean_dist_to_line_m": 133.41664064126334, "ndvi": 0.39176605129880737}, "geometry": {"type": "Point", "coordinates": [80.2708935903607, 26.01426739705302]}}, {"type": "Feature", "id": 1004, "properties": {"segment_id": 1004, "risk_score": 0.353214070869587, "risk_category": "Medium", "vegetation_fraction": 1.0, "mean_dist_to_line_m": 591.6924876994806, "ndvi": 0.36492890995260663}, "geometry": {"type": "Point", "coordinates": [80.31958227875998, 25.988845074512433]}}, {"type": "Feature", "id": 1005, "properties": {"segment_id": 1005, "risk_score": 0.24005227397605594, "risk_category": "Low", "vegetation_fraction": 1.0, "mean_dist_to_line_m": 1426.218777046495, "ndvi": 0.3513393188395043}, "geometry": {"type": "Point", "coordinates": [80.2596646493092, 26.003128287529936]}}, {"type": "Feature", "id": 1006, "properties": {"segment_id": 1006, "risk_score": 0.4897866411848119, "risk_category": "Medium", "vegetation_fraction": 1.0, "mean_dist_to_line_m": 548.1788029466298, "ndvi": 0.5166278330862105}, "geometry": {"type": "Point", "coordinates": [80.39072884926225, 25.953810778431773]}}, {"type": "Feature", "id": 1007, "properties": {"segment_id": 1007, "risk_score": 0.34263077929558877, "risk_category": "Low", "vegetation_fraction": 1.0, "mean_dist_to_line_m": 1440.0, "ndvi": 0.47258485639686676}, "geometry": {"type": "Point", "coordinates": [80.18501464919888, 26.034120164832057]}}, {"type": "Feature", "id": 1008, "properties": {"segment_id": 1008, "risk_score": 0.5433232487255946, "risk_category": "Medium", "vegetation_fraction": 1.0, "mean_dist_to_line_m": 169.70562748477138, "ndvi": 0.5051749630359783}, "geometry": {"type": "Point", "coordinates": [80.15528041329452, 26.02504718046245]}}, {"type": "Feature", "id": 1009, "properties": {"segment_id": 1009, "risk_score": 0.3062011262786915, "risk_category": "Low", "vegetation_fraction": 1.0, "mean_dist_to_line_m": 1714.7886167105262, "ndvi": 0.4592437773133194}, "geometry": {"type": "Point", "coordinates": [80.23846440860399, 26.006452054081176]}}, {"type": "Feature", "id": 1010, "properties": {"segment_id": 1010, "risk_score": 0.1897301656594612, "risk_category": "Low", "vegetation_fraction": 1.0, "mean_dist_to_line_m": 2027.1408436514716, "ndvi": 0.3519887812340643}, "geometry": {"type": "Point", "coordinates": [79.98253438415833, 26.044899948241493]}}, {"type": "Feature", "id": 1011, "properties": {"segment_id": 1011, "risk_score": 0.20342319095528405, "risk_category": "Low", "vegetation_fraction": 1.0, "mean_dist_to_line_m": 2795.084971874737, "ndvi": 0.42196531791907516}, "geometry": {"type": "Point", "coordinates": [80.13785309678259, 25.999445194865043]}}, {"type": "Feature", "id": 1012, "properties": {"segment_id": 1012, "risk_score": 0.3382923061802631, "risk_category": "Low", "vegetation_fraction": 1.0, "mean_dist_to_line_m": 2463.3716731342024, "ndvi": 0.5585009140767825}, "geometry": {"type": "Point", "coordinates": [80.4174088132006, 25.949678528124824]}}, {"type": "Feature", "id": 1013, "properties": {"segment_id": 1013, "risk_score": 0.34448515284942827, "risk_category": "Low", "vegetation_fraction": 1.0, "mean_dist_to_line_m": 1261.269202034205, "ndvi": 0.45351418002466093}, "geometry": {"type": "Point", "coordinates": [80.25319677926355, 26.03052690369558]}}, {"type": "Feature", "id": 1014, "properties": {"segment_id": 1014, "risk_score": 0.3505851828508307, "risk_category": "Medium", "vegetation_fraction": 1.0, "mean_dist_to_line_m": 581.3776741499454, "ndvi": 0.36006683375104426}, "geometry": {"type": "Point", "coordinates": [80.29460911386145, 25.994684123859212]}}, {"type": "Feature", "id": 1015, "properties": {"segment_id": 1015, "risk_score": 0.16860170435332938, "risk_category": "Low", "vegetation_fraction": 1.0, "mean_dist_to_line_m": 2782.9660436304284, "ndvi": 0.3806390977443609}, "geometry": {"type": "Point", "coordinates": [80.28607511866232, 25.976807649705233]}}, {"type": "Feature", "id": 1016, "properties": {"segment_id": 1016, "risk_score": 0.2158129183365139, "risk_category": "Low", "vegetation_fraction": 1.0, "mean_dist_to_line_m": 2337.5414434828745, "ndvi": 0.4067656765676568}, "geometry": {"type": "Point", "coordinates": [80.32560099116358, 26.003577445171995]}}, {"type": "Feature", "id": 1017, "properties": {"segment_id": 1017, "risk_score": 0.2007908245428896, "risk_category": "Low", "vegetation_fraction": 1.0, "mean_dist_to_line_m": 2358.4104816592044, "ndvi": 0.3907452061086233}, "geometry": {"type": "Point", "coordinates": [80.18546380684093, 26.043642306843726]}}, {"type": "Feature", "id": 1018, "properties": {"segment_id": 1018, "risk_score": 0.29284668924799984, "risk_category": "Low", "vegetation_fraction": 1.0, "mean_dist_to_line_m": 2262.940564840358, "ndvi": 0.49112709832134294}, "geometry": {"type": "Point", "coordinates": [80.14288366237366, 26.004924918098173]}}, {"type": "Feature", "id": 1019, "properties": {"segment_id": 1019, "risk_score": 0.20307240487617312, "risk_category": "Low", "vegetation_fraction": 1.0, "mean_dist_to_line_m": 2304.1701326073994, "ndvi": 0.38946175637393765}, "geometry": {"type": "Point", "coordinates": [80.39135766996112, 25.976358492063174]}}, {"type": "Feature", "id": 1020, "properties": {"segment_id": 1020, "risk_score": 0.3632713827744506, "risk_category": "Medium", "vegetation_fraction": 1.0, "mean_dist_to_line_m": 752.9276193632427, "ndvi": 0.40355076800319173}, "geometry": {"type": "Point", "coordinates": [80.37375069039238, 25.954978588301127]}}, {"type": "Feature", "id": 1021, "properties": {"segment_id": 1021, "risk_score": 0.37001311309664736, "risk_category": "Medium", "vegetation_fraction": 1.0, "mean_dist_to_line_m": 1115.437134042076, "ndvi": 0.4645088928056402}, "geometry": {"type": "Point", "coordinates": [79.99645827106218, 26.035287974701415]}}, {"type": "Feature", "id": 1022, "properties": {"segment_id": 1022, "risk_score": 0.2776450710808984, "risk_category": "Low", "vegetation_fraction": 1.0, "mean_dist_to_line_m": 1128.716084761797, "ndvi": 0.35851419031719534}, "geometry": {"type": "Point", "coordinates": [79.9289049616964, 26.042205002389135]}}, {"type": "Feature", "id": 1023, "properties": {"segment_id": 1023, "risk_score": 0.17381421210134246, "risk_category": "Low", "vegetation_fraction": 1.0, "mean_dist_to_line_m": 3365.828278447966, "ndvi": 0.4160618122219621}, "geometry": {"type": "Point", "coordinates": [80.32533149657834, 26.01624369067808]}}, {"type": "Feature", "id": 1024, "properties": {"segment_id": 1024, "risk_score": 0.25318000061534773, "risk_category": "Low", "vegetation_fraction": 1.0, "mean_dist_to_line_m": 2391.0248848558645, "ndvi": 0.4541871921182266}, "geometry": {"type": "Point", "coordinates": [80.18384683932952, 26.042743991559604]}}, {"type": "Feature", "id": 1025, "properties": {"segment_id": 1025, "risk_score": 0.17419614546790357, "risk_category": "Low", "vegetation_fraction": 1.0, "mean_dist_to_line_m": 2033.2486321156102, "ndvi": 0.3343821856468595}, "geometry": {"type": "Point", "coordinates": [80.31266525107226, 25.965938034767387]}}, {"type": "Feature", "id": 1026, "properties": {"segment_id": 1026, "risk_score": 0.21033816403575636, "risk_category": "Low", "vegetation_fraction": 0.0, "mean_dist_to_line_m": 1285.4960132182441, "ndvi": 0.25378387891587467}, "geometry": {"type": "Point", "coordinates": [80.24071019681428, 26.033671007189998]}}, {"type": "Feature", "id": 1027, "properties": {"segment_id": 1027, "risk_score": 0.27079813555301513, "risk_category": "Low", "vegetation_fraction": 1.0, "mean_dist_to_line_m": 2280.0, "ndvi": 0.46668228129757583}, "geometry": {"type": "Point", "coordinates": [80.17576200177244, 25.999894352507106]}}, {"type": "Feature", "id": 1028, "properties": {"segment_id": 1028, "risk_score": 0.327451380035047, "risk_category": "Low", "vegetation_fraction": 0.0, "mean_dist_to_line_m": 400.24992192379, "ndvi": 0.23968621254021108}, "geometry": {"type": "Point", "coordinates": [80.06697602086557, 26.021274256269148]}}, {"type": "Feature", "id": 1029, "properties": {"segment_id": 1029, "risk_score": 0.36644979742959116, "risk_category": "Medium", "vegetation_fraction": 1.0, "mean_dist_to_line_m": 363.45563690772497, "ndvi": 0.33840490797546013}, "geometry": {"type": "Point", "coordinates": [79.93133041296352, 26.034928648587766]}}, {"type": "Feature", "id": 1030, "properties": {"segment_id": 1030, "risk_score": 0.21609941693844048, "risk_category": "Low", "vegetation_fraction": 1.0, "mean_dist_to_line_m": 2703.8676003088613, "ndvi": 0.43137092086689366}, "geometry": {"type": "Point", "coordinates": [80.27960724861666, 26.03564730081506]}}, {"type": "Feature", "id": 1031, "properties": {"segment_id": 1031, "risk_score": 0.19980713681252943, "risk_category": "Low", "vegetation_fraction": 1.0, "mean_dist_to_line_m": 2335.658365429328, "ndvi": 0.38795566221003314}, "geometry": {"type": "Point", "coordinates": [80.39333396358619, 25.92425620558424]}}, {"type": "Feature", "id": 1032, "properties": {"segment_id": 1032, "risk_score": 0.33703408750764685, "risk_category": "Low", "vegetation_fraction": 1.0, "mean_dist_to_line_m": 2190.091322296858, "ndvi": 0.5370950805693938}, "geometry": {"type": "Point", "coordinates": [80.02448570792671, 26.04292365461643]}}, {"type": "Feature", "id": 1033, "properties": {"segment_id": 1033, "risk_score": 0.28099262750999143, "risk_category": "Low", "vegetation_fraction": 1.0, "mean_dist_to_line_m": 2070.990101376634, "ndvi": 0.46213446638340416}, "geometry": {"type": "Point", "coordinates": [80.19121302465929, 26.044271127542608]}}, {"type": "Feature", "id": 1034, "properties": {"segment_id": 1034, "risk_score": 0.22778266065409977, "risk_category": "Low", "vegetation_fraction": 1.0, "mean_dist_to_line_m": 2500.0, "ndvi": 0.43204419889502765}, "geometry": {"type": "Point", "coordinates": [80.08125923388307, 26.049571187718914]}}, {"type": "Feature", "id": 1035, "properties": {"segment_id": 1035, "risk_score": 0.22002927529392463, "risk_category": "Low", "vegetation_fraction": 0.0, "mean_dist_to_line_m": 1195.4078801814885, "ndvi": 0.27800987466767946}, "geometry": {"type": "Point", "coordinates": [80.27412752538353, 26.02325054989421]}}, {"type": "Feature", "id": 1036, "properties": {"segment_id": 1036, "risk_score": 0.3791292894672501, "risk_category": "Medium", "vegetation_fraction": 1.0, "mean_dist_to_line_m": 140.356688476182, "ndvi": 0.3072779821334735}, "geometry": {"type": "Point", "coordinates": [80.07218624951346, 26.02441835976357]}}, {"type": "Feature", "id": 1037, "properties": {"segment_id": 1037, "risk_score": 0.36082277379380295, "risk_category": "Medium", "vegetation_fraction": 0.0, "mean_dist_to_line_m": 206.15528128088303, "ndvi": 0.29997098926602844}, "geometry": {"type": "Point", "coordinates": [80.25580189358749, 26.019836951814558]}}, {"type": "Feature", "id": 1038, "properties": {"segment_id": 1038, "risk_score": 0.19964921633339155, "risk_category": "Low", "vegetation_fraction": 1.0, "mean_dist_to_line_m": 3330.1651610693425, "ndvi": 0.44464240264698396}, "geometry": {"type": "Point", "coordinates": [79.95774088231663, 26.004565591984527]}}, {"type": "Feature", "id": 1039, "properties": {"segment_id": 1039, "risk_score": 0.5430981550842047, "risk_category": "Medium", "vegetation_fraction": 1.0, "mean_dist_to_line_m": 290.0, "ndvi": 0.5299374441465594}, "geometry": {"type": "Point", "coordinates": [80.30556856032771, 25.98947389521132]}}, {"type": "Feature", "id": 1040, "properties": {"segment_id": 1040, "risk_score": 0.34290847558040793, "risk_category": "Low", "vegetation_fraction": 1.0, "mean_dist_to_line_m": 368.78177829171545, "ndvi": 0.31197490758373475}, "geometry": {"type": "Point", "coordinates": [80.2167251787283, 26.023969202121506]}}, {"type": "Feature", "id": 1041, "properties": {"segment_id": 1041, "risk_score": 0.23421339012332248, "risk_category": "Low", "vegetation_fraction": 1.0, "mean_dist_to_line_m": 2773.08492477241, "ndvi": 0.45661123003457926}, "geometry": {"type": "Point", "coordinates": [79.96609521445895, 26.0517271444008]}}, {"type": "Feature", "id": 1042, "properties": {"segment_id": 1042, "risk_score": 0.492252972801345, "risk_category": "Medium", "vegetation_fraction": 1.0, "mean_dist_to_line_m": 926.5527507918802, "ndvi": 0.5806597379123362}, "geometry": {"type": "Point", "coordinates": [80.30484990810042, 25.98210770988154]}}, {"type": "Feature", "id": 1043, "properties": {"segment_id": 1043, "risk_score": 0.18846159300415527, "risk_category": "Low", "vegetation_fraction": 1.0, "mean_dist_to_line_m": 2427.385424690525, "ndvi": 0.38122605363984674}, "geometry": {"type": "Point", "coordinates": [80.1784569476248, 25.998726542637748]}}, {"type": "Feature", "id": 1044, "properties": {"segment_id": 1044, "risk_score": 0.21291441068020328, "risk_category": "Low", "vegetation_fraction": 1.0, "mean_dist_to_line_m": 2018.0436070610565, "ndvi": 0.37826494437879465}, "geometry": {"type": "Point", "coordinates": [80.00651940224432, 26.005913064910704]}}, {"type": "Feature", "id": 1045, "properties": {"segment_id": 1045, "risk_score": 0.2568045562140481, "risk_category": "Low", "vegetation_fraction": 1.0, "mean_dist_to_line_m": 2749.8545416076104, "ndvi": 0.4816049224458403}, "geometry": {"type": "Point", "coordinates": [80.28454798267931, 25.977975459574587]}}, {"type": "Feature", "id": 1046, "properties": {"segment_id": 1046, "risk_score": 0.3482489516595549, "risk_category": "Low", "vegetation_fraction": 1.0, "mean_dist_to_line_m": 429.4182110716778, "ndvi": 0.329794933655006}, "geometry": {"type": "Point", "coordinates": [80.29963967945253, 25.993516313989854]}}, {"type": "Feature", "id": 1047, "properties": {"segment_id": 1047, "risk_score": 0.44962544571574525, "risk_category": "Medium", "vegetation_fraction": 1.0, "mean_dist_to_line_m": 780.0, "ndvi": 0.5086031452358927}, "geometry": {"type": "Point", "coordinates": [80.04083504609768, 26.015974196092845]}}, {"type": "Feature", "id": 1048, "properties": {"segment_id": 1048, "risk_score": 0.46590257068680385, "risk_category": "Medium", "vegetation_fraction": 1.0, "mean_dist_to_line_m": 237.69728648009425, "ndvi": 0.4291799787007455}, "geometry": {"type": "Point", "coordinates": [80.25571206205908, 26.015614869979196]}}, {"type": "Feature", "id": 1049, "properties": {"segment_id": 1049, "risk_score": 0.33452973654483, "risk_category": "Low", "vegetation_fraction": 1.0, "mean_dist_to_line_m": 713.8627319029899, "ndvi": 0.36370177975452134}, "geometry": {"type": "Point", "coordinates": [80.0883559246276, 26.01893863653044]}}, {"type": "Feature", "id": 1050, "properties": {"segment_id": 1050, "risk_score": 0.29383575918297505, "risk_category": "Low", "vegetation_fraction": 1.0, "mean_dist_to_line_m": 800.49984384758, "ndvi": 0.33007053404347203}, "geometry": {"type": "Point", "coordinates": [80.09078137589474, 26.01759116360426]}}, {"type": "Feature", "id": 1051, "properties": {"segment_id": 1051, "risk_score": 0.4845428742137572, "risk_category": "Medium", "vegetation_fraction": 1.0, "mean_dist_to_line_m": 993.5793878699377, "ndvi": 0.5813422490418332}, "geometry": {"type": "Point", "coordinates": [80.16183811486859, 26.03322184954794]}}, {"type": "Feature", "id": 1052, "properties": {"segment_id": 1052, "risk_score": 0.4573137681404911, "risk_category": "Medium", "vegetation_fraction": 1.0, "mean_dist_to_line_m": 20.0, "ndvi": 0.37150947374762777}, "geometry": {"type": "Point", "coordinates": [80.23945255541652, 26.02226240308168]}}, {"type": "Feature", "id": 1053, "properties": {"segment_id": 1053, "risk_score": 0.08775234644699009, "risk_category": "Low", "vegetation_fraction": 0.0, "mean_dist_to_line_m": 3033.891889965758, "ndvi": 0.28476611883691527}, "geometry": {"type": "Point", "coordinates": [79.90518943819565, 26.051457649815564]}}, {"type": "Feature", "id": 1054, "properties": {"segment_id": 1054, "risk_score": 0.39415915646661515, "risk_category": "Medium", "vegetation_fraction": 1.0, "mean_dist_to_line_m": 1213.9604606411199, "ndvi": 0.5055217489294569}, "geometry": {"type": "Point", "coordinates": [80.3536284280281, 25.956685387340954]}}, {"type": "Feature", "id": 1055, "properties": {"segment_id": 1055, "risk_score": 0.2765161536744183, "risk_category": "Low", "vegetation_fraction": 1.0, "mean_dist_to_line_m": 1659.5180023127195, "ndvi": 0.419063465652484}, "geometry": {"type": "Point", "coordinates": [80.12545634586175, 26.006272391024353]}}, {"type": "Feature", "id": 1056, "properties": {"segment_id": 1056, "risk_score": 0.44811170697946484, "risk_category": "Medium", "vegetation_fraction": 1.0, "mean_dist_to_line_m": 2531.7977802344326, "ndvi": 0.6912036610678587}, "geometry": {"type": "Point", "coordinates": [80.05727421579708, 26.046516915752907]}}, {"type": "Feature", "id": 1057, "properties": {"segment_id": 1057, "risk_score": 0.43816080547218383, "risk_category": "Medium", "vegetation_fraction": 1.0, "mean_dist_to_line_m": 60.82762530298219, "ndvi": 0.35850039052330124}, "geometry": {"type": "Point", "coordinates": [80.26783931839469, 26.013369081768897]}}, {"type": "Feature", "id": 1058, "properties": {"segment_id": 1058, "risk_score": 0.45138354580578344, "risk_category": "Medium", "vegetation_fraction": 1.0, "mean_dist_to_line_m": 1008.8111815399351, "ndvi": 0.5448107448107448}, "geometry": {"type": "Point", "coordinates": [80.37042692384114, 25.973304220097166]}}, {"type": "Feature", "id": 1059, "properties": {"segment_id": 1059, "risk_score": 0.2586808218943163, "risk_category": "Low", "vegetation_fraction": 1.0, "mean_dist_to_line_m": 1583.161394173064, "ndvi": 0.3903345724907063}, "geometry": {"type": "Point", "coordinates": [80.32748745326023, 25.99495361844445]}}, {"type": "Feature", "id": 1060, "properties": {"segment_id": 1060, "risk_score": 0.414523320172866, "risk_category": "Medium", "vegetation_fraction": 1.0, "mean_dist_to_line_m": 1021.8121158021175, "ndvi": 0.5036330608537694}, "geometry": {"type": "Point", "coordinates": [80.34976567230639, 25.978065291103]}}, {"type": "Feature", "id": 1061, "properties": {"segment_id": 1061, "risk_score": 0.2521235880828815, "risk_category": "Low", "vegetation_fraction": 1.0, "mean_dist_to_line_m": 1847.8365728602735, "ndvi": 0.40889591329871305}, "geometry": {"type": "Point", "coordinates": [80.05089617727982, 26.039420225008364]}}, {"type": "Feature", "id": 1062, "properties": {"segment_id": 1062, "risk_score": 0.2876854027372393, "risk_category": "Low", "vegetation_fraction": 1.0, "mean_dist_to_line_m": 2469.7570730741922, "ndvi": 0.4998935943817834}, "geometry": {"type": "Point", "coordinates": [80.36000646654536, 25.943749647249636]}}, {"type": "Feature", "id": 1063, "properties": {"segment_id": 1063, "risk_score": 0.34160200736742163, "risk_category": "Low", "vegetation_fraction": 1.0, "mean_dist_to_line_m": 1157.3245007343446, "ndvi": 0.4369000018426048}, "geometry": {"type": "Point", "coordinates": [80.0146042398014, 26.03385067024682]}}, {"type": "Feature", "id": 1064, "properties": {"segment_id": 1064, "risk_score": 0.24333476754096522, "risk_category": "Low", "vegetation_fraction": 1.0, "mean_dist_to_line_m": 2479.294254419995, "ndvi": 0.44879693130303383}, "geometry": {"type": "Point", "coordinates": [80.07721681510453, 26.049032198548442]}}, {"type": "Feature", "id": 1065, "properties": {"segment_id": 1065, "risk_score": 0.28849235410221347, "risk_category": "Low", "vegetation_fraction": 1.0, "mean_dist_to_line_m": 1965.400722499104, "ndvi": 0.4619015509103169}, "geometry": {"type": "Point", "coordinates": [80.22894226659231, 26.006362222552763]}}, {"type": "Feature", "id": 1066, "properties": {"segment_id": 1066, "risk_score": 0.5261787760848823, "risk_category": "Medium", "vegetation_fraction": 1.0, "mean_dist_to_line_m": 214.00934559032694, "ndvi": 0.4945652173913043}, "geometry": {"type": "Point", "coordinates": [80.38336266393246, 25.957044713454604]}}, {"type": "Feature", "id": 1067, "properties": {"segment_id": 1067, "risk_score": 0.6523526424783667, "risk_category": "High", "vegetation_fraction": 1.0, "mean_dist_to_line_m": 416.17304093369626, "ndvi": 0.6820809248554913}, "geometry": {"type": "Point", "coordinates": [80.38327283240405, 25.960368480005844]}}, {"type": "Feature", "id": 1068, "properties": {"segment_id": 1068, "risk_score": 0.17125515383925446, "risk_category": "Low", "vegetation_fraction": 1.0, "mean_dist_to_line_m": 3128.0025575437116, "ndvi": 0.4021257750221435}, "geometry": {"type": "Point", "coordinates": [80.29999900556618, 25.961715952932025]}}, {"type": "Feature", "id": 1069, "properties": {"segment_id": 1069, "risk_score": 0.4009883862053861, "risk_category": "Medium", "vegetation_fraction": 1.0, "mean_dist_to_line_m": 761.6429609731846, "ndvi": 0.44894651539708263}, "geometry": {"type": "Point", "coordinates": [79.97965977524915, 26.03376083871841]}}, {"type": "Feature", "id": 1070, "properties": {"segment_id": 1070, "risk_score": 0.30276643915646995, "risk_category": "Low", "vegetation_fraction": 1.0, "mean_dist_to_line_m": 999.2497185388645, "ndvi": 0.3700736685318627}, "geometry": {"type": "Point", "coordinates": [80.08907457685491, 26.016153859149668]}}, {"type": "Feature", "id": 1071, "properties": {"segment_id": 1071, "risk_score": 0.2056215522268989, "risk_category": "Low", "vegetation_fraction": 1.0, "mean_dist_to_line_m": 1767.2577627499618, "ndvi": 0.3470276049024475}, "geometry": {"type": "Point", "coordinates": [79.93465417951477, 26.047235567980202]}}, {"type": "Feature", "id": 1072, "properties": {"segment_id": 1072, "risk_score": 0.5032972339811931, "risk_category": "Medium", "vegetation_fraction": 1.0, "mean_dist_to_line_m": 643.5060217278467, "ndvi": 0.5489040773037945}, "geometry": {"type": "Point", "coordinates": [80.38974070244971, 25.95587690358525]}}, {"type": "Feature", "id": 1073, "properties": {"segment_id": 1073, "risk_score": 0.2858808166694296, "risk_category": "Low", "vegetation_fraction": 1.0, "mean_dist_to_line_m": 2209.117470846673, "ndvi": 0.47889432192395964}, "geometry": {"type": "Point", "coordinates": [80.07119810270093, 26.005463907268645]}}, {"type": "Feature", "id": 1074, "properties": {"segment_id": 1074, "risk_score": 0.43360133046143656, "risk_category": "Medium", "vegetation_fraction": 1.0, "mean_dist_to_line_m": 360.5551275463989, "ndvi": 0.41618363088337584}, "geometry": {"type": "Point", "coordinates": [80.39333396358619, 25.950217517295293]}}, {"type": "Feature", "id": 1075, "properties": {"segment_id": 1075, "risk_score": 0.27072909994830613, "risk_category": "Low", "vegetation_fraction": 1.0, "mean_dist_to_line_m": 2472.933480706669, "ndvi": 0.4803266518188567}, "geometry": {"type": "Point", "coordinates": [80.26963594896293, 25.99001288438179]}}, {"type": "Feature", "id": 1076, "properties": {"segment_id": 1076, "risk_score": 0.42289457097221306, "risk_category": "Medium", "vegetation_fraction": 1.0, "mean_dist_to_line_m": 600.0, "ndvi": 0.44766182981611347}, "geometry": {"type": "Point", "coordinates": [80.1829485240454, 26.02648448491704]}}, {"type": "Feature", "id": 1077, "properties": {"segment_id": 1077, "risk_score": 0.45188342825312816, "risk_category": "Medium", "vegetation_fraction": 1.0, "mean_dist_to_line_m": 123.6931687685298, "ndvi": 0.3885180240320427}, "geometry": {"type": "Point", "coordinates": [80.37231338593779, 25.96198544751726]}}, {"type": "Feature", "id": 1078, "properties": {"segment_id": 1078, "risk_score": 0.5021278681892153, "risk_category": "Medium", "vegetation_fraction": 1.0, "mean_dist_to_line_m": 752.7283706623525, "ndvi": 0.565518093120909}, "geometry": {"type": "Point", "coordinates": [80.36431837990914, 25.958571849437607]}}, {"type": "Feature", "id": 1079, "properties": {"segment_id": 1079, "risk_score": 0.44705824273346983, "risk_category": "Medium", "vegetation_fraction": 1.0, "mean_dist_to_line_m": 1081.8964830333814, "ndvi": 0.54987651669709}, "geometry": {"type": "Point", "coordinates": [80.37896091904028, 25.944737794062167]}}, {"type": "Feature", "id": 1080, "properties": {"segment_id": 1080, "risk_score": 0.2556870760643002, "risk_category": "Low", "vegetation_fraction": 1.0, "mean_dist_to_line_m": 3128.6099149622346, "ndvi": 0.5006593406593407}, "geometry": {"type": "Point", "coordinates": [80.41471386734824, 25.924346037112652]}}, {"type": "Feature", "id": 1081, "properties": {"segment_id": 1081, "risk_score": 0.20712228226691007, "risk_category": "Low", "vegetation_fraction": 1.0, "mean_dist_to_line_m": 1944.8650338776724, "ndvi": 0.3651670473256493}, "geometry": {"type": "Point", "coordinates": [80.06104713999038, 26.041755844747073]}}, {"type": "Feature", "id": 1082, "properties": {"segment_id": 1082, "risk_score": 0.3780412702635437, "risk_category": "Medium", "vegetation_fraction": 1.0, "mean_dist_to_line_m": 619.8386886924694, "ndvi": 0.3987452948557089}, "geometry": {"type": "Point", "coordinates": [80.1153053831512, 26.024957348934038]}}, {"type": "Feature", "id": 1083, "properties": {"segment_id": 1083, "risk_score": 0.6052047241818834, "risk_category": "High", "vegetation_fraction": 1.0, "mean_dist_to_line_m": 656.0487786742691, "ndvi": 0.6699109678654626}, "geometry": {"type": "Point", "coordinates": [80.2017233134835, 26.021903076968034]}}, {"type": "Feature", "id": 1084, "properties": {"segment_id": 1084, "risk_score": 0.18019192523616942, "risk_category": "Low", "vegetation_fraction": 1.0, "mean_dist_to_line_m": 3164.4272783554375, "ndvi": 0.4143147437344773}, "geometry": {"type": "Point", "coordinates": [80.31032963133354, 26.02405903364992]}}, {"type": "Feature", "id": 1085, "properties": {"segment_id": 1085, "risk_score": 0.2036920959230939, "risk_category": "Low", "vegetation_fraction": 1.0, "mean_dist_to_line_m": 2147.58003343298, "ndvi": 0.37817565932736513}, "geometry": {"type": "Point", "coordinates": [80.35479623789746, 25.947881897556584]}}, {"type": "Feature", "id": 1086, "properties": {"segment_id": 1086, "risk_score": 0.21716191207331165, "risk_category": "Low", "vegetation_fraction": 1.0, "mean_dist_to_line_m": 2586.4261056523537, "ndvi": 0.4253079507278835}, "geometry": {"type": "Point", "coordinates": [80.32551115963517, 26.006272391024353]}}, {"type": "Feature", "id": 1087, "properties": {"segment_id": 1087, "risk_score": 0.12159143064502823, "risk_category": "Low", "vegetation_fraction": 0.0, "mean_dist_to_line_m": 2381.5961034566717, "ndvi": 0.29913135968799853}, "geometry": {"type": "Point", "coordinates": [80.05709455274025, 26.001780814603755]}}, {"type": "Feature", "id": 1088, "properties": {"segment_id": 1088, "risk_score": 0.14477844060818768, "risk_category": "Low", "vegetation_fraction": 1.0, "mean_dist_to_line_m": 2985.2973051272465, "ndvi": 0.36401247533575204}, "geometry": {"type": "Point", "coordinates": [79.90932168850259, 26.010584304388125]}}, {"type": "Feature", "id": 1089, "properties": {"segment_id": 1089, "risk_score": 0.5062567469898228, "risk_category": "Medium", "vegetation_fraction": 1.0, "mean_dist_to_line_m": 162.78820596099706, "ndvi": 0.46044538706256627}, "geometry": {"type": "Point", "coordinates": [80.30314310906058, 25.993606145518267]}}, {"type": "Feature", "id": 1090, "properties": {"segment_id": 1090, "risk_score": 0.37478164083198756, "risk_category": "Medium", "vegetation_fraction": 1.0, "mean_dist_to_line_m": 1512.1177202850313, "ndvi": 0.5181390864167772}, "geometry": {"type": "Point", "coordinates": [80.34976567230639, 25.9825568675236]}}, {"type": "Feature", "id": 1091, "properties": {"segment_id": 1091, "risk_score": 0.5602328804061459, "risk_category": "High", "vegetation_fraction": 1.0, "mean_dist_to_line_m": 50.0, "ndvi": 0.49846040152728166}, "geometry": {"type": "Point", "coordinates": [79.96528673070324, 26.027831957843222]}}, {"type": "Feature", "id": 1092, "properties": {"segment_id": 1092, "risk_score": 0.318188869195145, "risk_category": "Low", "vegetation_fraction": 1.0, "mean_dist_to_line_m": 1790.111728356641, "ndvi": 0.48054745344402056}, "geometry": {"type": "Point", "coordinates": [79.9943921459087, 26.04157618169025]}}, {"type": "Feature", "id": 1093, "properties": {"segment_id": 1093, "risk_score": 0.4430774830498722, "risk_category": "Medium", "vegetation_fraction": 1.0, "mean_dist_to_line_m": 1098.3624174196784, "ndvi": 0.5474599410792556}, "geometry": {"type": "Point", "coordinates": [80.19202150841501, 26.011841945785893]}}, {"type": "Feature", "id": 1094, "properties": {"segment_id": 1094, "risk_score": 0.2826690782532858, "risk_category": "Low", "vegetation_fraction": 1.0, "mean_dist_to_line_m": 1872.1111078138497, "ndvi": 0.4467671366067088}, "geometry": {"type": "Point", "coordinates": [80.2836496673952, 26.026574316445455]}}, {"type": "Feature", "id": 1095, "properties": {"segment_id": 1095, "risk_score": 0.3101059041577933, "risk_category": "Low", "vegetation_fraction": 1.0, "mean_dist_to_line_m": 1321.8547575282241, "ndvi": 0.420816509645581}, "geometry": {"type": "Point", "coordinates": [80.35497590095429, 25.955427745943187]}}, {"type": "Feature", "id": 1096, "properties": {"segment_id": 1096, "risk_score": 0.24541735055166497, "risk_category": "Low", "vegetation_fraction": 1.0, "mean_dist_to_line_m": 2197.3848092675985, "ndvi": 0.4307771487390633}, "geometry": {"type": "Point", "coordinates": [80.13264286813471, 26.043732138372135]}}, {"type": "Feature", "id": 1097, "properties": {"segment_id": 1097, "risk_score": 0.3558720722472456, "risk_category": "Medium", "vegetation_fraction": 1.0, "mean_dist_to_line_m": 1190.0, "ndvi": 0.4577882202167992}, "geometry": {"type": "Point", "coordinates": [80.05242331326284, 26.01211144037113]}}, {"type": "Feature", "id": 1098, "properties": {"segment_id": 1098, "risk_score": 0.4740869459666822, "risk_category": "Medium", "vegetation_fraction": 1.0, "mean_dist_to_line_m": 266.8332812825267, "ndvi": 0.4447212438793919}, "geometry": {"type": "Point", "coordinates": [80.11638336149214, 26.016962342905376]}}, {"type": "Feature", "id": 1099, "properties": {"segment_id": 1099, "risk_score": 0.1825397006756794, "risk_category": "Low", "vegetation_fraction": 1.0, "mean_dist_to_line_m": 2568.6767021172595, "ndvi": 0.3837739288969918}, "geometry": {"type": "Point", "coordinates": [79.9394152505206, 26.053793269554276]}}, {"type": "Feature", "id": 1100, "properties": {"segment_id": 1100, "risk_score": 0.2677098099162387, "risk_category": "Low", "vegetation_fraction": 1.0, "mean_dist_to_line_m": 1236.85083983478, "ndvi": 0.36089177891314445}, "geometry": {"type": "Point", "coordinates": [80.17701964317021, 26.00932666299036]}}, {"type": "Feature", "id": 1101, "properties": {"segment_id": 1101, "risk_score": 0.46166154700399087, "risk_category": "Medium", "vegetation_fraction": 1.0, "mean_dist_to_line_m": 1730.8090593707902, "ndvi": 0.6421938838677727}, "geometry": {"type": "Point", "coordinates": [80.10605273572477, 26.003128287529936]}}, {"type": "Feature", "id": 1102, "properties": {"segment_id": 1102, "risk_score": 0.3908347533482346, "risk_category": "Medium", "vegetation_fraction": 1.0, "mean_dist_to_line_m": 805.0465825031494, "ndvi": 0.4439461883408072}, "geometry": {"type": "Point", "coordinates": [79.9965481025906, 26.017860658189495]}}, {"type": "Feature", "id": 1103, "properties": {"segment_id": 1103, "risk_score": 0.4173565067752201, "risk_category": "Medium", "vegetation_fraction": 1.0, "mean_dist_to_line_m": 555.4277630799526, "ndvi": 0.4334096109839817}, "geometry": {"type": "Point", "coordinates": [80.14117686333384, 26.020286109456617]}}, {"type": "Feature", "id": 1104, "properties": {"segment_id": 1104, "risk_score": 0.5485616691262959, "risk_category": "Medium", "vegetation_fraction": 1.0, "mean_dist_to_line_m": 215.870331449229, "ndvi": 0.5210685761498209}, "geometry": {"type": "Point", "coordinates": [80.12365971529351, 26.02325054989421]}}, {"type": "Feature", "id": 1105, "properties": {"segment_id": 1105, "risk_score": 0.2362680999319634, "risk_category": "Low", "vegetation_fraction": 1.0, "mean_dist_to_line_m": 2213.2555207205514, "ndvi": 0.4213324284583192}, "geometry": {"type": "Point", "coordinates": [80.33287734496494, 25.9983672165241]}}, {"type": "Feature", "id": 1106, "properties": {"segment_id": 1106, "risk_score": 0.40851637946557073, "risk_category": "Medium", "vegetation_fraction": 1.0, "mean_dist_to_line_m": 813.9410298049853, "ndvi": 0.46595932802829354}, "geometry": {"type": "Point", "coordinates": [80.03131290408602, 26.030437072167167]}}, {"type": "Feature", "id": 1107, "properties": {"segment_id": 1107, "risk_score": 0.31384816353788286, "risk_category": "Low", "vegetation_fraction": 1.0, "mean_dist_to_line_m": 2760.235497199469, "ndvi": 0.5487666892962209}, "geometry": {"type": "Point", "coordinates": [80.24547126782012, 26.04561860046879]}}, {"type": "Feature", "id": 1108, "properties": {"segment_id": 1108, "risk_score": 0.27959334120574975, "risk_category": "Low", "vegetation_fraction": 1.0, "mean_dist_to_line_m": 2460.5893602956185, "ndvi": 0.48982921788317196}, "geometry": {"type": "Point", "coordinates": [80.38524912602911, 25.981838215296303]}}, {"type": "Feature", "id": 1109, "properties": {"segment_id": 1109, "risk_score": 0.29523158897335655, "risk_category": "Low", "vegetation_fraction": 1.0, "mean_dist_to_line_m": 957.0788891204319, "ndvi": 0.3552492046659597}, "geometry": {"type": "Point", "coordinates": [80.31518053386779, 25.975460176779052]}}, {"type": "Feature", "id": 1110, "properties": {"segment_id": 1110, "risk_score": 0.269118016996932, "risk_category": "Low", "vegetation_fraction": 1.0, "mean_dist_to_line_m": 2278.5302280198084, "ndvi": 0.46461242176215695}, "geometry": {"type": "Point", "coordinates": [80.1506990053455, 26.04741523103703]}}, {"type": "Feature", "id": 1111, "properties": {"segment_id": 1111, "risk_score": 0.21804868502493763, "risk_category": "Low", "vegetation_fraction": 1.0, "mean_dist_to_line_m": 1856.2596801094398, "ndvi": 0.3699204021784667}, "geometry": {"type": "Point", "coordinates": [79.90896236238895, 26.037803257496947]}}, {"type": "Feature", "id": 1112, "properties": {"segment_id": 1112, "risk_score": 0.2500616538002852, "risk_category": "Low", "vegetation_fraction": 1.0, "mean_dist_to_line_m": 3193.7595401031685, "ndvi": 0.49722577891591974}, "geometry": {"type": "Point", "coordinates": [80.306287212555, 25.957853197210312]}}, {"type": "Feature", "id": 1113, "properties": {"segment_id": 1113, "risk_score": 0.2660158260609272, "risk_category": "Low", "vegetation_fraction": 1.0, "mean_dist_to_line_m": 1154.3396380615195, "ndvi": 0.34832535885167465}, "geometry": {"type": "Point", "coordinates": [79.93968474510584, 26.041216855576604]}}, {"type": "Feature", "id": 1114, "properties": {"segment_id": 1114, "risk_score": 0.4031545957886684, "risk_category": "Medium", "vegetation_fraction": 1.0, "mean_dist_to_line_m": 859.8837130682264, "ndvi": 0.4667584663711863}, "geometry": {"type": "Point", "coordinates": [80.07766597274659, 26.034389659417293]}}, {"type": "Feature", "id": 1115, "properties": {"segment_id": 1115, "risk_score": 0.26619904457660226, "risk_category": "Low", "vegetation_fraction": 1.0, "mean_dist_to_line_m": 2073.9334608419817, "ndvi": 0.4451189499589828}, "geometry": {"type": "Point", "coordinates": [79.93303721200334, 26.0126504295416]}}, {"type": "Feature", "id": 1116, "properties": {"segment_id": 1116, "risk_score": 0.29628226220871534, "risk_category": "Low", "vegetation_fraction": 1.0, "mean_dist_to_line_m": 2008.0089641234176, "ndvi": 0.474671669793621}, "geometry": {"type": "Point", "coordinates": [80.3776134461141, 25.93476649440844]}}, {"type": "Feature", "id": 1117, "properties": {"segment_id": 1117, "risk_score": 0.3676685152081179, "risk_category": "Medium", "vegetation_fraction": 1.0, "mean_dist_to_line_m": 676.8308503607086, "ndvi": 0.3962603683396598}, "geometry": {"type": "Point", "coordinates": [80.24286615349617, 26.014986049280314]}}, {"type": "Feature", "id": 1118, "properties": {"segment_id": 1118, "risk_score": 0.26872462684250253, "risk_category": "Low", "vegetation_fraction": 1.0, "mean_dist_to_line_m": 1292.4782396620842, "ndvi": 0.3689727463312369}, "geometry": {"type": "Point", "coordinates": [80.35093348217575, 25.9803110793133]}}, {"type": "Feature", "id": 1119, "properties": {"segment_id": 1119, "risk_score": 0.46514514268249485, "risk_category": "Medium", "vegetation_fraction": 1.0, "mean_dist_to_line_m": 1070.046727951635, "ndvi": 0.5693633833168719}, "geometry": {"type": "Point", "coordinates": [80.19965718833002, 26.015525038450782]}}, {"type": "Feature", "id": 1120, "properties": {"segment_id": 1120, "risk_score": 0.14372891747966227, "risk_category": "Low", "vegetation_fraction": 0.0, "mean_dist_to_line_m": 2047.0710783946902, "ndvi": 0.22486368593238823}, "geometry": {"type": "Point", "coordinates": [80.22705580449566, 26.043911801428962]}}, {"type": "Feature", "id": 1121, "properties": {"segment_id": 1121, "risk_score": 0.48608136049604467, "risk_category": "Medium", "vegetation_fraction": 1.0, "mean_dist_to_line_m": 20.0, "ndvi": 0.40507166482910695}, "geometry": {"type": "Point", "coordinates": [79.94184070178771, 26.030347240638758]}}, {"type": "Feature", "id": 1122, "properties": {"segment_id": 1122, "risk_score": 0.34303901096017414, "risk_category": "Low", "vegetation_fraction": 1.0, "mean_dist_to_line_m": 1252.2779244241271, "ndvi": 0.4507078507078507}, "geometry": {"type": "Point", "coordinates": [80.26056296459332, 26.02819128395687]}}, {"type": "Feature", "id": 1123, "properties": {"segment_id": 1123, "risk_score": 0.2709715916362107, "risk_category": "Low", "vegetation_fraction": 1.0, "mean_dist_to_line_m": 2379.663841806233, "ndvi": 0.4741397361624904}, "geometry": {"type": "Point", "coordinates": [80.14908203783409, 26.004116434342468]}}, {"type": "Feature", "id": 1124, "properties": {"segment_id": 1124, "risk_score": 0.36724327740368123, "risk_category": "Medium", "vegetation_fraction": 0.0, "mean_dist_to_line_m": 170.88007490635061, "ndvi": 0.2471020314472627}, "geometry": {"type": "Point", "coordinates": [80.26280875280362, 26.017231837490613]}}, {"type": "Feature", "id": 1125, "properties": {"segment_id": 1125, "risk_score": 0.4072182276932065, "risk_category": "Medium", "vegetation_fraction": 1.0, "mean_dist_to_line_m": 224.7220505424423, "ndvi": 0.35801787882132213}, "geometry": {"type": "Point", "coordinates": [80.27475634608241, 26.009596157575594]}}, {"type": "Feature", "id": 1126, "properties": {"segment_id": 1126, "risk_score": 0.22617586256647357, "risk_category": "Low", "vegetation_fraction": 1.0, "mean_dist_to_line_m": 2670.880004792428, "ndvi": 0.4411187146682535}, "geometry": {"type": "Point", "coordinates": [80.22813378283661, 26.00025367862075]}}, {"type": "Feature", "id": 1127, "properties": {"segment_id": 1127, "risk_score": 0.2523070498767846, "risk_category": "Low", "vegetation_fraction": 1.0, "mean_dist_to_line_m": 3330.1651610693425, "ndvi": 0.5060765417809425}, "geometry": {"type": "Point", "coordinates": [80.2850869718498, 26.037264268326478]}}, {"type": "Feature", "id": 1128, "properties": {"segment_id": 1128, "risk_score": 0.27202280261625283, "risk_category": "Low", "vegetation_fraction": 1.0, "mean_dist_to_line_m": 2019.925741209315, "ndvi": 0.44738476829419804}, "geometry": {"type": "Point", "coordinates": [80.41381555206412, 25.943300489607573]}}, {"type": "Feature", "id": 1129, "properties": {"segment_id": 1129, "risk_score": 0.07417392098025631, "risk_category": "Low", "vegetation_fraction": 0.0, "mean_dist_to_line_m": 3370.1038559664594, "ndvi": -0.1412989588497769}, "geometry": {"type": "Point", "coordinates": [80.09015255519586, 25.99558243914333]}}, {"type": "Feature", "id": 1130, "properties": {"segment_id": 1130, "risk_score": 0.161593751574449, "risk_category": "Low", "vegetation_fraction": 1.0, "mean_dist_to_line_m": 2087.773934122179, "ndvi": 0.32422041862451945}, "geometry": {"type": "Point", "coordinates": [79.98891242267558, 26.04481011671308]}}, {"type": "Feature", "id": 1131, "properties": {"segment_id": 1131, "risk_score": 0.5045215400703729, "risk_category": "Medium", "vegetation_fraction": 1.0, "mean_dist_to_line_m": 813.9410298049853, "ndvi": 0.577965348733896}, "geometry": {"type": "Point", "coordinates": [80.32254671919758, 25.98965355826814]}}, {"type": "Feature", "id": 1132, "properties": {"segment_id": 1132, "risk_score": 0.31509882144050466, "risk_category": "Low", "vegetation_fraction": 1.0, "mean_dist_to_line_m": 2277.4108105478026, "ndvi": 0.5181730729014178}, "geometry": {"type": "Point", "coordinates": [80.12473769363446, 26.04256432850278]}}, {"type": "Feature", "id": 1133, "properties": {"segment_id": 1133, "risk_score": 0.6368643633092719, "risk_category": "High", "vegetation_fraction": 1.0, "mean_dist_to_line_m": 158.11388300841895, "ndvi": 0.6118143459915611}, "geometry": {"type": "Point", "coordinates": [80.21968961916589, 26.025226843519274]}}, {"type": "Feature", "id": 1134, "properties": {"segment_id": 1134, "risk_score": 0.31547727298400424, "risk_category": "Low", "vegetation_fraction": 1.0, "mean_dist_to_line_m": 2370.0, "ndvi": 0.5253752680486061}, "geometry": {"type": "Point", "coordinates": [80.18106206194875, 25.999535026393456]}}, {"type": "Feature", "id": 1135, "properties": {"segment_id": 1135, "risk_score": 0.376078748222638, "risk_category": "Medium", "vegetation_fraction": 1.0, "mean_dist_to_line_m": 1920.0260414900627, "ndvi": 0.560077519379845}, "geometry": {"type": "Point", "coordinates": [80.11719184524785, 26.00187064613217]}}, {"type": "Feature", "id": 1136, "properties": {"segment_id": 1136, "risk_score": 0.23766543096643808, "risk_category": "Low", "vegetation_fraction": 0.0, "mean_dist_to_line_m": 1041.2012293500234, "ndvi": 0.28943937418513693}, "geometry": {"type": "Point", "coordinates": [80.14180568403272, 26.035377806229825]}}, {"type": "Feature", "id": 1137, "properties": {"segment_id": 1137, "risk_score": 0.18184226853717944, "risk_category": "Low", "vegetation_fraction": 1.0, "mean_dist_to_line_m": 2157.4522010927612, "ndvi": 0.35346938775510206}, "geometry": {"type": "Point", "coordinates": [80.30449058198677, 25.969082138261804]}}, {"type": "Feature", "id": 1138, "properties": {"segment_id": 1138, "risk_score": 0.5749068490533205, "risk_category": "High", "vegetation_fraction": 1.0, "mean_dist_to_line_m": 652.1502894272147, "ndvi": 0.6339075474036435}, "geometry": {"type": "Point", "coordinates": [80.2942497877478, 26.007799527007357]}}, {"type": "Feature", "id": 1139, "properties": {"segment_id": 1139, "risk_score": 0.27704799715093176, "risk_category": "Low", "vegetation_fraction": 1.0, "mean_dist_to_line_m": 924.1753080449619, "ndvi": 0.3292380081035159}, "geometry": {"type": "Point", "coordinates": [80.23226603314356, 26.03232353426382]}}, {"type": "Feature", "id": 1140, "properties": {"segment_id": 1140, "risk_score": 0.47168783562394373, "risk_category": "Medium", "vegetation_fraction": 1.0, "mean_dist_to_line_m": 2302.1728866442677, "ndvi": 0.7026990990304577}, "geometry": {"type": "Point", "coordinates": [80.25849683943984, 25.995223113029684]}}, {"type": "Feature", "id": 1141, "properties": {"segment_id": 1141, "risk_score": 0.40704299307914177, "risk_category": "Medium", "vegetation_fraction": 1.0, "mean_dist_to_line_m": 2666.9270706189172, "ndvi": 0.6518875095008867}, "geometry": {"type": "Point", "coordinates": [80.29263282023639, 26.030706566752404]}}, {"type": "Feature", "id": 1142, "properties": {"segment_id": 1142, "risk_score": 0.16379186815491384, "risk_category": "Low", "vegetation_fraction": 1.0, "mean_dist_to_line_m": 3074.752022521491, "ndvi": 0.39078313844944484}, "geometry": {"type": "Point", "coordinates": [80.28535646643502, 26.03600662692871]}}, {"type": "Feature", "id": 1143, "properties": {"segment_id": 1143, "risk_score": 0.40879078124805324, "risk_category": "Medium", "vegetation_fraction": 1.0, "mean_dist_to_line_m": 1060.990103629624, "ndvi": 0.5023762072665952}, "geometry": {"type": "Point", "coordinates": [80.22463035322855, 26.035377806229825]}}, {"type": "Feature", "id": 1144, "properties": {"segment_id": 1144, "risk_score": 0.2142535247140882, "risk_category": "Low", "vegetation_fraction": 1.0, "mean_dist_to_line_m": 1714.0595088852663, "ndvi": 0.3518993839835729}, "geometry": {"type": "Point", "coordinates": [79.9102200037867, 26.03753376291171]}}, {"type": "Feature", "id": 1145, "properties": {"segment_id": 1145, "risk_score": 0.4805338747844654, "risk_category": "Medium", "vegetation_fraction": 1.0, "mean_dist_to_line_m": 337.34255586866, "ndvi": 0.4663891269744092}, "geometry": {"type": "Point", "coordinates": [80.20720303671662, 26.026125158803396]}}, {"type": "Feature", "id": 1146, "properties": {"segment_id": 1146, "risk_score": 0.18191071368852252, "risk_category": "Low", "vegetation_fraction": 1.0, "mean_dist_to_line_m": 2952.100946783494, "ndvi": 0.4055778532468869}, "geometry": {"type": "Point", "coordinates": [80.25077132799642, 25.992438335648913]}}, {"type": "Feature", "id": 1147, "properties": {"segment_id": 1147, "risk_score": 0.18154965234485282, "risk_category": "Low", "vegetation_fraction": 1.0, "mean_dist_to_line_m": 2956.7718883945035, "ndvi": 0.40540540540540543}, "geometry": {"type": "Point", "coordinates": [80.37994906585281, 25.923537553356944]}}, {"type": "Feature", "id": 1148, "properties": {"segment_id": 1148, "risk_score": 0.33250513458621506, "risk_category": "Low", "vegetation_fraction": 1.0, "mean_dist_to_line_m": 1588.0806024884255, "ndvi": 0.4769824053988913}, "geometry": {"type": "Point", "coordinates": [80.33512313317524, 25.990282378967027]}}, {"type": "Feature", "id": 1149, "properties": {"segment_id": 1149, "risk_score": 0.32978527786524753, "risk_category": "Low", "vegetation_fraction": 1.0, "mean_dist_to_line_m": 613.9218191268332, "ndvi": 0.3414324569356301}, "geometry": {"type": "Point", "coordinates": [80.16480255530618, 26.02729296867275]}}, {"type": "Feature", "id": 1150, "properties": {"segment_id": 1150, "risk_score": 0.30547325631765837, "risk_category": "Low", "vegetation_fraction": 1.0, "mean_dist_to_line_m": 1302.4592124131948, "ndvi": 0.41306347746090155}, "geometry": {"type": "Point", "coordinates": [79.94130171261725, 26.042384665445958]}}, {"type": "Feature", "id": 1151, "properties": {"segment_id": 1151, "risk_score": 0.22103233328305233, "risk_category": "Low", "vegetation_fraction": 1.0, "mean_dist_to_line_m": 2422.93210800468, "ndvi": 0.41891618983507234}, "geometry": {"type": "Point", "coordinates": [80.25023233882595, 26.0419355078039]}}, {"type": "Feature", "id": 1152, "properties": {"segment_id": 1152, "risk_score": 0.18822563110430302, "risk_category": "Low", "vegetation_fraction": 1.0, "mean_dist_to_line_m": 1663.069451345914, "ndvi": 0.31641896396219754}, "geometry": {"type": "Point", "coordinates": [80.21942012458065, 26.011392788143834]}}, {"type": "Feature", "id": 1153, "properties": {"segment_id": 1153, "risk_score": 0.42651304093049675, "risk_category": "Medium", "vegetation_fraction": 1.0, "mean_dist_to_line_m": 970.82439194738, "ndvi": 0.5103915992124262}, "geometry": {"type": "Point", "coordinates": [80.34221982391979, 25.961266795289966]}}, {"type": "Feature", "id": 1154, "properties": {"segment_id": 1154, "risk_score": 0.5022099796322868, "risk_category": "Medium", "vegetation_fraction": 1.0, "mean_dist_to_line_m": 271.6615541441225, "ndvi": 0.4785161462503336}, "geometry": {"type": "Point", "coordinates": [80.16255676709588, 26.024238696706743]}}, {"type": "Feature", "id": 1155, "properties": {"segment_id": 1155, "risk_score": 0.49889589661740447, "risk_category": "Medium", "vegetation_fraction": 1.0, "mean_dist_to_line_m": 30.0, "ndvi": 0.42232630757220924}, "geometry": {"type": "Point", "coordinates": [79.99978203761343, 26.025137011990864]}}, {"type": "Feature", "id": 1156, "properties": {"segment_id": 1156, "risk_score": 0.13592190123804293, "risk_category": "Low", "vegetation_fraction": 1.0, "mean_dist_to_line_m": 2515.094431626773, "ndvi": 0.32587859424920124}, "geometry": {"type": "Point", "coordinates": [80.22382186947284, 26.00249946683105]}}, {"type": "Feature", "id": 1157, "properties": {"segment_id": 1157, "risk_score": 0.26606381990852684, "risk_category": "Low", "vegetation_fraction": 1.0, "mean_dist_to_line_m": 1990.226117806718, "ndvi": 0.4378896882494005}, "geometry": {"type": "Point", "coordinates": [80.03086374644397, 26.041037192519777]}}, {"type": "Feature", "id": 1158, "properties": {"segment_id": 1158, "risk_score": 0.43776716478574196, "risk_category": "Medium", "vegetation_fraction": 1.0, "mean_dist_to_line_m": 604.1522986797286, "ndvi": 0.4657302010171954}, "geometry": {"type": "Point", "coordinates": [80.2077420258871, 26.023789539064683]}}, {"type": "Feature", "id": 1159, "properties": {"segment_id": 1159, "risk_score": 0.3842925947494142, "risk_category": "Medium", "vegetation_fraction": 1.0, "mean_dist_to_line_m": 2473.15587862957, "ndvi": 0.6128324650397587}, "geometry": {"type": "Point", "coordinates": [80.35416741719858, 25.99046204202385]}}, {"type": "Feature", "id": 1160, "properties": {"segment_id": 1160, "risk_score": 0.29504867341169205, "risk_category": "Low", "vegetation_fraction": 1.0, "mean_dist_to_line_m": 2258.0079716422615, "ndvi": 0.49332437652195826}, "geometry": {"type": "Point", "coordinates": [80.1258156719754, 26.042654160031194]}}, {"type": "Feature", "id": 1161, "properties": {"segment_id": 1161, "risk_score": 0.26738429801945063, "risk_category": "Low", "vegetation_fraction": 1.0, "mean_dist_to_line_m": 2152.881789602021, "ndvi": 0.4529053912313824}, "geometry": {"type": "Point", "coordinates": [80.33215869273765, 25.99818755346728]}}, {"type": "Feature", "id": 1162, "properties": {"segment_id": 1162, "risk_score": 0.5354826178654968, "risk_category": "Medium", "vegetation_fraction": 1.0, "mean_dist_to_line_m": 130.384048104053, "ndvi": 0.48751553496780026}, "geometry": {"type": "Point", "coordinates": [80.38048805502328, 25.955697240528423]}}, {"type": "Feature", "id": 1163, "properties": {"segment_id": 1163, "risk_score": 0.3558695229246699, "risk_category": "Medium", "vegetation_fraction": 1.0, "mean_dist_to_line_m": 1110.720486891279, "ndvi": 0.44737721349816234}, "geometry": {"type": "Point", "coordinates": [80.14845321713521, 26.03708460526965]}}, {"type": "Feature", "id": 1164, "properties": {"segment_id": 1164, "risk_score": 0.16024737511050782, "risk_category": "Low", "vegetation_fraction": 1.0, "mean_dist_to_line_m": 2111.2318678913502, "ndvi": 0.32456552372005637}, "geometry": {"type": "Point", "coordinates": [80.38641693589847, 25.928568118948014]}}, {"type": "Feature", "id": 1165, "properties": {"segment_id": 1165, "risk_score": 0.20709089564176153, "risk_category": "Low", "vegetation_fraction": 1.0, "mean_dist_to_line_m": 1916.0375779195983, "ndvi": 0.3625683377922531}, "geometry": {"type": "Point", "coordinates": [80.23208637008673, 26.00609272796753]}}, {"type": "Feature", "id": 1166, "properties": {"segment_id": 1166, "risk_score": 0.4938789708939729, "risk_category": "Medium", "vegetation_fraction": 1.0, "mean_dist_to_line_m": 734.9829930005184, "ndvi": 0.5530398322851153}, "geometry": {"type": "Point", "coordinates": [80.38695592506895, 25.96009898542061]}}, {"type": "Feature", "id": 1167, "properties": {"segment_id": 1167, "risk_score": 0.47873509287828264, "risk_category": "Medium", "vegetation_fraction": 1.0, "mean_dist_to_line_m": 378.549864614954, "ndvi": 0.47233009708737866}, "geometry": {"type": "Point", "coordinates": [80.36207259169883, 25.962614268216143]}}, {"type": "Feature", "id": 1168, "properties": {"segment_id": 1168, "risk_score": 0.25811296837546077, "risk_category": "Low", "vegetation_fraction": 1.0, "mean_dist_to_line_m": 936.2157870918435, "ndvi": 0.30891168242973227}, "geometry": {"type": "Point", "coordinates": [80.23343384301292, 26.014806386223487]}}, {"type": "Feature", "id": 1169, "properties": {"segment_id": 1169, "risk_score": 0.2595115389692663, "risk_category": "Low", "vegetation_fraction": 1.0, "mean_dist_to_line_m": 2020.6187171260194, "ndvi": 0.4328471781864299}, "geometry": {"type": "Point", "coordinates": [80.1100053229749, 25.999894352507106]}}, {"type": "Feature", "id": 1170, "properties": {"segment_id": 1170, "risk_score": 0.5527749170927762, "risk_category": "High", "vegetation_fraction": 1.0, "mean_dist_to_line_m": 970.82439194738, "ndvi": 0.6576971214017522}, "geometry": {"type": "Point", "coordinates": [80.33988420418108, 25.980670405426945]}}, {"type": "Feature", "id": 1171, "properties": {"segment_id": 1171, "risk_score": 0.4206165101396345, "risk_category": "Medium", "vegetation_fraction": 1.0, "mean_dist_to_line_m": 505.96442562694074, "ndvi": 0.4283611383709519}, "geometry": {"type": "Point", "coordinates": [80.27125291647435, 26.008069021592593]}}, {"type": "Feature", "id": 1172, "properties": {"segment_id": 1172, "risk_score": 0.4870311431780866, "risk_category": "Medium", "vegetation_fraction": 1.0, "mean_dist_to_line_m": 809.5677859203638, "ndvi": 0.5568798834591445}, "geometry": {"type": "Point", "coordinates": [80.36773197798878, 25.95695488192619]}}, {"type": "Feature", "id": 1173, "properties": {"segment_id": 1173, "risk_score": 0.20702808139246293, "risk_category": "Low", "vegetation_fraction": 1.0, "mean_dist_to_line_m": 2151.325173003839, "ndvi": 0.38236597252990695}, "geometry": {"type": "Point", "coordinates": [80.21277259147817, 26.048223714792734]}}, {"type": "Feature", "id": 1174, "properties": {"segment_id": 1174, "risk_score": 0.40177369700578913, "risk_category": "Medium", "vegetation_fraction": 1.0, "mean_dist_to_line_m": 276.5863337187866, "ndvi": 0.3623424156161041}, "geometry": {"type": "Point", "coordinates": [80.11988679110021, 26.022891223780565]}}, {"type": "Feature", "id": 1175, "properties": {"segment_id": 1175, "risk_score": 0.23167068470472757, "risk_category": "Low", "vegetation_fraction": 1.0, "mean_dist_to_line_m": 2478.003228407905, "ndvi": 0.4351016018130834}, "geometry": {"type": "Point", "coordinates": [80.10425610515652, 25.996660417484275]}}, {"type": "Feature", "id": 1176, "properties": {"segment_id": 1176, "risk_score": 0.2207655497555575, "risk_category": "Low", "vegetation_fraction": 1.0, "mean_dist_to_line_m": 2168.3173199511184, "ndvi": 0.3997395833333333}, "geometry": {"type": "Point", "coordinates": [80.22445069017172, 26.005553738797058]}}, {"type": "Feature", "id": 1177, "properties": {"segment_id": 1177, "risk_score": 0.22758079739514925, "risk_category": "Low", "vegetation_fraction": 0.0, "mean_dist_to_line_m": 1127.9184367674818, "ndvi": 0.28074041427941826}, "geometry": {"type": "Point", "coordinates": [80.23873390318921, 26.032682860377466]}}, {"type": "Feature", "id": 1178, "properties": {"segment_id": 1178, "risk_score": 0.28917371324060115, "risk_category": "Low", "vegetation_fraction": 1.0, "mean_dist_to_line_m": 1263.7246535539298, "ndvi": 0.3892889288928893}, "geometry": {"type": "Point", "coordinates": [80.39360345817143, 25.959919322363785]}}, {"type": "Feature", "id": 1179, "properties": {"segment_id": 1179, "risk_score": 0.32096101118480236, "risk_category": "Low", "vegetation_fraction": 1.0, "mean_dist_to_line_m": 2676.060537431842, "ndvi": 0.5520189398921478}, "geometry": {"type": "Point", "coordinates": [80.27700213429272, 25.983275519750894]}}, {"type": "Feature", "id": 1180, "properties": {"segment_id": 1180, "risk_score": 0.2706980000788475, "risk_category": "Low", "vegetation_fraction": 1.0, "mean_dist_to_line_m": 2142.941903085569, "ndvi": 0.4559789750328515}, "geometry": {"type": "Point", "coordinates": [80.40411374699562, 25.962524436687733]}}, {"type": "Feature", "id": 1181, "properties": {"segment_id": 1181, "risk_score": 0.2570146432448872, "risk_category": "Low", "vegetation_fraction": 1.0, "mean_dist_to_line_m": 2604.400122868988, "ndvi": 0.4729484132531805}, "geometry": {"type": "Point", "coordinates": [80.18779942657964, 25.9983672165241]}}, {"type": "Feature", "id": 1182, "properties": {"segment_id": 1182, "risk_score": 0.5077384254562549, "risk_category": "Medium", "vegetation_fraction": 1.0, "mean_dist_to_line_m": 848.999411071645, "ndvi": 0.5871162556618018}, "geometry": {"type": "Point", "coordinates": [80.1529447935558, 26.018848805002026]}}, {"type": "Feature", "id": 1183, "properties": {"segment_id": 1183, "risk_score": 0.2492162653117057, "risk_category": "Low", "vegetation_fraction": 1.0, "mean_dist_to_line_m": 1896.549498431296, "ndvi": 0.40996152471458913}, "geometry": {"type": "Point", "coordinates": [80.077755804275, 26.04382196990055]}}, {"type": "Feature", "id": 1184, "properties": {"segment_id": 1184, "risk_score": 0.4638741008354197, "risk_category": "Medium", "vegetation_fraction": 1.0, "mean_dist_to_line_m": 1385.7849761056004, "ndvi": 0.607793681821048}, "geometry": {"type": "Point", "coordinates": [80.104795094327, 26.006811380194826]}}, {"type": "Feature", "id": 1185, "properties": {"segment_id": 1185, "risk_score": 0.24618302182596014, "risk_category": "Low", "vegetation_fraction": 1.0, "mean_dist_to_line_m": 2490.883377438615, "ndvi": 0.4529004393476804}, "geometry": {"type": "Point", "coordinates": [80.23415249524021, 26.046337252696084]}}, {"type": "Feature", "id": 1186, "properties": {"segment_id": 1186, "risk_score": 0.4613458267771151, "risk_category": "Medium", "vegetation_fraction": 1.0, "mean_dist_to_line_m": 180.0, "ndvi": 0.4117355781133944}, "geometry": {"type": "Point", "coordinates": [80.02044328914818, 26.024867517405628]}}, {"type": "Feature", "id": 1187, "properties": {"segment_id": 1187, "risk_score": 0.3074385434504698, "risk_category": "Low", "vegetation_fraction": 1.0, "mean_dist_to_line_m": 730.0684899377592, "ndvi": 0.33473095737246683}, "geometry": {"type": "Point", "coordinates": [80.2258879946263, 26.018489478888377]}}, {"type": "Feature", "id": 1188, "properties": {"segment_id": 1188, "risk_score": 0.3938603623876922, "risk_category": "Medium", "vegetation_fraction": 1.0, "mean_dist_to_line_m": 1040.4326023342405, "ndvi": 0.48212083847102344}, "geometry": {"type": "Point", "coordinates": [80.36854046174449, 25.95452943065907]}}, {"type": "Feature", "id": 1189, "properties": {"segment_id": 1189, "risk_score": 0.17706741886436886, "risk_category": "Low", "vegetation_fraction": 1.0, "mean_dist_to_line_m": 2515.313101782758, "ndvi": 0.37389620578563443}, "geometry": {"type": "Point", "coordinates": [80.06697602086557, 26.00205030918899]}}, {"type": "Feature", "id": 1190, "properties": {"segment_id": 1190, "risk_score": 0.2160412620083487, "risk_category": "Low", "vegetation_fraction": 0.0, "mean_dist_to_line_m": 1231.990259701756, "ndvi": 0.2187604690117253}, "geometry": {"type": "Point", "coordinates": [80.3963882355522, 25.934047842181144]}}, {"type": "Feature", "id": 1191, "properties": {"segment_id": 1191, "risk_score": 0.37327956471439155, "risk_category": "Medium", "vegetation_fraction": 1.0, "mean_dist_to_line_m": 703.420215802759, "ndvi": 0.4072002796225096}, "geometry": {"type": "Point", "coordinates": [80.13399034106088, 26.030257409110344]}}, {"type": "Feature", "id": 1192, "properties": {"segment_id": 1192, "risk_score": 0.5324956940841934, "risk_category": "Medium", "vegetation_fraction": 1.0, "mean_dist_to_line_m": 126.49110640673518, "ndvi": 0.4831789371038518}, "geometry": {"type": "Point", "coordinates": [79.97229358991937, 26.02873027312734]}}, {"type": "Feature", "id": 1193, "properties": {"segment_id": 1193, "risk_score": 0.10612490812422326, "risk_category": "Low", "vegetation_fraction": 0.0, "mean_dist_to_line_m": 2653.695536417092, "ndvi": 0.22741194486983154}, "geometry": {"type": "Point", "coordinates": [80.25220863245102, 25.993965471631917]}}, {"type": "Feature", "id": 1194, "properties": {"segment_id": 1194, "risk_score": 0.09688866772184795, "risk_category": "Low", "vegetation_fraction": 1.0, "mean_dist_to_line_m": 3329.294219500584, "ndvi": 0.32471664346788626}, "geometry": {"type": "Point", "coordinates": [80.29362096704892, 25.963961741142324]}}, {"type": "Feature", "id": 1195, "properties": {"segment_id": 1195, "risk_score": 0.4887208496390695, "risk_category": "Medium", "vegetation_fraction": 1.0, "mean_dist_to_line_m": 82.46211251235322, "ndvi": 0.42235754675946063}, "geometry": {"type": "Point", "coordinates": [80.11162229048631, 26.017501332075845]}}, {"type": "Feature", "id": 1196, "properties": {"segment_id": 1196, "risk_score": 0.3366228053730219, "risk_category": "Low", "vegetation_fraction": 1.0, "mean_dist_to_line_m": 1504.1608956491323, "ndvi": 0.4727470141150923}, "geometry": {"type": "Point", "coordinates": [80.28329034128154, 25.991719683421618]}}, {"type": "Feature", "id": 1197, "properties": {"segment_id": 1197, "risk_score": 0.4414037438816565, "risk_category": "Medium", "vegetation_fraction": 1.0, "mean_dist_to_line_m": 445.9820624195552, "ndvi": 0.4415807560137457}, "geometry": {"type": "Point", "coordinates": [80.25840700791144, 26.021274256269148]}}, {"type": "Feature", "id": 1198, "properties": {"segment_id": 1198, "risk_score": 0.3332749060537721, "risk_category": "Low", "vegetation_fraction": 1.0, "mean_dist_to_line_m": 2704.0894955603817, "ndvi": 0.5680890538033395}, "geometry": {"type": "Point", "coordinates": [80.18420616544317, 26.04660674728132]}}, {"type": "Feature", "id": 1199, "properties": {"segment_id": 1199, "risk_score": 0.2883634922451862, "risk_category": "Low", "vegetation_fraction": 1.0, "mean_dist_to_line_m": 1860.1075237738273, "ndvi": 0.4523089080907966}, "geometry": {"type": "Point", "coordinates": [80.10111200166212, 26.03977955112201]}}, {"type": "Feature", "id": 1200, "properties": {"segment_id": 1200, "risk_score": 0.10540141412295373, "risk_category": "Low", "vegetation_fraction": 0.0, "mean_dist_to_line_m": 2667.376988728815, "ndvi": 0.1387955260285979}, "geometry": {"type": "Point", "coordinates": [80.0942848055028, 25.9983672165241]}}, {"type": "Feature", "id": 1201, "properties": {"segment_id": 1201, "risk_score": 0.15341911681742149, "risk_category": "Low", "vegetation_fraction": 1.0, "mean_dist_to_line_m": 3521.4201680572, "ndvi": 0.3987583572110793}, "geometry": {"type": "Point", "coordinates": [80.25750869262731, 25.987587433114665]}}, {"type": "Feature", "id": 1202, "properties": {"segment_id": 1202, "risk_score": 0.1607815704103679, "risk_category": "Low", "vegetation_fraction": 1.0, "mean_dist_to_line_m": 2650.0, "ndvi": 0.3635371179039301}, "geometry": {"type": "Point", "coordinates": [80.19974701985844, 25.99962485792187]}}, {"type": "Feature", "id": 1203, "properties": {"segment_id": 1203, "risk_score": 0.4841583387244095, "risk_category": "Medium", "vegetation_fraction": 1.0, "mean_dist_to_line_m": 764.8529270389178, "ndvi": 0.5464895023704325}, "geometry": {"type": "Point", "coordinates": [80.08009142401372, 26.01992678334297]}}, {"type": "Feature", "id": 1204, "properties": {"segment_id": 1204, "risk_score": 0.49797563805972744, "risk_category": "Medium", "vegetation_fraction": 1.0, "mean_dist_to_line_m": 376.4306044943742, "ndvi": 0.49436795994993743}, "geometry": {"type": "Point", "coordinates": [80.28050556390077, 26.01345891329731]}}, {"type": "Feature", "id": 1205, "properties": {"segment_id": 1205, "risk_score": 0.2868658732982162, "risk_category": "Low", "vegetation_fraction": 1.0, "mean_dist_to_line_m": 1241.6923934694937, "ndvi": 0.38384845463609174}, "geometry": {"type": "Point", "coordinates": [79.95576458869157, 26.017950489717908]}}, {"type": "Feature", "id": 1206, "properties": {"segment_id": 1206, "risk_score": 0.3058211270922706, "risk_category": "Low", "vegetation_fraction": 1.0, "mean_dist_to_line_m": 1215.9769734661918, "ndvi": 0.40271701588763525}, "geometry": {"type": "Point", "coordinates": [80.34922668313592, 25.97995175319965]}}, {"type": "Feature", "id": 1207, "properties": {"segment_id": 1207, "risk_score": 0.31412953438853125, "risk_category": "Low", "vegetation_fraction": 1.0, "mean_dist_to_line_m": 1745.6230979223437, "ndvi": 0.4715226497608538}, "geometry": {"type": "Point", "coordinates": [80.19552493802307, 26.006721548666413]}}, {"type": "Feature", "id": 1208, "properties": {"segment_id": 1208, "risk_score": 0.15201780003090729, "risk_category": "Low", "vegetation_fraction": 1.0, "mean_dist_to_line_m": 3242.9924452579285, "ndvi": 0.3851394507132212}, "geometry": {"type": "Point", "coordinates": [80.28481747726455, 25.972765230926694]}}, {"type": "Feature", "id": 1209, "properties": {"segment_id": 1209, "risk_score": 0.2989725317169749, "risk_category": "Low", "vegetation_fraction": 1.0, "mean_dist_to_line_m": 1880.6647760831806, "ndvi": 0.46656887911013323}, "geometry": {"type": "Point", "coordinates": [79.96178330109517, 26.04561860046879]}}, {"type": "Feature", "id": 1210, "properties": {"segment_id": 1210, "risk_score": 0.22671070066601007, "risk_category": "Low", "vegetation_fraction": 1.0, "mean_dist_to_line_m": 1514.7607071745688, "ndvi": 0.345679012345679}, "geometry": {"type": "Point", "coordinates": [79.91327427575271, 26.025226843519274]}}, {"type": "Feature", "id": 1211, "properties": {"segment_id": 1211, "risk_score": 0.18266752556174212, "risk_category": "Low", "vegetation_fraction": 1.0, "mean_dist_to_line_m": 2777.4268667239467, "ndvi": 0.39672733049725517}, "geometry": {"type": "Point", "coordinates": [80.06131663457562, 26.048223714792734]}}, {"type": "Feature", "id": 1212, "properties": {"segment_id": 1212, "risk_score": 0.18765962807988903, "risk_category": "Low", "vegetation_fraction": 1.0, "mean_dist_to_line_m": 2264.1996378411513, "ndvi": 0.3685035929451975}, "geometry": {"type": "Point", "coordinates": [80.09832722428133, 26.00070283626281]}}, {"type": "Feature", "id": 1213, "properties": {"segment_id": 1213, "risk_score": 0.4145124155071114, "risk_category": "Medium", "vegetation_fraction": 1.0, "mean_dist_to_line_m": 762.954782408499, "ndvi": 0.46493363339916416}, "geometry": {"type": "Point", "coordinates": [80.24601025699059, 26.01345891329731]}}, {"type": "Feature", "id": 1214, "properties": {"segment_id": 1214, "risk_score": 0.26892000596557314, "risk_category": "Low", "vegetation_fraction": 1.0, "mean_dist_to_line_m": 1410.0, "ndvi": 0.3831560056403025}, "geometry": {"type": "Point", "coordinates": [80.15339395119787, 26.0396897195936]}}, {"type": "Feature", "id": 1215, "properties": {"segment_id": 1215, "risk_score": 0.6164006221376872, "risk_category": "High", "vegetation_fraction": 1.0, "mean_dist_to_line_m": 852.1150157109073, "ndvi": 0.7143639600164317}, "geometry": {"type": "Point", "coordinates": [79.97148510616367, 26.01992678334297]}}, {"type": "Feature", "id": 1216, "properties": {"segment_id": 1216, "risk_score": 0.22195857792165874, "risk_category": "Low", "vegetation_fraction": 1.0, "mean_dist_to_line_m": 1886.7962264113207, "ndvi": 0.3772770853307766}, "geometry": {"type": "Point", "coordinates": [80.32838576854435, 25.957493871096663]}}, {"type": "Feature", "id": 1217, "properties": {"segment_id": 1217, "risk_score": 0.318678691866784, "risk_category": "Low", "vegetation_fraction": 1.0, "mean_dist_to_line_m": 1571.5279189374905, "ndvi": 0.4590984974958264}, "geometry": {"type": "Point", "coordinates": [79.95154250685621, 26.04382196990055]}}, {"type": "Feature", "id": 1218, "properties": {"segment_id": 1218, "risk_score": 0.4994390895308509, "risk_category": "Medium", "vegetation_fraction": 1.0, "mean_dist_to_line_m": 14.142135623730951, "ndvi": 0.4193004635482512}, "geometry": {"type": "Point", "coordinates": [79.94255935401502, 26.03061673522399]}}, {"type": "Feature", "id": 1219, "properties": {"segment_id": 1219, "risk_score": 0.260405545436555, "risk_category": "Low", "vegetation_fraction": 1.0, "mean_dist_to_line_m": 2329.4849216082084, "ndvi": 0.45820506748756806}, "geometry": {"type": "Point", "coordinates": [80.40034082280232, 25.966746518523095]}}, {"type": "Feature", "id": 1220, "properties": {"segment_id": 1220, "risk_score": 0.39627066971499736, "risk_category": "Medium", "vegetation_fraction": 1.0, "mean_dist_to_line_m": 252.98221281347037, "ndvi": 0.35109752102216885}, "geometry": {"type": "Point", "coordinates": [80.09410514244598, 26.021903076968034]}}, {"type": "Feature", "id": 1221, "properties": {"segment_id": 1221, "risk_score": 0.24885380212980396, "risk_category": "Low", "vegetation_fraction": 1.0, "mean_dist_to_line_m": 2484.854120466632, "ndvi": 0.45561083471531233}, "geometry": {"type": "Point", "coordinates": [80.31724665902127, 26.01309958718366]}}, {"type": "Feature", "id": 1222, "properties": {"segment_id": 1222, "risk_score": 0.25475567785880887, "risk_category": "Low", "vegetation_fraction": 1.0, "mean_dist_to_line_m": 2354.4001359157282, "ndvi": 0.453416149068323}, "geometry": {"type": "Point", "coordinates": [79.94013390274789, 26.051996638986036]}}, {"type": "Feature", "id": 1223, "properties": {"segment_id": 1223, "risk_score": 0.29521690323856137, "risk_category": "Low", "vegetation_fraction": 1.0, "mean_dist_to_line_m": 967.6776322722355, "ndvi": 0.3567605306027461}, "geometry": {"type": "Point", "coordinates": [80.26613251935487, 26.02369970753627]}}, {"type": "Feature", "id": 1224, "properties": {"segment_id": 1224, "risk_score": 0.33647603037029794, "risk_category": "Low", "vegetation_fraction": 1.0, "mean_dist_to_line_m": 1816.865432551349, "ndvi": 0.5044160942100098}, "geometry": {"type": "Point", "coordinates": [80.30008883709458, 25.97563983983588]}}, {"type": "Feature", "id": 1225, "properties": {"segment_id": 1225, "risk_score": 0.31772286394017457, "risk_category": "Low", "vegetation_fraction": 1.0, "mean_dist_to_line_m": 3005.212138934621, "ndvi": 0.5668202764976958}, "geometry": {"type": "Point", "coordinates": [80.32398402365216, 26.01300975565525]}}, {"type": "Feature", "id": 1226, "properties": {"segment_id": 1226, "risk_score": 0.27224563550008773, "risk_category": "Low", "vegetation_fraction": 1.0, "mean_dist_to_line_m": 1876.7258723638888, "ndvi": 0.4350282485875706}, "geometry": {"type": "Point", "coordinates": [80.07595917370676, 26.04337281225849]}}, {"type": "Feature", "id": 1227, "properties": {"segment_id": 1227, "risk_score": 0.3771975327721335, "risk_category": "Medium", "vegetation_fraction": 1.0, "mean_dist_to_line_m": 320.1562118716424, "ndvi": 0.3424277456647399}, "geometry": {"type": "Point", "coordinates": [80.06616753710986, 26.02774212631481]}}, {"type": "Feature", "id": 1228, "properties": {"segment_id": 1228, "risk_score": 0.22931792339390575, "risk_category": "Low", "vegetation_fraction": 1.0, "mean_dist_to_line_m": 1946.1243536834947, "ndvi": 0.3911730466161762}, "geometry": {"type": "Point", "coordinates": [80.06221494985974, 26.0419355078039]}}, {"type": "Feature", "id": 1229, "properties": {"segment_id": 1229, "risk_score": 0.45380951745470655, "risk_category": "Medium", "vegetation_fraction": 1.0, "mean_dist_to_line_m": 1051.189802081432, "ndvi": 0.5535494460402134}, "geometry": {"type": "Point", "coordinates": [80.32191789849868, 25.970519442716395]}}, {"type": "Feature", "id": 1230, "properties": {"segment_id": 1230, "risk_score": 0.2551810480298438, "risk_category": "Low", "vegetation_fraction": 1.0, "mean_dist_to_line_m": 1690.4733065032408, "ndvi": 0.39729855612482534}, "geometry": {"type": "Point", "coordinates": [80.12141392708321, 26.005014749626586]}}, {"type": "Feature", "id": 1231, "properties": {"segment_id": 1231, "risk_score": 0.5801786539182335, "risk_category": "High", "vegetation_fraction": 1.0, "mean_dist_to_line_m": 101.9803902718557, "ndvi": 0.5334073685366657}, "geometry": {"type": "Point", "coordinates": [80.11359858411137, 26.019747120286144]}}, {"type": "Feature", "id": 1232, "properties": {"segment_id": 1232, "risk_score": 0.36542571795342615, "risk_category": "Medium", "vegetation_fraction": 1.0, "mean_dist_to_line_m": 370.0, "ndvi": 0.3384813384813385}, "geometry": {"type": "Point", "coordinates": [80.26783931839469, 26.017501332075845]}}, {"type": "Feature", "id": 1233, "properties": {"segment_id": 1233, "risk_score": 0.31124051275242004, "risk_category": "Low", "vegetation_fraction": 1.0, "mean_dist_to_line_m": 1353.4031180694094, "ndvi": 0.425911559348332}, "geometry": {"type": "Point", "coordinates": [80.13785309678259, 26.01211144037113]}}, {"type": "Feature", "id": 1234, "properties": {"segment_id": 1234, "risk_score": 0.22566629773475075, "risk_category": "Low", "vegetation_fraction": 0.0, "mean_dist_to_line_m": 1144.8143954370944, "ndvi": 0.2808253648716658}, "geometry": {"type": "Point", "coordinates": [80.37446934261968, 25.973304220097166]}}, {"type": "Feature", "id": 1235, "properties": {"segment_id": 1235, "risk_score": 0.343384523876323, "risk_category": "Low", "vegetation_fraction": 1.0, "mean_dist_to_line_m": 2578.5654926722336, "ndvi": 0.572063407839756}, "geometry": {"type": "Point", "coordinates": [80.2761038190086, 25.985072150319134]}}, {"type": "Feature", "id": 1236, "properties": {"segment_id": 1236, "risk_score": 0.11142706626244753, "risk_category": "Low", "vegetation_fraction": 0.0, "mean_dist_to_line_m": 2556.188568944005, "ndvi": 0.28574481726864714}, "geometry": {"type": "Point", "coordinates": [79.909411520031, 26.049571187718914]}}, {"type": "Feature", "id": 1237, "properties": {"segment_id": 1237, "risk_score": 0.30154414313107375, "risk_category": "Low", "vegetation_fraction": 1.0, "mean_dist_to_line_m": 833.8465086573187, "ndvi": 0.34423480083857444}, "geometry": {"type": "Point", "coordinates": [79.99394298826665, 26.017860658189495]}}, {"type": "Feature", "id": 1238, "properties": {"segment_id": 1238, "risk_score": 0.35240925359521036, "risk_category": "Medium", "vegetation_fraction": 1.0, "mean_dist_to_line_m": 1691.892431568863, "ndvi": 0.510873617497204}, "geometry": {"type": "Point", "coordinates": [80.31895345806109, 25.965578708653737]}}, {"type": "Feature", "id": 1239, "properties": {"segment_id": 1239, "risk_score": 0.6090849068281484, "risk_category": "High", "vegetation_fraction": 1.0, "mean_dist_to_line_m": 206.15528128088303, "ndvi": 0.5896391552067364}, "geometry": {"type": "Point", "coordinates": [80.12554617739016, 26.02360987600786]}}, {"type": "Feature", "id": 1240, "properties": {"segment_id": 1240, "risk_score": 0.290173245853589, "risk_category": "Low", "vegetation_fraction": 1.0, "mean_dist_to_line_m": 2179.954127957742, "ndvi": 0.48163082437275984}, "geometry": {"type": "Point", "coordinates": [80.3273077902034, 26.000972330848047]}}, {"type": "Feature", "id": 1241, "properties": {"segment_id": 1241, "risk_score": 0.5211068001698301, "risk_category": "Medium", "vegetation_fraction": 1.0, "mean_dist_to_line_m": 303.6445290137795, "ndvi": 0.5070254822576804}, "geometry": {"type": "Point", "coordinates": [80.1363259607996, 26.02145391932597]}}, {"type": "Feature", "id": 1242, "properties": {"segment_id": 1242, "risk_score": 0.3682184651668241, "risk_category": "Medium", "vegetation_fraction": 1.0, "mean_dist_to_line_m": 502.19518117958876, "ndvi": 0.36654653381386476}, "geometry": {"type": "Point", "coordinates": [80.19813005234701, 26.02082509862709]}}, {"type": "Feature", "id": 1243, "properties": {"segment_id": 1243, "risk_score": 0.315925938988701, "risk_category": "Low", "vegetation_fraction": 1.0, "mean_dist_to_line_m": 2470.323865407125, "ndvi": 0.5328793492434748}, "geometry": {"type": "Point", "coordinates": [80.18231970334651, 26.043282980730076]}}, {"type": "Feature", "id": 1244, "properties": {"segment_id": 1244, "risk_score": 0.18151600051351816, "risk_category": "Low", "vegetation_fraction": 1.0, "mean_dist_to_line_m": 2333.7951923851415, "ndvi": 0.36648071792384185}, "geometry": {"type": "Point", "coordinates": [80.26981561201976, 25.99127052577956]}}, {"type": "Feature", "id": 1245, "properties": {"segment_id": 1245, "risk_score": 0.21285117813022492, "risk_category": "Low", "vegetation_fraction": 1.0, "mean_dist_to_line_m": 2727.288030260097, "ndvi": 0.42898701298701297}, "geometry": {"type": "Point", "coordinates": [80.35326910191446, 25.992438335648913]}}, {"type": "Feature", "id": 1246, "properties": {"segment_id": 1246, "risk_score": 0.21842977065588376, "risk_category": "Low", "vegetation_fraction": 0.0, "mean_dist_to_line_m": 1210.0, "ndvi": 0.23802675104271537}, "geometry": {"type": "Point", "coordinates": [80.01649070189805, 26.01247076648478]}}, {"type": "Feature", "id": 1247, "properties": {"segment_id": 1247, "risk_score": 0.16084090528536865, "risk_category": "Low", "vegetation_fraction": 1.0, "mean_dist_to_line_m": 2925.816125459698, "ndvi": 0.37958550371273414}, "geometry": {"type": "Point", "coordinates": [80.03598414356344, 26.000343510149165]}}, {"type": "Feature", "id": 1248, "properties": {"segment_id": 1248, "risk_score": 0.28923497123660097, "risk_category": "Low", "vegetation_fraction": 1.0, "mean_dist_to_line_m": 1426.3590010933433, "ndvi": 0.40873516788689723}, "geometry": {"type": "Point", "coordinates": [79.91498107479255, 26.04076769793454]}}, {"type": "Feature", "id": 1249, "properties": {"segment_id": 1249, "risk_score": 0.24043382616292142, "risk_category": "Low", "vegetation_fraction": 1.0, "mean_dist_to_line_m": 2868.3967647450727, "ndvi": 0.4692965154503616}, "geometry": {"type": "Point", "coordinates": [80.41282740525159, 25.964410898784383]}}, {"type": "Feature", "id": 1250, "properties": {"segment_id": 1250, "risk_score": 0.5368234250221828, "risk_category": "Medium", "vegetation_fraction": 1.0, "mean_dist_to_line_m": 0.0, "ndvi": 0.45962732919254656}, "geometry": {"type": "Point", "coordinates": [80.20756236283027, 26.029359093826226]}}, {"type": "Feature", "id": 1251, "properties": {"segment_id": 1251, "risk_score": 0.15786732792719804, "risk_category": "Low", "vegetation_fraction": 1.0, "mean_dist_to_line_m": 3424.2663447810246, "ndvi": 0.3999543691535478}, "geometry": {"type": "Point", "coordinates": [80.32290604531121, 26.019208131115676]}}, {"type": "Feature", "id": 1252, "properties": {"segment_id": 1252, "risk_score": 0.3737680467376321, "risk_category": "Medium", "vegetation_fraction": 1.0, "mean_dist_to_line_m": 1197.0797801316335, "ndvi": 0.4795763993948563}, "geometry": {"type": "Point", "coordinates": [80.30970081063467, 25.975999165949524]}}, {"type": "Feature", "id": 1253, "properties": {"segment_id": 1253, "risk_score": 0.21158337920430703, "risk_category": "Low", "vegetation_fraction": 1.0, "mean_dist_to_line_m": 1910.2355875650524, "ndvi": 0.36728942699091954}, "geometry": {"type": "Point", "coordinates": [80.3483283678518, 25.95138532716465]}}, {"type": "Feature", "id": 1254, "properties": {"segment_id": 1254, "risk_score": 0.36655012926828956, "risk_category": "Medium", "vegetation_fraction": 1.0, "mean_dist_to_line_m": 2126.805115660577, "ndvi": 0.5665116279069767}, "geometry": {"type": "Point", "coordinates": [80.17737896928385, 26.001331656961696]}}, {"type": "Feature", "id": 1255, "properties": {"segment_id": 1255, "risk_score": 0.2855802467914881, "risk_category": "Low", "vegetation_fraction": 1.0, "mean_dist_to_line_m": 1205.404496424333, "ndvi": 0.3777560019598236}, "geometry": {"type": "Point", "coordinates": [80.14216501014637, 26.03699477374124]}}, {"type": "Feature", "id": 1256, "properties": {"segment_id": 1256, "risk_score": 0.4687444702460033, "risk_category": "Medium", "vegetation_fraction": 1.0, "mean_dist_to_line_m": 445.5333881989093, "ndvi": 0.47339449541284406}, "geometry": {"type": "Point", "coordinates": [80.30799401159483, 25.99648075442745]}}, {"type": "Feature", "id": 1257, "properties": {"segment_id": 1257, "risk_score": 0.15568600824295564, "risk_category": "Low", "vegetation_fraction": 0.0, "mean_dist_to_line_m": 1887.2466717416671, "ndvi": 0.17739331026528257}, "geometry": {"type": "Point", "coordinates": [80.30646687561183, 26.01354874482572]}}, {"type": "Feature", "id": 1258, "properties": {"segment_id": 1258, "risk_score": 0.3158192192999046, "risk_category": "Low", "vegetation_fraction": 1.0, "mean_dist_to_line_m": 1171.537451385998, "ndvi": 0.40867279894875164}, "geometry": {"type": "Point", "coordinates": [80.0535911231322, 26.012291103427955]}}, {"type": "Feature", "id": 1259, "properties": {"segment_id": 1259, "risk_score": 0.34123181690589033, "risk_category": "Low", "vegetation_fraction": 0.0, "mean_dist_to_line_m": 317.8049716414141, "ndvi": 0.269661329176704}, "geometry": {"type": "Point", "coordinates": [80.08458300043431, 26.029359093826226]}}, {"type": "Feature", "id": 1260, "properties": {"segment_id": 1260, "risk_score": 0.19280816306439763, "risk_category": "Low", "vegetation_fraction": 1.0, "mean_dist_to_line_m": 2313.655116909173, "ndvi": 0.3781844611341993}, "geometry": {"type": "Point", "coordinates": [80.07281507021234, 26.046876241866556]}}, {"type": "Feature", "id": 1261, "properties": {"segment_id": 1261, "risk_score": 0.34356121616265956, "risk_category": "Low", "vegetation_fraction": 1.0, "mean_dist_to_line_m": 1629.8466185503469, "ndvi": 0.49424055719260646}, "geometry": {"type": "Point", "coordinates": [80.33161970356718, 25.958212523323958]}}, {"type": "Feature", "id": 1262, "properties": {"segment_id": 1262, "risk_score": 0.24014345677691673, "risk_category": "Low", "vegetation_fraction": 1.0, "mean_dist_to_line_m": 2127.204738618265, "ndvi": 0.41906936911218956}, "geometry": {"type": "Point", "coordinates": [80.38426097921658, 25.97896360638712]}}, {"type": "Feature", "id": 1263, "properties": {"segment_id": 1263, "risk_score": 0.2492451596403396, "risk_category": "Low", "vegetation_fraction": 1.0, "mean_dist_to_line_m": 2943.637205907005, "ndvi": 0.4836824159766196}, "geometry": {"type": "Point", "coordinates": [80.3242535182374, 25.948870044369116]}}, {"type": "Feature", "id": 1264, "properties": {"segment_id": 1264, "risk_score": 0.27862217570059855, "risk_category": "Low", "vegetation_fraction": 1.0, "mean_dist_to_line_m": 1973.0686759461769, "ndvi": 0.45105475231097414}, "geometry": {"type": "Point", "coordinates": [80.15537024482293, 26.044720285184667]}}, {"type": "Feature", "id": 1265, "properties": {"segment_id": 1265, "risk_score": 0.26178199288172077, "risk_category": "Low", "vegetation_fraction": 1.0, "mean_dist_to_line_m": 2170.0691233230336, "ndvi": 0.4477302747922997}, "geometry": {"type": "Point", "coordinates": [80.0641912434848, 26.044271127542608]}}, {"type": "Feature", "id": 1266, "properties": {"segment_id": 1266, "risk_score": 0.49919719849375976, "risk_category": "Medium", "vegetation_fraction": 1.0, "mean_dist_to_line_m": 123.6931687685298, "ndvi": 0.4437174226461129}, "geometry": {"type": "Point", "coordinates": [80.36818113563085, 25.96566854018215]}}, {"type": "Feature", "id": 1267, "properties": {"segment_id": 1267, "risk_score": 0.2817947879298966, "risk_category": "Low", "vegetation_fraction": 1.0, "mean_dist_to_line_m": 2972.0026917888213, "ndvi": 0.5231652839821315}, "geometry": {"type": "Point", "coordinates": [80.36530652672167, 25.934227505237967]}}, {"type": "Feature", "id": 1268, "properties": {"segment_id": 1268, "risk_score": 0.42845045528880044, "risk_category": "Medium", "vegetation_fraction": 1.0, "mean_dist_to_line_m": 504.8762224545735, "ndvi": 0.43730352776807546}, "geometry": {"type": "Point", "coordinates": [80.18187054570446, 26.01633352220649]}}, {"type": "Feature", "id": 1269, "properties": {"segment_id": 1269, "risk_score": 0.2961562027745945, "risk_category": "Low", "vegetation_fraction": 1.0, "mean_dist_to_line_m": 1385.712812959453, "ndvi": 0.41211437941990364}, "geometry": {"type": "Point", "coordinates": [80.40213745337056, 25.93440716829479]}}, {"type": "Feature", "id": 1270, "properties": {"segment_id": 1270, "risk_score": 0.14269195426153145, "risk_category": "Low", "vegetation_fraction": 0.0, "mean_dist_to_line_m": 2061.5528128088304, "ndvi": 0.2507598784194529}, "geometry": {"type": "Point", "coordinates": [80.10596290419636, 26.00007401556393]}}, {"type": "Feature", "id": 1271, "properties": {"segment_id": 1271, "risk_score": 0.32918694367507767, "risk_category": "Low", "vegetation_fraction": 1.0, "mean_dist_to_line_m": 2989.866217742861, "ndvi": 0.5793950850661626}, "geometry": {"type": "Point", "coordinates": [80.36000646654536, 25.93988689152792]}}, {"type": "Feature", "id": 1272, "properties": {"segment_id": 1272, "risk_score": 0.4898375390367752, "risk_category": "Medium", "vegetation_fraction": 1.0, "mean_dist_to_line_m": 241.66091947189145, "ndvi": 0.45792450652199007}, "geometry": {"type": "Point", "coordinates": [80.32227722461234, 25.984084003506602]}}, {"type": "Feature", "id": 1273, "properties": {"segment_id": 1273, "risk_score": 0.2608376988923714, "risk_category": "Low", "vegetation_fraction": 1.0, "mean_dist_to_line_m": 1180.0, "ndvi": 0.34562458249833}, "geometry": {"type": "Point", "coordinates": [80.02619250696654, 26.012560598013188]}}, {"type": "Feature", "id": 1274, "properties": {"segment_id": 1274, "risk_score": 0.38854224061438347, "risk_category": "Medium", "vegetation_fraction": 1.0, "mean_dist_to_line_m": 1370.0, "ndvi": 0.5180571735818621}, "geometry": {"type": "Point", "coordinates": [80.01658053342646, 26.03564730081506]}}, {"type": "Feature", "id": 1275, "properties": {"segment_id": 1275, "risk_score": 0.29040386106007376, "risk_category": "Low", "vegetation_fraction": 1.0, "mean_dist_to_line_m": 1986.9826370655583, "ndvi": 0.4660063963685134}, "geometry": {"type": "Point", "coordinates": [80.31706699596444, 26.00699104325165]}}, {"type": "Feature", "id": 1276, "properties": {"segment_id": 1276, "risk_score": 0.18328712248891524, "risk_category": "Low", "vegetation_fraction": 1.0, "mean_dist_to_line_m": 2313.114783144148, "ndvi": 0.36703692584809366}, "geometry": {"type": "Point", "coordinates": [80.05835219413802, 26.002589298359464]}}, {"type": "Feature", "id": 1277, "properties": {"segment_id": 1277, "risk_score": 0.185186479014328, "risk_category": "Low", "vegetation_fraction": 1.0, "mean_dist_to_line_m": 3493.365139804312, "ndvi": 0.434686913151465}, "geometry": {"type": "Point", "coordinates": [80.22921176117755, 25.996840080541098]}}, {"type": "Feature", "id": 1278, "properties": {"segment_id": 1278, "risk_score": 0.473511173000776, "risk_category": "Medium", "vegetation_fraction": 1.0, "mean_dist_to_line_m": 649.3843238021689, "ndvi": 0.515146457481432}, "geometry": {"type": "Point", "coordinates": [80.13506831940182, 26.017950489717908]}}, {"type": "Feature", "id": 1279, "properties": {"segment_id": 1279, "risk_score": 0.1999373545653168, "risk_category": "Low", "vegetation_fraction": 1.0, "mean_dist_to_line_m": 1799.0275150758534, "ndvi": 0.3434354606791284}, "geometry": {"type": "Point", "coordinates": [80.30682620172549, 25.971417758000516]}}, {"type": "Feature", "id": 1280, "properties": {"segment_id": 1280, "risk_score": 0.44419054315217793, "risk_category": "Medium", "vegetation_fraction": 1.0, "mean_dist_to_line_m": 567.5385449465084, "ndvi": 0.4668501376032024}, "geometry": {"type": "Point", "coordinates": [80.23774575637668, 26.02774212631481]}}, {"type": "Feature", "id": 1281, "properties": {"segment_id": 1281, "risk_score": 0.3231511927361713, "risk_category": "Low", "vegetation_fraction": 1.0, "mean_dist_to_line_m": 1081.8964830333814, "ndvi": 0.40531829170024175}, "geometry": {"type": "Point", "coordinates": [80.17225857216438, 26.030886229809227]}}, {"type": "Feature", "id": 1282, "properties": {"segment_id": 1282, "risk_score": 0.3844428621479964, "risk_category": "Medium", "vegetation_fraction": 1.0, "mean_dist_to_line_m": 636.3961030678928, "ndvi": 0.4090359459162361}, "geometry": {"type": "Point", "coordinates": [79.92710833112815, 26.037982920553773]}}, {"type": "Feature", "id": 1283, "properties": {"segment_id": 1283, "risk_score": 0.2083876883341838, "risk_category": "Low", "vegetation_fraction": 1.0, "mean_dist_to_line_m": 2243.969696765088, "ndvi": 0.3911569865968264}, "geometry": {"type": "Point", "coordinates": [79.93456434798635, 26.051547481343977]}}, {"type": "Feature", "id": 1284, "properties": {"segment_id": 1284, "risk_score": 0.28130380932564025, "risk_category": "Low", "vegetation_fraction": 1.0, "mean_dist_to_line_m": 1947.331507473753, "ndvi": 0.4519296643069194}, "geometry": {"type": "Point", "coordinates": [80.32694846408975, 25.9577633656819]}}, {"type": "Feature", "id": 1285, "properties": {"segment_id": 1285, "risk_score": 0.25368498731152095, "risk_category": "Low", "vegetation_fraction": 1.0, "mean_dist_to_line_m": 2131.7832910500074, "ndvi": 0.43523619739772595}, "geometry": {"type": "Point", "coordinates": [80.24106952292793, 26.041396518633427]}}, {"type": "Feature", "id": 1286, "properties": {"segment_id": 1286, "risk_score": 0.29033708350354037, "risk_category": "Low", "vegetation_fraction": 1.0, "mean_dist_to_line_m": 1568.948692596415, "ndvi": 0.4257588187038556}, "geometry": {"type": "Point", "coordinates": [80.24151868057, 26.007080874780062]}}, {"type": "Feature", "id": 1287, "properties": {"segment_id": 1287, "risk_score": 0.2509101497111137, "risk_category": "Low", "vegetation_fraction": 1.0, "mean_dist_to_line_m": 3390.294972417592, "ndvi": 0.5070615034168565}, "geometry": {"type": "Point", "coordinates": [80.30197529919124, 26.031874376621758]}}, {"type": "Feature", "id": 1288, "properties": {"segment_id": 1288, "risk_score": 0.2068776920786548, "risk_category": "Low", "vegetation_fraction": 0.0, "mean_dist_to_line_m": 1318.6735759845953, "ndvi": 0.2854068015497202}, "geometry": {"type": "Point", "coordinates": [80.27502584066765, 25.99917570027981]}}, {"type": "Feature", "id": 1289, "properties": {"segment_id": 1289, "risk_score": 0.533580596502396, "risk_category": "Medium", "vegetation_fraction": 1.0, "mean_dist_to_line_m": 371.07950630558946, "ndvi": 0.5348713161754901}, "geometry": {"type": "Point", "coordinates": [80.11817999206038, 26.016423353734904]}}, {"type": "Feature", "id": 1290, "properties": {"segment_id": 1290, "risk_score": 0.2814997533154146, "risk_category": "Low", "vegetation_fraction": 1.0, "mean_dist_to_line_m": 1603.7767924496225, "ndvi": 0.41912512716174977}, "geometry": {"type": "Point", "coordinates": [79.91228612894018, 26.0396897195936]}}, {"type": "Feature", "id": 1291, "properties": {"segment_id": 1291, "risk_score": 0.39066372640411284, "risk_category": "Medium", "vegetation_fraction": 1.0, "mean_dist_to_line_m": 572.1887800367987, "ndvi": 0.4052182172575171}, "geometry": {"type": "Point", "coordinates": [80.06760484156445, 26.030257409110344]}}, {"type": "Feature", "id": 1292, "properties": {"segment_id": 1292, "risk_score": 0.20181849234307153, "risk_category": "Low", "vegetation_fraction": 1.0, "mean_dist_to_line_m": 2965.4679226051326, "ndvi": 0.4295140210633168}, "geometry": {"type": "Point", "coordinates": [79.90752505793435, 26.012201271899542]}}, {"type": "Feature", "id": 1293, "properties": {"segment_id": 1293, "risk_score": 0.38831979208671297, "risk_category": "Medium", "vegetation_fraction": 1.0, "mean_dist_to_line_m": 413.40053217188773, "ndvi": 0.3735168485999051}, "geometry": {"type": "Point", "coordinates": [79.92279641776439, 26.03564730081506]}}, {"type": "Feature", "id": 1294, "properties": {"segment_id": 1294, "risk_score": 0.30612678910799973, "risk_category": "Low", "vegetation_fraction": 1.0, "mean_dist_to_line_m": 2344.013651837378, "ndvi": 0.5126003877042371}, "geometry": {"type": "Point", "coordinates": [80.40474256769451, 25.92605283615248]}}, {"type": "Feature", "id": 1295, "properties": {"segment_id": 1295, "risk_score": 0.20464867259138844, "risk_category": "Low", "vegetation_fraction": 1.0, "mean_dist_to_line_m": 2450.8161905781512, "ndvi": 0.40172579098753597}, "geometry": {"type": "Point", "coordinates": [80.17351621356214, 25.99845704805251]}}, {"type": "Feature", "id": 1296, "properties": {"segment_id": 1296, "risk_score": 0.2737737952799377, "risk_category": "Low", "vegetation_fraction": 1.0, "mean_dist_to_line_m": 2931.0237119477556, "ndvi": 0.5116215477167076}, "geometry": {"type": "Point", "coordinates": [80.36467770602277, 25.99091119966591]}}, {"type": "Feature", "id": 1297, "properties": {"segment_id": 1297, "risk_score": 0.49458950976225224, "risk_category": "Medium", "vegetation_fraction": 1.0, "mean_dist_to_line_m": 466.1544808322666, "ndvi": 0.5073779795686719}, "geometry": {"type": "Point", "coordinates": [80.2904768635545, 26.008608010763062]}}, {"type": "Feature", "id": 1298, "properties": {"segment_id": 1298, "risk_score": 0.14155797579070378, "risk_category": "Low", "vegetation_fraction": 1.0, "mean_dist_to_line_m": 3431.1076928595526, "ndvi": 0.38121440293464615}, "geometry": {"type": "Point", "coordinates": [80.18312818710223, 26.05109832370192]}}, {"type": "Feature", "id": 1299, "properties": {"segment_id": 1299, "risk_score": 0.11214607349565531, "risk_category": "Low", "vegetation_fraction": 0.0, "mean_dist_to_line_m": 2543.3245958783946, "ndvi": 0.2527427458217984}, "geometry": {"type": "Point", "coordinates": [80.31401272399843, 26.016153859149668]}}, {"type": "Feature", "id": 1300, "properties": {"segment_id": 1300, "risk_score": 0.3125651204563375, "risk_category": "Low", "vegetation_fraction": 1.0, "mean_dist_to_line_m": 1101.3627921806692, "ndvi": 0.3955994611585092}, "geometry": {"type": "Point", "coordinates": [80.3077245170096, 25.978244954159823]}}, {"type": "Feature", "id": 1301, "properties": {"segment_id": 1301, "risk_score": 0.5718936139803981, "risk_category": "High", "vegetation_fraction": 1.0, "mean_dist_to_line_m": 538.5164807134504, "ndvi": 0.6107011070110702}, "geometry": {"type": "Point", "coordinates": [80.31365339788479, 25.991989178006854]}}, {"type": "Feature", "id": 1302, "properties": {"segment_id": 1302, "risk_score": 0.39668301095144176, "risk_category": "Medium", "vegetation_fraction": 1.0, "mean_dist_to_line_m": 847.2307831990054, "ndvi": 0.45728155339805826}, "geometry": {"type": "Point", "coordinates": [80.14710574420903, 26.019118299587262]}}, {"type": "Feature", "id": 1303, "properties": {"segment_id": 1303, "risk_score": 0.2869599889581421, "risk_category": "Low", "vegetation_fraction": 1.0, "mean_dist_to_line_m": 2238.0571931923455, "ndvi": 0.48237476808905383}, "geometry": {"type": "Point", "coordinates": [80.34599274811309, 25.990282378967027]}}, {"type": "Feature", "id": 1304, "properties": {"segment_id": 1304, "risk_score": 0.40922604233682075, "risk_category": "Medium", "vegetation_fraction": 1.0, "mean_dist_to_line_m": 1889.1532494744833, "ndvi": 0.5959697732997481}, "geometry": {"type": "Point", "coordinates": [80.30368209823106, 26.015075880808723]}}, {"type": "Feature", "id": 1305, "properties": {"segment_id": 1305, "risk_score": 0.23802048477941282, "risk_category": "Low", "vegetation_fraction": 1.0, "mean_dist_to_line_m": 2677.9283037452665, "ndvi": 0.4553692795650204}, "geometry": {"type": "Point", "coordinates": [80.14908203783409, 26.000972330848047]}}, {"type": "Feature", "id": 1306, "properties": {"segment_id": 1306, "risk_score": 0.34536445323370085, "risk_category": "Low", "vegetation_fraction": 1.0, "mean_dist_to_line_m": 1166.9190203266035, "ndvi": 0.4425416505230531}, "geometry": {"type": "Point", "coordinates": [80.26918679132088, 26.024598022820392]}}, {"type": "Feature", "id": 1307, "properties": {"segment_id": 1307, "risk_score": 0.1695102835566944, "risk_category": "Low", "vegetation_fraction": 1.0, "mean_dist_to_line_m": 2430.164603478538, "ndvi": 0.3593087195600943}, "geometry": {"type": "Point", "coordinates": [80.17378570814738, 26.04292365461643]}}, {"type": "Feature", "id": 1308, "properties": {"segment_id": 1308, "risk_score": 0.2342670650536342, "risk_category": "Low", "vegetation_fraction": 1.0, "mean_dist_to_line_m": 2013.2560691576223, "ndvi": 0.40276862228081745}, "geometry": {"type": "Point", "coordinates": [80.11773083441832, 26.038432078195832]}}, {"type": "Feature", "id": 1309, "properties": {"segment_id": 1309, "risk_score": 0.3825055594068598, "risk_category": "Medium", "vegetation_fraction": 0.0, "mean_dist_to_line_m": 89.44271909999159, "ndvi": 0.28528485542513604}, "geometry": {"type": "Point", "coordinates": [80.14036837957813, 26.02441835976357]}}, {"type": "Feature", "id": 1310, "properties": {"segment_id": 1310, "risk_score": 0.11956515972280343, "risk_category": "Low", "vegetation_fraction": 1.0, "mean_dist_to_line_m": 2566.028059082753, "ndvi": 0.3101324299353249}, "geometry": {"type": "Point", "coordinates": [80.24520177323488, 25.99701974359792]}}, {"type": "Feature", "id": 1311, "properties": {"segment_id": 1311, "risk_score": 0.4098094713613002, "risk_category": "Medium", "vegetation_fraction": 1.0, "mean_dist_to_line_m": 440.1136216933077, "ndvi": 0.40362355309511827}, "geometry": {"type": "Point", "coordinates": [79.93510333715682, 26.027203137144337]}}, {"type": "Feature", "id": 1312, "properties": {"segment_id": 1312, "risk_score": 0.1993727489443299, "risk_category": "Low", "vegetation_fraction": 1.0, "mean_dist_to_line_m": 1560.0, "ndvi": 0.3186787351592806}, "geometry": {"type": "Point", "coordinates": [80.04981819893888, 26.00878767381989]}}, {"type": "Feature", "id": 1313, "properties": {"segment_id": 1313, "risk_score": 0.2484826600431621, "risk_category": "Low", "vegetation_fraction": 1.0, "mean_dist_to_line_m": 1480.0, "ndvi": 0.36724327614053975}, "geometry": {"type": "Point", "coordinates": [80.01900598469358, 26.009955483689243]}}, {"type": "Feature", "id": 1314, "properties": {"segment_id": 1314, "risk_score": 0.19047067866941667, "risk_category": "Low", "vegetation_fraction": 1.0, "mean_dist_to_line_m": 1574.9603169603988, "ndvi": 0.3098871930988719}, "geometry": {"type": "Point", "coordinates": [79.91093865601401, 26.035467637758238]}}, {"type": "Feature", "id": 1315, "properties": {"segment_id": 1315, "risk_score": 0.27298619680486147, "risk_category": "Low", "vegetation_fraction": 1.0, "mean_dist_to_line_m": 1011.1874208078342, "ndvi": 0.33701512163050623}, "geometry": {"type": "Point", "coordinates": [80.20953865645534, 26.038432078195832]}}, {"type": "Feature", "id": 1316, "properties": {"segment_id": 1316, "risk_score": 0.4707461092562315, "risk_category": "Medium", "vegetation_fraction": 1.0, "mean_dist_to_line_m": 300.0, "ndvi": 0.4475400718005764}, "geometry": {"type": "Point", "coordinates": [80.02107210984705, 26.02594549574657]}}, {"type": "Feature", "id": 1317, "properties": {"segment_id": 1317, "risk_score": 0.2650474988206945, "risk_category": "Low", "vegetation_fraction": 1.0, "mean_dist_to_line_m": 1988.793604173143, "ndvi": 0.4365803687837586}, "geometry": {"type": "Point", "coordinates": [80.25193913786578, 26.03753376291171]}}, {"type": "Feature", "id": 1318, "properties": {"segment_id": 1318, "risk_score": 0.19512848122593077, "risk_category": "Low", "vegetation_fraction": 1.0, "mean_dist_to_line_m": 2151.952601708504, "ndvi": 0.3685330307435907}, "geometry": {"type": "Point", "coordinates": [80.11791049747515, 25.999894352507106]}}, {"type": "Feature", "id": 1319, "properties": {"segment_id": 1319, "risk_score": 0.3892477605730875, "risk_category": "Medium", "vegetation_fraction": 1.0, "mean_dist_to_line_m": 848.999411071645, "ndvi": 0.4488771466314399}, "geometry": {"type": "Point", "coordinates": [80.23352367454133, 26.03133538745129]}}, {"type": "Feature", "id": 1320, "properties": {"segment_id": 1320, "risk_score": 0.14384685734668734, "risk_category": "Low", "vegetation_fraction": 1.0, "mean_dist_to_line_m": 2539.389690457138, "ndvi": 0.3367265786543661}, "geometry": {"type": "Point", "coordinates": [80.12330038917986, 26.044630453656257]}}, {"type": "Feature", "id": 1321, "properties": {"segment_id": 1321, "risk_score": 0.24276243464879985, "risk_category": "Low", "vegetation_fraction": 1.0, "mean_dist_to_line_m": 3383.548433228051, "ndvi": 0.4972663699936427}, "geometry": {"type": "Point", "coordinates": [79.95881886065757, 26.0043859289277]}}, {"type": "Feature", "id": 1322, "properties": {"segment_id": 1322, "risk_score": 0.3156738819920307, "risk_category": "Low", "vegetation_fraction": 1.0, "mean_dist_to_line_m": 1578.4169284444463, "ndvi": 0.45632424877707894}, "geometry": {"type": "Point", "coordinates": [80.3294637468853, 25.99378580857509]}}, {"type": "Feature", "id": 1323, "properties": {"segment_id": 1323, "risk_score": 0.4376946378709511, "risk_category": "Medium", "vegetation_fraction": 1.0, "mean_dist_to_line_m": 640.0, "ndvi": 0.4717741935483871}, "geometry": {"type": "Point", "coordinates": [80.02673149613702, 26.028909936184164]}}, {"type": "Feature", "id": 1324, "properties": {"segment_id": 1324, "risk_score": 0.1706325882093589, "risk_category": "Low", "vegetation_fraction": 1.0, "mean_dist_to_line_m": 2671.3479743380494, "ndvi": 0.37634694692031395}, "geometry": {"type": "Point", "coordinates": [80.31949244723157, 25.954798925244305]}}, {"type": "Feature", "id": 1325, "properties": {"segment_id": 1325, "risk_score": 0.17492371131854376, "risk_category": "Low", "vegetation_fraction": 1.0, "mean_dist_to_line_m": 2808.629559055448, "ndvi": 0.38949454905847375}, "geometry": {"type": "Point", "coordinates": [80.22696597296725, 25.999804520978692]}}, {"type": "Feature", "id": 1326, "properties": {"segment_id": 1326, "risk_score": 0.31349227831776105, "risk_category": "Low", "vegetation_fraction": 1.0, "mean_dist_to_line_m": 2008.4820138602188, "ndvi": 0.4947904607548044}, "geometry": {"type": "Point", "coordinates": [79.91363360186637, 26.04669657880973]}}, {"type": "Feature", "id": 1327, "properties": {"segment_id": 1327, "risk_score": 0.2098223129317744, "risk_category": "Low", "vegetation_fraction": 1.0, "mean_dist_to_line_m": 2154.1587685219492, "ndvi": 0.3858512568022804}, "geometry": {"type": "Point", "coordinates": [80.1949859488526, 26.002768961416287]}}, {"type": "Feature", "id": 1328, "properties": {"segment_id": 1328, "risk_score": 0.6188893329379155, "risk_category": "High", "vegetation_fraction": 1.0, "mean_dist_to_line_m": 101.9803902718557, "ndvi": 0.5785698273929614}, "geometry": {"type": "Point", "coordinates": [80.2039691016938, 26.027562463257986]}}, {"type": "Feature", "id": 1329, "properties": {"segment_id": 1329, "risk_score": 0.18322190746768702, "risk_category": "Low", "vegetation_fraction": 1.0, "mean_dist_to_line_m": 2452.46814454337, "ndvi": 0.37684103605891317}, "geometry": {"type": "Point", "coordinates": [80.13434966717453, 26.046516915752907]}}, {"type": "Feature", "id": 1330, "properties": {"segment_id": 1330, "risk_score": 0.2788239758894691, "risk_category": "Low", "vegetation_fraction": 1.0, "mean_dist_to_line_m": 1140.043858805441, "ndvi": 0.3613885545108501}, "geometry": {"type": "Point", "coordinates": [80.23460165288228, 26.0126504295416]}}, {"type": "Feature", "id": 1331, "properties": {"segment_id": 1331, "risk_score": 0.25103820187409015, "risk_category": "Low", "vegetation_fraction": 0.0, "mean_dist_to_line_m": 931.7188417113823, "ndvi": 0.2250249641818261}, "geometry": {"type": "Point", "coordinates": [80.2039691016938, 26.01992678334297]}}, {"type": "Feature", "id": 1332, "properties": {"segment_id": 1332, "risk_score": 0.45212624487933506, "risk_category": "Medium", "vegetation_fraction": 1.0, "mean_dist_to_line_m": 1458.9036979869506, "ndvi": 0.6024664490388103}, "geometry": {"type": "Point", "coordinates": [80.31931278417474, 25.967824496864036]}}, {"type": "Feature", "id": 1333, "properties": {"segment_id": 1333, "risk_score": 0.40645058051127325, "risk_category": "Medium", "vegetation_fraction": 1.0, "mean_dist_to_line_m": 625.859409132754, "ndvi": 0.43291839557399725}, "geometry": {"type": "Point", "coordinates": [80.25777818721255, 26.0231607183658]}}, {"type": "Feature", "id": 1334, "properties": {"segment_id": 1334, "risk_score": 0.35815740800941687, "risk_category": "Medium", "vegetation_fraction": 1.0, "mean_dist_to_line_m": 1949.2819190666087, "ndvi": 0.5417640002525412}, "geometry": {"type": "Point", "coordinates": [80.01244828311951, 26.041216855576604]}}, {"type": "Feature", "id": 1335, "properties": {"segment_id": 1335, "risk_score": 0.367404913760583, "risk_category": "Medium", "vegetation_fraction": 0.0, "mean_dist_to_line_m": 170.0, "ndvi": 0.2983408748114631}, "geometry": {"type": "Point", "coordinates": [80.07928294025801, 26.025226843519274]}}, {"type": "Feature", "id": 1336, "properties": {"segment_id": 1336, "risk_score": 0.23742283436113742, "risk_category": "Low", "vegetation_fraction": 1.0, "mean_dist_to_line_m": 1699.5587662684688, "ndvi": 0.3774889960176064}, "geometry": {"type": "Point", "coordinates": [80.38264401170517, 25.934946157465262]}}, {"type": "Feature", "id": 1337, "properties": {"segment_id": 1337, "risk_score": 0.6603928700998745, "risk_category": "High", "vegetation_fraction": 1.0, "mean_dist_to_line_m": 22.360679774997898, "ndvi": 0.6089801154586273}, "geometry": {"type": "Point", "coordinates": [80.3114974412029, 25.98731793852943]}}, {"type": "Feature", "id": 1338, "properties": {"segment_id": 1338, "risk_score": 0.31214971811431064, "risk_category": "Low", "vegetation_fraction": 1.0, "mean_dist_to_line_m": 1518.5519418182573, "ndvi": 0.44577226606538894}, "geometry": {"type": "Point", "coordinates": [80.20684371060298, 26.015165712337136]}}, {"type": "Feature", "id": 1339, "properties": {"segment_id": 1339, "risk_score": 0.14011354193044195, "risk_category": "Low", "vegetation_fraction": 0.0, "mean_dist_to_line_m": 2098.022878807569, "ndvi": -0.1882770870337478}, "geometry": {"type": "Point", "coordinates": [80.08404401126384, 26.00717070630847]}}, {"type": "Feature", "id": 1340, "properties": {"segment_id": 1340, "risk_score": 0.4540231583618948, "risk_category": "Medium", "vegetation_fraction": 1.0, "mean_dist_to_line_m": 90.55385138137417, "ndvi": 0.38368505491793164}, "geometry": {"type": "Point", "coordinates": [80.18860791033535, 26.02217257155327]}}, {"type": "Feature", "id": 1341, "properties": {"segment_id": 1341, "risk_score": 0.21921279052191417, "risk_category": "Low", "vegetation_fraction": 1.0, "mean_dist_to_line_m": 2978.9931184881916, "ndvi": 0.4505213875292615}, "geometry": {"type": "Point", "coordinates": [79.9537882950665, 26.005463907268645]}}, {"type": "Feature", "id": 1342, "properties": {"segment_id": 1342, "risk_score": 0.252558382472582, "risk_category": "Low", "vegetation_fraction": 1.0, "mean_dist_to_line_m": 1846.212338816963, "ndvi": 0.4092526690391459}, "geometry": {"type": "Point", "coordinates": [80.39629840402378, 25.964590561841206]}}, {"type": "Feature", "id": 1343, "properties": {"segment_id": 1343, "risk_score": 0.4161518723346806, "risk_category": "Medium", "vegetation_fraction": 1.0, "mean_dist_to_line_m": 441.47480109288233, "ndvi": 0.4112778065183652}, "geometry": {"type": "Point", "coordinates": [80.17710947469863, 26.016603016791727]}}, {"type": "Feature", "id": 1344, "properties": {"segment_id": 1344, "risk_score": 0.30580151659147853, "risk_category": "Low", "vegetation_fraction": 1.0, "mean_dist_to_line_m": 1001.7983829094555, "ndvi": 0.37397519445028377}, "geometry": {"type": "Point", "coordinates": [79.98783444433464, 26.03510831164459]}}, {"type": "Feature", "id": 1345, "properties": {"segment_id": 1345, "risk_score": 0.46449231299504234, "risk_category": "Medium", "vegetation_fraction": 1.0, "mean_dist_to_line_m": 450.44422518220836, "ndvi": 0.4693495554515676}, "geometry": {"type": "Point", "coordinates": [80.16615002823237, 26.026035327274982]}}, {"type": "Feature", "id": 1346, "properties": {"segment_id": 1346, "risk_score": 0.31018320609312877, "risk_category": "Low", "vegetation_fraction": 1.0, "mean_dist_to_line_m": 1724.4709333589824, "ndvi": 0.4648457258472433}, "geometry": {"type": "Point", "coordinates": [80.12195291625368, 26.004835086569763]}}, {"type": "Feature", "id": 1347, "properties": {"segment_id": 1347, "risk_score": 0.23996317600089961, "risk_category": "Low", "vegetation_fraction": 1.0, "mean_dist_to_line_m": 2083.3866659840173, "ndvi": 0.41529059176117994}, "geometry": {"type": "Point", "coordinates": [80.21438955898958, 26.008697842291475]}}, {"type": "Feature", "id": 1348, "properties": {"segment_id": 1348, "risk_score": 0.15390874314408495, "risk_category": "Low", "vegetation_fraction": 1.0, "mean_dist_to_line_m": 2144.6211786700233, "ndvi": 0.3198589894242068}, "geometry": {"type": "Point", "coordinates": [79.98415135166975, 26.04579826352561]}}, {"type": "Feature", "id": 1349, "properties": {"segment_id": 1349, "risk_score": 0.20749511186548691, "risk_category": "Low", "vegetation_fraction": 1.0, "mean_dist_to_line_m": 2764.489102890442, "ndvi": 0.4249375280322931}, "geometry": {"type": "Point", "coordinates": [80.15087866840233, 25.999355363336633]}}, {"type": "Feature", "id": 1350, "properties": {"segment_id": 1350, "risk_score": 0.33033989900317234, "risk_category": "Low", "vegetation_fraction": 1.0, "mean_dist_to_line_m": 800.0, "ndvi": 0.372580527353736}, "geometry": {"type": "Point", "coordinates": [80.01855682705153, 26.016064027621255]}}, {"type": "Feature", "id": 1351, "properties": {"segment_id": 1351, "risk_score": 0.13561108323636836, "risk_category": "Low", "vegetation_fraction": 1.0, "mean_dist_to_line_m": 3521.4201680572, "ndvi": 0.37798231803318394}, "geometry": {"type": "Point", "coordinates": [80.28347000433837, 26.038611741252655]}}, {"type": "Feature", "id": 1352, "properties": {"segment_id": 1352, "risk_score": 0.41958880182533326, "risk_category": "Medium", "vegetation_fraction": 1.0, "mean_dist_to_line_m": 1253.9936203984453, "ndvi": 0.5402298850574713}, "geometry": {"type": "Point", "coordinates": [80.13704461302689, 26.012830092598424]}}, {"type": "Feature", "id": 1353, "properties": {"segment_id": 1353, "risk_score": 0.2391230343791532, "risk_category": "Low", "vegetation_fraction": 1.0, "mean_dist_to_line_m": 1861.8807695446023, "ndvi": 0.39502487562189054}, "geometry": {"type": "Point", "coordinates": [79.98469034084022, 26.043193149201667]}}, {"type": "Feature", "id": 1354, "properties": {"segment_id": 1354, "risk_score": 0.3547233286486944, "risk_category": "Medium", "vegetation_fraction": 1.0, "mean_dist_to_line_m": 1881.6216410320114, "ndvi": 0.5316986405793419}, "geometry": {"type": "Point", "coordinates": [80.27215123175847, 25.994773955387622]}}, {"type": "Feature", "id": 1355, "properties": {"segment_id": 1355, "risk_score": 0.1542942154738051, "risk_category": "Low", "vegetation_fraction": 1.0, "mean_dist_to_line_m": 2183.5979483412234, "ndvi": 0.32339089481946626}, "geometry": {"type": "Point", "coordinates": [80.3160788491519, 25.962165110574084]}}, {"type": "Feature", "id": 1356, "properties": {"segment_id": 1356, "risk_score": 0.33256622850446077, "risk_category": "Low", "vegetation_fraction": 1.0, "mean_dist_to_line_m": 1996.4969321288727, "ndvi": 0.5160158989946224}, "geometry": {"type": "Point", "coordinates": [80.3580301729203, 25.94860054978388]}}, {"type": "Feature", "id": 1357, "properties": {"segment_id": 1357, "risk_score": 0.2526065286373433, "risk_category": "Low", "vegetation_fraction": 1.0, "mean_dist_to_line_m": 1676.007159889241, "ndvi": 0.3928400954653938}, "geometry": {"type": "Point", "coordinates": [80.25229846397943, 26.034569322474116]}}, {"type": "Feature", "id": 1358, "properties": {"segment_id": 1358, "risk_score": 0.321624250850313, "risk_category": "Low", "vegetation_fraction": 1.0, "mean_dist_to_line_m": 2109.834116702069, "ndvi": 0.5127250155183116}, "geometry": {"type": "Point", "coordinates": [80.40447307310927, 25.96198544751726]}}, {"type": "Feature", "id": 1359, "properties": {"segment_id": 1359, "risk_score": 0.37829802336428153, "risk_category": "Medium", "vegetation_fraction": 1.0, "mean_dist_to_line_m": 1050.0, "ndvi": 0.46528852388714803}, "geometry": {"type": "Point", "coordinates": [80.04433847570576, 26.03232353426382]}}, {"type": "Feature", "id": 1360, "properties": {"segment_id": 1360, "risk_score": 0.4861615522877524, "risk_category": "Medium", "vegetation_fraction": 1.0, "mean_dist_to_line_m": 410.0, "ndvi": 0.48701973001038423}, "geometry": {"type": "Point", "coordinates": [80.01963480539247, 26.0269336425591]}}, {"type": "Feature", "id": 1361, "properties": {"segment_id": 1361, "risk_score": 0.409599043866796, "risk_category": "Medium", "vegetation_fraction": 1.0, "mean_dist_to_line_m": 751.3321502504734, "ndvi": 0.45734411687972865}, "geometry": {"type": "Point", "coordinates": [80.11485622550914, 26.01211144037113]}}, {"type": "Feature", "id": 1362, "properties": {"segment_id": 1362, "risk_score": 0.18686198190312475, "risk_category": "Low", "vegetation_fraction": 1.0, "mean_dist_to_line_m": 1901.6308790088576, "ndvi": 0.3376736111111111}, "geometry": {"type": "Point", "coordinates": [79.97292241061825, 26.010314809802892]}}, {"type": "Feature", "id": 1363, "properties": {"segment_id": 1363, "risk_score": 0.15905074092720467, "risk_category": "Low", "vegetation_fraction": 1.0, "mean_dist_to_line_m": 2975.9872311554027, "ndvi": 0.38017406070897897}, "geometry": {"type": "Point", "coordinates": [80.30934148452101, 25.958032860267135]}}, {"type": "Feature", "id": 1364, "properties": {"segment_id": 1364, "risk_score": 0.3323236794960592, "risk_category": "Low", "vegetation_fraction": 1.0, "mean_dist_to_line_m": 2238.771984816676, "ndvi": 0.5353535353535354}, "geometry": {"type": "Point", "coordinates": [80.3776134461141, 25.932251211612904]}}, {"type": "Feature", "id": 1365, "properties": {"segment_id": 1365, "risk_score": 0.3577818469837428, "risk_category": "Medium", "vegetation_fraction": 1.0, "mean_dist_to_line_m": 1205.0311199301038, "ndvi": 0.4619435136428913}, "geometry": {"type": "Point", "coordinates": [79.96456807847595, 26.017411500547436]}}, {"type": "Feature", "id": 1366, "properties": {"segment_id": 1366, "risk_score": 0.1924673303545747, "risk_category": "Low", "vegetation_fraction": 1.0, "mean_dist_to_line_m": 2370.0210969525147, "ndvi": 0.38186517337928066}, "geometry": {"type": "Point", "coordinates": [80.14809389102156, 26.004924918098173]}}, {"type": "Feature", "id": 1367, "properties": {"segment_id": 1367, "risk_score": 0.41384144494123376, "risk_category": "Medium", "vegetation_fraction": 1.0, "mean_dist_to_line_m": 316.2277660168379, "ndvi": 0.3843971631205674}, "geometry": {"type": "Point", "coordinates": [80.33135020898195, 25.979143269443945]}}, {"type": "Feature", "id": 1368, "properties": {"segment_id": 1368, "risk_score": 0.2741140070518914, "risk_category": "Low", "vegetation_fraction": 1.0, "mean_dist_to_line_m": 2221.9360926903364, "ndvi": 0.46615430091634646}, "geometry": {"type": "Point", "coordinates": [80.07910327720118, 26.046966073394966]}}, {"type": "Feature", "id": 1369, "properties": {"segment_id": 1369, "risk_score": 0.4958987645447165, "risk_category": "Medium", "vegetation_fraction": 1.0, "mean_dist_to_line_m": 80.62257748298549, "ndvi": 0.43031970401290204}, "geometry": {"type": "Point", "coordinates": [80.28095472154284, 26.00878767381989]}}, {"type": "Feature", "id": 1370, "properties": {"segment_id": 1370, "risk_score": 0.503294371916027, "risk_category": "Medium", "vegetation_fraction": 1.0, "mean_dist_to_line_m": 403.6087214122113, "ndvi": 0.505791194156342}, "geometry": {"type": "Point", "coordinates": [80.19300965522754, 26.027203137144337]}}, {"type": "Feature", "id": 1371, "properties": {"segment_id": 1371, "risk_score": 0.15795736587231635, "risk_category": "Low", "vegetation_fraction": 0.0, "mean_dist_to_line_m": 1858.2787734890587, "ndvi": 0.23695551793135294}, "geometry": {"type": "Point", "coordinates": [80.0589810148369, 26.006811380194826]}}, {"type": "Feature", "id": 1372, "properties": {"segment_id": 1372, "risk_score": 0.42931799435462104, "risk_category": "Medium", "vegetation_fraction": 1.0, "mean_dist_to_line_m": 403.11288741492746, "ndvi": 0.41939085664661}, "geometry": {"type": "Point", "coordinates": [80.06302343361544, 26.020645435570266]}}, {"type": "Feature", "id": 1373, "properties": {"segment_id": 1373, "risk_score": 0.33085868235423144, "risk_category": "Low", "vegetation_fraction": 1.0, "mean_dist_to_line_m": 733.48483283569, "ndvi": 0.3626073380171741}, "geometry": {"type": "Point", "coordinates": [80.4016882957285, 25.942222511266632]}}, {"type": "Feature", "id": 1374, "properties": {"segment_id": 1374, "risk_score": 0.38239899273324, "risk_category": "Medium", "vegetation_fraction": 0.0, "mean_dist_to_line_m": 90.0, "ndvi": 0.23178807947019867}, "geometry": {"type": "Point", "coordinates": [79.99555995577806, 26.02441835976357]}}, {"type": "Feature", "id": 1375, "properties": {"segment_id": 1375, "risk_score": 0.3053115747315639, "risk_category": "Low", "vegetation_fraction": 1.0, "mean_dist_to_line_m": 790.5694150420949, "ndvi": 0.3419023136246787}, "geometry": {"type": "Point", "coordinates": [79.99933287997136, 26.032054039678584]}}, {"type": "Feature", "id": 1376, "properties": {"segment_id": 1376, "risk_score": 0.41787609051352703, "risk_category": "Medium", "vegetation_fraction": 1.0, "mean_dist_to_line_m": 2377.393530739074, "ndvi": 0.6453670416328424}, "geometry": {"type": "Point", "coordinates": [80.41031212245605, 25.929466434232133]}}, {"type": "Feature", "id": 1377, "properties": {"segment_id": 1377, "risk_score": 0.4327300039317924, "risk_category": "Medium", "vegetation_fraction": 1.0, "mean_dist_to_line_m": 865.8521813797087, "ndvi": 0.5021677380774405}, "geometry": {"type": "Point", "coordinates": [80.25104082258166, 26.027382800201163]}}, {"type": "Feature", "id": 1378, "properties": {"segment_id": 1378, "risk_score": 0.20991857429281383, "risk_category": "Low", "vegetation_fraction": 1.0, "mean_dist_to_line_m": 3140.0636936215164, "ndvi": 0.4478203434610304}, "geometry": {"type": "Point", "coordinates": [80.23729659873463, 25.995851933728567]}}, {"type": "Feature", "id": 1379, "properties": {"segment_id": 1379, "risk_score": 0.42930171275512186, "risk_category": "Medium", "vegetation_fraction": 1.0, "mean_dist_to_line_m": 1775.4436065389405, "ndvi": 0.6087755570870664}, "geometry": {"type": "Point", "coordinates": [80.32793661090228, 25.996660417484275]}}, {"type": "Feature", "id": 1380, "properties": {"segment_id": 1380, "risk_score": 0.3334282296604911, "risk_category": "Low", "vegetation_fraction": 1.0, "mean_dist_to_line_m": 2106.181378704123, "ndvi": 0.5261992619926199}, "geometry": {"type": "Point", "coordinates": [80.41318673136523, 25.937730934846034]}}, {"type": "Feature", "id": 1381, "properties": {"segment_id": 1381, "risk_score": 0.1380839975378971, "risk_category": "Low", "vegetation_fraction": 0.0, "mean_dist_to_line_m": 2127.204738618265, "ndvi": -0.20078640473034365}, "geometry": {"type": "Point", "coordinates": [80.08323552750814, 26.007080874780062]}}, {"type": "Feature", "id": 1382, "properties": {"segment_id": 1382, "risk_score": 0.47951329369307083, "risk_category": "Medium", "vegetation_fraction": 1.0, "mean_dist_to_line_m": 1052.6157893552613, "ndvi": 0.5837338262476895}, "geometry": {"type": "Point", "coordinates": [80.11180195354314, 26.02810145242846]}}, {"type": "Feature", "id": 1383, "properties": {"segment_id": 1383, "risk_score": 0.23765946044256497, "risk_category": "Low", "vegetation_fraction": 1.0, "mean_dist_to_line_m": 1540.0, "ndvi": 0.3611966053044193}, "geometry": {"type": "Point", "coordinates": [80.03068408338714, 26.009236831461948]}}, {"type": "Feature", "id": 1384, "properties": {"segment_id": 1384, "risk_score": 0.32679449706009384, "risk_category": "Low", "vegetation_fraction": 1.0, "mean_dist_to_line_m": 680.6614430096654, "ndvi": 0.3492105967353492}, "geometry": {"type": "Point", "coordinates": [79.91866416745744, 26.032233702735407]}}, {"type": "Feature", "id": 1385, "properties": {"segment_id": 1385, "risk_score": 0.25678703473908626, "risk_category": "Low", "vegetation_fraction": 1.0, "mean_dist_to_line_m": 2390.7530194480564, "ndvi": 0.4583762050242984}, "geometry": {"type": "Point", "coordinates": [80.08161855999671, 26.005014749626586]}}, {"type": "Feature", "id": 1386, "properties": {"segment_id": 1386, "risk_score": 0.14067672775122678, "risk_category": "Low", "vegetation_fraction": 0.0, "mean_dist_to_line_m": 2090.0, "ndvi": 0.2819964349376114}, "geometry": {"type": "Point", "coordinates": [80.02475520251195, 26.0043859289277]}}, {"type": "Feature", "id": 1387, "properties": {"segment_id": 1387, "risk_score": 0.46605199437482103, "risk_category": "Medium", "vegetation_fraction": 1.0, "mean_dist_to_line_m": 310.0, "ndvi": 0.4440669106116048}, "geometry": {"type": "Point", "coordinates": [80.0198144684493, 26.026035327274982]}}, {"type": "Feature", "id": 1388, "properties": {"segment_id": 1388, "risk_score": 0.22297176919349546, "risk_category": "Low", "vegetation_fraction": 1.0, "mean_dist_to_line_m": 2210.814329607984, "ndvi": 0.4056315729955897}, "geometry": {"type": "Point", "coordinates": [80.17639082247132, 26.000523173205988]}}, {"type": "Feature", "id": 1389, "properties": {"segment_id": 1389, "risk_score": 0.2840282470753855, "risk_category": "Low", "vegetation_fraction": 1.0, "mean_dist_to_line_m": 1690.4733065032408, "ndvi": 0.43095362167795725}, "geometry": {"type": "Point", "coordinates": [80.15411260342516, 26.00833851617783]}}, {"type": "Feature", "id": 1390, "properties": {"segment_id": 1390, "risk_score": 0.1037912349239057, "risk_category": "Low", "vegetation_fraction": 0.0, "mean_dist_to_line_m": 2698.1660438156878, "ndvi": 0.2643727753208931}, "geometry": {"type": "Point", "coordinates": [79.90671657417865, 26.048672872434793]}}, {"type": "Feature", "id": 1391, "properties": {"segment_id": 1391, "risk_score": 0.31551450427932315, "risk_category": "Low", "vegetation_fraction": 1.0, "mean_dist_to_line_m": 1385.2075656738234, "ndvi": 0.43464009440146845}, "geometry": {"type": "Point", "coordinates": [79.99017006407335, 26.03834224666742]}}, {"type": "Feature", "id": 1392, "properties": {"segment_id": 1392, "risk_score": 0.36008961215451357, "risk_category": "Medium", "vegetation_fraction": 1.0, "mean_dist_to_line_m": 912.1403400793104, "ndvi": 0.4243455110190801}, "geometry": {"type": "Point", "coordinates": [80.25391543149084, 26.027113305615927]}}, {"type": "Feature", "id": 1393, "properties": {"segment_id": 1393, "risk_score": 0.38515805843283435, "risk_category": "Medium", "vegetation_fraction": 1.0, "mean_dist_to_line_m": 734.9829930005184, "ndvi": 0.4261987677471203}, "geometry": {"type": "Point", "coordinates": [80.24053053375746, 26.028640441598927]}}, {"type": "Feature", "id": 1394, "properties": {"segment_id": 1394, "risk_score": 0.38213408692815864, "risk_category": "Medium", "vegetation_fraction": 1.0, "mean_dist_to_line_m": 1227.8436382536663, "ndvi": 0.49325184619302265}, "geometry": {"type": "Point", "coordinates": [80.23612878886527, 26.011482619672247]}}, {"type": "Feature", "id": 1395, "properties": {"segment_id": 1395, "risk_score": 0.2843998486251413, "risk_category": "Low", "vegetation_fraction": 1.0, "mean_dist_to_line_m": 1229.6747537458837, "ndvi": 0.37945970591587824}, "geometry": {"type": "Point", "coordinates": [80.34042319335155, 25.98309585669407]}}, {"type": "Feature", "id": 1396, "properties": {"segment_id": 1396, "risk_score": 0.16562014265101965, "risk_category": "Low", "vegetation_fraction": 1.0, "mean_dist_to_line_m": 2273.697429298806, "ndvi": 0.34350355526826115}, "geometry": {"type": "Point", "coordinates": [80.27511567219607, 26.033132018019526]}}, {"type": "Feature", "id": 1397, "properties": {"segment_id": 1397, "risk_score": 0.5106362842292612, "risk_category": "Medium", "vegetation_fraction": 1.0, "mean_dist_to_line_m": 50.0, "ndvi": 0.44059770598758285}, "geometry": {"type": "Point", "coordinates": [80.1701924470109, 26.02181324543962]}}, {"type": "Feature", "id": 1398, "properties": {"segment_id": 1398, "risk_score": 0.297562751094237, "risk_category": "Low", "vegetation_fraction": 1.0, "mean_dist_to_line_m": 1550.2902953963169, "ndvi": 0.43219264892268694}, "geometry": {"type": "Point", "coordinates": [80.02412638181306, 26.009236831461948]}}, {"type": "Feature", "id": 1399, "properties": {"segment_id": 1399, "risk_score": 0.19491580986127072, "risk_category": "Low", "vegetation_fraction": 1.0, "mean_dist_to_line_m": 2910.3436223236595, "ndvi": 0.4185003204443495}, "geometry": {"type": "Point", "coordinates": [80.24654924616107, 25.994055303160327]}}, {"type": "Feature", "id": 1400, "properties": {"segment_id": 1400, "risk_score": 0.2023972946232601, "risk_category": "Low", "vegetation_fraction": 1.0, "mean_dist_to_line_m": 2474.2069436488127, "ndvi": 0.4006924771797293}, "geometry": {"type": "Point", "coordinates": [80.41722915014377, 25.939347902357447]}}, {"type": "Feature", "id": 1401, "properties": {"segment_id": 1401, "risk_score": 0.3068120657121033, "risk_category": "Low", "vegetation_fraction": 1.0, "mean_dist_to_line_m": 776.4663547121665, "ndvi": 0.3414287967197603}, "geometry": {"type": "Point", "coordinates": [80.17710947469863, 26.027921789371632]}}, {"type": "Feature", "id": 1402, "properties": {"segment_id": 1402, "risk_score": 0.45504233476451517, "risk_category": "Medium", "vegetation_fraction": 1.0, "mean_dist_to_line_m": 449.22154890432404, "ndvi": 0.45809675221439927}, "geometry": {"type": "Point", "coordinates": [80.25346627384879, 26.022891223780565]}}, {"type": "Feature", "id": 1403, "properties": {"segment_id": 1403, "risk_score": 0.501760346528275, "risk_category": "Medium", "vegetation_fraction": 1.0, "mean_dist_to_line_m": 623.698645180507, "ndvi": 0.543744217127583}, "geometry": {"type": "Point", "coordinates": [80.3498555038348, 25.96288376280138]}}, {"type": "Feature", "id": 1404, "properties": {"segment_id": 1404, "risk_score": 0.36728051997337063, "risk_category": "Medium", "vegetation_fraction": 1.0, "mean_dist_to_line_m": 2296.540877058364, "ndvi": 0.5804743265024177}, "geometry": {"type": "Point", "coordinates": [80.35812000444871, 25.988036590756728]}}, {"type": "Feature", "id": 1405, "properties": {"segment_id": 1405, "risk_score": 0.2664662876382219, "risk_category": "Low", "vegetation_fraction": 1.0, "mean_dist_to_line_m": 1400.1428498549712, "ndvi": 0.3791540785498489}, "geometry": {"type": "Point", "coordinates": [80.04272150819435, 26.035557469286648]}}, {"type": "Feature", "id": 1406, "properties": {"segment_id": 1406, "risk_score": 0.5254926134115676, "risk_category": "Medium", "vegetation_fraction": 1.0, "mean_dist_to_line_m": 170.0, "ndvi": 0.4844356495928153}, "geometry": {"type": "Point", "coordinates": [79.98217505804469, 26.02504718046245]}}, {"type": "Feature", "id": 1407, "properties": {"segment_id": 1407, "risk_score": 0.4904617195162929, "risk_category": "Medium", "vegetation_fraction": 1.0, "mean_dist_to_line_m": 1378.8763541376725, "ndvi": 0.638004965019183}, "geometry": {"type": "Point", "coordinates": [80.29901085875365, 25.98219754140995]}}, {"type": "Feature", "id": 1408, "properties": {"segment_id": 1408, "risk_score": 0.24779596086752084, "risk_category": "Low", "vegetation_fraction": 1.0, "mean_dist_to_line_m": 1350.7405376311176, "ndvi": 0.35157691999037005}, "geometry": {"type": "Point", "coordinates": [79.93663047313983, 26.043282980730076]}}, {"type": "Feature", "id": 1409, "properties": {"segment_id": 1409, "risk_score": 0.16242709967163557, "risk_category": "Low", "vegetation_fraction": 0.0, "mean_dist_to_line_m": 1802.4705268048074, "ndvi": 0.1423348132671716}, "geometry": {"type": "Point", "coordinates": [80.30853300076531, 26.011572451200657]}}, {"type": "Feature", "id": 1410, "properties": {"segment_id": 1410, "risk_score": 0.48696986577499835, "risk_category": "Medium", "vegetation_fraction": 1.0, "mean_dist_to_line_m": 420.5948168962618, "ndvi": 0.4899713467048711}, "geometry": {"type": "Point", "coordinates": [80.25768835568414, 26.021274256269148]}}, {"type": "Feature", "id": 1411, "properties": {"segment_id": 1411, "risk_score": 0.1443364848309651, "risk_category": "Low", "vegetation_fraction": 1.0, "mean_dist_to_line_m": 2151.325173003839, "ndvi": 0.3092257765414928}, "geometry": {"type": "Point", "coordinates": [80.12545634586175, 26.04157618169025]}}, {"type": "Feature", "id": 1412, "properties": {"segment_id": 1412, "risk_score": 0.4557313372582447, "risk_category": "Medium", "vegetation_fraction": 1.0, "mean_dist_to_line_m": 30.0, "ndvi": 0.3719676549865229}, "geometry": {"type": "Point", "coordinates": [79.9740003889592, 26.027113305615927]}}, {"type": "Feature", "id": 1413, "properties": {"segment_id": 1413, "risk_score": 0.3435049446885065, "risk_category": "Low", "vegetation_fraction": 1.0, "mean_dist_to_line_m": 800.49984384758, "ndvi": 0.3880179171332587}, "geometry": {"type": "Point", "coordinates": [80.08557114724684, 26.033581175661585]}}, {"type": "Feature", "id": 1414, "properties": {"segment_id": 1414, "risk_score": 0.3341072113852467, "risk_category": "Low", "vegetation_fraction": 1.0, "mean_dist_to_line_m": 390.5124837953327, "ndvi": 0.3059006211180124}, "geometry": {"type": "Point", "coordinates": [79.92908462475322, 26.035467637758238]}}, {"type": "Feature", "id": 1415, "properties": {"segment_id": 1415, "risk_score": 0.24631154165392127, "risk_category": "Low", "vegetation_fraction": 1.0, "mean_dist_to_line_m": 2437.580767892625, "ndvi": 0.44942263279445727}, "geometry": {"type": "Point", "coordinates": [80.22939142423438, 26.046966073394966]}}, {"type": "Feature", "id": 1416, "properties": {"segment_id": 1416, "risk_score": 0.37135289376694547, "risk_category": "Medium", "vegetation_fraction": 1.0, "mean_dist_to_line_m": 710.0, "ndvi": 0.40603076923076925}, "geometry": {"type": "Point", "coordinates": [80.01873649010835, 26.016872511376963]}}, {"type": "Feature", "id": 1417, "properties": {"segment_id": 1417, "risk_score": 0.2536345994481557, "risk_category": "Low", "vegetation_fraction": 1.0, "mean_dist_to_line_m": 3417.4405627603824, "ndvi": 0.51139491357481}, "geometry": {"type": "Point", "coordinates": [80.24367463725187, 25.992528167177323]}}, {"type": "Feature", "id": 1418, "properties": {"segment_id": 1418, "risk_score": 0.22573804991345792, "risk_category": "Low", "vegetation_fraction": 1.0, "mean_dist_to_line_m": 3360.014880919428, "ndvi": 0.47638718320866363}, "geometry": {"type": "Point", "coordinates": [80.41642066638806, 25.96710584463674]}}, {"type": "Feature", "id": 1419, "properties": {"segment_id": 1419, "risk_score": 0.2574625319426911, "risk_category": "Low", "vegetation_fraction": 1.0, "mean_dist_to_line_m": 1923.3824372703418, "ndvi": 0.4219915443577493}, "geometry": {"type": "Point", "coordinates": [80.08997289213903, 26.007440200893708]}}, {"type": "Feature", "id": 1420, "properties": {"segment_id": 1420, "risk_score": 0.31534704993585916, "risk_category": "Low", "vegetation_fraction": 1.0, "mean_dist_to_line_m": 1500.0, "ndvi": 0.4474671669793621}, "geometry": {"type": "Point", "coordinates": [80.166509354346, 26.035467637758238]}}, {"type": "Feature", "id": 1421, "properties": {"segment_id": 1421, "risk_score": 0.3083149715697096, "risk_category": "Low", "vegetation_fraction": 1.0, "mean_dist_to_line_m": 1458.8008774332432, "ndvi": 0.4346750618394423}, "geometry": {"type": "Point", "coordinates": [80.36656416811942, 25.951205664107825]}}, {"type": "Feature", "id": 1422, "properties": {"segment_id": 1422, "risk_score": 0.29754021365288746, "risk_category": "Low", "vegetation_fraction": 1.0, "mean_dist_to_line_m": 2836.476687723698, "ndvi": 0.5341314849821466}, "geometry": {"type": "Point", "coordinates": [80.38533895755752, 25.985341644904366]}}, {"type": "Feature", "id": 1423, "properties": {"segment_id": 1423, "risk_score": 0.39815846888386375, "risk_category": "Medium", "vegetation_fraction": 1.0, "mean_dist_to_line_m": 190.0, "ndvi": 0.34014417761266635}, "geometry": {"type": "Point", "coordinates": [80.02295857194372, 26.021543750854384]}}, {"type": "Feature", "id": 1424, "properties": {"segment_id": 1424, "risk_score": 0.39766687031607434, "risk_category": "Medium", "vegetation_fraction": 1.0, "mean_dist_to_line_m": 1397.1399357258383, "ndvi": 0.5318732411599169}, "geometry": {"type": "Point", "coordinates": [80.24358480572347, 26.034030333303647]}}, {"type": "Feature", "id": 1425, "properties": {"segment_id": 1425, "risk_score": 0.30993041134206595, "risk_category": "Low", "vegetation_fraction": 1.0, "mean_dist_to_line_m": 1871.095935541521, "ndvi": 0.4784791065378341}, "geometry": {"type": "Point", "coordinates": [80.08709828322985, 26.043103317673253]}}, {"type": "Feature", "id": 1426, "properties": {"segment_id": 1426, "risk_score": 0.18395896920916738, "risk_category": "Low", "vegetation_fraction": 1.0, "mean_dist_to_line_m": 2497.298540423231, "ndvi": 0.38073584125671767}, "geometry": {"type": "Point", "coordinates": [80.39962217057503, 25.92299856418647]}}, {"type": "Feature", "id": 1427, "properties": {"segment_id": 1427, "risk_score": 0.4746706792391835, "risk_category": "Medium", "vegetation_fraction": 1.0, "mean_dist_to_line_m": 300.0, "ndvi": 0.45211873678068704}, "geometry": {"type": "Point", "coordinates": [80.02277890888689, 26.020555604041853]}}, {"type": "Feature", "id": 1428, "properties": {"segment_id": 1428, "risk_score": 0.4527340674875232, "risk_category": "Medium", "vegetation_fraction": 1.0, "mean_dist_to_line_m": 212.13203435596427, "ndvi": 0.4084859515413491}, "geometry": {"type": "Point", "coordinates": [80.35335893344288, 25.969890622017513]}}, {"type": "Feature", "id": 1429, "properties": {"segment_id": 1429, "risk_score": 0.15825211665617284, "risk_category": "Low", "vegetation_fraction": 1.0, "mean_dist_to_line_m": 2221.823575354263, "ndvi": 0.3309734513274336}, "geometry": {"type": "Point", "coordinates": [80.28095472154284, 25.98543147643278]}}, {"type": "Feature", "id": 1430, "properties": {"segment_id": 1430, "risk_score": 0.4472361582207766, "risk_category": "Medium", "vegetation_fraction": 1.0, "mean_dist_to_line_m": 131.52946437965906, "ndvi": 0.38481165648291143}, "geometry": {"type": "Point", "coordinates": [80.23603895733686, 26.021633582382798]}}, {"type": "Feature", "id": 1431, "properties": {"segment_id": 1431, "risk_score": 0.23087877269250803, "risk_category": "Low", "vegetation_fraction": 1.0, "mean_dist_to_line_m": 2471.9627828913603, "ndvi": 0.4337688109806516}, "geometry": {"type": "Point", "coordinates": [80.22624732073996, 26.002319803774228]}}, {"type": "Feature", "id": 1432, "properties": {"segment_id": 1432, "risk_score": 0.19031246834717155, "risk_category": "Low", "vegetation_fraction": 1.0, "mean_dist_to_line_m": 2158.2400237230336, "ndvi": 0.36341378104232247}, "geometry": {"type": "Point", "coordinates": [80.3054787287993, 25.968453317562922]}}, {"type": "Feature", "id": 1433, "properties": {"segment_id": 1433, "risk_score": 0.404724562779377, "risk_category": "Medium", "vegetation_fraction": 1.0, "mean_dist_to_line_m": 960.0520819205592, "ndvi": 0.48342059336823734}, "geometry": {"type": "Point", "coordinates": [80.31688733290761, 25.974651693023347]}}, {"type": "Feature", "id": 1434, "properties": {"segment_id": 1434, "risk_score": 0.2600552403139175, "risk_category": "Low", "vegetation_fraction": 1.0, "mean_dist_to_line_m": 2396.4139876073164, "ndvi": 0.46258823529411763}, "geometry": {"type": "Point", "coordinates": [79.96708336127148, 26.049750850775737]}}, {"type": "Feature", "id": 1435, "properties": {"segment_id": 1435, "risk_score": 0.14439207329493745, "risk_category": "Low", "vegetation_fraction": 1.0, "mean_dist_to_line_m": 2880.0868042473994, "ndvi": 0.3578959301666478}, "geometry": {"type": "Point", "coordinates": [80.34599274811309, 25.944288636420104]}}, {"type": "Feature", "id": 1436, "properties": {"segment_id": 1436, "risk_score": 0.36778424016503336, "risk_category": "Medium", "vegetation_fraction": 1.0, "mean_dist_to_line_m": 914.4397191723465, "ndvi": 0.43366241271370093}, "geometry": {"type": "Point", "coordinates": [79.96627487751577, 26.03645578457077]}}, {"type": "Feature", "id": 1437, "properties": {"segment_id": 1437, "risk_score": 0.3792322114646015, "risk_category": "Medium", "vegetation_fraction": 1.0, "mean_dist_to_line_m": 700.0, "ndvi": 0.4135831381733021}, "geometry": {"type": "Point", "coordinates": [80.03580448050663, 26.01678267984855]}}, {"type": "Feature", "id": 1438, "properties": {"segment_id": 1438, "risk_score": 0.24877128957103412, "risk_category": "Low", "vegetation_fraction": 1.0, "mean_dist_to_line_m": 2060.0, "ndvi": 0.4236299229006043}, "geometry": {"type": "Point", "coordinates": [80.18088239889192, 26.002319803774228]}}, {"type": "Feature", "id": 1439, "properties": {"segment_id": 1439, "risk_score": 0.5995296842387923, "risk_category": "High", "vegetation_fraction": 1.0, "mean_dist_to_line_m": 1215.9358535712317, "ndvi": 0.7453717754172989}, "geometry": {"type": "Point", "coordinates": [80.17450436037467, 26.009506326047184]}}, {"type": "Feature", "id": 1440, "properties": {"segment_id": 1440, "risk_score": 0.38514966811473716, "risk_category": "Medium", "vegetation_fraction": 1.0, "mean_dist_to_line_m": 508.0354318352215, "ndvi": 0.3873581847649919}, "geometry": {"type": "Point", "coordinates": [80.05978949859261, 26.019208131115676]}}, {"type": "Feature", "id": 1441, "properties": {"segment_id": 1441, "risk_score": 0.32445440212355403, "risk_category": "Low", "vegetation_fraction": 1.0, "mean_dist_to_line_m": 1040.0, "ndvi": 0.4010872134247223}, "geometry": {"type": "Point", "coordinates": [80.19588426413672, 26.013638576354133]}}, {"type": "Feature", "id": 1442, "properties": {"segment_id": 1442, "risk_score": 0.11264188031188692, "risk_category": "Low", "vegetation_fraction": 0.0, "mean_dist_to_line_m": 2534.5019234555734, "ndvi": 0.22931143398610235}, "geometry": {"type": "Point", "coordinates": [80.22364220641602, 26.049211861605265]}}, {"type": "Feature", "id": 1443, "properties": {"segment_id": 1443, "risk_score": 0.3552839780999413, "risk_category": "Medium", "vegetation_fraction": 1.0, "mean_dist_to_line_m": 1226.906679417795, "ndvi": 0.46180836707152495}, "geometry": {"type": "Point", "coordinates": [79.94732042502085, 26.04112702404819]}}, {"type": "Feature", "id": 1444, "properties": {"segment_id": 1444, "risk_score": 0.39997225601254804, "risk_category": "Medium", "vegetation_fraction": 1.0, "mean_dist_to_line_m": 613.9218191268332, "ndvi": 0.4233172647741474}, "geometry": {"type": "Point", "coordinates": [80.21322174912022, 26.022531897666916]}}, {"type": "Feature", "id": 1445, "properties": {"segment_id": 1445, "risk_score": 0.26371774842282264, "risk_category": "Low", "vegetation_fraction": 1.0, "mean_dist_to_line_m": 848.5281374238571, "ndvi": 0.30235353029544315}, "geometry": {"type": "Point", "coordinates": [80.06904214601904, 26.017501332075845]}}, {"type": "Feature", "id": 1446, "properties": {"segment_id": 1446, "risk_score": 0.41630370090650193, "risk_category": "Medium", "vegetation_fraction": 1.0, "mean_dist_to_line_m": 1229.186723000212, "ndvi": 0.533285951196399}, "geometry": {"type": "Point", "coordinates": [79.99421248285189, 26.01426739705302]}}, {"type": "Feature", "id": 1447, "properties": {"segment_id": 1447, "risk_score": 0.40603614806408594, "risk_category": "Medium", "vegetation_fraction": 1.0, "mean_dist_to_line_m": 943.6630754670864, "ndvi": 0.4825748257482575}, "geometry": {"type": "Point", "coordinates": [80.30574822338454, 26.00429609739929]}}, {"type": "Feature", "id": 1448, "properties": {"segment_id": 1448, "risk_score": 0.28895286260984226, "risk_category": "Low", "vegetation_fraction": 1.0, "mean_dist_to_line_m": 1974.3353311937665, "ndvi": 0.463217387308735}, "geometry": {"type": "Point", "coordinates": [80.08934407144014, 26.043552475315312]}}, {"type": "Feature", "id": 1449, "properties": {"segment_id": 1449, "risk_score": 0.5165226160977276, "risk_category": "Medium", "vegetation_fraction": 1.0, "mean_dist_to_line_m": 424.26406871192853, "ndvi": 0.5251427018211471}, "geometry": {"type": "Point", "coordinates": [80.18384683932952, 26.024957348934038]}}, {"type": "Feature", "id": 1450, "properties": {"segment_id": 1450, "risk_score": 0.1068247834581253, "risk_category": "Low", "vegetation_fraction": 0.0, "mean_dist_to_line_m": 2640.549185302179, "ndvi": 0.05193434702099281}, "geometry": {"type": "Point", "coordinates": [80.101740822361, 25.99594176525698]}}, {"type": "Feature", "id": 1451, "properties": {"segment_id": 1451, "risk_score": 0.25123195842113333, "risk_category": "Low", "vegetation_fraction": 1.0, "mean_dist_to_line_m": 3310.422933704997, "ndvi": 0.5039465146649365}, "geometry": {"type": "Point", "coordinates": [80.18393667085793, 26.05091866064509]}}, {"type": "Feature", "id": 1452, "properties": {"segment_id": 1452, "risk_score": 0.5195773065441309, "risk_category": "Medium", "vegetation_fraction": 1.0, "mean_dist_to_line_m": 528.3937925449162, "ndvi": 0.5478564307078764}, "geometry": {"type": "Point", "coordinates": [80.29559726067399, 25.994684123859212]}}, {"type": "Feature", "id": 1453, "properties": {"segment_id": 1453, "risk_score": 0.29999396465667716, "risk_category": "Low", "vegetation_fraction": 1.0, "mean_dist_to_line_m": 1406.3072210580447, "ndvi": 0.4189828162841656}, "geometry": {"type": "Point", "coordinates": [80.32335520295328, 25.99513328150127]}}, {"type": "Feature", "id": 1454, "properties": {"segment_id": 1454, "risk_score": 0.2720419351781194, "risk_category": "Low", "vegetation_fraction": 1.0, "mean_dist_to_line_m": 2403.039741660549, "ndvi": 0.47703842549203374}, "geometry": {"type": "Point", "coordinates": [79.96681386668624, 26.04984068230415]}}, {"type": "Feature", "id": 1455, "properties": {"segment_id": 1455, "risk_score": 0.2713643305969977, "risk_category": "Low", "vegetation_fraction": 1.0, "mean_dist_to_line_m": 826.0750571225353, "ndvi": 0.3078275747350412}, "geometry": {"type": "Point", "coordinates": [80.0694913036611, 26.01777082666108]}}, {"type": "Feature", "id": 1456, "properties": {"segment_id": 1456, "risk_score": 0.41532754178093007, "risk_category": "Medium", "vegetation_fraction": 1.0, "mean_dist_to_line_m": 284.42925306655786, "ndvi": 0.3797457698459466}, "geometry": {"type": "Point", "coordinates": [80.20621488990409, 26.031694713564935]}}, {"type": "Feature", "id": 1457, "properties": {"segment_id": 1457, "risk_score": 0.10726502792630607, "risk_category": "Low", "vegetation_fraction": 1.0, "mean_dist_to_line_m": 3220.3881753602313, "ndvi": 0.3318797489263297}, "geometry": {"type": "Point", "coordinates": [80.12617499808904, 26.04885253549162]}}, {"type": "Feature", "id": 1458, "properties": {"segment_id": 1458, "risk_score": 0.2448474593455224, "risk_category": "Low", "vegetation_fraction": 1.0, "mean_dist_to_line_m": 2510.2390324429266, "ndvi": 0.4526358723360865}, "geometry": {"type": "Point", "coordinates": [80.31850430041904, 26.012201271899542]}}, {"type": "Feature", "id": 1459, "properties": {"segment_id": 1459, "risk_score": 0.278793510369484, "risk_category": "Low", "vegetation_fraction": 1.0, "mean_dist_to_line_m": 1647.573974060042, "ndvi": 0.4205012088882067}, "geometry": {"type": "Point", "coordinates": [80.25292728467831, 26.003218119058346]}}, {"type": "Feature", "id": 1460, "properties": {"segment_id": 1460, "risk_score": 0.24554597073844098, "risk_category": "Low", "vegetation_fraction": 1.0, "mean_dist_to_line_m": 1834.1210428976601, "ndvi": 0.399947271289217}, "geometry": {"type": "Point", "coordinates": [80.38147620183581, 25.977436470404115]}}, {"type": "Feature", "id": 1461, "properties": {"segment_id": 1461, "risk_score": 0.23592187475097576, "risk_category": "Low", "vegetation_fraction": 1.0, "mean_dist_to_line_m": 3138.184188348415, "ndvi": 0.4780662488809311}, "geometry": {"type": "Point", "coordinates": [80.29730405971381, 25.963332920443438]}}, {"type": "Feature", "id": 1462, "properties": {"segment_id": 1462, "risk_score": 0.339838510576031, "risk_category": "Low", "vegetation_fraction": 1.0, "mean_dist_to_line_m": 1080.0, "ndvi": 0.42452907789750766}, "geometry": {"type": "Point", "coordinates": [80.01954497386406, 26.01354874482572]}}, {"type": "Feature", "id": 1463, "properties": {"segment_id": 1463, "risk_score": 0.20529662819443745, "risk_category": "Low", "vegetation_fraction": 1.0, "mean_dist_to_line_m": 2030.3940504246953, "ndvi": 0.3704249168166694}, "geometry": {"type": "Point", "coordinates": [80.06787433614969, 26.043552475315312]}}, {"type": "Feature", "id": 1464, "properties": {"segment_id": 1464, "risk_score": 0.20148639025391735, "risk_category": "Low", "vegetation_fraction": 1.0, "mean_dist_to_line_m": 2384.785105622727, "ndvi": 0.393436796588082}, "geometry": {"type": "Point", "coordinates": [80.34248931850503, 25.94824122367023]}}, {"type": "Feature", "id": 1465, "properties": {"segment_id": 1465, "risk_score": 0.329034117789864, "risk_category": "Low", "vegetation_fraction": 1.0, "mean_dist_to_line_m": 1094.1663493271944, "ndvi": 0.41384341060139407}, "geometry": {"type": "Point", "coordinates": [80.27394786232671, 26.022352234610093]}}, {"type": "Feature", "id": 1466, "properties": {"segment_id": 1466, "risk_score": 0.28225632174483295, "risk_category": "Low", "vegetation_fraction": 1.0, "mean_dist_to_line_m": 2219.954954497951, "ndvi": 0.4755013962934755}, "geometry": {"type": "Point", "coordinates": [80.2671206661674, 26.035198143173]}}, {"type": "Feature", "id": 1467, "properties": {"segment_id": 1467, "risk_score": 0.4724663040056626, "risk_category": "Medium", "vegetation_fraction": 1.0, "mean_dist_to_line_m": 151.32745950421557, "ndvi": 0.4185509921550531}, "geometry": {"type": "Point", "coordinates": [80.36494720060801, 25.966926181579918]}}, {"type": "Feature", "id": 1468, "properties": {"segment_id": 1468, "risk_score": 0.4324298884281407, "risk_category": "Medium", "vegetation_fraction": 1.0, "mean_dist_to_line_m": 20.0, "ndvi": 0.3424782807498857}, "geometry": {"type": "Point", "coordinates": [79.97426988354444, 26.027562463257986]}}, {"type": "Feature", "id": 1469, "properties": {"segment_id": 1469, "risk_score": 0.32745437859011817, "risk_category": "Low", "vegetation_fraction": 1.0, "mean_dist_to_line_m": 1619.9382704288455, "ndvi": 0.4744232698094283}, "geometry": {"type": "Point", "coordinates": [80.35892848820441, 25.981658552239477]}}, {"type": "Feature", "id": 1470, "properties": {"segment_id": 1470, "risk_score": 0.5027925847784727, "risk_category": "Medium", "vegetation_fraction": 1.0, "mean_dist_to_line_m": 192.35384061671343, "ndvi": 0.4627164734506941}, "geometry": {"type": "Point", "coordinates": [80.06778450462127, 26.02684381103069]}}, {"type": "Feature", "id": 1471, "properties": {"segment_id": 1471, "risk_score": 0.2658791862691726, "risk_category": "Low", "vegetation_fraction": 1.0, "mean_dist_to_line_m": 2037.9646709401025, "ndvi": 0.44174340788194244}, "geometry": {"type": "Point", "coordinates": [80.15986182124352, 26.003577445171995]}}, {"type": "Feature", "id": 1472, "properties": {"segment_id": 1472, "risk_score": 0.16961253126896167, "risk_category": "Low", "vegetation_fraction": 1.0, "mean_dist_to_line_m": 2674.4158240632664, "ndvi": 0.37534498620055196}, "geometry": {"type": "Point", "coordinates": [80.29892102722523, 26.02774212631481]}}, {"type": "Feature", "id": 1473, "properties": {"segment_id": 1473, "risk_score": 0.1791840838915822, "risk_category": "Low", "vegetation_fraction": 1.0, "mean_dist_to_line_m": 2946.7948690059848, "ndvi": 0.4021134593993326}, "geometry": {"type": "Point", "coordinates": [80.2063047214325, 25.999804520978692]}}, {"type": "Feature", "id": 1474, "properties": {"segment_id": 1474, "risk_score": 0.351566682965704, "risk_category": "Medium", "vegetation_fraction": 1.0, "mean_dist_to_line_m": 1765.0495743746123, "ndvi": 0.5170838662525123}, "geometry": {"type": "Point", "coordinates": [80.11871898123086, 26.036365953042356]}}, {"type": "Feature", "id": 1475, "properties": {"segment_id": 1475, "risk_score": 0.35098942743509504, "risk_category": "Medium", "vegetation_fraction": 1.0, "mean_dist_to_line_m": 2330.0, "ndvi": 0.5639237563923757}, "geometry": {"type": "Point", "coordinates": [80.04712325308653, 26.001960477660578]}}, {"type": "Feature", "id": 1476, "properties": {"segment_id": 1476, "risk_score": 0.4945171796578255, "risk_category": "Medium", "vegetation_fraction": 1.0, "mean_dist_to_line_m": 667.6076692189806, "ndvi": 0.5427127211457456}, "geometry": {"type": "Point", "coordinates": [80.25454425218972, 26.011931777314306]}}, {"type": "Feature", "id": 1477, "properties": {"segment_id": 1477, "risk_score": 0.12416136799539382, "risk_category": "Low", "vegetation_fraction": 0.0, "mean_dist_to_line_m": 2339.7649454592656, "ndvi": 0.2804363486672841}, "geometry": {"type": "Point", "coordinates": [80.39144750148954, 25.924525700169475]}}, {"type": "Feature", "id": 1478, "properties": {"segment_id": 1478, "risk_score": 0.34618913762177184, "risk_category": "Low", "vegetation_fraction": 1.0, "mean_dist_to_line_m": 1397.855500400524, "ndvi": 0.4718989025606917}, "geometry": {"type": "Point", "coordinates": [80.37123540759686, 25.94904970742594]}}, {"type": "Feature", "id": 1479, "properties": {"segment_id": 1479, "risk_score": 0.3561280716555161, "risk_category": "Medium", "vegetation_fraction": 1.0, "mean_dist_to_line_m": 851.4693182963201, "ndvi": 0.4106142406030355}, "geometry": {"type": "Point", "coordinates": [79.95684256703251, 26.02136408779756]}}, {"type": "Feature", "id": 1480, "properties": {"segment_id": 1480, "risk_score": 0.18403222728913238, "risk_category": "Low", "vegetation_fraction": 0.0, "mean_dist_to_line_m": 1552.707313050338, "ndvi": 0.18784794019405124}, "geometry": {"type": "Point", "coordinates": [80.27628348206541, 26.02594549574657]}}, {"type": "Feature", "id": 1481, "properties": {"segment_id": 1481, "risk_score": 0.3406285646916059, "risk_category": "Low", "vegetation_fraction": 1.0, "mean_dist_to_line_m": 481.66378315169186, "ndvi": 0.3306122448979592}, "geometry": {"type": "Point", "coordinates": [79.93573215785571, 26.026753979502278]}}, {"type": "Feature", "id": 1482, "properties": {"segment_id": 1482, "risk_score": 0.20488396010177412, "risk_category": "Low", "vegetation_fraction": 1.0, "mean_dist_to_line_m": 2860.4370295463596, "ndvi": 0.4273781902552204}, "geometry": {"type": "Point", "coordinates": [80.2640663942014, 25.98866541145561]}}, {"type": "Feature", "id": 1483, "properties": {"segment_id": 1483, "risk_score": 0.2920082827817158, "risk_category": "Low", "vegetation_fraction": 0.0, "mean_dist_to_line_m": 629.3647591023825, "ndvi": 0.25852163921869015}, "geometry": {"type": "Point", "coordinates": [80.37276254357985, 25.968992306733394]}}, {"type": "Feature", "id": 1484, "properties": {"segment_id": 1484, "risk_score": 0.3064333868029119, "risk_category": "Low", "vegetation_fraction": 1.0, "mean_dist_to_line_m": 2033.3469944896271, "ndvi": 0.4886672710788758}, "geometry": {"type": "Point", "coordinates": [80.3656658528353, 25.946085266988344]}}, {"type": "Feature", "id": 1485, "properties": {"segment_id": 1485, "risk_score": 0.23750072917073198, "risk_category": "Low", "vegetation_fraction": 1.0, "mean_dist_to_line_m": 1842.00977196105, "ndvi": 0.3912954218846233}, "geometry": {"type": "Point", "coordinates": [80.00094984748279, 26.041396518633427]}}, {"type": "Feature", "id": 1486, "properties": {"segment_id": 1486, "risk_score": 0.5251177684042011, "risk_category": "Medium", "vegetation_fraction": 1.0, "mean_dist_to_line_m": 1423.6923825040296, "ndvi": 0.6836266258607497}, "geometry": {"type": "Point", "coordinates": [80.11395791022503, 26.032054039678584]}}, {"type": "Feature", "id": 1487, "properties": {"segment_id": 1487, "risk_score": 0.3925278742749386, "risk_category": "Medium", "vegetation_fraction": 1.0, "mean_dist_to_line_m": 996.8951800465283, "ndvi": 0.4744617982271001}, "geometry": {"type": "Point", "coordinates": [80.25382559996243, 26.027921789371632]}}, {"type": "Feature", "id": 1488, "properties": {"segment_id": 1488, "risk_score": 0.3224823106444756, "risk_category": "Low", "vegetation_fraction": 1.0, "mean_dist_to_line_m": 1206.5239326262865, "ndvi": 0.4209513335166346}, "geometry": {"type": "Point", "coordinates": [79.91884383051426, 26.023430212951038]}}, {"type": "Feature", "id": 1489, "properties": {"segment_id": 1489, "risk_score": 0.34844794271669977, "risk_category": "Low", "vegetation_fraction": 1.0, "mean_dist_to_line_m": 417.61226035642204, "ndvi": 0.3277980737296579}, "geometry": {"type": "Point", "coordinates": [80.36979810314226, 25.96791432839245]}}, {"type": "Feature", "id": 1490, "properties": {"segment_id": 1490, "risk_score": 0.3400802768543073, "risk_category": "Low", "vegetation_fraction": 1.0, "mean_dist_to_line_m": 1294.488315899375, "ndvi": 0.4524666525513445}, "geometry": {"type": "Point", "coordinates": [80.40662902979116, 25.940964869868864]}}, {"type": "Feature", "id": 1491, "properties": {"segment_id": 1491, "risk_score": 0.1734339261525774, "risk_category": "Low", "vegetation_fraction": 1.0, "mean_dist_to_line_m": 2566.398254363496, "ndvi": 0.3730032661657356}, "geometry": {"type": "Point", "coordinates": [80.06760484156445, 26.048313546321147]}}, {"type": "Feature", "id": 1492, "properties": {"segment_id": 1492, "risk_score": 0.3352112561685116, "risk_category": "Low", "vegetation_fraction": 1.0, "mean_dist_to_line_m": 1714.7011401407535, "ndvi": 0.4930802688809806}, "geometry": {"type": "Point", "coordinates": [80.17189924605073, 26.036725279156006]}}, {"type": "Feature", "id": 1493, "properties": {"segment_id": 1493, "risk_score": 0.345876806398541, "risk_category": "Low", "vegetation_fraction": 1.0, "mean_dist_to_line_m": 1614.465855941215, "ndvi": 0.49534726904922455}, "geometry": {"type": "Point", "coordinates": [79.96007650205534, 26.04337281225849]}}, {"type": "Feature", "id": 1494, "properties": {"segment_id": 1494, "risk_score": 0.3285535026277102, "risk_category": "Low", "vegetation_fraction": 1.0, "mean_dist_to_line_m": 1040.0, "ndvi": 0.40586949734623784}, "geometry": {"type": "Point", "coordinates": [80.03346886076791, 26.03241336579223]}}, {"type": "Feature", "id": 1495, "properties": {"segment_id": 1495, "risk_score": 0.1556809351224379, "risk_category": "Low", "vegetation_fraction": 1.0, "mean_dist_to_line_m": 2137.7090541044167, "ndvi": 0.3213736545361353}, "geometry": {"type": "Point", "coordinates": [80.25750869262731, 25.997109575126334]}}, {"type": "Feature", "id": 1496, "properties": {"segment_id": 1496, "risk_score": 0.22744085396973615, "risk_category": "Low", "vegetation_fraction": 1.0, "mean_dist_to_line_m": 3097.8218154051406, "ndvi": 0.46619067618647625}, "geometry": {"type": "Point", "coordinates": [80.30431091892994, 26.028460778542104]}}, {"type": "Feature", "id": 1497, "properties": {"segment_id": 1497, "risk_score": 0.433005839562398, "risk_category": "Medium", "vegetation_fraction": 1.0, "mean_dist_to_line_m": 294.27877939124323, "ndvi": 0.40235910878112713}, "geometry": {"type": "Point", "coordinates": [79.96600538293053, 26.02549633810451]}}, {"type": "Feature", "id": 1498, "properties": {"segment_id": 1498, "risk_score": 0.22101332111288124, "risk_category": "Low", "vegetation_fraction": 1.0, "mean_dist_to_line_m": 2213.5265979879255, "ndvi": 0.4035561005518087}, "geometry": {"type": "Point", "coordinates": [80.29065652661133, 26.027113305615927]}}, {"type": "Feature", "id": 1499, "properties": {"segment_id": 1499, "risk_score": 0.5365996139692869, "risk_category": "Medium", "vegetation_fraction": 1.0, "mean_dist_to_line_m": 291.547594742265, "ndvi": 0.5226680562793121}, "geometry": {"type": "Point", "coordinates": [79.95836970301552, 26.031604882036522]}}, {"type": "Feature", "id": 1500, "properties": {"segment_id": 1500, "risk_score": 0.2893992650799127, "risk_category": "Low", "vegetation_fraction": 1.0, "mean_dist_to_line_m": 859.8837130682264, "ndvi": 0.334043913877638}, "geometry": {"type": "Point", "coordinates": [79.92782698335546, 26.024238696706743]}}, {"type": "Feature", "id": 1501, "properties": {"segment_id": 1501, "risk_score": 0.31189855709338743, "risk_category": "Low", "vegetation_fraction": 1.0, "mean_dist_to_line_m": 923.4717104492156, "ndvi": 0.3697935530604853}, "geometry": {"type": "Point", "coordinates": [80.26424605725822, 26.023879370593097]}}, {"type": "Feature", "id": 1502, "properties": {"segment_id": 1502, "risk_score": 0.2662655268698905, "risk_category": "Low", "vegetation_fraction": 0.0, "mean_dist_to_line_m": 813.9410298049853, "ndvi": 0.27781352660277037}, "geometry": {"type": "Point", "coordinates": [80.137942928311, 26.032233702735407]}}, {"type": "Feature", "id": 1503, "properties": {"segment_id": 1503, "risk_score": 0.3241539447445573, "risk_category": "Low", "vegetation_fraction": 1.0, "mean_dist_to_line_m": 1215.1131634543344, "ndvi": 0.4239955434858297}, "geometry": {"type": "Point", "coordinates": [80.21178444466564, 26.017321669019022]}}, {"type": "Feature", "id": 1504, "properties": {"segment_id": 1504, "risk_score": 0.19871574410096393, "risk_category": "Low", "vegetation_fraction": 0.0, "mean_dist_to_line_m": 1399.1783303067555, "ndvi": 0.27012668573763793}, "geometry": {"type": "Point", "coordinates": [79.93168973907717, 26.044271127542608]}}, {"type": "Feature", "id": 1505, "properties": {"segment_id": 1505, "risk_score": 0.3454796420849961, "risk_category": "Low", "vegetation_fraction": 1.0, "mean_dist_to_line_m": 2631.805463935357, "ndvi": 0.5778846153846153}, "geometry": {"type": "Point", "coordinates": [80.36548618977848, 25.938359755544916]}}, {"type": "Feature", "id": 1506, "properties": {"segment_id": 1506, "risk_score": 0.22173720848641268, "risk_category": "Low", "vegetation_fraction": 1.0, "mean_dist_to_line_m": 2674.4158240632664, "ndvi": 0.4361571096209115}, "geometry": {"type": "Point", "coordinates": [80.26667150852533, 26.039599888065187]}}, {"type": "Feature", "id": 1507, "properties": {"segment_id": 1507, "risk_score": 0.25096083329610597, "risk_category": "Low", "vegetation_fraction": 1.0, "mean_dist_to_line_m": 1421.724305201258, "ndvi": 0.36355140186915885}, "geometry": {"type": "Point", "coordinates": [80.30179563613441, 25.97887377485871]}}, {"type": "Feature", "id": 1508, "properties": {"segment_id": 1508, "risk_score": 0.25334237955320305, "risk_category": "Low", "vegetation_fraction": 1.0, "mean_dist_to_line_m": 1161.077086157504, "ndvi": 0.33442088091353994}, "geometry": {"type": "Point", "coordinates": [79.94202036484454, 26.041037192519777]}}, {"type": "Feature", "id": 1509, "properties": {"segment_id": 1509, "risk_score": 0.30593231146668076, "risk_category": "Low", "vegetation_fraction": 1.0, "mean_dist_to_line_m": 1140.043858805441, "ndvi": 0.39301494601759707}, "geometry": {"type": "Point", "coordinates": [80.08889491379809, 26.0148962177519]}}, {"type": "Feature", "id": 1510, "properties": {"segment_id": 1510, "risk_score": 0.23867231559250335, "risk_category": "Low", "vegetation_fraction": 1.0, "mean_dist_to_line_m": 3316.986584235758, "ndvi": 0.4895857175555047}, "geometry": {"type": "Point", "coordinates": [80.354257248727, 25.996121428313803]}}, {"type": "Feature", "id": 1511, "properties": {"segment_id": 1511, "risk_score": 0.3078966858923346, "risk_category": "Low", "vegetation_fraction": 1.0, "mean_dist_to_line_m": 1945.8674158328467, "ndvi": 0.4828256107138428}, "geometry": {"type": "Point", "coordinates": [80.09096103895156, 26.04292365461643]}}, {"type": "Feature", "id": 1512, "properties": {"segment_id": 1512, "risk_score": 0.11359457232750741, "risk_category": "Low", "vegetation_fraction": 0.0, "mean_dist_to_line_m": 2517.6576415390555, "ndvi": 0.2841414851253221}, "geometry": {"type": "Point", "coordinates": [80.30053799473664, 25.967734665335627]}}, {"type": "Feature", "id": 1513, "properties": {"segment_id": 1513, "risk_score": 0.25522976789752294, "risk_category": "Low", "vegetation_fraction": 1.0, "mean_dist_to_line_m": 2111.9185590358356, "ndvi": 0.43543406153494224}, "geometry": {"type": "Point", "coordinates": [80.31473137622574, 26.01085379897336]}}, {"type": "Feature", "id": 1514, "properties": {"segment_id": 1514, "risk_score": 0.3890478566780367, "risk_category": "Medium", "vegetation_fraction": 1.0, "mean_dist_to_line_m": 813.0190649671138, "ndvi": 0.44310281741675817}, "geometry": {"type": "Point", "coordinates": [79.99789557551678, 26.03241336579223]}}, {"type": "Feature", "id": 1515, "properties": {"segment_id": 1515, "risk_score": 0.4169656146519408, "risk_category": "Medium", "vegetation_fraction": 1.0, "mean_dist_to_line_m": 1507.9124643028852, "ndvi": 0.5668925391137759}, "geometry": {"type": "Point", "coordinates": [80.19839954693225, 26.010135146746066]}}, {"type": "Feature", "id": 1516, "properties": {"segment_id": 1516, "risk_score": 0.44991747057470816, "risk_category": "Medium", "vegetation_fraction": 1.0, "mean_dist_to_line_m": 2210.0, "ndvi": 0.6703386372909017}, "geometry": {"type": "Point", "coordinates": [80.1867214482387, 26.001331656961696]}}, {"type": "Feature", "id": 1517, "properties": {"segment_id": 1517, "risk_score": 0.43612203890608825, "risk_category": "Medium", "vegetation_fraction": 1.0, "mean_dist_to_line_m": 371.6180835212409, "ndvi": 0.42127403846153844}, "geometry": {"type": "Point", "coordinates": [80.28185303682696, 26.005553738797058]}}, {"type": "Feature", "id": 1518, "properties": {"segment_id": 1518, "risk_score": 0.1722206158923783, "risk_category": "Low", "vegetation_fraction": 1.0, "mean_dist_to_line_m": 2555.562560376873, "ndvi": 0.3708851115256286}, "geometry": {"type": "Point", "coordinates": [80.05017752505253, 26.04561860046879]}}, {"type": "Feature", "id": 1519, "properties": {"segment_id": 1519, "risk_score": 0.2712752012023866, "risk_category": "Low", "vegetation_fraction": 1.0, "mean_dist_to_line_m": 1768.1628884240274, "ndvi": 0.42371079213184476}, "geometry": {"type": "Point", "coordinates": [80.16516188141983, 26.039510056536777]}}, {"type": "Feature", "id": 1520, "properties": {"segment_id": 1520, "risk_score": 0.5093140935780698, "risk_category": "Medium", "vegetation_fraction": 1.0, "mean_dist_to_line_m": 441.47480109288233, "ndvi": 0.5199670646356526}, "geometry": {"type": "Point", "coordinates": [80.3475198840961, 25.96503971948327]}}, {"type": "Feature", "id": 1521, "properties": {"segment_id": 1521, "risk_score": 0.4198876190424956, "risk_category": "Medium", "vegetation_fraction": 1.0, "mean_dist_to_line_m": 907.5791976461337, "ndvi": 0.49343458313557975}, "geometry": {"type": "Point", "coordinates": [80.2754749983097, 26.020106446399794]}}, {"type": "Feature", "id": 1522, "properties": {"segment_id": 1522, "risk_score": 0.2722160263812009, "risk_category": "Low", "vegetation_fraction": 1.0, "mean_dist_to_line_m": 1001.7983829094555, "ndvi": 0.3347921225382932}, "geometry": {"type": "Point", "coordinates": [79.91578955854825, 26.03196420815017]}}, {"type": "Feature", "id": 1523, "properties": {"segment_id": 1523, "risk_score": 0.3822249377194073, "risk_category": "Medium", "vegetation_fraction": 1.0, "mean_dist_to_line_m": 1408.0127840328723, "ndvi": 0.5151158687213269}, "geometry": {"type": "Point", "coordinates": [80.37105574454003, 25.949139538954352]}}, {"type": "Feature", "id": 1524, "properties": {"segment_id": 1524, "risk_score": 0.27216695756196646, "risk_category": "Low", "vegetation_fraction": 1.0, "mean_dist_to_line_m": 1397.4262055650738, "ndvi": 0.385489891429979}, "geometry": {"type": "Point", "coordinates": [80.07739647816135, 26.03924056195154]}}, {"type": "Feature", "id": 1525, "properties": {"segment_id": 1525, "risk_score": 0.37612565787256846, "risk_category": "Medium", "vegetation_fraction": 1.0, "mean_dist_to_line_m": 3507.36368231183, "ndvi": 0.6580167886848863}, "geometry": {"type": "Point", "coordinates": [80.27071392730387, 25.979143269443945]}}, {"type": "Feature", "id": 1526, "properties": {"segment_id": 1526, "risk_score": 0.13682842579817164, "risk_category": "Low", "vegetation_fraction": 1.0, "mean_dist_to_line_m": 2943.229518742974, "ndvi": 0.3525077252198716}, "geometry": {"type": "Point", "coordinates": [80.17522301260198, 26.044720285184667]}}, {"type": "Feature", "id": 1527, "properties": {"segment_id": 1527, "risk_score": 0.1885589242994823, "risk_category": "Low", "vegetation_fraction": 1.0, "mean_dist_to_line_m": 3015.5928107090317, "ndvi": 0.4166666666666667}, "geometry": {"type": "Point", "coordinates": [80.306287212555, 26.02549633810451]}}, {"type": "Feature", "id": 1528, "properties": {"segment_id": 1528, "risk_score": 0.3721915601874367, "risk_category": "Medium", "vegetation_fraction": 1.0, "mean_dist_to_line_m": 563.2051136131489, "ndvi": 0.3820891751926235}, "geometry": {"type": "Point", "coordinates": [80.17746880081226, 26.026035327274982]}}, {"type": "Feature", "id": 1529, "properties": {"segment_id": 1529, "risk_score": 0.37723536008108044, "risk_category": "Medium", "vegetation_fraction": 1.0, "mean_dist_to_line_m": 1339.589489358587, "ndvi": 0.5012615643397813}, "geometry": {"type": "Point", "coordinates": [80.34105201405043, 25.95812269179555]}}, {"type": "Feature", "id": 1530, "properties": {"segment_id": 1530, "risk_score": 0.5514046984602956, "risk_category": "High", "vegetation_fraction": 1.0, "mean_dist_to_line_m": 14.142135623730951, "ndvi": 0.47992700729927007}, "geometry": {"type": "Point", "coordinates": [80.1934588128696, 26.02271156072374]}}, {"type": "Feature", "id": 1531, "properties": {"segment_id": 1531, "risk_score": 0.30516327935219145, "risk_category": "Low", "vegetation_fraction": 1.0, "mean_dist_to_line_m": 2361.39789108062, "ndvi": 0.5127272727272727}, "geometry": {"type": "Point", "coordinates": [80.09994419179276, 26.044720285184667]}}, {"type": "Feature", "id": 1532, "properties": {"segment_id": 1532, "risk_score": 0.22658547986394956, "risk_category": "Low", "vegetation_fraction": 1.0, "mean_dist_to_line_m": 2313.201245028197, "ndvi": 0.4175580221997982}, "geometry": {"type": "Point", "coordinates": [80.3280264424307, 26.001960477660578]}}, {"type": "Feature", "id": 1533, "properties": {"segment_id": 1533, "risk_score": 0.14362163738382372, "risk_category": "Low", "vegetation_fraction": 1.0, "mean_dist_to_line_m": 2981.559994365366, "ndvi": 0.3624666743943433}, "geometry": {"type": "Point", "coordinates": [80.31473137622574, 25.95452943065907]}}, {"type": "Feature", "id": 1534, "properties": {"segment_id": 1534, "risk_score": 0.22940769501794306, "risk_category": "Low", "vegetation_fraction": 1.0, "mean_dist_to_line_m": 2076.6318884193224, "ndvi": 0.4024187811240218}, "geometry": {"type": "Point", "coordinates": [80.28562596102026, 25.984263666563425]}}, {"type": "Feature", "id": 1535, "properties": {"segment_id": 1535, "risk_score": 0.2835626628340336, "risk_category": "Low", "vegetation_fraction": 1.0, "mean_dist_to_line_m": 1521.0851389715174, "ndvi": 0.4126971546326385}, "geometry": {"type": "Point", "coordinates": [80.26909695979246, 25.99917570027981]}}, {"type": "Feature", "id": 1536, "properties": {"segment_id": 1536, "risk_score": 0.24766368052027662, "risk_category": "Low", "vegetation_fraction": 1.0, "mean_dist_to_line_m": 2450.1836665850174, "ndvi": 0.45186662235515673}, "geometry": {"type": "Point", "coordinates": [80.29317180940686, 26.028370947013695]}}, {"type": "Feature", "id": 1537, "properties": {"segment_id": 1537, "risk_score": 0.4618847056439537, "risk_category": "Medium", "vegetation_fraction": 1.0, "mean_dist_to_line_m": 941.5412895885129, "ndvi": 0.547422450345905}, "geometry": {"type": "Point", "coordinates": [80.30943131604943, 25.97887377485871]}}, {"type": "Feature", "id": 1538, "properties": {"segment_id": 1538, "risk_score": 0.39898634649014586, "risk_category": "Medium", "vegetation_fraction": 1.0, "mean_dist_to_line_m": 488.2622246293481, "ndvi": 0.39990444338270426}, "geometry": {"type": "Point", "coordinates": [79.92117945025296, 26.02998791452511]}}, {"type": "Feature", "id": 1539, "properties": {"segment_id": 1539, "risk_score": 0.41217643717821956, "risk_category": "Medium", "vegetation_fraction": 1.0, "mean_dist_to_line_m": 2482.196607845559, "ndvi": 0.6459747817652765}, "geometry": {"type": "Point", "coordinates": [80.37204389135256, 25.93395801065273]}}, {"type": "Feature", "id": 1540, "properties": {"segment_id": 1540, "risk_score": 0.19814387316691429, "risk_category": "Low", "vegetation_fraction": 1.0, "mean_dist_to_line_m": 2480.0, "ndvi": 0.3961218836565097}, "geometry": {"type": "Point", "coordinates": [80.02538402321083, 26.000882499319637]}}, {"type": "Feature", "id": 1541, "properties": {"segment_id": 1541, "risk_score": 0.3225978223737344, "risk_category": "Low", "vegetation_fraction": 0.0, "mean_dist_to_line_m": 430.11626335213134, "ndvi": 0.2864708714492056}, "geometry": {"type": "Point", "coordinates": [80.3956695833249, 25.9412343644541]}}, {"type": "Feature", "id": 1542, "properties": {"segment_id": 1542, "risk_score": 0.17700328007936061, "risk_category": "Low", "vegetation_fraction": 1.0, "mean_dist_to_line_m": 2159.837956884729, "ndvi": 0.34801307414415966}, "geometry": {"type": "Point", "coordinates": [80.2784394387473, 26.03097606133764]}}, {"type": "Feature", "id": 1543, "properties": {"segment_id": 1543, "risk_score": 0.3599941394189957, "risk_category": "Medium", "vegetation_fraction": 1.0, "mean_dist_to_line_m": 1000.0, "ndvi": 0.43694552145626603}, "geometry": {"type": "Point", "coordinates": [80.0439791495921, 26.031874376621758]}}, {"type": "Feature", "id": 1544, "properties": {"segment_id": 1544, "risk_score": 0.3273085677038966, "risk_category": "Low", "vegetation_fraction": 1.0, "mean_dist_to_line_m": 1188.4864324004711, "ndvi": 0.4242692648361382}, "geometry": {"type": "Point", "coordinates": [80.1417158525043, 26.036725279156006]}}, {"type": "Feature", "id": 1545, "properties": {"segment_id": 1545, "risk_score": 0.2715051334482076, "risk_category": "Low", "vegetation_fraction": 1.0, "mean_dist_to_line_m": 2727.288030260097, "ndvi": 0.4974166275246595}, "geometry": {"type": "Point", "coordinates": [79.99978203761343, 26.048313546321147]}}, {"type": "Feature", "id": 1546, "properties": {"segment_id": 1546, "risk_score": 0.21979507511605592, "risk_category": "Low", "vegetation_fraction": 1.0, "mean_dist_to_line_m": 2526.024544615511, "ndvi": 0.4244538487933204}, "geometry": {"type": "Point", "coordinates": [80.33665026915824, 25.94815139214182]}}, {"type": "Feature", "id": 1547, "properties": {"segment_id": 1547, "risk_score": 0.2608440025216381, "risk_category": "Low", "vegetation_fraction": 1.0, "mean_dist_to_line_m": 1747.9702514631076, "ndvi": 0.40958486435775154}, "geometry": {"type": "Point", "coordinates": [80.06005899317785, 26.00797919006418]}}, {"type": "Feature", "id": 1548, "properties": {"segment_id": 1548, "risk_score": 0.33347893153446895, "risk_category": "Low", "vegetation_fraction": 1.0, "mean_dist_to_line_m": 646.297145282261, "ndvi": 0.35125448028673834}, "geometry": {"type": "Point", "coordinates": [80.19103336160248, 26.01579453303602]}}, {"type": "Feature", "id": 1549, "properties": {"segment_id": 1549, "risk_score": 0.4516927228160391, "risk_category": "Medium", "vegetation_fraction": 1.0, "mean_dist_to_line_m": 1056.2196741208713, "ndvi": 0.5517728387720211}, "geometry": {"type": "Point", "coordinates": [80.25795785026938, 26.00717070630847]}}, {"type": "Feature", "id": 1550, "properties": {"segment_id": 1550, "risk_score": 0.21967667619926962, "risk_category": "Low", "vegetation_fraction": 1.0, "mean_dist_to_line_m": 3521.3917703090065, "ndvi": 0.47605770396411684}, "geometry": {"type": "Point", "coordinates": [80.32982307299893, 26.013638576354133]}}, {"type": "Feature", "id": 1551, "properties": {"segment_id": 1551, "risk_score": 0.2531825807934142, "risk_category": "Low", "vegetation_fraction": 1.0, "mean_dist_to_line_m": 1424.1137595009745, "ndvi": 0.3664171518343961}, "geometry": {"type": "Point", "coordinates": [80.4084256603594, 25.943300489607573]}}, {"type": "Feature", "id": 1552, "properties": {"segment_id": 1552, "risk_score": 0.332577033162615, "risk_category": "Low", "vegetation_fraction": 1.0, "mean_dist_to_line_m": 2464.163143949686, "ndvi": 0.5518869735478173}, "geometry": {"type": "Point", "coordinates": [80.14279383084525, 26.003038456001523]}}, {"type": "Feature", "id": 1553, "properties": {"segment_id": 1553, "risk_score": 0.4517058454270111, "risk_category": "Medium", "vegetation_fraction": 1.0, "mean_dist_to_line_m": 569.2099788303083, "ndvi": 0.47591151525749753}, "geometry": {"type": "Point", "coordinates": [80.26137144834904, 26.01067413591654]}}, {"type": "Feature", "id": 1554, "properties": {"segment_id": 1554, "risk_score": 0.19759667706237066, "risk_category": "Low", "vegetation_fraction": 1.0, "mean_dist_to_line_m": 3156.8655340384707, "ndvi": 0.4342569808494704}, "geometry": {"type": "Point", "coordinates": [80.3671031572899, 25.93027491798784]}}, {"type": "Feature", "id": 1555, "properties": {"segment_id": 1555, "risk_score": 0.3413255462240408, "risk_category": "Low", "vegetation_fraction": 1.0, "mean_dist_to_line_m": 2931.0237119477556, "ndvi": 0.5904319238181612}, "geometry": {"type": "Point", "coordinates": [80.26882746520722, 26.040588034877718]}}, {"type": "Feature", "id": 1556, "properties": {"segment_id": 1556, "risk_score": 0.48515540871967827, "risk_category": "Medium", "vegetation_fraction": 1.0, "mean_dist_to_line_m": 1248.0785231707177, "ndvi": 0.6159858799798286}, "geometry": {"type": "Point", "coordinates": [80.33422481789113, 25.98722810700102]}}, {"type": "Feature", "id": 1557, "properties": {"segment_id": 1557, "risk_score": 0.3228741049453445, "risk_category": "Low", "vegetation_fraction": 1.0, "mean_dist_to_line_m": 1687.601848778319, "ndvi": 0.47598584428715873}, "geometry": {"type": "Point", "coordinates": [79.960435828169, 26.04400163295737]}}, {"type": "Feature", "id": 1558, "properties": {"segment_id": 1558, "risk_score": 0.24758638860332866, "risk_category": "Low", "vegetation_fraction": 1.0, "mean_dist_to_line_m": 2171.128738697915, "ndvi": 0.43125225550342833}, "geometry": {"type": "Point", "coordinates": [80.11135279590107, 25.998546879580925]}}, {"type": "Feature", "id": 1559, "properties": {"segment_id": 1559, "risk_score": 0.2555119200783108, "risk_category": "Low", "vegetation_fraction": 1.0, "mean_dist_to_line_m": 1807.1247881648903, "ndvi": 0.4090394316894883}, "geometry": {"type": "Point", "coordinates": [80.35246061815876, 25.984712824205484]}}, {"type": "Feature", "id": 1560, "properties": {"segment_id": 1560, "risk_score": 0.13376151463186964, "risk_category": "Low", "vegetation_fraction": 1.0, "mean_dist_to_line_m": 2264.9724060129297, "ndvi": 0.3056805741393991}, "geometry": {"type": "Point", "coordinates": [79.94938655017432, 26.00932666299036]}}, {"type": "Feature", "id": 1561, "properties": {"segment_id": 1561, "risk_score": 0.3010633604365756, "risk_category": "Low", "vegetation_fraction": 1.0, "mean_dist_to_line_m": 2459.7764126033894, "ndvi": 0.5148221343873518}, "geometry": {"type": "Point", "coordinates": [80.28553612949185, 25.98040091084171]}}, {"type": "Feature", "id": 1562, "properties": {"segment_id": 1562, "risk_score": 0.2940753082070579, "risk_category": "Low", "vegetation_fraction": 1.0, "mean_dist_to_line_m": 1037.4005976477938, "ndvi": 0.36528410986322696}, "geometry": {"type": "Point", "coordinates": [80.39854419223408, 25.93620379886303]}}, {"type": "Feature", "id": 1563, "properties": {"segment_id": 1563, "risk_score": 0.23527935653612808, "risk_category": "Low", "vegetation_fraction": 1.0, "mean_dist_to_line_m": 2860.4370295463596, "ndvi": 0.4628394860953}, "geometry": {"type": "Point", "coordinates": [79.98262421568674, 26.05028983994621]}}, {"type": "Feature", "id": 1564, "properties": {"segment_id": 1564, "risk_score": 0.1842193325558686, "risk_category": "Low", "vegetation_fraction": 1.0, "mean_dist_to_line_m": 2391.401262858243, "ndvi": 0.3737596471885336}, "geometry": {"type": "Point", "coordinates": [80.30502957115723, 26.019477625700908]}}, {"type": "Feature", "id": 1565, "properties": {"segment_id": 1565, "risk_score": 0.4323769394087868, "risk_category": "Medium", "vegetation_fraction": 1.0, "mean_dist_to_line_m": 939.0420650854785, "ndvi": 0.5126323046352245}, "geometry": {"type": "Point", "coordinates": [80.16821615338584, 26.01309958718366]}}, {"type": "Feature", "id": 1566, "properties": {"segment_id": 1566, "risk_score": 0.34058530763292116, "risk_category": "Low", "vegetation_fraction": 1.0, "mean_dist_to_line_m": 1234.2204017111367, "ndvi": 0.4455822814955942}, "geometry": {"type": "Point", "coordinates": [80.38497963144388, 25.969082138261804]}}, {"type": "Feature", "id": 1567, "properties": {"segment_id": 1567, "risk_score": 0.366039089141123, "risk_category": "Medium", "vegetation_fraction": 1.0, "mean_dist_to_line_m": 1673.1407591712061, "ndvi": 0.524888558692422}, "geometry": {"type": "Point", "coordinates": [80.27646314512224, 25.99513328150127]}}, {"type": "Feature", "id": 1568, "properties": {"segment_id": 1568, "risk_score": 0.3434573439468852, "risk_category": "Low", "vegetation_fraction": 1.0, "mean_dist_to_line_m": 737.5635565834309, "ndvi": 0.3779646228285872}, "geometry": {"type": "Point", "coordinates": [80.19166218230136, 26.015075880808723]}}, {"type": "Feature", "id": 1569, "properties": {"segment_id": 1569, "risk_score": 0.35941038551881427, "risk_category": "Medium", "vegetation_fraction": 1.0, "mean_dist_to_line_m": 1232.233744059949, "ndvi": 0.46729466045080986}, "geometry": {"type": "Point", "coordinates": [80.19696224247767, 26.03834224666742]}}, {"type": "Feature", "id": 1570, "properties": {"segment_id": 1570, "risk_score": 0.5001996093020286, "risk_category": "Medium", "vegetation_fraction": 1.0, "mean_dist_to_line_m": 102.95630140987001, "ndvi": 0.44031482291211194}, "geometry": {"type": "Point", "coordinates": [80.37788294069934, 25.961536289875202]}}, {"type": "Feature", "id": 1571, "properties": {"segment_id": 1571, "risk_score": 0.4663263603143728, "risk_category": "Medium", "vegetation_fraction": 1.0, "mean_dist_to_line_m": 704.5565981523414, "ndvi": 0.5159413544333256}, "geometry": {"type": "Point", "coordinates": [79.96807150808401, 26.034389659417293]}}, {"type": "Feature", "id": 1572, "properties": {"segment_id": 1572, "risk_score": 0.32339188765111415, "risk_category": "Low", "vegetation_fraction": 1.0, "mean_dist_to_line_m": 1597.0284906663373, "ndvi": 0.46729191090269634}, "geometry": {"type": "Point", "coordinates": [80.26783931839469, 26.02908959924099]}}, {"type": "Feature", "id": 1573, "properties": {"segment_id": 1573, "risk_score": 0.30667756848531263, "risk_category": "Low", "vegetation_fraction": 1.0, "mean_dist_to_line_m": 1537.3353570382747, "ndvi": 0.441429661109295}, "geometry": {"type": "Point", "coordinates": [79.97696482939679, 26.041037192519777]}}, {"type": "Feature", "id": 1574, "properties": {"segment_id": 1574, "risk_score": 0.2913400750630208, "risk_category": "Low", "vegetation_fraction": 1.0, "mean_dist_to_line_m": 1173.4564329364769, "ndvi": 0.38036293714697755}, "geometry": {"type": "Point", "coordinates": [79.97579701952743, 26.016603016791727]}}, {"type": "Feature", "id": 1575, "properties": {"segment_id": 1575, "risk_score": 0.21682151725765741, "risk_category": "Low", "vegetation_fraction": 1.0, "mean_dist_to_line_m": 2637.3471519691907, "ndvi": 0.4281298299845441}, "geometry": {"type": "Point", "coordinates": [80.25148998022372, 25.994324797745563]}}, {"type": "Feature", "id": 1576, "properties": {"segment_id": 1576, "risk_score": 0.4442586779446475, "risk_category": "Medium", "vegetation_fraction": 1.0, "mean_dist_to_line_m": 206.15528128088303, "ndvi": 0.3973418881759853}, "geometry": {"type": "Point", "coordinates": [80.19229100300024, 26.020286109456617]}}, {"type": "Feature", "id": 1577, "properties": {"segment_id": 1577, "risk_score": 0.22372317736386776, "risk_category": "Low", "vegetation_fraction": 0.0, "mean_dist_to_line_m": 1162.1101496846156, "ndvi": 0.22672246301001342}, "geometry": {"type": "Point", "coordinates": [79.9912480424143, 26.015165712337136]}}, {"type": "Feature", "id": 1578, "properties": {"segment_id": 1578, "risk_score": 0.30060495172534135, "risk_category": "Low", "vegetation_fraction": 1.0, "mean_dist_to_line_m": 1454.9570440394452, "ndvi": 0.42524714210162323}, "geometry": {"type": "Point", "coordinates": [80.16129912569812, 26.008697842291475]}}, {"type": "Feature", "id": 1579, "properties": {"segment_id": 1579, "risk_score": 0.17408934362674786, "risk_category": "Low", "vegetation_fraction": 1.0, "mean_dist_to_line_m": 3424.2663447810246, "ndvi": 0.41888005413635593}, "geometry": {"type": "Point", "coordinates": [80.14324298848732, 25.9983672165241]}}, {"type": "Feature", "id": 1580, "properties": {"segment_id": 1580, "risk_score": 0.5565719123296102, "risk_category": "High", "vegetation_fraction": 1.0, "mean_dist_to_line_m": 85.44003745317531, "ndvi": 0.5021834061135371}, "geometry": {"type": "Point", "coordinates": [79.99025989560177, 26.026574316445455]}}, {"type": "Feature", "id": 1581, "properties": {"segment_id": 1581, "risk_score": 0.35892203034861603, "risk_category": "Medium", "vegetation_fraction": 1.0, "mean_dist_to_line_m": 1662.0770138594662, "ndvi": 0.5154639175257731}, "geometry": {"type": "Point", "coordinates": [80.15186681521486, 26.010045315217656]}}, {"type": "Feature", "id": 1582, "properties": {"segment_id": 1582, "risk_score": 0.30901601278501073, "risk_category": "Low", "vegetation_fraction": 1.0, "mean_dist_to_line_m": 1372.7709204379294, "ndvi": 0.42560226735947093}, "geometry": {"type": "Point", "coordinates": [80.23621862039369, 26.010135146746066]}}, {"type": "Feature", "id": 1583, "properties": {"segment_id": 1583, "risk_score": 0.375868201659863, "risk_category": "Medium", "vegetation_fraction": 1.0, "mean_dist_to_line_m": 1379.0213921473444, "ndvi": 0.5043295108822841}, "geometry": {"type": "Point", "coordinates": [80.16471272377777, 26.035287974701415]}}, {"type": "Feature", "id": 1584, "properties": {"segment_id": 1584, "risk_score": 0.10446531970458957, "risk_category": "Low", "vegetation_fraction": 0.0, "mean_dist_to_line_m": 2685.218799278748, "ndvi": 0.27073509015256586}, "geometry": {"type": "Point", "coordinates": [80.25472391524654, 25.992887493290972]}}, {"type": "Feature", "id": 1585, "properties": {"segment_id": 1585, "risk_score": 0.15291278875029599, "risk_category": "Low", "vegetation_fraction": 1.0, "mean_dist_to_line_m": 2290.8513701242164, "ndvi": 0.32995696126513857}, "geometry": {"type": "Point", "coordinates": [80.19750123164813, 26.048223714792734]}}, {"type": "Feature", "id": 1586, "properties": {"segment_id": 1586, "risk_score": 0.26421826543851434, "risk_category": "Low", "vegetation_fraction": 1.0, "mean_dist_to_line_m": 1999.124808509964, "ndvi": 0.4365024288688411}, "geometry": {"type": "Point", "coordinates": [80.39270514288731, 25.92740030907866]}}, {"type": "Feature", "id": 1587, "properties": {"segment_id": 1587, "risk_score": 0.2058022647696904, "risk_category": "Low", "vegetation_fraction": 0.0, "mean_dist_to_line_m": 1329.0974381135493, "ndvi": 0.28810182623132263}, "geometry": {"type": "Point", "coordinates": [80.13102590062329, 26.01067413591654]}}, {"type": "Feature", "id": 1588, "properties": {"segment_id": 1588, "risk_score": 0.3594692015247579, "risk_category": "Medium", "vegetation_fraction": 1.0, "mean_dist_to_line_m": 720.0, "ndvi": 0.3937984496124031}, "geometry": {"type": "Point", "coordinates": [80.04703342155811, 26.016423353734904]}}, {"type": "Feature", "id": 1589, "properties": {"segment_id": 1589, "risk_score": 0.2259620632655121, "risk_category": "Low", "vegetation_fraction": 1.0, "mean_dist_to_line_m": 2471.9627828913603, "ndvi": 0.4280326499824897}, "geometry": {"type": "Point", "coordinates": [80.21735399942717, 26.050110176889387]}}, {"type": "Feature", "id": 1590, "properties": {"segment_id": 1590, "risk_score": 0.44537873984054566, "risk_category": "Medium", "vegetation_fraction": 1.0, "mean_dist_to_line_m": 1055.1303237041384, "ndvi": 0.54425658876181}, "geometry": {"type": "Point", "coordinates": [80.35812000444871, 25.957224376511427]}}, {"type": "Feature", "id": 1591, "properties": {"segment_id": 1591, "risk_score": 0.2782035371995398, "risk_category": "Low", "vegetation_fraction": 0.0, "mean_dist_to_line_m": 726.2231062146122, "ndvi": 0.29067579127459364}, "geometry": {"type": "Point", "coordinates": [80.1927401606423, 26.030706566752404]}}, {"type": "Feature", "id": 1592, "properties": {"segment_id": 1592, "risk_score": 0.49213586174690227, "risk_category": "Medium", "vegetation_fraction": 1.0, "mean_dist_to_line_m": 284.42925306655786, "ndvi": 0.4693554764729142}, "geometry": {"type": "Point", "coordinates": [80.11925797040132, 26.017501332075845]}}, {"type": "Feature", "id": 1593, "properties": {"segment_id": 1593, "risk_score": 0.21148699580882158, "risk_category": "Low", "vegetation_fraction": 1.0, "mean_dist_to_line_m": 1740.0, "ndvi": 0.3512241054613936}, "geometry": {"type": "Point", "coordinates": [80.1852841437841, 26.036815110684415]}}, {"type": "Feature", "id": 1594, "properties": {"segment_id": 1594, "risk_score": 0.22730804657030218, "risk_category": "Low", "vegetation_fraction": 1.0, "mean_dist_to_line_m": 2118.5136298829893, "ndvi": 0.40339314048578057}, "geometry": {"type": "Point", "coordinates": [80.30269395141853, 26.017950489717908]}}, {"type": "Feature", "id": 1595, "properties": {"segment_id": 1595, "risk_score": 0.2849027063915053, "risk_category": "Low", "vegetation_fraction": 1.0, "mean_dist_to_line_m": 1140.0, "ndvi": 0.3684746193969722}, "geometry": {"type": "Point", "coordinates": [80.04739274767176, 26.0126504295416]}}, {"type": "Feature", "id": 1596, "properties": {"segment_id": 1596, "risk_score": 0.5109348749643436, "risk_category": "Medium", "vegetation_fraction": 1.0, "mean_dist_to_line_m": 310.0, "ndvi": 0.4964302712993812}, "geometry": {"type": "Point", "coordinates": [79.97382072590237, 26.030257409110344]}}, {"type": "Feature", "id": 1597, "properties": {"segment_id": 1597, "risk_score": 0.32379772968573395, "risk_category": "Low", "vegetation_fraction": 1.0, "mean_dist_to_line_m": 2173.29243315298, "ndvi": 0.5203358921073837}, "geometry": {"type": "Point", "coordinates": [80.01289744076158, 26.043193149201667]}}, {"type": "Feature", "id": 1598, "properties": {"segment_id": 1598, "risk_score": 0.19310031192016186, "risk_category": "Low", "vegetation_fraction": 1.0, "mean_dist_to_line_m": 2841.2145290350745, "ndvi": 0.4125523012552301}, "geometry": {"type": "Point", "coordinates": [80.25445442066132, 25.99189934647844]}}, {"type": "Feature", "id": 1599, "properties": {"segment_id": 1599, "risk_score": 0.512352841752388, "risk_category": "Medium", "vegetation_fraction": 1.0, "mean_dist_to_line_m": 735.3910524340095, "ndvi": 0.5746586075665995}, "geometry": {"type": "Point", "coordinates": [80.30997030521989, 25.99818755346728]}}, {"type": "Feature", "id": 1600, "properties": {"segment_id": 1600, "risk_score": 0.19344275838239616, "risk_category": "Low", "vegetation_fraction": 1.0, "mean_dist_to_line_m": 2213.0521909796885, "ndvi": 0.37135384090521406}, "geometry": {"type": "Point", "coordinates": [79.93815760912283, 26.05091866064509]}}, {"type": "Feature", "id": 1601, "properties": {"segment_id": 1601, "risk_score": 0.2919272105306044, "risk_category": "Low", "vegetation_fraction": 1.0, "mean_dist_to_line_m": 1394.6325680981354, "ndvi": 0.40821917808219177}, "geometry": {"type": "Point", "coordinates": [80.14530911364079, 26.01354874482572]}}, {"type": "Feature", "id": 1602, "properties": {"segment_id": 1602, "risk_score": 0.4642848537135699, "risk_category": "Medium", "vegetation_fraction": 1.0, "mean_dist_to_line_m": 493.3558553417604, "ndvi": 0.4770159143347335}, "geometry": {"type": "Point", "coordinates": [80.2640663942014, 26.010494472859715]}}, {"type": "Feature", "id": 1603, "properties": {"segment_id": 1603, "risk_score": 0.4869009247198588, "risk_category": "Medium", "vegetation_fraction": 1.0, "mean_dist_to_line_m": 50.0, "ndvi": 0.41290645322661335}, "geometry": {"type": "Point", "coordinates": [80.01927547927882, 26.02369970753627]}}, {"type": "Feature", "id": 1604, "properties": {"segment_id": 1604, "risk_score": 0.3791848751145741, "risk_category": "Medium", "vegetation_fraction": 1.0, "mean_dist_to_line_m": 1090.0, "ndvi": 0.47178952207507474}, "geometry": {"type": "Point", "coordinates": [80.01945514233564, 26.01345891329731]}}, {"type": "Feature", "id": 1605, "properties": {"segment_id": 1605, "risk_score": 0.35578350391154906, "risk_category": "Medium", "vegetation_fraction": 1.0, "mean_dist_to_line_m": 596.657355607052, "ndvi": 0.36878730036001645}, "geometry": {"type": "Point", "coordinates": [80.08404401126384, 26.021004761683912]}}, {"type": "Feature", "id": 1606, "properties": {"segment_id": 1606, "risk_score": 0.4109231519478148, "risk_category": "Medium", "vegetation_fraction": 1.0, "mean_dist_to_line_m": 732.4616030891996, "ndvi": 0.45585039013025197}, "geometry": {"type": "Point", "coordinates": [80.25301711620672, 26.025676001161333]}}, {"type": "Feature", "id": 1607, "properties": {"segment_id": 1607, "risk_score": 0.3459526317873649, "risk_category": "Low", "vegetation_fraction": 1.0, "mean_dist_to_line_m": 2607.2207424765556, "ndvi": 0.5768882448831734}, "geometry": {"type": "Point", "coordinates": [80.09940520262228, 26.04705590492338]}}, {"type": "Feature", "id": 1608, "properties": {"segment_id": 1608, "risk_score": 0.5777439393876628, "risk_category": "High", "vegetation_fraction": 1.0, "mean_dist_to_line_m": 260.768096208106, "ndvi": 0.5644140723867376}, "geometry": {"type": "Point", "coordinates": [80.28930905368514, 26.00717070630847]}}, {"type": "Feature", "id": 1609, "properties": {"segment_id": 1609, "risk_score": 0.3607471785846821, "risk_category": "Medium", "vegetation_fraction": 1.0, "mean_dist_to_line_m": 2266.384786394402, "ndvi": 0.5706033376123235}, "geometry": {"type": "Point", "coordinates": [80.3242535182374, 26.003667276700405]}}, {"type": "Feature", "id": 1610, "properties": {"segment_id": 1610, "risk_score": 0.4381542564677349, "risk_category": "Medium", "vegetation_fraction": 1.0, "mean_dist_to_line_m": 1905.4133409840501, "ndvi": 0.6311886586695747}, "geometry": {"type": "Point", "coordinates": [80.32892475771482, 25.95695488192619]}}, {"type": "Feature", "id": 1611, "properties": {"segment_id": 1611, "risk_score": 0.48486174368655455, "risk_category": "Medium", "vegetation_fraction": 1.0, "mean_dist_to_line_m": 370.0, "ndvi": 0.47782336850332163}, "geometry": {"type": "Point", "coordinates": [80.04011639387039, 26.019657288757735]}}, {"type": "Feature", "id": 1612, "properties": {"segment_id": 1612, "risk_score": 0.6552761166763541, "risk_category": "High", "vegetation_fraction": 1.0, "mean_dist_to_line_m": 130.0, "ndvi": 0.6271906532129581}, "geometry": {"type": "Point", "coordinates": [80.31230592495861, 25.988485748398787]}}, {"type": "Feature", "id": 1613, "properties": {"segment_id": 1613, "risk_score": 0.49418985757059936, "risk_category": "Medium", "vegetation_fraction": 1.0, "mean_dist_to_line_m": 30.0, "ndvi": 0.41683592868426994}, "geometry": {"type": "Point", "coordinates": [80.21816248318288, 26.027382800201163]}}, {"type": "Feature", "id": 1614, "properties": {"segment_id": 1614, "risk_score": 0.2925776301768193, "risk_category": "Low", "vegetation_fraction": 1.0, "mean_dist_to_line_m": 2398.520377232597, "ndvi": 0.5006792452830188}, "geometry": {"type": "Point", "coordinates": [80.19453679121054, 26.000433341677574]}}, {"type": "Feature", "id": 1615, "properties": {"segment_id": 1615, "risk_score": 0.5380223480117083, "risk_category": "Medium", "vegetation_fraction": 1.0, "mean_dist_to_line_m": 538.2378656319155, "ndvi": 0.5711349623201645}, "geometry": {"type": "Point", "coordinates": [80.37833209834139, 25.952373473977183]}}, {"type": "Feature", "id": 1616, "properties": {"segment_id": 1616, "risk_score": 0.3028502406865863, "risk_category": "Low", "vegetation_fraction": 1.0, "mean_dist_to_line_m": 2864.349838968697, "ndvi": 0.5418904093769848}, "geometry": {"type": "Point", "coordinates": [80.20962848798375, 26.0028587929447]}}, {"type": "Feature", "id": 1617, "properties": {"segment_id": 1617, "risk_score": 0.5519820694402315, "risk_category": "High", "vegetation_fraction": 1.0, "mean_dist_to_line_m": 806.2257748298549, "ndvi": 0.6321353065539113}, "geometry": {"type": "Point", "coordinates": [80.39593907791014, 25.953361620789714]}}, {"type": "Feature", "id": 1618, "properties": {"segment_id": 1618, "risk_score": 0.2922510065215674, "risk_category": "Low", "vegetation_fraction": 1.0, "mean_dist_to_line_m": 666.1080993352356, "ndvi": 0.3064848290696077}, "geometry": {"type": "Point", "coordinates": [79.99017006407335, 26.019747120286144]}}, {"type": "Feature", "id": 1619, "properties": {"segment_id": 1619, "risk_score": 0.41729728786756604, "risk_category": "Medium", "vegetation_fraction": 1.0, "mean_dist_to_line_m": 786.3841300535, "ndvi": 0.4718939175554916}, "geometry": {"type": "Point", "coordinates": [79.99088871630065, 26.03286252343429]}}, {"type": "Feature", "id": 1620, "properties": {"segment_id": 1620, "risk_score": 0.27629997705594544, "risk_category": "Low", "vegetation_fraction": 1.0, "mean_dist_to_line_m": 2080.8171471804053, "ndvi": 0.4574718336015847}, "geometry": {"type": "Point", "coordinates": [80.24861537131453, 26.000523173205988]}}, {"type": "Feature", "id": 1621, "properties": {"segment_id": 1621, "risk_score": 0.22465734786398772, "risk_category": "Low", "vegetation_fraction": 0.0, "mean_dist_to_line_m": 1153.7764081484765, "ndvi": 0.23477297895902546}, "geometry": {"type": "Point", "coordinates": [80.3175161536065, 25.97222624175622]}}, {"type": "Feature", "id": 1622, "properties": {"segment_id": 1622, "risk_score": 0.23069944584000202, "risk_category": "Low", "vegetation_fraction": 1.0, "mean_dist_to_line_m": 2328.797973204202, "ndvi": 0.4234979323765507}, "geometry": {"type": "Point", "coordinates": [80.39324413205777, 25.975100850665406]}}, {"type": "Feature", "id": 1623, "properties": {"segment_id": 1623, "risk_score": 0.29624545420555204, "risk_category": "Low", "vegetation_fraction": 1.0, "mean_dist_to_line_m": 1288.875478857442, "ndvi": 0.40063947291929075}, "geometry": {"type": "Point", "coordinates": [80.40438324158086, 25.95282263161924]}}, {"type": "Feature", "id": 1624, "properties": {"segment_id": 1624, "risk_score": 0.1651750507978847, "risk_category": "Low", "vegetation_fraction": 1.0, "mean_dist_to_line_m": 2052.3157651784486, "ndvi": 0.32545963716059906}, "geometry": {"type": "Point", "coordinates": [79.91992180885521, 26.05028983994621]}}, {"type": "Feature", "id": 1625, "properties": {"segment_id": 1625, "risk_score": 0.6380847603094207, "risk_category": "High", "vegetation_fraction": 1.0, "mean_dist_to_line_m": 136.01470508735443, "ndvi": 0.6084472049689441}, "geometry": {"type": "Point", "coordinates": [80.32820610548752, 25.97626866053476]}}, {"type": "Feature", "id": 1626, "properties": {"segment_id": 1626, "risk_score": 0.32348476008896243, "risk_category": "Low", "vegetation_fraction": 1.0, "mean_dist_to_line_m": 1425.0614021858848, "ndvi": 0.44854482264611467}, "geometry": {"type": "Point", "coordinates": [80.20675387907457, 26.042205002389135]}}, {"type": "Feature", "id": 1627, "properties": {"segment_id": 1627, "risk_score": 0.3870676402774478, "risk_category": "Medium", "vegetation_fraction": 1.0, "mean_dist_to_line_m": 882.9496021857647, "ndvi": 0.45147150907952416}, "geometry": {"type": "Point", "coordinates": [80.22606765768313, 26.03340151260476]}}, {"type": "Feature", "id": 1628, "properties": {"segment_id": 1628, "risk_score": 0.35400059552597624, "risk_category": "Medium", "vegetation_fraction": 1.0, "mean_dist_to_line_m": 834.8652585896721, "ndvi": 0.40559062218214603}, "geometry": {"type": "Point", "coordinates": [80.17944509443733, 26.013369081768897]}}, {"type": "Feature", "id": 1629, "properties": {"segment_id": 1629, "risk_score": 0.496442331723129, "risk_category": "Medium", "vegetation_fraction": 1.0, "mean_dist_to_line_m": 568.59475903318, "ndvi": 0.5279960707269156}, "geometry": {"type": "Point", "coordinates": [80.33161970356718, 25.981658552239477]}}, {"type": "Feature", "id": 1630, "properties": {"segment_id": 1630, "risk_score": 0.09593482393382874, "risk_category": "Low", "vegetation_fraction": 0.0, "mean_dist_to_line_m": 2855.591007129697, "ndvi": 0.2742969906265417}, "geometry": {"type": "Point", "coordinates": [80.11359858411137, 26.044271127542608]}}, {"type": "Feature", "id": 1631, "properties": {"segment_id": 1631, "risk_score": 0.27717134836672563, "risk_category": "Low", "vegetation_fraction": 1.0, "mean_dist_to_line_m": 1366.821129482567, "ndvi": 0.38775026655609524}, "geometry": {"type": "Point", "coordinates": [79.91300478116749, 26.028999767712577]}}, {"type": "Feature", "id": 1632, "properties": {"segment_id": 1632, "risk_score": 0.37767626877705845, "risk_category": "Medium", "vegetation_fraction": 1.0, "mean_dist_to_line_m": 990.0, "ndvi": 0.4561558901682905}, "geometry": {"type": "Point", "coordinates": [80.02179076207436, 26.032143871206994]}}, {"type": "Feature", "id": 1633, "properties": {"segment_id": 1633, "risk_score": 0.16320392852502225, "risk_category": "Low", "vegetation_fraction": 1.0, "mean_dist_to_line_m": 3379.970414071697, "ndvi": 0.4042941982640475}, "geometry": {"type": "Point", "coordinates": [80.32685863256134, 26.0148962177519]}}, {"type": "Feature", "id": 1634, "properties": {"segment_id": 1634, "risk_score": 0.23883142223710174, "risk_category": "Low", "vegetation_fraction": 1.0, "mean_dist_to_line_m": 2340.534127074416, "ndvi": 0.43383742911153117}, "geometry": {"type": "Point", "coordinates": [80.30098715237871, 26.02226240308168]}}, {"type": "Feature", "id": 1635, "properties": {"segment_id": 1635, "risk_score": 0.4586644607283775, "risk_category": "Medium", "vegetation_fraction": 1.0, "mean_dist_to_line_m": 347.1310991541957, "ndvi": 0.44279958350310106}, "geometry": {"type": "Point", "coordinates": [80.09176952270727, 26.028011620900045]}}, {"type": "Feature", "id": 1636, "properties": {"segment_id": 1636, "risk_score": 0.18055384971631822, "risk_category": "Low", "vegetation_fraction": 1.0, "mean_dist_to_line_m": 2756.0116110060203, "ndvi": 0.3930084745762712}, "geometry": {"type": "Point", "coordinates": [79.96618504598736, 26.004655423512936]}}, {"type": "Feature", "id": 1637, "properties": {"segment_id": 1637, "risk_score": 0.5503616800845659, "risk_category": "High", "vegetation_fraction": 1.0, "mean_dist_to_line_m": 233.23807579381202, "ndvi": 0.5267906873120196}, "geometry": {"type": "Point", "coordinates": [80.3340451548343, 25.976538155119997]}}, {"type": "Feature", "id": 1638, "properties": {"segment_id": 1638, "risk_score": 0.5326918041500125, "risk_category": "Medium", "vegetation_fraction": 1.0, "mean_dist_to_line_m": 422.0189569201838, "ndvi": 0.5435827888053261}, "geometry": {"type": "Point", "coordinates": [80.34177066627772, 25.974202535381288]}}, {"type": "Feature", "id": 1639, "properties": {"segment_id": 1639, "risk_score": 0.365418576203756, "risk_category": "Medium", "vegetation_fraction": 1.0, "mean_dist_to_line_m": 403.6087214122113, "ndvi": 0.34493609915869244}, "geometry": {"type": "Point", "coordinates": [79.92207776553708, 26.034928648587766]}}, {"type": "Feature", "id": 1640, "properties": {"segment_id": 1640, "risk_score": 0.298358151794876, "risk_category": "Low", "vegetation_fraction": 1.0, "mean_dist_to_line_m": 1638.566446623389, "ndvi": 0.44240236297998026}, "geometry": {"type": "Point", "coordinates": [80.15375327731151, 26.009057168405125]}}, {"type": "Feature", "id": 1641, "properties": {"segment_id": 1641, "risk_score": 0.2435030962558306, "risk_category": "Low", "vegetation_fraction": 1.0, "mean_dist_to_line_m": 2206.1731573020284, "ndvi": 0.429225836005497}, "geometry": {"type": "Point", "coordinates": [80.29658540748652, 25.974112703852875]}}, {"type": "Feature", "id": 1642, "properties": {"segment_id": 1642, "risk_score": 0.37601083622566295, "risk_category": "Medium", "vegetation_fraction": 0.0, "mean_dist_to_line_m": 123.6931687685298, "ndvi": 0.26689728579031397}, "geometry": {"type": "Point", "coordinates": [80.26424605725822, 26.01633352220649]}}, {"type": "Feature", "id": 1643, "properties": {"segment_id": 1643, "risk_score": 0.38589610798502705, "risk_category": "Medium", "vegetation_fraction": 1.0, "mean_dist_to_line_m": 1200.3332870498925, "ndvi": 0.4941427050053248}, "geometry": {"type": "Point", "coordinates": [80.1694737947836, 26.010494472859715]}}, {"type": "Feature", "id": 1644, "properties": {"segment_id": 1644, "risk_score": 0.20138993594133558, "risk_category": "Low", "vegetation_fraction": 0.0, "mean_dist_to_line_m": 1372.443077143821, "ndvi": 0.20795228628230616}, "geometry": {"type": "Point", "coordinates": [80.27430718844035, 26.024867517405628]}}, {"type": "Feature", "id": 1645, "properties": {"segment_id": 1645, "risk_score": 0.5586894799189748, "risk_category": "High", "vegetation_fraction": 1.0, "mean_dist_to_line_m": 275.86228448267445, "ndvi": 0.5452636779053971}, "geometry": {"type": "Point", "coordinates": [80.15725670691958, 26.028640441598927]}}, {"type": "Feature", "id": 1646, "properties": {"segment_id": 1646, "risk_score": 0.2295331408878577, "risk_category": "Low", "vegetation_fraction": 1.0, "mean_dist_to_line_m": 2378.9913829183997, "ndvi": 0.4257471264367816}, "geometry": {"type": "Point", "coordinates": [80.15078883687391, 26.048313546321147]}}, {"type": "Feature", "id": 1647, "properties": {"segment_id": 1647, "risk_score": 0.24357318199612485, "risk_category": "Low", "vegetation_fraction": 1.0, "mean_dist_to_line_m": 1274.7548783981963, "ndvi": 0.33745273448307667}, "geometry": {"type": "Point", "coordinates": [80.12258173695257, 26.03277269190588]}}, {"type": "Feature", "id": 1648, "properties": {"segment_id": 1648, "risk_score": 0.24928956673983554, "risk_category": "Low", "vegetation_fraction": 1.0, "mean_dist_to_line_m": 1730.4623659588788, "ndvi": 0.394392523364486}, "geometry": {"type": "Point", "coordinates": [79.98091741664692, 26.042384665445958]}}, {"type": "Feature", "id": 1649, "properties": {"segment_id": 1649, "risk_score": 0.20069143244590343, "risk_category": "Low", "vegetation_fraction": 1.0, "mean_dist_to_line_m": 2292.967509582288, "ndvi": 0.3858556904196712}, "geometry": {"type": "Point", "coordinates": [79.92073029261091, 26.012291103427955]}}, {"type": "Feature", "id": 1650, "properties": {"segment_id": 1650, "risk_score": 0.3167007186022628, "risk_category": "Low", "vegetation_fraction": 1.0, "mean_dist_to_line_m": 1569.2354826475216, "ndvi": 0.45654692931633833}, "geometry": {"type": "Point", "coordinates": [79.93007277156575, 26.017501332075845]}}, {"type": "Feature", "id": 1651, "properties": {"segment_id": 1651, "risk_score": 0.3801737276802001, "risk_category": "Medium", "vegetation_fraction": 1.0, "mean_dist_to_line_m": 500.0, "ndvi": 0.38009565019357777}, "geometry": {"type": "Point", "coordinates": [79.98289371027198, 26.021992908496443]}}, {"type": "Feature", "id": 1652, "properties": {"segment_id": 1652, "risk_score": 0.15971578984060253, "risk_category": "Low", "vegetation_fraction": 0.0, "mean_dist_to_line_m": 1836.1372497719228, "ndvi": 0.2701746628344019}, "geometry": {"type": "Point", "coordinates": [79.94121188108883, 26.013997902467782]}}, {"type": "Feature", "id": 1653, "properties": {"segment_id": 1653, "risk_score": 0.1384778103363694, "risk_category": "Low", "vegetation_fraction": 0.0, "mean_dist_to_line_m": 2121.508896988179, "ndvi": 0.2759501165673685}, "geometry": {"type": "Point", "coordinates": [80.17944509443733, 26.040049045707246]}}, {"type": "Feature", "id": 1654, "properties": {"segment_id": 1654, "risk_score": 0.24616452884435905, "risk_category": "Low", "vegetation_fraction": 1.0, "mean_dist_to_line_m": 1169.144986731757, "ndvi": 0.3270980467010244}, "geometry": {"type": "Point", "coordinates": [80.22238456501825, 26.03690494221283]}}, {"type": "Feature", "id": 1655, "properties": {"segment_id": 1655, "risk_score": 0.32491696873261267, "risk_category": "Low", "vegetation_fraction": 1.0, "mean_dist_to_line_m": 631.5061361538777, "ndvi": 0.3387580299785867}, "geometry": {"type": "Point", "coordinates": [80.24735772991677, 26.014357228581428]}}, {"type": "Feature", "id": 1656, "properties": {"segment_id": 1656, "risk_score": 0.3433048047673096, "risk_category": "Low", "vegetation_fraction": 1.0, "mean_dist_to_line_m": 1227.762191957384, "ndvi": 0.44794073129929096}, "geometry": {"type": "Point", "coordinates": [80.15932283207306, 26.037264268326478]}}, {"type": "Feature", "id": 1657, "properties": {"segment_id": 1657, "risk_score": 0.21169906121464072, "risk_category": "Low", "vegetation_fraction": 1.0, "mean_dist_to_line_m": 2973.566881709574, "ndvi": 0.44146948941469494}, "geometry": {"type": "Point", "coordinates": [80.24672890921788, 26.04624742116767]}}, {"type": "Feature", "id": 1658, "properties": {"segment_id": 1658, "risk_score": 0.2793269209128578, "risk_category": "Low", "vegetation_fraction": 1.0, "mean_dist_to_line_m": 3012.042496380155, "ndvi": 0.5223790928206669}, "geometry": {"type": "Point", "coordinates": [80.38695592506895, 25.98579080254643]}}, {"type": "Feature", "id": 1659, "properties": {"segment_id": 1659, "risk_score": 0.24526971357162508, "risk_category": "Low", "vegetation_fraction": 1.0, "mean_dist_to_line_m": 1726.962651593832, "ndvi": 0.38935864250790914}, "geometry": {"type": "Point", "coordinates": [80.21942012458065, 26.042743991559604]}}]}