segment_id,line_idx,mean_ndvi,vegetation_fraction,predicted_risk_probability,predicted_priority,pixels_sampled
6,0,76.0,1.0,1.0,High,1
30,0,49.0,1.0,1.0,High,1
42,0,66.0,1.0,1.0,High,1
54,0,58.0,1.0,1.0,High,1
58,0,56.0,1.0,1.0,High,1
100,0,83.0,1.0,1.0,High,1
143,0,27.0,1.0,1.0,High,1
144,0,27.0,1.0,1.0,High,1
182,0,83.0,1.0,1.0,High,1
184,0,76.0,1.0,1.0,High,1
188,0,85.0,1.0,1.0,High,1
243,0,82.0,1.0,1.0,High,1
244,0,82.0,1.0,1.0,High,1
265,0,250.0,1.0,1.0,High,1
274,0,48.0,1.0,1.0,High,1
292,1,48.0,1.0,1.0,High,1
294,1,40.0,1.0,1.0,High,1
301,1,60.0,1.0,1.0,High,1
305,1,66.0,1.0,1.0,High,1
306,1,66.0,1.0,1.0,High,1
358,1,91.0,1.0,1.0,High,1
363,1,80.0,1.0,1.0,High,1
378,1,79.0,1.0,1.0,High,1
379,1,79.0,1.0,1.0,High,1
387,1,79.0,1.0,1.0,High,1
388,1,79.0,1.0,1.0,High,1
411,1,64.0,1.0,1.0,High,1
450,2,100.0,1.0,1.0,High,1
472,2,104.0,1.0,1.0,High,1
473,2,104.0,1.0,1.0,High,1
491,2,125.0,1.0,1.0,High,1
497,2,124.0,1.0,1.0,High,1
511,2,119.0,1.0,1.0,High,1
551,2,102.0,1.0,1.0,High,1
557,2,135.0,1.0,1.0,High,1
558,2,135.0,1.0,1.0,High,1
602,2,118.0,1.0,1.0,High,1
603,2,118.0,1.0,1.0,High,1
642,2,121.0,1.0,1.0,High,1
647,2,98.0,1.0,1.0,High,1
675,3,95.0,1.0,1.0,High,1
678,4,115.0,1.0,1.0,High,1
684,4,106.0,1.0,1.0,High,1
730,4,108.0,1.0,1.0,High,1
773,4,104.0,1.0,1.0,High,1
789,4,118.0,1.0,1.0,High,1
790,4,118.0,1.0,1.0,High,1
852,4,133.0,1.0,1.0,High,1
864,4,112.0,1.0,1.0,High,1
887,4,120.0,1.0,1.0,High,1
899,4,115.0,1.0,1.0,High,1
939,4,139.0,1.0,1.0,High,1
954,5,88.0,1.0,1.0,High,1
978,5,56.0,1.0,1.0,High,1
1026,5,111.0,1.0,1.0,High,1
1029,5,83.0,1.0,1.0,High,1
1045,5,70.0,1.0,1.0,High,1
1052,5,87.0,1.0,1.0,High,1
1084,5,42.0,1.0,1.0,High,1
1085,5,42.0,1.0,1.0,High,1
1095,5,66.0,1.0,1.0,High,1
1144,6,87.0,1.0,1.0,High,1
1145,6,87.0,1.0,1.0,High,1
1198,6,57.0,1.0,1.0,High,1
1205,6,74.0,1.0,1.0,High,1
1206,6,74.0,1.0,1.0,High,1
1230,6,84.0,1.0,1.0,High,1
1233,6,79.0,1.0,1.0,High,1
1236,6,79.0,1.0,1.0,High,1
1249,6,58.0,1.0,1.0,High,1
1286,6,64.0,1.0,1.0,High,1
1316,6,68.0,1.0,1.0,High,1
1323,6,79.0,1.0,1.0,High,1
1324,6,79.0,1.0,1.0,High,1
1326,6,64.0,1.0,1.0,High,1
1332,6,93.0,1.0,1.0,High,1
1355,6,75.0,1.0,1.0,High,1
1358,6,70.0,1.0,1.0,High,1
1373,6,53.0,1.0,1.0,High,1
1407,6,60.0,1.0,1.0,High,1
1418,6,50.0,1.0,1.0,High,1
1447,6,19.0,1.0,1.0,High,1
1450,6,35.0,1.0,1.0,High,1
1499,6,67.0,1.0,1.0,High,1
1530,6,42.0,1.0,1.0,High,1
1542,6,62.0,1.0,1.0,High,1
1559,6,68.0,1.0,1.0,High,1
1586,6,72.0,1.0,1.0,High,1
1601,6,87.0,1.0,1.0,High,1
1603,6,70.0,1.0,1.0,High,1
1653,6,52.0,1.0,1.0,High,1
1654,6,52.0,1.0,1.0,High,1
1658,6,55.0,1.0,1.0,High,1
1671,6,73.0,1.0,1.0,High,1
1700,6,60.0,1.0,1.0,High,1
1720,6,66.0,1.0,1.0,High,1
1734,6,79.0,1.0,1.0,High,1
1735,6,79.0,1.0,1.0,High,1
1840,7,24.0,1.0,1.0,High,1
1854,7,24.0,1.0,1.0,High,1
1855,7,24.0,1.0,1.0,High,1
1862,7,67.0,1.0,1.0,High,1
1921,7,63.0,1.0,1.0,High,1
1952,7,60.0,1.0,1.0,High,1
2032,7,63.0,1.0,1.0,High,1
2034,7,68.0,1.0,1.0,High,1
2051,7,76.0,1.0,1.0,High,1
2078,7,71.0,1.0,1.0,High,1
2082,7,76.0,1.0,1.0,High,1
2083,7,76.0,1.0,1.0,High,1
2089,7,58.0,1.0,1.0,High,1
2095,7,68.0,1.0,1.0,High,1
2096,7,68.0,1.0,1.0,High,1
2127,7,83.0,1.0,1.0,High,1
2170,7,87.0,1.0,1.0,High,1
2199,7,79.0,1.0,1.0,High,1
2238,9,109.0,1.0,1.0,High,1
2245,9,89.0,1.0,1.0,High,1
2272,9,86.0,1.0,1.0,High,1
2291,9,97.0,1.0,1.0,High,1
2296,9,122.0,1.0,1.0,High,1
2311,9,90.0,1.0,1.0,High,1
2324,9,101.0,1.0,1.0,High,1
2354,9,94.0,1.0,1.0,High,1
2372,9,86.0,1.0,1.0,High,1
2400,9,73.0,1.0,1.0,High,1
2422,9,68.0,1.0,1.0,High,1
2435,9,69.0,1.0,1.0,High,1
2489,10,65.0,1.0,1.0,High,1
2500,10,80.0,1.0,1.0,High,1
2522,10,59.0,1.0,1.0,High,1
2533,10,65.0,1.0,1.0,High,1
2535,10,88.0,1.0,1.0,High,1
2553,10,71.0,1.0,1.0,High,1
2564,10,56.0,1.0,1.0,High,1
2565,10,56.0,1.0,1.0,High,1
2571,10,58.0,1.0,1.0,High,1
2591,10,54.0,1.0,1.0,High,1
2599,10,65.0,1.0,1.0,High,1
2619,10,87.0,1.0,1.0,High,1
2636,10,78.0,1.0,1.0,High,1
2641,10,88.0,1.0,1.0,High,1
2653,10,121.0,1.0,1.0,High,1
2669,10,250.0,1.0,1.0,High,1
2714,10,106.0,1.0,1.0,High,1
2763,10,87.0,1.0,1.0,High,1
2768,10,97.0,1.0,1.0,High,1
2793,10,90.0,1.0,1.0,High,1
2809,10,95.0,1.0,1.0,High,1
2841,10,99.0,1.0,1.0,High,1
2846,10,109.0,1.0,1.0,High,1
2902,10,103.0,1.0,1.0,High,1
2931,10,105.0,1.0,1.0,High,1
2936,10,117.0,1.0,1.0,High,1
2953,10,111.0,1.0,1.0,High,1
2994,10,92.0,1.0,1.0,High,1
2998,10,78.0,1.0,1.0,High,1
2999,10,78.0,1.0,1.0,High,1
3011,10,110.0,1.0,1.0,High,1
3012,10,110.0,1.0,1.0,High,1
3014,10,100.0,1.0,1.0,High,1
3016,10,109.0,1.0,1.0,High,1
3018,10,116.0,1.0,1.0,High,1
3020,10,95.0,1.0,1.0,High,1
3069,10,77.0,1.0,1.0,High,1
3145,11,73.0,1.0,1.0,High,1
3154,11,81.0,1.0,1.0,High,1
3175,12,13.0,1.0,1.0,High,1
3197,12,83.0,1.0,1.0,High,1
3200,12,101.0,1.0,1.0,High,1
3218,12,146.0,1.0,1.0,High,1
3219,12,146.0,1.0,1.0,High,1
3273,12,66.0,1.0,1.0,High,1
3274,12,66.0,1.0,1.0,High,1
3292,12,84.0,1.0,1.0,High,1
3326,12,79.0,1.0,1.0,High,1
3328,12,54.0,1.0,1.0,High,1
3329,12,54.0,1.0,1.0,High,1
3418,12,57.0,1.0,1.0,High,1
3426,12,84.0,1.0,1.0,High,1
3427,12,84.0,1.0,1.0,High,1
3497,12,81.0,1.0,1.0,High,1
3501,12,62.0,1.0,1.0,High,1
3547,12,96.0,1.0,1.0,High,1
3552,12,83.0,1.0,1.0,High,1
3557,12,102.0,1.0,1.0,High,1
3577,12,111.0,1.0,1.0,High,1
3621,13,97.0,1.0,1.0,High,1
3626,13,76.0,1.0,1.0,High,1
3641,13,63.0,1.0,1.0,High,1
3683,13,59.0,1.0,1.0,High,1
3686,13,71.0,1.0,1.0,High,1
3710,13,63.0,1.0,1.0,High,1
3738,13,63.0,1.0,1.0,High,1
3750,13,250.0,1.0,1.0,High,1
3765,13,63.0,1.0,1.0,High,1
3780,13,250.0,1.0,1.0,High,1
3787,13,250.0,1.0,1.0,High,1
3812,13,80.0,1.0,1.0,High,1
3815,13,51.0,1.0,1.0,High,1
3831,13,50.0,1.0,1.0,High,1
3838,13,81.0,1.0,1.0,High,1
3851,13,59.0,1.0,1.0,High,1
3924,14,250.0,1.0,1.0,High,1
3956,14,100.0,1.0,1.0,High,1
3973,14,99.0,1.0,1.0,High,1
3982,14,250.0,1.0,1.0,High,1
3991,14,75.0,1.0,1.0,High,1
4023,14,79.0,1.0,1.0,High,1
4038,14,96.0,1.0,1.0,High,1
4052,14,80.0,1.0,1.0,High,1
4058,14,99.0,1.0,1.0,High,1
4061,14,250.0,1.0,1.0,High,1
4072,14,250.0,1.0,1.0,High,1
4073,14,250.0,1.0,1.0,High,1
4080,14,250.0,1.0,1.0,High,1
4100,14,250.0,1.0,1.0,High,1
4123,14,100.0,1.0,1.0,High,1
4153,14,86.0,1.0,1.0,High,1
4178,14,111.0,1.0,1.0,High,1
4179,14,111.0,1.0,1.0,High,1
4196,14,42.0,1.0,1.0,High,1
4198,14,250.0,1.0,1.0,High,1
4212,14,73.0,1.0,1.0,High,1
4230,15,39.0,1.0,1.0,High,1
4245,15,36.0,1.0,1.0,High,1
4270,15,42.0,1.0,1.0,High,1
4328,15,35.0,1.0,1.0,High,1
4330,15,33.0,1.0,1.0,High,1
4332,15,36.0,1.0,1.0,High,1
4334,15,40.0,1.0,1.0,High,1
4336,15,37.0,1.0,1.0,High,1
4399,15,35.0,1.0,1.0,High,1
4428,15,34.0,1.0,1.0,High,1
4429,15,34.0,1.0,1.0,High,1
4481,15,38.0,1.0,1.0,High,1
4490,15,43.0,1.0,1.0,High,1
4495,15,43.0,1.0,1.0,High,1
4500,15,43.0,1.0,1.0,High,1
4509,15,46.0,1.0,1.0,High,1
4555,15,52.0,1.0,1.0,High,1
4585,15,49.0,1.0,1.0,High,1
4612,15,50.0,1.0,1.0,High,1
4623,16,67.0,1.0,1.0,High,1
4628,16,67.0,1.0,1.0,High,1
4638,16,68.0,1.0,1.0,High,1
4655,16,65.0,1.0,1.0,High,1
4677,16,69.0,1.0,1.0,High,1
4690,16,69.0,1.0,1.0,High,1
4698,16,75.0,1.0,1.0,High,1
4719,16,66.0,1.0,1.0,High,1
4720,16,66.0,1.0,1.0,High,1
4736,16,70.0,1.0,1.0,High,1
4740,16,70.0,1.0,1.0,High,1
4769,16,67.0,1.0,1.0,High,1
4813,16,61.0,1.0,1.0,High,1
4907,17,102.0,1.0,1.0,High,1
4928,17,92.0,1.0,1.0,High,1
4937,17,104.0,1.0,1.0,High,1
4967,17,99.0,1.0,1.0,High,1
4968,17,99.0,1.0,1.0,High,1
4982,17,90.0,1.0,1.0,High,1
5002,17,90.0,1.0,1.0,High,1
5044,17,85.0,1.0,1.0,High,1
5067,17,93.0,1.0,1.0,High,1
5068,17,93.0,1.0,1.0,High,1
5100,17,109.0,1.0,1.0,High,1
5109,17,99.0,1.0,1.0,High,1
5125,17,80.0,1.0,1.0,High,1
5162,18,73.0,1.0,1.0,High,1
5166,18,77.0,1.0,1.0,High,1
5167,18,77.0,1.0,1.0,High,1
5205,18,250.0,1.0,1.0,High,1
5219,18,70.0,1.0,1.0,High,1
5220,18,70.0,1.0,1.0,High,1
5226,18,74.0,1.0,1.0,High,1
5235,18,93.0,1.0,1.0,High,1
5246,18,37.0,1.0,1.0,High,1
5292,18,85.0,1.0,1.0,High,1
5301,18,250.0,1.0,1.0,High,1
5321,18,53.0,1.0,1.0,High,1
5322,18,53.0,1.0,1.0,High,1
5372,18,49.0,1.0,1.0,High,1
5375,18,250.0,1.0,1.0,High,1
5393,18,40.0,1.0,1.0,High,1
5467,18,69.0,1.0,1.0,High,1
5502,18,106.0,1.0,1.0,High,1
5503,18,106.0,1.0,1.0,High,1
5522,18,112.0,1.0,1.0,High,1
5692,19,68.0,1.0,1.0,High,1
5735,19,71.0,1.0,1.0,High,1
5751,19,69.0,1.0,1.0,High,1
5798,19,56.0,1.0,1.0,High,1
5837,19,63.0,1.0,1.0,High,1
5853,19,85.0,1.0,1.0,High,1
5858,19,78.0,1.0,1.0,High,1
5998,19,71.0,1.0,1.0,High,1
6010,19,71.0,1.0,1.0,High,1
6019,19,63.0,1.0,1.0,High,1
6035,19,66.0,1.0,1.0,High,1
6041,19,57.0,1.0,1.0,High,1
6042,19,57.0,1.0,1.0,High,1
6095,19,62.0,1.0,1.0,High,1
6107,19,70.0,1.0,1.0,High,1
6129,19,64.0,1.0,1.0,High,1
6139,19,57.0,1.0,1.0,High,1
6171,19,60.0,1.0,1.0,High,1
6173,19,55.0,1.0,1.0,High,1
6235,20,74.0,1.0,1.0,High,1
6249,20,81.0,1.0,1.0,High,1
6250,20,81.0,1.0,1.0,High,1
6262,20,78.0,1.0,1.0,High,1
6264,20,76.0,1.0,1.0,High,1
6271,20,79.0,1.0,1.0,High,1
6273,20,76.0,1.0,1.0,High,1
6291,20,72.0,1.0,1.0,High,1
6320,20,68.0,1.0,1.0,High,1
6325,20,68.0,1.0,1.0,High,1
6328,20,75.0,1.0,1.0,High,1
6360,20,77.0,1.0,1.0,High,1
6361,20,77.0,1.0,1.0,High,1
6392,20,69.0,1.0,1.0,High,1
6393,20,69.0,1.0,1.0,High,1
6406,20,75.0,1.0,1.0,High,1
6414,20,67.0,1.0,1.0,High,1
6417,20,68.0,1.0,1.0,High,1
6424,20,65.0,1.0,1.0,High,1
6447,20,68.0,1.0,1.0,High,1
6456,20,71.0,1.0,1.0,High,1
6477,20,71.0,1.0,1.0,High,1
6478,20,71.0,1.0,1.0,High,1
6510,20,71.0,1.0,1.0,High,1
6538,20,76.0,1.0,1.0,High,1
6548,20,88.0,1.0,1.0,High,1
6554,20,81.0,1.0,1.0,High,1
6563,20,68.0,1.0,1.0,High,1
6564,20,68.0,1.0,1.0,High,1
6588,20,75.0,1.0,1.0,High,1
6672,20,72.0,1.0,1.0,High,1
6747,20,73.0,1.0,1.0,High,1
6823,21,87.0,1.0,1.0,High,1
6843,21,76.0,1.0,1.0,High,1
6844,21,76.0,1.0,1.0,High,1
6856,21,75.0,1.0,1.0,High,1
6878,21,86.0,1.0,1.0,High,1
6887,21,71.0,1.0,1.0,High,1
6908,22,87.0,1.0,1.0,High,1
6987,23,135.0,1.0,1.0,High,1
6988,23,135.0,1.0,1.0,High,1
7015,23,123.0,1.0,1.0,High,1
7018,23,122.0,1.0,1.0,High,1
7098,24,42.0,1.0,1.0,High,1
7108,25,106.0,1.0,1.0,High,1
7115,25,93.0,1.0,1.0,High,1
7153,26,77.0,1.0,1.0,High,1
7154,26,77.0,1.0,1.0,High,1
7196,26,88.0,1.0,1.0,High,1
7285,26,56.0,1.0,1.0,High,1
7304,26,56.0,1.0,1.0,High,1
7305,26,56.0,1.0,1.0,High,1
7321,26,50.0,1.0,1.0,High,1
7367,26,45.0,1.0,1.0,High,1
7387,26,39.0,1.0,1.0,High,1
7393,26,46.0,1.0,1.0,High,1
7394,26,46.0,1.0,1.0,High,1
7400,26,44.0,1.0,1.0,High,1
7442,26,65.0,1.0,1.0,High,1
7459,26,45.0,1.0,1.0,High,1
7460,26,45.0,1.0,1.0,High,1
7477,26,70.0,1.0,1.0,High,1
7498,26,82.0,1.0,1.0,High,1
7526,26,61.0,1.0,1.0,High,1
7567,26,72.0,1.0,1.0,High,1
7568,26,72.0,1.0,1.0,High,1
7628,26,75.0,1.0,1.0,High,1
7632,26,56.0,1.0,1.0,High,1
7633,26,56.0,1.0,1.0,High,1
7637,26,43.0,1.0,1.0,High,1
7668,26,64.0,1.0,1.0,High,1
7692,26,76.0,1.0,1.0,High,1
7695,26,72.0,1.0,1.0,High,1
7744,26,78.0,1.0,1.0,High,1
7747,26,46.0,1.0,1.0,High,1
7753,26,50.0,1.0,1.0,High,1
7755,26,60.0,1.0,1.0,High,1
7783,28,89.0,1.0,1.0,High,1
7823,28,59.0,1.0,1.0,High,1
7838,28,60.0,1.0,1.0,High,1
7839,28,60.0,1.0,1.0,High,1
7875,28,54.0,1.0,1.0,High,1
7886,28,58.0,1.0,1.0,High,1
7914,28,56.0,1.0,1.0,High,1
7955,28,59.0,1.0,1.0,High,1
8001,28,49.0,1.0,1.0,High,1
8009,28,49.0,1.0,1.0,High,1
8032,28,50.0,1.0,1.0,High,1
8038,28,52.0,1.0,1.0,High,1
8052,28,51.0,1.0,1.0,High,1
8053,28,51.0,1.0,1.0,High,1
8083,28,71.0,1.0,1.0,High,1
8093,28,70.0,1.0,1.0,High,1
8098,28,74.0,1.0,1.0,High,1
8159,30,93.0,1.0,1.0,High,1
8170,30,76.0,1.0,1.0,High,1
8171,30,76.0,1.0,1.0,High,1
8174,30,83.0,1.0,1.0,High,1
8177,30,84.0,1.0,1.0,High,1
8203,30,67.0,1.0,1.0,High,1
8219,30,56.0,1.0,1.0,High,1
8234,30,63.0,1.0,1.0,High,1
8242,30,64.0,1.0,1.0,High,1
8255,30,63.0,1.0,1.0,High,1
8276,30,71.0,1.0,1.0,High,1
8284,30,80.0,1.0,1.0,High,1
8286,30,95.0,1.0,1.0,High,1
8289,30,95.0,1.0,1.0,High,1
8291,30,83.0,1.0,1.0,High,1
8306,30,60.0,1.0,1.0,High,1
8330,30,75.0,1.0,1.0,High,1
8331,30,75.0,1.0,1.0,High,1
8368,30,71.0,1.0,1.0,High,1
8418,30,53.0,1.0,1.0,High,1
8425,30,66.0,1.0,1.0,High,1
8445,31,103.0,1.0,1.0,High,1
8456,31,90.0,1.0,1.0,High,1
8478,31,69.0,1.0,1.0,High,1
8482,31,67.0,1.0,1.0,High,1
8519,31,76.0,1.0,1.0,High,1
8520,31,76.0,1.0,1.0,High,1
8569,31,81.0,1.0,1.0,High,1
8572,31,77.0,1.0,1.0,High,1
8573,31,77.0,1.0,1.0,High,1
8580,31,84.0,1.0,1.0,High,1
8585,31,84.0,1.0,1.0,High,1
8600,31,85.0,1.0,1.0,High,1
8613,31,84.0,1.0,1.0,High,1
8624,31,92.0,1.0,1.0,High,1
8630,31,94.0,1.0,1.0,High,1
8663,31,133.0,1.0,1.0,High,1
8700,31,132.0,1.0,1.0,High,1
8725,31,137.0,1.0,1.0,High,1
8785,31,104.0,1.0,1.0,High,1
8834,31,93.0,1.0,1.0,High,1
8860,31,147.0,1.0,1.0,High,1
8886,31,99.0,1.0,1.0,High,1
8956,31,91.0,1.0,1.0,High,1
8957,31,91.0,1.0,1.0,High,1
8968,31,57.0,1.0,1.0,High,1
8969,31,57.0,1.0,1.0,High,1
8983,31,61.0,1.0,1.0,High,1
9009,31,66.0,1.0,1.0,High,1
9044,31,62.0,1.0,1.0,High,1
9063,31,69.0,1.0,1.0,High,1
9074,31,62.0,1.0,1.0,High,1
9150,32,106.0,1.0,1.0,High,1
9201,32,107.0,1.0,1.0,High,1
9239,32,123.0,1.0,1.0,High,1
9240,32,123.0,1.0,1.0,High,1
9248,32,110.0,1.0,1.0,High,1
9263,32,141.0,1.0,1.0,High,1
9286,32,135.0,1.0,1.0,High,1
9289,32,120.0,1.0,1.0,High,1
9308,32,119.0,1.0,1.0,High,1
9326,32,113.0,1.0,1.0,High,1
9353,32,139.0,1.0,1.0,High,1
9365,32,131.0,1.0,1.0,High,1
9372,32,120.0,1.0,1.0,High,1
9374,32,133.0,1.0,1.0,High,1
9424,33,62.0,1.0,1.0,High,1
9449,33,86.0,1.0,1.0,High,1
9450,33,86.0,1.0,1.0,High,1
9517,34,53.0,1.0,1.0,High,1
9525,34,57.0,1.0,1.0,High,1
9538,34,62.0,1.0,1.0,High,1
9539,34,62.0,1.0,1.0,High,1
9586,34,70.0,1.0,1.0,High,1
9651,34,77.0,1.0,1.0,High,1
9656,34,119.0,1.0,1.0,High,1
9664,34,126.0,1.0,1.0,High,1
9665,34,126.0,1.0,1.0,High,1
9667,34,117.0,1.0,1.0,High,1
9686,34,80.0,1.0,1.0,High,1
9700,34,82.0,1.0,1.0,High,1
9708,34,74.0,1.0,1.0,High,1
9727,34,91.0,1.0,1.0,High,1
9738,34,136.0,1.0,1.0,High,1
9750,34,138.0,1.0,1.0,High,1
9756,34,138.0,1.0,1.0,High,1
9757,34,138.0,1.0,1.0,High,1
9779,34,140.0,1.0,1.0,High,1
9785,34,120.0,1.0,1.0,High,1
9787,34,115.0,1.0,1.0,High,1
9805,34,133.0,1.0,1.0,High,1
9813,34,122.0,1.0,1.0,High,1
9816,34,102.0,1.0,1.0,High,1
9817,34,102.0,1.0,1.0,High,1
9850,35,83.0,1.0,1.0,High,1
9857,35,89.0,1.0,1.0,High,1
9887,35,60.0,1.0,1.0,High,1
9902,35,69.0,1.0,1.0,High,1
9927,35,78.0,1.0,1.0,High,1
9944,36,72.0,1.0,1.0,High,1
9945,36,72.0,1.0,1.0,High,1
9965,36,60.0,1.0,1.0,High,1
9973,36,57.0,1.0,1.0,High,1
9976,36,52.0,1.0,1.0,High,1
9995,36,59.0,1.0,1.0,High,1
10008,36,59.0,1.0,1.0,High,1
10009,36,59.0,1.0,1.0,High,1
10011,36,61.0,1.0,1.0,High,1
10080,37,91.0,1.0,1.0,High,1
10099,37,110.0,1.0,1.0,High,1
10113,37,100.0,1.0,1.0,High,1
10143,37,88.0,1.0,1.0,High,1
10179,37,94.0,1.0,1.0,High,1
10210,37,96.0,1.0,1.0,High,1
10222,37,86.0,1.0,1.0,High,1
10245,37,109.0,1.0,1.0,High,1
10298,37,85.0,1.0,1.0,High,1
10325,37,63.0,1.0,1.0,High,1
10326,37,63.0,1.0,1.0,High,1
10358,38,81.0,1.0,1.0,High,1
10373,38,69.0,1.0,1.0,High,1
10387,38,72.0,1.0,1.0,High,1
10406,38,86.0,1.0,1.0,High,1
10435,38,52.0,1.0,1.0,High,1
10446,38,63.0,1.0,1.0,High,1
10490,38,47.0,1.0,1.0,High,1
10497,38,39.0,1.0,1.0,High,1
10553,38,36.0,1.0,1.0,High,1
10567,38,67.0,1.0,1.0,High,1
10568,38,67.0,1.0,1.0,High,1
10591,38,84.0,1.0,1.0,High,1
10626,38,90.0,1.0,1.0,High,1
10643,38,89.0,1.0,1.0,High,1
10667,38,81.0,1.0,1.0,High,1
10726,38,86.0,1.0,1.0,High,1
10757,38,89.0,1.0,1.0,High,1
10792,38,95.0,1.0,1.0,High,1
10821,38,110.0,1.0,1.0,High,1
10855,38,84.0,1.0,1.0,High,1
10881,38,60.0,1.0,1.0,High,1
10883,38,50.0,1.0,1.0,High,1
10890,38,46.0,1.0,1.0,High,1
10892,38,78.0,1.0,1.0,High,1
10893,38,78.0,1.0,1.0,High,1
10920,39,52.0,1.0,1.0,High,1
10938,39,52.0,1.0,1.0,High,1
10947,39,59.0,1.0,1.0,High,1
10949,39,57.0,1.0,1.0,High,1
10980,39,65.0,1.0,1.0,High,1
11011,39,60.0,1.0,1.0,High,1
11065,39,53.0,1.0,1.0,High,1
11112,39,60.0,1.0,1.0,High,1
11143,39,56.0,1.0,1.0,High,1
11145,39,55.0,1.0,1.0,High,1
11146,39,55.0,1.0,1.0,High,1
11147,39,54.0,1.0,1.0,High,1
11148,39,54.0,1.0,1.0,High,1
11150,39,55.0,1.0,1.0,High,1
11152,39,54.0,1.0,1.0,High,1
11154,39,56.0,1.0,1.0,High,1
11156,39,55.0,1.0,1.0,High,1
11170,39,56.0,1.0,1.0,High,1
11181,39,54.0,1.0,1.0,High,1
11253,39,58.0,1.0,1.0,High,1
11316,39,57.0,1.0,1.0,High,1
11325,39,60.0,1.0,1.0,High,1
11329,39,60.0,1.0,1.0,High,1
11331,39,60.0,1.0,1.0,High,1
11333,39,59.0,1.0,1.0,High,1
11381,39,63.0,1.0,1.0,High,1
11392,39,63.0,1.0,1.0,High,1
11397,39,66.0,1.0,1.0,High,1
11418,39,63.0,1.0,1.0,High,1
11427,39,68.0,1.0,1.0,High,1
11454,40,37.0,1.0,1.0,High,1
11492,40,56.0,1.0,1.0,High,1
11511,40,49.0,1.0,1.0,High,1
11522,40,52.0,1.0,1.0,High,1
11529,40,46.0,1.0,1.0,High,1
11544,40,47.0,1.0,1.0,High,1
11582,40,45.0,1.0,1.0,High,1
11583,40,45.0,1.0,1.0,High,1
11600,40,50.0,1.0,1.0,High,1
11610,40,59.0,1.0,1.0,High,1
11621,40,63.0,1.0,1.0,High,1
11644,40,54.0,1.0,1.0,High,1
11656,40,68.0,1.0,1.0,High,1
11685,40,58.0,1.0,1.0,High,1
11762,40,64.0,1.0,1.0,High,1
11763,40,64.0,1.0,1.0,High,1
11783,40,59.0,1.0,1.0,High,1
11793,41,87.0,1.0,1.0,High,1
11828,41,81.0,1.0,1.0,High,1
11853,41,77.0,1.0,1.0,High,1
11871,41,76.0,1.0,1.0,High,1
11872,41,76.0,1.0,1.0,High,1
11917,41,95.0,1.0,1.0,High,1
12017,41,102.0,1.0,1.0,High,1
12060,41,76.0,1.0,1.0,High,1
12065,41,82.0,1.0,1.0,High,1
12078,41,77.0,1.0,1.0,High,1
12091,41,72.0,1.0,1.0,High,1
12176,41,86.0,1.0,1.0,High,1
12200,41,83.0,1.0,1.0,High,1
12212,42,86.0,1.0,1.0,High,1
12230,42,91.0,1.0,1.0,High,1
12239,42,73.0,1.0,1.0,High,1
12240,42,73.0,1.0,1.0,High,1
12255,42,85.0,1.0,1.0,High,1
12257,42,78.0,1.0,1.0,High,1
12258,42,78.0,1.0,1.0,High,1
12260,42,91.0,1.0,1.0,High,1
12262,42,78.0,1.0,1.0,High,1
12269,42,89.0,1.0,1.0,High,1
12276,42,100.0,1.0,1.0,High,1
12295,42,88.0,1.0,1.0,High,1
12317,42,92.0,1.0,1.0,High,1
12321,42,89.0,1.0,1.0,High,1
12322,42,89.0,1.0,1.0,High,1
12326,42,88.0,1.0,1.0,High,1
12331,42,87.0,1.0,1.0,High,1
12365,42,107.0,1.0,1.0,High,1
12366,42,107.0,1.0,1.0,High,1
12418,42,91.0,1.0,1.0,High,1
12425,42,96.0,1.0,1.0,High,1
12435,43,98.0,1.0,1.0,High,1
12445,43,95.0,1.0,1.0,High,1
12446,43,95.0,1.0,1.0,High,1
12448,43,98.0,1.0,1.0,High,1
12459,43,105.0,1.0,1.0,High,1
12485,44,98.0,1.0,1.0,High,1
12501,44,82.0,1.0,1.0,High,1
12504,44,96.0,1.0,1.0,High,1
12593,44,82.0,1.0,1.0,High,1
12629,44,90.0,1.0,1.0,High,1
12637,44,81.0,1.0,1.0,High,1
12651,44,83.0,1.0,1.0,High,1
12659,44,83.0,1.0,1.0,High,1
12708,44,78.0,1.0,1.0,High,1
12772,44,98.0,1.0,1.0,High,1
12789,44,88.0,1.0,1.0,High,1
12802,44,77.0,1.0,1.0,High,1
12829,44,76.0,1.0,1.0,High,1
12879,44,71.0,1.0,1.0,High,1
12880,44,71.0,1.0,1.0,High,1
12938,45,101.0,1.0,1.0,High,1
13070,45,79.0,1.0,1.0,High,1
13085,45,86.0,1.0,1.0,High,1
13101,45,113.0,1.0,1.0,High,1
13125,45,83.0,1.0,1.0,High,1
13158,45,83.0,1.0,1.0,High,1
13163,45,73.0,1.0,1.0,High,1
13170,45,82.0,1.0,1.0,High,1
13186,45,80.0,1.0,1.0,High,1
13188,45,80.0,1.0,1.0,High,1
13208,45,72.0,1.0,1.0,High,1
13211,45,77.0,1.0,1.0,High,1
13228,45,71.0,1.0,1.0,High,1
13243,45,63.0,1.0,1.0,High,1
13346,46,92.0,1.0,1.0,High,1
13359,46,88.0,1.0,1.0,High,1
13360,46,88.0,1.0,1.0,High,1
13394,46,72.0,1.0,1.0,High,1
13399,46,86.0,1.0,1.0,High,1
13452,46,102.0,1.0,1.0,High,1
13517,46,102.0,1.0,1.0,High,1
13523,46,109.0,1.0,1.0,High,1
13524,46,109.0,1.0,1.0,High,1
13528,46,110.0,1.0,1.0,High,1
13560,46,116.0,1.0,1.0,High,1
13606,46,101.0,1.0,1.0,High,1
13633,46,104.0,1.0,1.0,High,1
13648,46,110.0,1.0,1.0,High,1
13674,46,117.0,1.0,1.0,High,1
13691,46,115.0,1.0,1.0,High,1
13715,46,117.0,1.0,1.0,High,1
13720,46,114.0,1.0,1.0,High,1
13741,46,106.0,1.0,1.0,High,1
13752,46,113.0,1.0,1.0,High,1
13757,46,115.0,1.0,1.0,High,1
13821,46,114.0,1.0,1.0,High,1
13832,46,99.0,1.0,1.0,High,1
13852,46,107.0,1.0,1.0,High,1
13853,46,107.0,1.0,1.0,High,1
13873,46,90.0,1.0,1.0,High,1
13882,46,97.0,1.0,1.0,High,1
14002,48,97.0,1.0,1.0,High,1
14009,48,109.0,1.0,1.0,High,1
14059,48,93.0,1.0,1.0,High,1
14061,48,85.0,1.0,1.0,High,1
14069,48,102.0,1.0,1.0,High,1
14075,48,110.0,1.0,1.0,High,1
14088,48,97.0,1.0,1.0,High,1
14090,48,98.0,1.0,1.0,High,1
14110,48,84.0,1.0,1.0,High,1
14111,48,84.0,1.0,1.0,High,1
14119,48,99.0,1.0,1.0,High,1
14140,48,89.0,1.0,1.0,High,1
14146,48,78.0,1.0,1.0,High,1
14186,48,135.0,1.0,1.0,High,1
14211,48,114.0,1.0,1.0,High,1
14242,48,109.0,1.0,1.0,High,1
14243,48,109.0,1.0,1.0,High,1
14249,48,115.0,1.0,1.0,High,1
14318,48,112.0,1.0,1.0,High,1
14319,48,112.0,1.0,1.0,High,1
14320,48,110.0,1.0,1.0,High,1
14321,48,110.0,1.0,1.0,High,1
14329,48,112.0,1.0,1.0,High,1
14340,48,110.0,1.0,1.0,High,1
14368,48,106.0,1.0,1.0,High,1
14387,48,123.0,1.0,1.0,High,1
14438,48,111.0,1.0,1.0,High,1
14462,48,90.0,1.0,1.0,High,1
14532,49,81.0,1.0,1.0,High,1
14533,49,81.0,1.0,1.0,High,1
14536,49,83.0,1.0,1.0,High,1
14541,49,80.0,1.0,1.0,High,1
14562,49,95.0,1.0,1.0,High,1
14569,49,83.0,1.0,1.0,High,1
14570,49,83.0,1.0,1.0,High,1
14586,50,71.0,1.0,1.0,High,1
14607,51,52.0,1.0,1.0,High,1
14650,51,87.0,1.0,1.0,High,1
14708,51,36.0,1.0,1.0,High,1
14709,51,36.0,1.0,1.0,High,1
14732,51,58.0,1.0,1.0,High,1
14760,51,33.0,1.0,1.0,High,1
14866,51,45.0,1.0,1.0,High,1
14881,51,46.0,1.0,1.0,High,1
14888,52,102.0,1.0,1.0,High,1
14910,52,92.0,1.0,1.0,High,1
14932,52,101.0,1.0,1.0,High,1
14958,52,43.0,1.0,1.0,High,1
15017,52,44.0,1.0,1.0,High,1
15037,52,78.0,1.0,1.0,High,1
15064,52,49.0,1.0,1.0,High,1
15065,52,49.0,1.0,1.0,High,1
15103,52,91.0,1.0,1.0,High,1
15120,52,90.0,1.0,1.0,High,1
15123,52,101.0,1.0,1.0,High,1
15155,52,101.0,1.0,1.0,High,1
15178,52,49.0,1.0,1.0,High,1
15179,52,49.0,1.0,1.0,High,1
15220,52,64.0,1.0,1.0,High,1
15233,52,59.0,1.0,1.0,High,1
15239,52,79.0,1.0,1.0,High,1
15246,52,96.0,1.0,1.0,High,1
15268,52,45.0,1.0,1.0,High,1
15269,52,45.0,1.0,1.0,High,1
15273,52,51.0,1.0,1.0,High,1
15278,52,54.0,1.0,1.0,High,1
15292,52,72.0,1.0,1.0,High,1
15297,52,69.0,1.0,1.0,High,1
15307,52,64.0,1.0,1.0,High,1
15336,52,42.0,1.0,1.0,High,1
15370,53,91.0,1.0,1.0,High,1
15382,53,48.0,1.0,1.0,High,1
15399,53,53.0,1.0,1.0,High,1
15400,53,53.0,1.0,1.0,High,1
15427,53,80.0,1.0,1.0,High,1
15438,53,75.0,1.0,1.0,High,1
15445,53,63.0,1.0,1.0,High,1
15447,53,49.0,1.0,1.0,High,1
15449,53,55.0,1.0,1.0,High,1
15451,53,51.0,1.0,1.0,High,1
15502,53,67.0,1.0,1.0,High,1
15527,53,65.0,1.0,1.0,High,1
15538,53,64.0,1.0,1.0,High,1
15554,53,250.0,1.0,1.0,High,1
15593,53,62.0,1.0,1.0,High,1
15633,53,76.0,1.0,1.0,High,1
15634,53,76.0,1.0,1.0,High,1
15644,54,250.0,1.0,1.0,High,1
15655,54,48.0,1.0,1.0,High,1
15666,54,73.0,1.0,1.0,High,1
15673,54,53.0,1.0,1.0,High,1
15686,54,64.0,1.0,1.0,High,1
15689,54,90.0,1.0,1.0,High,1
15725,54,250.0,1.0,1.0,High,1
15796,54,250.0,1.0,1.0,High,1
15834,54,250.0,1.0,1.0,High,1
15842,54,250.0,1.0,1.0,High,1
15852,54,250.0,1.0,1.0,High,1
15859,54,250.0,1.0,1.0,High,1
15860,54,250.0,1.0,1.0,High,1
15897,54,250.0,1.0,1.0,High,1
15968,54,250.0,1.0,1.0,High,1
16004,54,90.0,1.0,1.0,High,1
16005,54,90.0,1.0,1.0,High,1
16007,54,64.0,1.0,1.0,High,1
16020,54,53.0,1.0,1.0,High,1
16021,54,53.0,1.0,1.0,High,1
16028,54,73.0,1.0,1.0,High,1
16038,54,48.0,1.0,1.0,High,1
16050,54,250.0,1.0,1.0,High,1
16057,55,73.0,1.0,1.0,High,1
16092,55,59.0,1.0,1.0,High,1
16119,55,250.0,1.0,1.0,High,1
16120,55,250.0,1.0,1.0,High,1
16125,55,39.0,1.0,1.0,High,1
16126,55,39.0,1.0,1.0,High,1
16171,55,68.0,1.0,1.0,High,1
16204,55,65.0,1.0,1.0,High,1
16235,55,106.0,1.0,1.0,High,1
16244,55,85.0,1.0,1.0,High,1
16315,55,57.0,1.0,1.0,High,1
16382,55,250.0,1.0,1.0,High,1
16412,55,111.0,1.0,1.0,High,1
16450,55,101.0,1.0,1.0,High,1
16491,55,95.0,1.0,1.0,High,1
16494,55,101.0,1.0,1.0,High,1
16500,56,74.0,1.0,1.0,High,1
16509,56,106.0,1.0,1.0,High,1
16510,56,106.0,1.0,1.0,High,1
16514,56,63.0,1.0,1.0,High,1
16537,56,60.0,1.0,1.0,High,1
16538,56,60.0,1.0,1.0,High,1
16558,56,250.0,1.0,1.0,High,1
16586,56,115.0,1.0,1.0,High,1
16610,56,116.0,1.0,1.0,High,1
16684,56,55.0,1.0,1.0,High,1
16762,58,47.0,1.0,1.0,High,1
16763,58,47.0,1.0,1.0,High,1
16778,58,89.0,1.0,1.0,High,1
16808,58,87.0,1.0,1.0,High,1
16836,58,67.0,1.0,1.0,High,1
16837,58,67.0,1.0,1.0,High,1
16843,58,250.0,1.0,1.0,High,1
16874,58,80.0,1.0,1.0,High,1
16920,58,87.0,1.0,1.0,High,1
16950,58,250.0,1.0,1.0,High,1
16974,58,49.0,1.0,1.0,High,1
16976,58,250.0,1.0,1.0,High,1
17030,58,69.0,1.0,1.0,High,1
17043,58,75.0,1.0,1.0,High,1
17064,58,250.0,1.0,1.0,High,1
17065,58,250.0,1.0,1.0,High,1
17072,58,80.0,1.0,1.0,High,1
17094,58,250.0,1.0,1.0,High,1
17095,58,250.0,1.0,1.0,High,1
17128,58,83.0,1.0,1.0,High,1
17137,58,90.0,1.0,1.0,High,1
17166,58,76.0,1.0,1.0,High,1
17216,58,250.0,1.0,1.0,High,1
17227,58,61.0,1.0,1.0,High,1
17317,58,250.0,1.0,1.0,High,1
17348,58,76.0,1.0,1.0,High,1
17357,58,103.0,1.0,1.0,High,1
17363,58,55.0,1.0,1.0,High,1
17364,58,55.0,1.0,1.0,High,1
17388,58,88.0,1.0,1.0,High,1
17425,58,86.0,1.0,1.0,High,1
17434,58,44.0,1.0,1.0,High,1
17443,58,78.0,1.0,1.0,High,1
17473,58,107.0,1.0,1.0,High,1
17475,58,87.0,1.0,1.0,High,1
17476,58,87.0,1.0,1.0,High,1
17485,58,250.0,1.0,1.0,High,1
17509,59,69.0,1.0,1.0,High,1
17538,60,127.0,1.0,1.0,High,1
17551,60,141.0,1.0,1.0,High,1
17562,60,164.0,1.0,1.0,High,1
17573,60,126.0,1.0,1.0,High,1
17576,60,136.0,1.0,1.0,High,1
17577,60,136.0,1.0,1.0,High,1
17600,60,153.0,1.0,1.0,High,1
17601,60,153.0,1.0,1.0,High,1
17605,60,159.0,1.0,1.0,High,1
17607,60,152.0,1.0,1.0,High,1
17614,60,159.0,1.0,1.0,High,1
17616,60,159.0,1.0,1.0,High,1
17625,60,162.0,1.0,1.0,High,1
17633,60,154.0,1.0,1.0,High,1
17634,60,154.0,1.0,1.0,High,1
17651,60,139.0,1.0,1.0,High,1
17657,60,162.0,1.0,1.0,High,1
17675,60,156.0,1.0,1.0,High,1
17678,60,150.0,1.0,1.0,High,1
17716,61,107.0,1.0,1.0,High,1
17719,61,107.0,1.0,1.0,High,1
17751,61,147.0,1.0,1.0,High,1
17756,61,156.0,1.0,1.0,High,1
17856,61,255.0,1.0,1.0,High,1
17859,61,255.0,1.0,1.0,High,1
17863,61,255.0,1.0,1.0,High,1
17875,61,255.0,1.0,1.0,High,1
17946,61,255.0,1.0,1.0,High,1
17958,61,255.0,1.0,1.0,High,1
17970,61,255.0,1.0,1.0,High,1
17991,61,255.0,1.0,1.0,High,1
18003,61,255.0,1.0,1.0,High,1
18021,61,255.0,1.0,1.0,High,1
18046,61,255.0,1.0,1.0,High,1
18067,61,255.0,1.0,1.0,High,1
18080,62,255.0,1.0,1.0,High,1
18139,62,255.0,1.0,1.0,High,1
18155,62,255.0,1.0,1.0,High,1
18177,62,255.0,1.0,1.0,High,1
18182,62,255.0,1.0,1.0,High,1
18185,62,255.0,1.0,1.0,High,1
18186,62,255.0,1.0,1.0,High,1
18188,62,255.0,1.0,1.0,High,1
18190,62,255.0,1.0,1.0,High,1
18226,62,255.0,1.0,1.0,High,1
18231,62,255.0,1.0,1.0,High,1
18255,62,255.0,1.0,1.0,High,1
18298,62,255.0,1.0,1.0,High,1
18340,62,255.0,1.0,1.0,High,1
18342,62,255.0,1.0,1.0,High,1
18350,63,60.0,1.0,1.0,High,1
18361,63,43.0,1.0,1.0,High,1
18391,63,58.0,1.0,1.0,High,1
18406,63,61.0,1.0,1.0,High,1
18413,63,57.0,1.0,1.0,High,1
18426,63,59.0,1.0,1.0,High,1
18447,63,32.0,1.0,1.0,High,1
18468,63,58.0,1.0,1.0,High,1
18469,63,58.0,1.0,1.0,High,1
18508,63,62.0,1.0,1.0,High,1
18529,64,96.0,1.0,1.0,High,1
18574,64,62.0,1.0,1.0,High,1
18591,64,43.0,1.0,1.0,High,1
18609,64,69.0,1.0,1.0,High,1
18614,64,52.0,1.0,1.0,High,1
18619,64,99.0,1.0,1.0,High,1
18626,64,110.0,1.0,1.0,High,1
18655,64,60.0,1.0,1.0,High,1
18659,64,51.0,1.0,1.0,High,1
18682,65,76.0,1.0,1.0,High,1
18715,65,255.0,1.0,1.0,High,1
18745,65,255.0,1.0,1.0,High,1
18746,65,255.0,1.0,1.0,High,1
18788,65,255.0,1.0,1.0,High,1
18822,65,255.0,1.0,1.0,High,1
18832,65,255.0,1.0,1.0,High,1
18957,65,255.0,1.0,1.0,High,1
18981,66,94.0,1.0,1.0,High,1
18996,66,95.0,1.0,1.0,High,1
18997,66,95.0,1.0,1.0,High,1
19006,66,108.0,1.0,1.0,High,1
19023,66,77.0,1.0,1.0,High,1
19024,66,77.0,1.0,1.0,High,1
19037,66,110.0,1.0,1.0,High,1
19048,66,105.0,1.0,1.0,High,1
19112,66,99.0,1.0,1.0,High,1
19116,66,106.0,1.0,1.0,High,1
19140,66,75.0,1.0,1.0,High,1
19205,66,76.0,1.0,1.0,High,1
19206,66,76.0,1.0,1.0,High,1
19214,66,79.0,1.0,1.0,High,1
19224,66,84.0,1.0,1.0,High,1
19234,66,89.0,1.0,1.0,High,1
19235,66,89.0,1.0,1.0,High,1
19250,66,92.0,1.0,1.0,High,1
19342,66,87.0,1.0,1.0,High,1
19359,66,45.0,1.0,1.0,High,1
19360,66,45.0,1.0,1.0,High,1
19371,66,86.0,1.0,1.0,High,1
19372,66,86.0,1.0,1.0,High,1
19377,66,85.0,1.0,1.0,High,1
19402,66,80.0,1.0,1.0,High,1
19404,66,84.0,1.0,1.0,High,1
19409,66,97.0,1.0,1.0,High,1
19427,66,103.0,1.0,1.0,High,1
19440,66,104.0,1.0,1.0,High,1
19456,67,79.0,1.0,1.0,High,1
19468,68,100.0,1.0,1.0,High,1
19488,68,101.0,1.0,1.0,High,1
19489,68,101.0,1.0,1.0,High,1
19501,68,119.0,1.0,1.0,High,1
19508,68,109.0,1.0,1.0,High,1
19536,68,88.0,1.0,1.0,High,1
19585,68,100.0,1.0,1.0,High,1
19620,68,71.0,1.0,1.0,High,1
19625,68,74.0,1.0,1.0,High,1
19639,68,77.0,1.0,1.0,High,1
19646,68,94.0,1.0,1.0,High,1
19647,68,94.0,1.0,1.0,High,1
19687,68,78.0,1.0,1.0,High,1
19787,69,75.0,1.0,1.0,High,1
19788,69,75.0,1.0,1.0,High,1
19798,69,70.0,1.0,1.0,High,1
19799,69,70.0,1.0,1.0,High,1
19851,69,51.0,1.0,1.0,High,1
19868,69,78.0,1.0,1.0,High,1
19869,69,78.0,1.0,1.0,High,1
19873,69,70.0,1.0,1.0,High,1
19878,69,66.0,1.0,1.0,High,1
19893,69,41.0,1.0,1.0,High,1
19935,69,55.0,1.0,1.0,High,1
19984,69,61.0,1.0,1.0,High,1
19987,69,64.0,1.0,1.0,High,1
19993,69,64.0,1.0,1.0,High,1
19994,69,64.0,1.0,1.0,High,1
20054,69,66.0,1.0,1.0,High,1
20061,69,47.0,1.0,1.0,High,1
20062,69,47.0,1.0,1.0,High,1
20073,69,66.0,1.0,1.0,High,1
20096,69,81.0,1.0,1.0,High,1
20124,69,69.0,1.0,1.0,High,1
20129,69,61.0,1.0,1.0,High,1
20152,69,76.0,1.0,1.0,High,1
20178,69,68.0,1.0,1.0,High,1
20202,69,72.0,1.0,1.0,High,1
20215,69,64.0,1.0,1.0,High,1
20231,69,68.0,1.0,1.0,High,1
20233,69,79.0,1.0,1.0,High,1
20266,70,59.0,1.0,1.0,High,1
20267,70,59.0,1.0,1.0,High,1
20273,70,57.0,1.0,1.0,High,1
20313,70,64.0,1.0,1.0,High,1
20336,70,72.0,1.0,1.0,High,1
20337,70,72.0,1.0,1.0,High,1
20359,70,71.0,1.0,1.0,High,1
20398,70,57.0,1.0,1.0,High,1
20405,70,57.0,1.0,1.0,High,1
20416,70,69.0,1.0,1.0,High,1
20420,70,75.0,1.0,1.0,High,1
20443,70,82.0,1.0,1.0,High,1
20450,70,64.0,1.0,1.0,High,1
20482,70,79.0,1.0,1.0,High,1
20530,70,76.0,1.0,1.0,High,1
20535,70,73.0,1.0,1.0,High,1
20537,70,67.0,1.0,1.0,High,1
20582,70,53.0,1.0,1.0,High,1
20632,70,66.0,1.0,1.0,High,1
20642,70,88.0,1.0,1.0,High,1
20643,70,88.0,1.0,1.0,High,1
20664,70,84.0,1.0,1.0,High,1
20665,70,84.0,1.0,1.0,High,1
20680,70,77.0,1.0,1.0,High,1
20722,71,52.0,1.0,1.0,High,1
20725,71,34.0,1.0,1.0,High,1
20777,72,63.0,1.0,1.0,High,1
20793,72,56.0,1.0,1.0,High,1
20824,72,60.0,1.0,1.0,High,1
20825,72,60.0,1.0,1.0,High,1
20870,72,44.0,1.0,1.0,High,1
20873,72,62.0,1.0,1.0,High,1
20883,72,65.0,1.0,1.0,High,1
20898,72,72.0,1.0,1.0,High,1
20923,72,65.0,1.0,1.0,High,1
20925,72,71.0,1.0,1.0,High,1
20970,73,80.0,1.0,1.0,High,1
20972,73,83.0,1.0,1.0,High,1
21028,73,102.0,1.0,1.0,High,1
21037,73,98.0,1.0,1.0,High,1
21039,73,92.0,1.0,1.0,High,1
21041,73,88.0,1.0,1.0,High,1
21043,73,92.0,1.0,1.0,High,1
21044,73,92.0,1.0,1.0,High,1
21069,73,66.0,1.0,1.0,High,1
21078,73,63.0,1.0,1.0,High,1
21116,73,70.0,1.0,1.0,High,1
21119,73,63.0,1.0,1.0,High,1
21121,73,71.0,1.0,1.0,High,1
21123,73,65.0,1.0,1.0,High,1
21156,74,89.0,1.0,1.0,High,1
21165,74,89.0,1.0,1.0,High,1
21168,74,102.0,1.0,1.0,High,1
21177,74,83.0,1.0,1.0,High,1
21190,74,86.0,1.0,1.0,High,1
21236,74,98.0,1.0,1.0,High,1
21276,74,91.0,1.0,1.0,High,1
21313,74,106.0,1.0,1.0,High,1
21338,74,95.0,1.0,1.0,High,1
21352,74,89.0,1.0,1.0,High,1
21377,74,131.0,1.0,1.0,High,1
21419,74,91.0,1.0,1.0,High,1
21420,74,91.0,1.0,1.0,High,1
21472,74,78.0,1.0,1.0,High,1
21474,74,83.0,1.0,1.0,High,1
21481,74,90.0,1.0,1.0,High,1
21509,75,98.0,1.0,1.0,High,1
21515,75,100.0,1.0,1.0,High,1
21544,75,102.0,1.0,1.0,High,1
21569,75,102.0,1.0,1.0,High,1
21610,75,95.0,1.0,1.0,High,1
21616,75,102.0,1.0,1.0,High,1
21617,75,102.0,1.0,1.0,High,1
21649,75,75.0,1.0,1.0,High,1
21650,75,75.0,1.0,1.0,High,1
21651,75,80.0,1.0,1.0,High,1
21652,75,80.0,1.0,1.0,High,1
21662,75,74.0,1.0,1.0,High,1
21713,75,83.0,1.0,1.0,High,1
21731,76,77.0,1.0,1.0,High,1
21758,76,105.0,1.0,1.0,High,1
21791,76,87.0,1.0,1.0,High,1
21825,76,84.0,1.0,1.0,High,1
21854,76,76.0,1.0,1.0,High,1
21863,76,85.0,1.0,1.0,High,1
21876,76,85.0,1.0,1.0,High,1
21882,76,85.0,1.0,1.0,High,1
21883,76,85.0,1.0,1.0,High,1
21901,76,82.0,1.0,1.0,High,1
21902,76,82.0,1.0,1.0,High,1
21920,76,83.0,1.0,1.0,High,1
21948,76,85.0,1.0,1.0,High,1
21950,76,79.0,1.0,1.0,High,1
21951,76,79.0,1.0,1.0,High,1
21952,76,81.0,1.0,1.0,High,1
21953,76,81.0,1.0,1.0,High,1
21955,76,81.0,1.0,1.0,High,1
21985,76,78.0,1.0,1.0,High,1
22014,76,81.0,1.0,1.0,High,1
22020,76,78.0,1.0,1.0,High,1
22021,76,78.0,1.0,1.0,High,1
22060,76,95.0,1.0,1.0,High,1
22061,76,95.0,1.0,1.0,High,1
22081,76,82.0,1.0,1.0,High,1
22082,76,82.0,1.0,1.0,High,1
22146,76,120.0,1.0,1.0,High,1
22212,76,74.0,1.0,1.0,High,1
22253,76,63.0,1.0,1.0,High,1
22309,76,90.0,1.0,1.0,High,1
22331,76,89.0,1.0,1.0,High,1
22350,76,105.0,1.0,1.0,High,1
22390,76,81.0,1.0,1.0,High,1
22401,76,84.0,1.0,1.0,High,1
22532,76,96.0,1.0,1.0,High,1
22559,77,95.0,1.0,1.0,High,1
22568,77,90.0,1.0,1.0,High,1
22618,77,89.0,1.0,1.0,High,1
22624,77,71.0,1.0,1.0,High,1
22625,77,71.0,1.0,1.0,High,1
22666,77,95.0,1.0,1.0,High,1
22713,77,72.0,1.0,1.0,High,1
22714,77,72.0,1.0,1.0,High,1
22741,77,53.0,1.0,1.0,High,1
22749,77,76.0,1.0,1.0,High,1
22751,77,72.0,1.0,1.0,High,1
22752,77,72.0,1.0,1.0,High,1
22753,77,69.0,1.0,1.0,High,1
22754,77,69.0,1.0,1.0,High,1
22755,77,66.0,1.0,1.0,High,1
22756,77,66.0,1.0,1.0,High,1
22758,77,62.0,1.0,1.0,High,1
22760,77,67.0,1.0,1.0,High,1
22762,77,72.0,1.0,1.0,High,1
22764,77,71.0,1.0,1.0,High,1
22766,77,73.0,1.0,1.0,High,1
22768,77,69.0,1.0,1.0,High,1
22770,77,78.0,1.0,1.0,High,1
22772,77,75.0,1.0,1.0,High,1
22774,77,60.0,1.0,1.0,High,1
22776,77,65.0,1.0,1.0,High,1
22778,77,65.0,1.0,1.0,High,1
22780,77,59.0,1.0,1.0,High,1
22849,77,52.0,1.0,1.0,High,1
22872,77,53.0,1.0,1.0,High,1
22887,77,48.0,1.0,1.0,High,1
22904,77,88.0,1.0,1.0,High,1
22911,77,66.0,1.0,1.0,High,1
22928,77,95.0,1.0,1.0,High,1
22931,77,93.0,1.0,1.0,High,1
22934,77,91.0,1.0,1.0,High,1
22944,77,85.0,1.0,1.0,High,1
23020,77,59.0,1.0,1.0,High,1
23037,77,57.0,1.0,1.0,High,1
23065,77,65.0,1.0,1.0,High,1
23094,77,73.0,1.0,1.0,High,1
23114,77,77.0,1.0,1.0,High,1
23130,78,67.0,1.0,1.0,High,1
23144,78,64.0,1.0,1.0,High,1
23159,78,87.0,1.0,1.0,High,1
23160,78,87.0,1.0,1.0,High,1
23189,78,87.0,1.0,1.0,High,1
23215,78,72.0,1.0,1.0,High,1
23274,78,48.0,1.0,1.0,High,1
23287,78,50.0,1.0,1.0,High,1
23305,78,51.0,1.0,1.0,High,1
23331,78,55.0,1.0,1.0,High,1
23359,78,58.0,1.0,1.0,High,1
23360,78,58.0,1.0,1.0,High,1
23365,78,70.0,1.0,1.0,High,1
23374,78,70.0,1.0,1.0,High,1
23375,78,70.0,1.0,1.0,High,1
23478,78,77.0,1.0,1.0,High,1
23503,78,68.0,1.0,1.0,High,1
23528,78,86.0,1.0,1.0,High,1
23544,78,72.0,1.0,1.0,High,1
23581,78,67.0,1.0,1.0,High,1
23584,78,69.0,1.0,1.0,High,1
23587,78,63.0,1.0,1.0,High,1
23592,78,74.0,1.0,1.0,High,1
23608,78,66.0,1.0,1.0,High,1
23627,78,75.0,1.0,1.0,High,1
23653,79,90.0,1.0,1.0,High,1
23673,79,84.0,1.0,1.0,High,1
23674,79,84.0,1.0,1.0,High,1
23726,80,86.0,1.0,1.0,High,1
23757,80,101.0,1.0,1.0,High,1
23783,80,95.0,1.0,1.0,High,1
23828,80,82.0,1.0,1.0,High,1
23847,80,77.0,1.0,1.0,High,1
23861,80,76.0,1.0,1.0,High,1
23865,80,75.0,1.0,1.0,High,1
23875,80,77.0,1.0,1.0,High,1
23877,80,77.0,1.0,1.0,High,1
23902,81,57.0,1.0,1.0,High,1
23903,81,57.0,1.0,1.0,High,1
23915,81,62.0,1.0,1.0,High,1
23929,81,65.0,1.0,1.0,High,1
23944,81,75.0,1.0,1.0,High,1
23946,81,74.0,1.0,1.0,High,1
23948,81,91.0,1.0,1.0,High,1
23978,81,78.0,1.0,1.0,High,1
24011,82,75.0,1.0,1.0,High,1
24049,82,85.0,1.0,1.0,High,1
24080,82,80.0,1.0,1.0,High,1
24094,83,88.0,1.0,1.0,High,1
24145,83,70.0,1.0,1.0,High,1
24150,83,55.0,1.0,1.0,High,1
24175,83,54.0,1.0,1.0,High,1
24199,83,97.0,1.0,1.0,High,1
24200,83,97.0,1.0,1.0,High,1
24220,84,75.0,1.0,1.0,High,1
24253,84,74.0,1.0,1.0,High,1
24273,84,71.0,1.0,1.0,High,1
24274,84,71.0,1.0,1.0,High,1
24288,84,70.0,1.0,1.0,High,1
24318,84,68.0,1.0,1.0,High,1
24345,84,79.0,1.0,1.0,High,1
24346,84,79.0,1.0,1.0,High,1
24350,84,82.0,1.0,1.0,High,1
24352,84,87.0,1.0,1.0,High,1
24353,84,87.0,1.0,1.0,High,1
24404,84,76.0,1.0,1.0,High,1
24415,84,81.0,1.0,1.0,High,1
24424,84,67.0,1.0,1.0,High,1
24426,84,72.0,1.0,1.0,High,1
24441,84,64.0,1.0,1.0,High,1
24500,84,67.0,1.0,1.0,High,1
24502,84,63.0,1.0,1.0,High,1
24517,84,70.0,1.0,1.0,High,1
24519,84,73.0,1.0,1.0,High,1
24542,84,81.0,1.0,1.0,High,1
24573,84,77.0,1.0,1.0,High,1
24574,84,77.0,1.0,1.0,High,1
24575,84,83.0,1.0,1.0,High,1
24576,84,83.0,1.0,1.0,High,1
24624,84,99.0,1.0,1.0,High,1
24653,84,75.0,1.0,1.0,High,1
24667,84,61.0,1.0,1.0,High,1
24673,84,102.0,1.0,1.0,High,1
24687,84,95.0,1.0,1.0,High,1
24739,84,86.0,1.0,1.0,High,1
24748,84,95.0,1.0,1.0,High,1
24774,84,96.0,1.0,1.0,High,1
24775,84,96.0,1.0,1.0,High,1
24842,84,81.0,1.0,1.0,High,1
24884,86,57.0,1.0,1.0,High,1
24905,86,72.0,1.0,1.0,High,1
24913,86,63.0,1.0,1.0,High,1
24924,86,49.0,1.0,1.0,High,1
24926,86,38.0,1.0,1.0,High,1
24927,86,38.0,1.0,1.0,High,1
24946,86,64.0,1.0,1.0,High,1
24976,86,62.0,1.0,1.0,High,1
25001,86,54.0,1.0,1.0,High,1
25002,86,54.0,1.0,1.0,High,1
25014,86,72.0,1.0,1.0,High,1
25046,86,49.0,1.0,1.0,High,1
25059,86,70.0,1.0,1.0,High,1
25084,86,42.0,1.0,1.0,High,1
25125,87,78.0,1.0,1.0,High,1
25135,87,51.0,1.0,1.0,High,1
25217,88,76.0,1.0,1.0,High,1
25240,88,76.0,1.0,1.0,High,1
25266,88,76.0,1.0,1.0,High,1
25314,88,96.0,1.0,1.0,High,1
25337,88,113.0,1.0,1.0,High,1
25371,88,90.0,1.0,1.0,High,1
25372,88,90.0,1.0,1.0,High,1
25394,88,112.0,1.0,1.0,High,1
25400,88,92.0,1.0,1.0,High,1
25401,88,92.0,1.0,1.0,High,1
25411,88,115.0,1.0,1.0,High,1
25428,88,101.0,1.0,1.0,High,1
25447,88,81.0,1.0,1.0,High,1
25449,88,79.0,1.0,1.0,High,1
25472,88,91.0,1.0,1.0,High,1
25474,88,89.0,1.0,1.0,High,1
25494,88,88.0,1.0,1.0,High,1
25505,88,81.0,1.0,1.0,High,1
25511,88,81.0,1.0,1.0,High,1
25512,88,81.0,1.0,1.0,High,1
25535,88,93.0,1.0,1.0,High,1
25543,88,97.0,1.0,1.0,High,1
25634,88,101.0,1.0,1.0,High,1
25668,88,101.0,1.0,1.0,High,1
25718,90,83.0,1.0,1.0,High,1
25782,90,84.0,1.0,1.0,High,1
25792,90,86.0,1.0,1.0,High,1
25831,90,50.0,1.0,1.0,High,1
25884,90,60.0,1.0,1.0,High,1
25885,90,60.0,1.0,1.0,High,1
25896,90,69.0,1.0,1.0,High,1
25916,90,61.0,1.0,1.0,High,1
25938,90,86.0,1.0,1.0,High,1
25964,90,62.0,1.0,1.0,High,1
25977,90,80.0,1.0,1.0,High,1
25980,90,88.0,1.0,1.0,High,1
25987,90,85.0,1.0,1.0,High,1
26011,90,105.0,1.0,1.0,High,1
26037,90,93.0,1.0,1.0,High,1
26069,90,87.0,1.0,1.0,High,1
26143,92,82.0,1.0,1.0,High,1
26146,92,79.0,1.0,1.0,High,1
26168,92,78.0,1.0,1.0,High,1
26187,92,80.0,1.0,1.0,High,1
26190,92,70.0,1.0,1.0,High,1
26191,92,70.0,1.0,1.0,High,1
26236,92,81.0,1.0,1.0,High,1
26237,92,81.0,1.0,1.0,High,1
26331,92,87.0,1.0,1.0,High,1
26332,92,87.0,1.0,1.0,High,1
26367,92,89.0,1.0,1.0,High,1
26378,92,81.0,1.0,1.0,High,1
26391,92,91.0,1.0,1.0,High,1
26398,92,100.0,1.0,1.0,High,1
26409,92,82.0,1.0,1.0,High,1
26436,92,100.0,1.0,1.0,High,1
26487,92,73.0,1.0,1.0,High,1
26521,92,78.0,1.0,1.0,High,1
26543,92,59.0,1.0,1.0,High,1
26574,92,84.0,1.0,1.0,High,1
26607,92,70.0,1.0,1.0,High,1
26623,92,70.0,1.0,1.0,High,1
26630,92,103.0,1.0,1.0,High,1
26653,92,78.0,1.0,1.0,High,1
26668,92,96.0,1.0,1.0,High,1
26669,92,96.0,1.0,1.0,High,1
26672,92,96.0,1.0,1.0,High,1
26673,92,96.0,1.0,1.0,High,1
26688,92,83.0,1.0,1.0,High,1
26689,92,83.0,1.0,1.0,High,1
26694,92,91.0,1.0,1.0,High,1
26705,92,97.0,1.0,1.0,High,1
26718,92,99.0,1.0,1.0,High,1
26738,92,94.0,1.0,1.0,High,1
26739,92,94.0,1.0,1.0,High,1
26747,92,97.0,1.0,1.0,High,1
26805,92,105.0,1.0,1.0,High,1
26809,92,94.0,1.0,1.0,High,1
26810,92,94.0,1.0,1.0,High,1
26815,92,96.0,1.0,1.0,High,1
26884,93,64.0,1.0,1.0,High,1
26885,93,64.0,1.0,1.0,High,1
26900,93,75.0,1.0,1.0,High,1
26915,93,83.0,1.0,1.0,High,1
26934,93,74.0,1.0,1.0,High,1
26964,93,92.0,1.0,1.0,High,1
26990,93,72.0,1.0,1.0,High,1
26992,93,81.0,1.0,1.0,High,1
27002,93,76.0,1.0,1.0,High,1
27008,93,75.0,1.0,1.0,High,1
27043,93,71.0,1.0,1.0,High,1
27069,93,74.0,1.0,1.0,High,1
27082,93,67.0,1.0,1.0,High,1
27083,93,67.0,1.0,1.0,High,1
27096,93,76.0,1.0,1.0,High,1
27112,93,82.0,1.0,1.0,High,1
27113,93,82.0,1.0,1.0,High,1
27174,93,75.0,1.0,1.0,High,1
27181,93,70.0,1.0,1.0,High,1
27195,93,60.0,1.0,1.0,High,1
27230,93,63.0,1.0,1.0,High,1
27247,93,71.0,1.0,1.0,High,1
27279,94,77.0,1.0,1.0,High,1
27349,94,77.0,1.0,1.0,High,1
27388,94,84.0,1.0,1.0,High,1
27413,94,77.0,1.0,1.0,High,1
27414,94,77.0,1.0,1.0,High,1
27421,94,68.0,1.0,1.0,High,1
27437,94,70.0,1.0,1.0,High,1
27469,94,76.0,1.0,1.0,High,1
27470,94,76.0,1.0,1.0,High,1
27478,94,73.0,1.0,1.0,High,1
27479,94,73.0,1.0,1.0,High,1
27481,94,75.0,1.0,1.0,High,1
27482,94,75.0,1.0,1.0,High,1
27530,94,76.0,1.0,1.0,High,1
27622,95,75.0,1.0,1.0,High,1
27624,95,83.0,1.0,1.0,High,1
27626,95,90.0,1.0,1.0,High,1
27641,95,93.0,1.0,1.0,High,1
27656,95,96.0,1.0,1.0,High,1
27677,95,83.0,1.0,1.0,High,1
27752,95,69.0,1.0,1.0,High,1
27834,95,56.0,1.0,1.0,High,1
27848,96,67.0,1.0,1.0,High,1
27878,96,70.0,1.0,1.0,High,1
27894,97,84.0,1.0,1.0,High,1
27910,97,72.0,1.0,1.0,High,1
27920,97,94.0,1.0,1.0,High,1
27926,97,85.0,1.0,1.0,High,1
28015,98,87.0,1.0,1.0,High,1
28034,98,98.0,1.0,1.0,High,1
28070,98,126.0,1.0,1.0,High,1
28099,98,92.0,1.0,1.0,High,1
28108,98,91.0,1.0,1.0,High,1
28142,99,48.0,1.0,1.0,High,1
28200,100,54.0,1.0,1.0,High,1
28213,100,51.0,1.0,1.0,High,1
28237,100,62.0,1.0,1.0,High,1
28251,100,66.0,1.0,1.0,High,1
28291,100,50.0,1.0,1.0,High,1
28292,100,50.0,1.0,1.0,High,1
28298,100,35.0,1.0,1.0,High,1
28349,100,67.0,1.0,1.0,High,1
28367,100,60.0,1.0,1.0,High,1
28375,100,52.0,1.0,1.0,High,1
28382,100,62.0,1.0,1.0,High,1
28430,100,59.0,1.0,1.0,High,1
28440,100,66.0,1.0,1.0,High,1
28441,100,66.0,1.0,1.0,High,1
28445,100,55.0,1.0,1.0,High,1
28473,100,59.0,1.0,1.0,High,1
28485,100,58.0,1.0,1.0,High,1
28490,100,66.0,1.0,1.0,High,1
28494,100,64.0,1.0,1.0,High,1
28495,100,64.0,1.0,1.0,High,1
28519,100,63.0,1.0,1.0,High,1
28563,100,63.0,1.0,1.0,High,1
28669,100,47.0,1.0,1.0,High,1
28719,100,45.0,1.0,1.0,High,1
28727,100,49.0,1.0,1.0,High,1
28734,100,33.0,1.0,1.0,High,1
28770,101,56.0,1.0,1.0,High,1
28783,101,64.0,1.0,1.0,High,1
28784,101,64.0,1.0,1.0,High,1
28788,101,48.0,1.0,1.0,High,1
28819,101,76.0,1.0,1.0,High,1
28834,101,58.0,1.0,1.0,High,1
28847,101,76.0,1.0,1.0,High,1
28863,101,73.0,1.0,1.0,High,1
28869,101,72.0,1.0,1.0,High,1
28899,101,72.0,1.0,1.0,High,1
28932,101,75.0,1.0,1.0,High,1
28936,101,72.0,1.0,1.0,High,1
28963,101,77.0,1.0,1.0,High,1
28964,101,77.0,1.0,1.0,High,1
28991,101,81.0,1.0,1.0,High,1
28993,101,80.0,1.0,1.0,High,1
28995,101,80.0,1.0,1.0,High,1
29006,101,89.0,1.0,1.0,High,1
29031,101,73.0,1.0,1.0,High,1
29055,101,96.0,1.0,1.0,High,1
29056,101,96.0,1.0,1.0,High,1
29064,101,82.0,1.0,1.0,High,1
29103,101,71.0,1.0,1.0,High,1
29114,101,76.0,1.0,1.0,High,1
29134,101,61.0,1.0,1.0,High,1
29160,101,48.0,1.0,1.0,High,1
29167,101,52.0,1.0,1.0,High,1
29185,101,62.0,1.0,1.0,High,1
29216,101,59.0,1.0,1.0,High,1
29228,101,58.0,1.0,1.0,High,1
29229,101,58.0,1.0,1.0,High,1
29240,101,65.0,1.0,1.0,High,1
29247,101,74.0,1.0,1.0,High,1
29272,101,63.0,1.0,1.0,High,1
29273,101,63.0,1.0,1.0,High,1
29277,101,63.0,1.0,1.0,High,1
29295,102,49.0,1.0,1.0,High,1
29305,102,52.0,1.0,1.0,High,1
29307,102,51.0,1.0,1.0,High,1
29316,102,48.0,1.0,1.0,High,1
29333,102,57.0,1.0,1.0,High,1
29363,102,47.0,1.0,1.0,High,1
29372,102,59.0,1.0,1.0,High,1
29413,102,61.0,1.0,1.0,High,1
29444,102,73.0,1.0,1.0,High,1
29445,102,73.0,1.0,1.0,High,1
29491,102,73.0,1.0,1.0,High,1
29507,102,68.0,1.0,1.0,High,1
29539,102,79.0,1.0,1.0,High,1
29567,102,73.0,1.0,1.0,High,1
29577,102,72.0,1.0,1.0,High,1
29603,102,76.0,1.0,1.0,High,1
29604,102,76.0,1.0,1.0,High,1
29626,102,51.0,1.0,1.0,High,1
29627,102,51.0,1.0,1.0,High,1
29645,102,65.0,1.0,1.0,High,1
29658,102,73.0,1.0,1.0,High,1
29667,102,60.0,1.0,1.0,High,1
29688,102,60.0,1.0,1.0,High,1
29715,102,60.0,1.0,1.0,High,1
29756,102,57.0,1.0,1.0,High,1
29758,102,53.0,1.0,1.0,High,1
29760,102,55.0,1.0,1.0,High,1
29762,102,50.0,1.0,1.0,High,1
29771,102,48.0,1.0,1.0,High,1
29818,102,56.0,1.0,1.0,High,1
29819,102,56.0,1.0,1.0,High,1
29828,102,57.0,1.0,1.0,High,1
29844,103,107.0,1.0,1.0,High,1
29868,103,103.0,1.0,1.0,High,1
29880,103,97.0,1.0,1.0,High,1
29881,103,97.0,1.0,1.0,High,1
29887,103,126.0,1.0,1.0,High,1
29920,103,82.0,1.0,1.0,High,1
29926,103,74.0,1.0,1.0,High,1
30000,103,91.0,1.0,1.0,High,1
30001,103,91.0,1.0,1.0,High,1
30004,103,93.0,1.0,1.0,High,1
30018,103,100.0,1.0,1.0,High,1
30033,103,114.0,1.0,1.0,High,1
30035,103,108.0,1.0,1.0,High,1
30044,103,109.0,1.0,1.0,High,1
30062,103,104.0,1.0,1.0,High,1
30074,103,108.0,1.0,1.0,High,1
30075,103,108.0,1.0,1.0,High,1
30116,103,86.0,1.0,1.0,High,1
30129,103,83.0,1.0,1.0,High,1
30170,103,93.0,1.0,1.0,High,1
30196,103,82.0,1.0,1.0,High,1
30198,103,81.0,1.0,1.0,High,1
30199,103,81.0,1.0,1.0,High,1
30241,103,105.0,1.0,1.0,High,1
30254,103,114.0,1.0,1.0,High,1
30268,103,80.0,1.0,1.0,High,1
30295,104,140.0,1.0,1.0,High,1
30311,104,140.0,1.0,1.0,High,1
30317,104,129.0,1.0,1.0,High,1
30408,104,159.0,1.0,1.0,High,1
30436,104,129.0,1.0,1.0,High,1
30437,104,129.0,1.0,1.0,High,1
30485,104,143.0,1.0,1.0,High,1
30526,104,121.0,1.0,1.0,High,1
30557,104,146.0,1.0,1.0,High,1
30591,104,162.0,1.0,1.0,High,1
30652,104,154.0,1.0,1.0,High,1
30653,104,154.0,1.0,1.0,High,1
30677,104,133.0,1.0,1.0,High,1
30682,104,127.0,1.0,1.0,High,1
30687,104,131.0,1.0,1.0,High,1
30688,104,131.0,1.0,1.0,High,1
30692,104,141.0,1.0,1.0,High,1
30725,104,151.0,1.0,1.0,High,1
30726,104,151.0,1.0,1.0,High,1
30772,104,151.0,1.0,1.0,High,1
30777,104,155.0,1.0,1.0,High,1
30812,104,144.0,1.0,1.0,High,1
30821,104,118.0,1.0,1.0,High,1
30860,105,156.0,1.0,1.0,High,1
30872,105,148.0,1.0,1.0,High,1
30912,105,121.0,1.0,1.0,High,1
30991,105,255.0,1.0,1.0,High,1
31002,105,255.0,1.0,1.0,High,1
31003,105,255.0,1.0,1.0,High,1
31054,105,255.0,1.0,1.0,High,1
31056,105,255.0,1.0,1.0,High,1
31059,105,255.0,1.0,1.0,High,1
31073,105,255.0,1.0,1.0,High,1
31088,105,255.0,1.0,1.0,High,1
31111,105,255.0,1.0,1.0,High,1
31166,105,255.0,1.0,1.0,High,1
31209,105,255.0,1.0,1.0,High,1
31222,105,255.0,1.0,1.0,High,1
31237,105,255.0,1.0,1.0,High,1
31245,105,255.0,1.0,1.0,High,1
31250,105,255.0,1.0,1.0,High,1
31322,105,151.0,1.0,1.0,High,1
31344,106,128.0,1.0,1.0,High,1
31378,106,133.0,1.0,1.0,High,1
31380,106,134.0,1.0,1.0,High,1
31392,107,125.0,1.0,1.0,High,1
31435,107,116.0,1.0,1.0,High,1
31464,107,111.0,1.0,1.0,High,1
31467,107,122.0,1.0,1.0,High,1
31471,107,148.0,1.0,1.0,High,1
31473,107,147.0,1.0,1.0,High,1
31476,107,144.0,1.0,1.0,High,1
31490,107,126.0,1.0,1.0,High,1
31505,107,119.0,1.0,1.0,High,1
31506,107,119.0,1.0,1.0,High,1
31545,107,135.0,1.0,1.0,High,1
31599,107,141.0,1.0,1.0,High,1
31632,108,101.0,1.0,1.0,High,1
31637,108,113.0,1.0,1.0,High,1
31649,108,106.0,1.0,1.0,High,1
31655,108,98.0,1.0,1.0,High,1
31660,108,92.0,1.0,1.0,High,1
31665,108,77.0,1.0,1.0,High,1
31719,108,71.0,1.0,1.0,High,1
31737,108,81.0,1.0,1.0,High,1
31751,108,72.0,1.0,1.0,High,1
31767,108,67.0,1.0,1.0,High,1
31859,108,49.0,1.0,1.0,High,1
31894,109,79.0,1.0,1.0,High,1
31909,109,80.0,1.0,1.0,High,1
31910,109,80.0,1.0,1.0,High,1
31921,109,78.0,1.0,1.0,High,1
31939,109,81.0,1.0,1.0,High,1
31969,109,75.0,1.0,1.0,High,1
32008,109,69.0,1.0,1.0,High,1
32052,109,72.0,1.0,1.0,High,1
32056,109,79.0,1.0,1.0,High,1
32070,109,81.0,1.0,1.0,High,1
32071,109,81.0,1.0,1.0,High,1
32091,109,77.0,1.0,1.0,High,1
32107,109,80.0,1.0,1.0,High,1
32143,109,81.0,1.0,1.0,High,1
32161,109,81.0,1.0,1.0,High,1
32182,109,80.0,1.0,1.0,High,1
32211,109,78.0,1.0,1.0,High,1
32212,109,78.0,1.0,1.0,High,1
32221,109,80.0,1.0,1.0,High,1
32260,109,77.0,1.0,1.0,High,1
32263,109,69.0,1.0,1.0,High,1
32309,109,62.0,1.0,1.0,High,1
32311,109,73.0,1.0,1.0,High,1
32340,109,89.0,1.0,1.0,High,1
32370,109,66.0,1.0,1.0,High,1
32380,109,69.0,1.0,1.0,High,1
32381,109,69.0,1.0,1.0,High,1
32393,109,56.0,1.0,1.0,High,1
32461,109,66.0,1.0,1.0,High,1
32470,109,79.0,1.0,1.0,High,1
32471,109,79.0,1.0,1.0,High,1
32486,109,74.0,1.0,1.0,High,1
32551,109,108.0,1.0,1.0,High,1
32553,109,95.0,1.0,1.0,High,1
32576,109,84.0,1.0,1.0,High,1
32633,109,89.0,1.0,1.0,High,1
32649,109,112.0,1.0,1.0,High,1
32666,109,108.0,1.0,1.0,High,1
32683,109,100.0,1.0,1.0,High,1
32684,109,100.0,1.0,1.0,High,1
32688,109,115.0,1.0,1.0,High,1
32696,109,109.0,1.0,1.0,High,1
32714,109,97.0,1.0,1.0,High,1
32750,109,97.0,1.0,1.0,High,1
32789,109,101.0,1.0,1.0,High,1
32816,109,112.0,1.0,1.0,High,1
32944,110,81.0,1.0,1.0,High,1
32949,110,79.0,1.0,1.0,High,1
32981,110,84.0,1.0,1.0,High,1
32982,110,84.0,1.0,1.0,High,1
33045,110,76.0,1.0,1.0,High,1
33061,110,76.0,1.0,1.0,High,1
33114,110,87.0,1.0,1.0,High,1
33154,110,80.0,1.0,1.0,High,1
33155,110,80.0,1.0,1.0,High,1
33157,110,82.0,1.0,1.0,High,1
33159,110,81.0,1.0,1.0,High,1
33161,110,82.0,1.0,1.0,High,1
33193,110,78.0,1.0,1.0,High,1
33198,110,77.0,1.0,1.0,High,1
33206,110,85.0,1.0,1.0,High,1
33213,110,86.0,1.0,1.0,High,1
33218,110,79.0,1.0,1.0,High,1
33234,110,78.0,1.0,1.0,High,1
33273,110,86.0,1.0,1.0,High,1
33296,110,84.0,1.0,1.0,High,1
33297,110,84.0,1.0,1.0,High,1
33298,110,82.0,1.0,1.0,High,1
33299,110,82.0,1.0,1.0,High,1
33301,110,72.0,1.0,1.0,High,1
33360,110,88.0,1.0,1.0,High,1
33402,110,89.0,1.0,1.0,High,1
33412,110,107.0,1.0,1.0,High,1
33413,110,107.0,1.0,1.0,High,1
33428,110,94.0,1.0,1.0,High,1
33454,110,99.0,1.0,1.0,High,1
33455,110,99.0,1.0,1.0,High,1
33469,110,81.0,1.0,1.0,High,1
33472,110,78.0,1.0,1.0,High,1
33473,110,78.0,1.0,1.0,High,1
33510,110,73.0,1.0,1.0,High,1
33558,110,71.0,1.0,1.0,High,1
33615,110,75.0,1.0,1.0,High,1
33657,110,80.0,1.0,1.0,High,1
33662,110,75.0,1.0,1.0,High,1
33672,110,85.0,1.0,1.0,High,1
33673,110,85.0,1.0,1.0,High,1
33701,110,76.0,1.0,1.0,High,1
33711,110,74.0,1.0,1.0,High,1
33731,110,74.0,1.0,1.0,High,1
33800,110,78.0,1.0,1.0,High,1
33815,110,87.0,1.0,1.0,High,1
33828,110,76.0,1.0,1.0,High,1
33875,110,99.0,1.0,1.0,High,1
33881,110,66.0,1.0,1.0,High,1
33892,110,63.0,1.0,1.0,High,1
33917,110,62.0,1.0,1.0,High,1
33942,110,66.0,1.0,1.0,High,1
33950,110,66.0,1.0,1.0,High,1
33957,110,66.0,1.0,1.0,High,1
33958,110,66.0,1.0,1.0,High,1
33965,110,67.0,1.0,1.0,High,1
33976,110,73.0,1.0,1.0,High,1
33977,110,73.0,1.0,1.0,High,1
33994,110,65.0,1.0,1.0,High,1
33995,110,65.0,1.0,1.0,High,1
34001,110,74.0,1.0,1.0,High,1
34037,110,83.0,1.0,1.0,High,1
34103,110,76.0,1.0,1.0,High,1
34156,110,64.0,1.0,1.0,High,1
34158,110,72.0,1.0,1.0,High,1
34169,110,80.0,1.0,1.0,High,1
34203,110,79.0,1.0,1.0,High,1
34245,110,84.0,1.0,1.0,High,1
34246,110,84.0,1.0,1.0,High,1
34248,110,70.0,1.0,1.0,High,1
34249,110,70.0,1.0,1.0,High,1
34257,110,65.0,1.0,1.0,High,1
34261,110,73.0,1.0,1.0,High,1
34262,110,73.0,1.0,1.0,High,1
34265,110,83.0,1.0,1.0,High,1
34291,110,76.0,1.0,1.0,High,1
34292,110,76.0,1.0,1.0,High,1
34334,110,74.0,1.0,1.0,High,1
34347,110,68.0,1.0,1.0,High,1
34417,110,72.0,1.0,1.0,High,1
34432,110,74.0,1.0,1.0,High,1
34433,110,74.0,1.0,1.0,High,1
34507,110,65.0,1.0,1.0,High,1
34508,110,65.0,1.0,1.0,High,1
34525,110,69.0,1.0,1.0,High,1
34530,110,64.0,1.0,1.0,High,1
34534,110,66.0,1.0,1.0,High,1
34535,110,66.0,1.0,1.0,High,1
34566,110,68.0,1.0,1.0,High,1
34578,110,69.0,1.0,1.0,High,1
34625,110,70.0,1.0,1.0,High,1
34641,110,75.0,1.0,1.0,High,1
34748,110,68.0,1.0,1.0,High,1
34761,110,69.0,1.0,1.0,High,1
34768,110,72.0,1.0,1.0,High,1
34811,110,68.0,1.0,1.0,High,1
34819,110,59.0,1.0,1.0,High,1
34820,110,59.0,1.0,1.0,High,1
34831,110,61.0,1.0,1.0,High,1
34832,110,61.0,1.0,1.0,High,1
34845,110,64.0,1.0,1.0,High,1
34846,110,64.0,1.0,1.0,High,1
34863,110,69.0,1.0,1.0,High,1
34928,110,59.0,1.0,1.0,High,1
34929,110,59.0,1.0,1.0,High,1
34989,110,71.0,1.0,1.0,High,1
34996,110,72.0,1.0,1.0,High,1
35025,111,74.0,1.0,1.0,High,1
35040,111,78.0,1.0,1.0,High,1
35090,111,79.0,1.0,1.0,High,1
35110,111,94.0,1.0,1.0,High,1
35111,111,94.0,1.0,1.0,High,1
35113,111,88.0,1.0,1.0,High,1
35116,111,76.0,1.0,1.0,High,1
35179,111,89.0,1.0,1.0,High,1
35180,111,89.0,1.0,1.0,High,1
35183,111,78.0,1.0,1.0,High,1
35210,111,83.0,1.0,1.0,High,1
35213,111,105.0,1.0,1.0,High,1
35232,111,107.0,1.0,1.0,High,1
35320,111,92.0,1.0,1.0,High,1
35346,111,104.0,1.0,1.0,High,1
35362,111,111.0,1.0,1.0,High,1
35364,111,105.0,1.0,1.0,High,1
35417,111,107.0,1.0,1.0,High,1
35418,111,107.0,1.0,1.0,High,1
35446,111,115.0,1.0,1.0,High,1
35456,111,97.0,1.0,1.0,High,1
35491,112,74.0,1.0,1.0,High,1
35505,112,67.0,1.0,1.0,High,1
35515,112,58.0,1.0,1.0,High,1
35520,112,57.0,1.0,1.0,High,1
35521,112,57.0,1.0,1.0,High,1
35545,112,58.0,1.0,1.0,High,1
35594,112,64.0,1.0,1.0,High,1
35595,112,64.0,1.0,1.0,High,1
35619,113,68.0,1.0,1.0,High,1
35639,113,65.0,1.0,1.0,High,1
35683,113,62.0,1.0,1.0,High,1
35723,113,83.0,1.0,1.0,High,1
35725,113,79.0,1.0,1.0,High,1
35768,113,75.0,1.0,1.0,High,1
35770,113,75.0,1.0,1.0,High,1
35786,113,85.0,1.0,1.0,High,1
35793,113,68.0,1.0,1.0,High,1
35799,113,64.0,1.0,1.0,High,1
35836,113,74.0,1.0,1.0,High,1
35878,113,79.0,1.0,1.0,High,1
35916,113,83.0,1.0,1.0,High,1
35946,113,78.0,1.0,1.0,High,1
35967,113,83.0,1.0,1.0,High,1
35968,113,83.0,1.0,1.0,High,1
35987,113,80.0,1.0,1.0,High,1
36066,115,72.0,1.0,1.0,High,1
36078,115,73.0,1.0,1.0,High,1
36085,115,72.0,1.0,1.0,High,1
36099,115,53.0,1.0,1.0,High,1
36144,115,70.0,1.0,1.0,High,1
36145,115,70.0,1.0,1.0,High,1
36171,115,71.0,1.0,1.0,High,1
36178,115,66.0,1.0,1.0,High,1
36198,116,81.0,1.0,1.0,High,1
36276,116,75.0,1.0,1.0,High,1
36277,116,75.0,1.0,1.0,High,1
36278,116,71.0,1.0,1.0,High,1
36279,116,71.0,1.0,1.0,High,1
36292,117,105.0,1.0,1.0,High,1
36315,117,95.0,1.0,1.0,High,1
36316,117,95.0,1.0,1.0,High,1
36368,117,102.0,1.0,1.0,High,1
36388,117,107.0,1.0,1.0,High,1
36389,117,107.0,1.0,1.0,High,1
36404,117,66.0,1.0,1.0,High,1
36442,117,49.0,1.0,1.0,High,1
36451,117,85.0,1.0,1.0,High,1
36469,117,81.0,1.0,1.0,High,1
36476,117,68.0,1.0,1.0,High,1
36504,118,44.0,1.0,1.0,High,1
36511,118,71.0,1.0,1.0,High,1
36577,118,59.0,1.0,1.0,High,1
36582,118,40.0,1.0,1.0,High,1
36667,118,79.0,1.0,1.0,High,1
36738,118,74.0,1.0,1.0,High,1
36739,118,74.0,1.0,1.0,High,1
36776,119,66.0,1.0,1.0,High,1
36781,119,64.0,1.0,1.0,High,1
36796,119,71.0,1.0,1.0,High,1
36832,119,81.0,1.0,1.0,High,1
36837,119,79.0,1.0,1.0,High,1
36869,119,65.0,1.0,1.0,High,1
36893,119,83.0,1.0,1.0,High,1
36901,119,92.0,1.0,1.0,High,1
36902,119,92.0,1.0,1.0,High,1
36922,119,71.0,1.0,1.0,High,1
36923,119,71.0,1.0,1.0,High,1
36925,119,67.0,1.0,1.0,High,1
36927,119,59.0,1.0,1.0,High,1
36961,119,81.0,1.0,1.0,High,1
36963,119,79.0,1.0,1.0,High,1
36965,119,88.0,1.0,1.0,High,1
37013,119,61.0,1.0,1.0,High,1
37014,119,61.0,1.0,1.0,High,1
37020,119,60.0,1.0,1.0,High,1
37030,119,55.0,1.0,1.0,High,1
37031,119,55.0,1.0,1.0,High,1
37071,119,63.0,1.0,1.0,High,1
37077,119,66.0,1.0,1.0,High,1
37097,119,88.0,1.0,1.0,High,1
37118,119,61.0,1.0,1.0,High,1
37129,119,59.0,1.0,1.0,High,1
37136,119,60.0,1.0,1.0,High,1
37165,119,64.0,1.0,1.0,High,1
37167,119,60.0,1.0,1.0,High,1
37185,119,67.0,1.0,1.0,High,1
37197,119,68.0,1.0,1.0,High,1
37223,119,75.0,1.0,1.0,High,1
37235,119,69.0,1.0,1.0,High,1
37237,119,72.0,1.0,1.0,High,1
37296,119,57.0,1.0,1.0,High,1
37313,119,67.0,1.0,1.0,High,1
37374,119,76.0,1.0,1.0,High,1
37376,119,77.0,1.0,1.0,High,1
37429,119,70.0,1.0,1.0,High,1
37430,119,70.0,1.0,1.0,High,1
37468,119,58.0,1.0,1.0,High,1
37476,119,66.0,1.0,1.0,High,1
37504,119,69.0,1.0,1.0,High,1
37505,119,69.0,1.0,1.0,High,1
37531,119,86.0,1.0,1.0,High,1
37532,119,86.0,1.0,1.0,High,1
37544,120,77.0,1.0,1.0,High,1
37568,120,93.0,1.0,1.0,High,1
37574,120,55.0,1.0,1.0,High,1
37583,120,86.0,1.0,1.0,High,1
37584,120,86.0,1.0,1.0,High,1
37634,120,31.0,1.0,1.0,High,1
37635,120,31.0,1.0,1.0,High,1
37646,120,250.0,1.0,1.0,High,1
37653,120,250.0,1.0,1.0,High,1
37655,120,94.0,1.0,1.0,High,1
37656,120,94.0,1.0,1.0,High,1
37660,120,90.0,1.0,1.0,High,1
37720,120,86.0,1.0,1.0,High,1
37721,120,86.0,1.0,1.0,High,1
37745,120,250.0,1.0,1.0,High,1
37770,120,78.0,1.0,1.0,High,1
37771,120,78.0,1.0,1.0,High,1
37773,120,87.0,1.0,1.0,High,1
37779,120,84.0,1.0,1.0,High,1
37799,120,59.0,1.0,1.0,High,1
37800,120,59.0,1.0,1.0,High,1
37836,120,64.0,1.0,1.0,High,1
37841,120,250.0,1.0,1.0,High,1
37845,120,71.0,1.0,1.0,High,1
37885,120,95.0,1.0,1.0,High,1
37902,120,98.0,1.0,1.0,High,1
37903,120,98.0,1.0,1.0,High,1
37910,120,115.0,1.0,1.0,High,1
37917,120,136.0,1.0,1.0,High,1
37923,120,115.0,1.0,1.0,High,1
37924,120,115.0,1.0,1.0,High,1
37964,120,104.0,1.0,1.0,High,1
37971,120,96.0,1.0,1.0,High,1
37972,120,96.0,1.0,1.0,High,1
37992,120,74.0,1.0,1.0,High,1
37999,120,113.0,1.0,1.0,High,1
38000,120,113.0,1.0,1.0,High,1
38049,120,85.0,1.0,1.0,High,1
38052,120,85.0,1.0,1.0,High,1
38067,120,50.0,1.0,1.0,High,1
38115,121,250.0,1.0,1.0,High,1
38116,121,250.0,1.0,1.0,High,1
38120,121,74.0,1.0,1.0,High,1
38138,121,250.0,1.0,1.0,High,1
38191,121,250.0,1.0,1.0,High,1
38207,121,93.0,1.0,1.0,High,1
38269,121,250.0,1.0,1.0,High,1
38293,121,126.0,1.0,1.0,High,1
38348,121,111.0,1.0,1.0,High,1
38350,121,106.0,1.0,1.0,High,1
38352,121,95.0,1.0,1.0,High,1
38396,121,96.0,1.0,1.0,High,1
38399,121,91.0,1.0,1.0,High,1
38491,123,121.0,1.0,1.0,High,1
38505,123,121.0,1.0,1.0,High,1
38555,123,126.0,1.0,1.0,High,1
38556,123,126.0,1.0,1.0,High,1
38564,124,54.0,1.0,1.0,High,1
38601,124,50.0,1.0,1.0,High,1
38607,124,50.0,1.0,1.0,High,1
38608,124,50.0,1.0,1.0,High,1
38619,124,53.0,1.0,1.0,High,1
38679,124,53.0,1.0,1.0,High,1
38712,124,52.0,1.0,1.0,High,1
38719,124,54.0,1.0,1.0,High,1
38742,124,46.0,1.0,1.0,High,1
38753,124,52.0,1.0,1.0,High,1
38768,124,58.0,1.0,1.0,High,1
38780,124,57.0,1.0,1.0,High,1
38810,124,54.0,1.0,1.0,High,1
38819,124,53.0,1.0,1.0,High,1
38840,124,55.0,1.0,1.0,High,1
38856,124,56.0,1.0,1.0,High,1
38879,124,49.0,1.0,1.0,High,1
38896,124,55.0,1.0,1.0,High,1
38926,124,57.0,1.0,1.0,High,1
39038,124,67.0,1.0,1.0,High,1
39043,124,62.0,1.0,1.0,High,1
39046,124,64.0,1.0,1.0,High,1
39047,124,64.0,1.0,1.0,High,1
39060,124,65.0,1.0,1.0,High,1
39079,124,68.0,1.0,1.0,High,1
39086,124,69.0,1.0,1.0,High,1
39120,124,73.0,1.0,1.0,High,1
39189,124,75.0,1.0,1.0,High,1
39204,124,76.0,1.0,1.0,High,1
39207,124,76.0,1.0,1.0,High,1
39219,124,74.0,1.0,1.0,High,1
39242,124,73.0,1.0,1.0,High,1
39333,124,84.0,1.0,1.0,High,1
39350,124,69.0,1.0,1.0,High,1
39400,124,90.0,1.0,1.0,High,1
39440,124,72.0,1.0,1.0,High,1
39445,124,76.0,1.0,1.0,High,1
39453,124,83.0,1.0,1.0,High,1
39454,124,83.0,1.0,1.0,High,1
39483,124,82.0,1.0,1.0,High,1
39485,124,77.0,1.0,1.0,High,1
39500,124,73.0,1.0,1.0,High,1
39694,124,91.0,1.0,1.0,High,1
39695,124,91.0,1.0,1.0,High,1
39705,124,118.0,1.0,1.0,High,1
39710,124,121.0,1.0,1.0,High,1
39712,124,121.0,1.0,1.0,High,1
39803,124,98.0,1.0,1.0,High,1
39814,124,76.0,1.0,1.0,High,1
39815,124,76.0,1.0,1.0,High,1
39832,124,77.0,1.0,1.0,High,1
39849,124,92.0,1.0,1.0,High,1
39861,124,98.0,1.0,1.0,High,1
39910,124,87.0,1.0,1.0,High,1
39919,124,88.0,1.0,1.0,High,1
39971,124,103.0,1.0,1.0,High,1
39977,124,91.0,1.0,1.0,High,1
39978,124,91.0,1.0,1.0,High,1
40012,124,90.0,1.0,1.0,High,1
40033,124,88.0,1.0,1.0,High,1
40041,124,92.0,1.0,1.0,High,1
40089,124,64.0,1.0,1.0,High,1
40090,124,64.0,1.0,1.0,High,1
40091,124,65.0,1.0,1.0,High,1
40092,124,65.0,1.0,1.0,High,1
40100,124,66.0,1.0,1.0,High,1
40127,124,63.0,1.0,1.0,High,1
40133,124,60.0,1.0,1.0,High,1
40134,124,60.0,1.0,1.0,High,1
40140,124,59.0,1.0,1.0,High,1
40160,124,59.0,1.0,1.0,High,1
40281,124,68.0,1.0,1.0,High,1
40301,124,62.0,1.0,1.0,High,1
40347,124,73.0,1.0,1.0,High,1
40383,124,70.0,1.0,1.0,High,1
40384,124,70.0,1.0,1.0,High,1
40435,124,58.0,1.0,1.0,High,1
40436,124,58.0,1.0,1.0,High,1
40487,124,52.0,1.0,1.0,High,1
40496,124,68.0,1.0,1.0,High,1
40521,124,55.0,1.0,1.0,High,1
40539,124,52.0,1.0,1.0,High,1
40595,124,81.0,1.0,1.0,High,1
40604,124,87.0,1.0,1.0,High,1
40610,124,94.0,1.0,1.0,High,1
40626,124,83.0,1.0,1.0,High,1
40634,124,77.0,1.0,1.0,High,1
40637,124,77.0,1.0,1.0,High,1
40638,124,77.0,1.0,1.0,High,1
40679,124,90.0,1.0,1.0,High,1
40712,126,65.0,1.0,1.0,High,1
40720,126,67.0,1.0,1.0,High,1
40723,126,54.0,1.0,1.0,High,1
40740,126,54.0,1.0,1.0,High,1
40765,126,55.0,1.0,1.0,High,1
40768,126,70.0,1.0,1.0,High,1
40802,126,55.0,1.0,1.0,High,1
40807,128,82.0,1.0,1.0,High,1
40860,128,117.0,1.0,1.0,High,1
40880,128,97.0,1.0,1.0,High,1
40985,129,136.0,1.0,1.0,High,1
40996,129,118.0,1.0,1.0,High,1
40999,129,105.0,1.0,1.0,High,1
41035,129,114.0,1.0,1.0,High,1
41036,129,114.0,1.0,1.0,High,1
41064,129,123.0,1.0,1.0,High,1
41100,129,100.0,1.0,1.0,High,1
41101,129,100.0,1.0,1.0,High,1
41106,129,86.0,1.0,1.0,High,1
41121,129,99.0,1.0,1.0,High,1
41148,129,88.0,1.0,1.0,High,1
41149,129,88.0,1.0,1.0,High,1
41153,129,93.0,1.0,1.0,High,1
41212,130,140.0,1.0,1.0,High,1
41213,130,140.0,1.0,1.0,High,1
41273,130,116.0,1.0,1.0,High,1
41314,130,131.0,1.0,1.0,High,1
41322,130,165.0,1.0,1.0,High,1
41340,130,129.0,1.0,1.0,High,1
41371,130,117.0,1.0,1.0,High,1
41372,130,117.0,1.0,1.0,High,1
41380,130,117.0,1.0,1.0,High,1
41398,130,126.0,1.0,1.0,High,1
41408,130,119.0,1.0,1.0,High,1
41409,130,119.0,1.0,1.0,High,1
41490,130,134.0,1.0,1.0,High,1
41501,130,143.0,1.0,1.0,High,1
41513,130,146.0,1.0,1.0,High,1
41516,130,154.0,1.0,1.0,High,1
41535,130,148.0,1.0,1.0,High,1
41547,130,86.0,1.0,1.0,High,1
41578,132,88.0,1.0,1.0,High,1
41596,132,77.0,1.0,1.0,High,1
41598,132,78.0,1.0,1.0,High,1
41615,132,77.0,1.0,1.0,High,1
41632,132,77.0,1.0,1.0,High,1
41633,132,77.0,1.0,1.0,High,1
41657,132,72.0,1.0,1.0,High,1
41673,132,93.0,1.0,1.0,High,1
41680,132,80.0,1.0,1.0,High,1
41694,132,81.0,1.0,1.0,High,1
41718,132,93.0,1.0,1.0,High,1
41795,133,80.0,1.0,1.0,High,1
41802,133,84.0,1.0,1.0,High,1
41826,133,79.0,1.0,1.0,High,1
41847,133,85.0,1.0,1.0,High,1
41848,133,85.0,1.0,1.0,High,1
41866,133,90.0,1.0,1.0,High,1
41870,133,88.0,1.0,1.0,High,1
41871,133,88.0,1.0,1.0,High,1
41877,133,78.0,1.0,1.0,High,1
41911,133,77.0,1.0,1.0,High,1
41912,133,77.0,1.0,1.0,High,1
41927,133,79.0,1.0,1.0,High,1
41945,133,84.0,1.0,1.0,High,1
41946,133,84.0,1.0,1.0,High,1
41974,133,76.0,1.0,1.0,High,1
42014,133,79.0,1.0,1.0,High,1
42114,135,78.0,1.0,1.0,High,1
42178,135,123.0,1.0,1.0,High,1
42180,135,131.0,1.0,1.0,High,1
42188,135,97.0,1.0,1.0,High,1
42248,136,53.0,1.0,1.0,High,1
42274,137,125.0,1.0,1.0,High,1
42322,137,128.0,1.0,1.0,High,1
42323,137,128.0,1.0,1.0,High,1
42325,137,125.0,1.0,1.0,High,1
42327,137,127.0,1.0,1.0,High,1
42333,137,134.0,1.0,1.0,High,1
42345,137,136.0,1.0,1.0,High,1
42346,137,136.0,1.0,1.0,High,1
42431,137,141.0,1.0,1.0,High,1
42464,137,112.0,1.0,1.0,High,1
42467,137,106.0,1.0,1.0,High,1
42468,137,106.0,1.0,1.0,High,1
42498,137,95.0,1.0,1.0,High,1
42502,137,92.0,1.0,1.0,High,1
42503,137,92.0,1.0,1.0,High,1
42524,137,97.0,1.0,1.0,High,1
42554,137,94.0,1.0,1.0,High,1
42555,137,94.0,1.0,1.0,High,1
42561,137,94.0,1.0,1.0,High,1
42578,137,83.0,1.0,1.0,High,1
42605,137,89.0,1.0,1.0,High,1
42606,137,89.0,1.0,1.0,High,1
42632,137,69.0,1.0,1.0,High,1
42671,137,58.0,1.0,1.0,High,1
42675,137,59.0,1.0,1.0,High,1
42676,137,59.0,1.0,1.0,High,1
42706,137,72.0,1.0,1.0,High,1
42721,138,61.0,1.0,1.0,High,1
42741,138,42.0,1.0,1.0,High,1
42763,140,92.0,1.0,1.0,High,1
42792,140,85.0,1.0,1.0,High,1
42842,140,69.0,1.0,1.0,High,1
42867,140,79.0,1.0,1.0,High,1
42952,141,73.0,1.0,1.0,High,1
42962,141,104.0,1.0,1.0,High,1
42967,141,89.0,1.0,1.0,High,1
42989,141,71.0,1.0,1.0,High,1
43009,142,250.0,1.0,1.0,High,1
43056,142,72.0,1.0,1.0,High,1
43063,142,57.0,1.0,1.0,High,1
43072,142,73.0,1.0,1.0,High,1
43093,142,72.0,1.0,1.0,High,1
43104,144,125.0,1.0,1.0,High,1
43106,144,125.0,1.0,1.0,High,1
43156,144,70.0,1.0,1.0,High,1
43186,144,250.0,1.0,1.0,High,1
43203,144,84.0,1.0,1.0,High,1
43241,144,94.0,1.0,1.0,High,1
43289,144,44.0,1.0,1.0,High,1
43314,145,91.0,1.0,1.0,High,1
43340,145,82.0,1.0,1.0,High,1
43355,145,89.0,1.0,1.0,High,1
43356,145,89.0,1.0,1.0,High,1
43358,145,83.0,1.0,1.0,High,1
43359,145,83.0,1.0,1.0,High,1
43368,145,61.0,1.0,1.0,High,1
43371,145,58.0,1.0,1.0,High,1
43389,145,113.0,1.0,1.0,High,1
43450,146,99.0,1.0,1.0,High,1
43591,147,59.0,1.0,1.0,High,1
43592,147,59.0,1.0,1.0,High,1
43612,147,59.0,1.0,1.0,High,1
43627,147,50.0,1.0,1.0,High,1
43630,147,62.0,1.0,1.0,High,1
43631,147,62.0,1.0,1.0,High,1
43634,147,61.0,1.0,1.0,High,1
43640,147,61.0,1.0,1.0,High,1
43641,147,61.0,1.0,1.0,High,1
43644,147,62.0,1.0,1.0,High,1
43647,147,50.0,1.0,1.0,High,1
43668,147,56.0,1.0,1.0,High,1
43669,147,56.0,1.0,1.0,High,1
43683,147,49.0,1.0,1.0,High,1
43694,147,54.0,1.0,1.0,High,1
43711,147,50.0,1.0,1.0,High,1
43712,147,50.0,1.0,1.0,High,1
43726,147,52.0,1.0,1.0,High,1
43751,147,49.0,1.0,1.0,High,1
43752,147,49.0,1.0,1.0,High,1
43766,147,56.0,1.0,1.0,High,1
43787,147,61.0,1.0,1.0,High,1
43823,147,61.0,1.0,1.0,High,1
43827,147,58.0,1.0,1.0,High,1
43860,147,58.0,1.0,1.0,High,1
43904,147,53.0,1.0,1.0,High,1
43908,147,53.0,1.0,1.0,High,1
43996,147,66.0,1.0,1.0,High,1
44009,147,66.0,1.0,1.0,High,1
44053,147,48.0,1.0,1.0,High,1
44072,147,52.0,1.0,1.0,High,1
44096,147,72.0,1.0,1.0,High,1
44103,147,72.0,1.0,1.0,High,1
44127,147,52.0,1.0,1.0,High,1
44146,147,48.0,1.0,1.0,High,1
44203,148,43.0,1.0,1.0,High,1
44205,148,43.0,1.0,1.0,High,1
44206,148,43.0,1.0,1.0,High,1
44319,149,71.0,1.0,1.0,High,1
44329,149,71.0,1.0,1.0,High,1
44338,149,77.0,1.0,1.0,High,1
44339,149,77.0,1.0,1.0,High,1
44345,149,75.0,1.0,1.0,High,1
44363,149,75.0,1.0,1.0,High,1
44370,149,76.0,1.0,1.0,High,1
44373,149,73.0,1.0,1.0,High,1
44388,149,72.0,1.0,1.0,High,1
44400,149,82.0,1.0,1.0,High,1
44405,149,80.0,1.0,1.0,High,1
44436,149,75.0,1.0,1.0,High,1
44498,150,42.0,1.0,1.0,High,1
44602,151,71.0,1.0,1.0,High,1
44612,151,71.0,1.0,1.0,High,1
44621,151,77.0,1.0,1.0,High,1
44622,151,77.0,1.0,1.0,High,1
44628,151,75.0,1.0,1.0,High,1
44646,151,75.0,1.0,1.0,High,1
44653,151,76.0,1.0,1.0,High,1
44656,151,73.0,1.0,1.0,High,1
44671,151,72.0,1.0,1.0,High,1
44683,151,82.0,1.0,1.0,High,1
44688,151,80.0,1.0,1.0,High,1
44691,151,80.0,1.0,1.0,High,1
44717,152,93.0,1.0,1.0,High,1
44730,152,103.0,1.0,1.0,High,1
44761,152,88.0,1.0,1.0,High,1
44764,152,83.0,1.0,1.0,High,1
44770,152,91.0,1.0,1.0,High,1
44773,152,106.0,1.0,1.0,High,1
44774,152,106.0,1.0,1.0,High,1
44776,152,85.0,1.0,1.0,High,1
44777,152,85.0,1.0,1.0,High,1
44790,152,83.0,1.0,1.0,High,1
44791,152,83.0,1.0,1.0,High,1
44802,152,89.0,1.0,1.0,High,1
44809,152,87.0,1.0,1.0,High,1
44850,152,124.0,1.0,1.0,High,1
44864,152,101.0,1.0,1.0,High,1
44867,152,106.0,1.0,1.0,High,1
44890,152,90.0,1.0,1.0,High,1
44893,152,85.0,1.0,1.0,High,1
44906,152,103.0,1.0,1.0,High,1
44914,152,99.0,1.0,1.0,High,1
44951,153,98.0,1.0,1.0,High,1
44970,153,90.0,1.0,1.0,High,1
45037,153,79.0,1.0,1.0,High,1
45046,154,75.0,1.0,1.0,High,1
45047,154,75.0,1.0,1.0,High,1
45068,154,70.0,1.0,1.0,High,1
45078,154,75.0,1.0,1.0,High,1
45079,154,75.0,1.0,1.0,High,1
45107,154,64.0,1.0,1.0,High,1
45164,154,82.0,1.0,1.0,High,1
45177,154,86.0,1.0,1.0,High,1
45199,154,51.0,1.0,1.0,High,1
45285,155,107.0,1.0,1.0,High,1
45296,155,116.0,1.0,1.0,High,1
45370,156,75.0,1.0,1.0,High,1
45394,156,98.0,1.0,1.0,High,1
45435,156,87.0,1.0,1.0,High,1
45460,156,97.0,1.0,1.0,High,1
45461,156,97.0,1.0,1.0,High,1
45489,157,93.0,1.0,1.0,High,1
45542,157,89.0,1.0,1.0,High,1
45559,157,85.0,1.0,1.0,High,1
45561,157,85.0,1.0,1.0,High,1
45576,158,84.0,1.0,1.0,High,1
45647,158,89.0,1.0,1.0,High,1
45664,158,91.0,1.0,1.0,High,1
45665,158,91.0,1.0,1.0,High,1
45680,158,107.0,1.0,1.0,High,1
45700,158,73.0,1.0,1.0,High,1
45743,158,57.0,1.0,1.0,High,1
45757,158,59.0,1.0,1.0,High,1
45758,158,59.0,1.0,1.0,High,1
45823,158,56.0,1.0,1.0,High,1
45825,158,61.0,1.0,1.0,High,1
45827,158,57.0,1.0,1.0,High,1
45890,159,80.0,1.0,1.0,High,1
45895,159,83.0,1.0,1.0,High,1
45978,159,76.0,1.0,1.0,High,1
45982,159,70.0,1.0,1.0,High,1
45984,159,84.0,1.0,1.0,High,1
46026,159,83.0,1.0,1.0,High,1
46045,159,74.0,1.0,1.0,High,1
46074,160,133.0,1.0,1.0,High,1
46076,160,136.0,1.0,1.0,High,1
46106,160,143.0,1.0,1.0,High,1
46139,160,131.0,1.0,1.0,High,1
46170,161,73.0,1.0,1.0,High,1
46171,161,73.0,1.0,1.0,High,1
46199,161,76.0,1.0,1.0,High,1
46204,161,67.0,1.0,1.0,High,1
46242,161,64.0,1.0,1.0,High,1
46262,161,65.0,1.0,1.0,High,1
46265,161,69.0,1.0,1.0,High,1
46323,161,60.0,1.0,1.0,High,1
46333,161,56.0,1.0,1.0,High,1
46334,161,56.0,1.0,1.0,High,1
46340,161,62.0,1.0,1.0,High,1
46386,161,61.0,1.0,1.0,High,1
46395,161,64.0,1.0,1.0,High,1
46434,163,55.0,1.0,1.0,High,1
46464,163,49.0,1.0,1.0,High,1
46473,163,46.0,1.0,1.0,High,1
46474,163,46.0,1.0,1.0,High,1
46485,163,50.0,1.0,1.0,High,1
46492,163,46.0,1.0,1.0,High,1
46497,163,46.0,1.0,1.0,High,1
46556,163,47.0,1.0,1.0,High,1
46557,163,47.0,1.0,1.0,High,1
46582,163,53.0,1.0,1.0,High,1
46613,163,48.0,1.0,1.0,High,1
46629,163,53.0,1.0,1.0,High,1
46640,163,54.0,1.0,1.0,High,1
46645,163,51.0,1.0,1.0,High,1
46660,163,52.0,1.0,1.0,High,1
46664,163,51.0,1.0,1.0,High,1
46665,163,51.0,1.0,1.0,High,1
46738,163,74.0,1.0,1.0,High,1
46764,163,68.0,1.0,1.0,High,1
46765,163,68.0,1.0,1.0,High,1
46771,163,67.0,1.0,1.0,High,1
46773,163,68.0,1.0,1.0,High,1
46775,163,67.0,1.0,1.0,High,1
46786,163,78.0,1.0,1.0,High,1
46788,163,75.0,1.0,1.0,High,1
46804,163,76.0,1.0,1.0,High,1
46844,163,63.0,1.0,1.0,High,1
46845,163,63.0,1.0,1.0,High,1
46861,163,70.0,1.0,1.0,High,1
46867,163,69.0,1.0,1.0,High,1
46868,163,69.0,1.0,1.0,High,1
46875,163,71.0,1.0,1.0,High,1
46926,163,73.0,1.0,1.0,High,1
46927,163,73.0,1.0,1.0,High,1
46929,163,80.0,1.0,1.0,High,1
46952,164,97.0,1.0,1.0,High,1
46975,164,91.0,1.0,1.0,High,1
46985,164,92.0,1.0,1.0,High,1
46986,164,92.0,1.0,1.0,High,1
47007,164,102.0,1.0,1.0,High,1
47008,164,102.0,1.0,1.0,High,1
47063,164,96.0,1.0,1.0,High,1
47071,164,88.0,1.0,1.0,High,1
47129,164,95.0,1.0,1.0,High,1
47176,164,113.0,1.0,1.0,High,1
47179,164,110.0,1.0,1.0,High,1
47184,164,103.0,1.0,1.0,High,1
47190,164,108.0,1.0,1.0,High,1
47191,164,108.0,1.0,1.0,High,1
47276,164,98.0,1.0,1.0,High,1
47298,164,97.0,1.0,1.0,High,1
47312,164,95.0,1.0,1.0,High,1
47317,164,82.0,1.0,1.0,High,1
47351,164,107.0,1.0,1.0,High,1
47353,164,101.0,1.0,1.0,High,1
47362,164,81.0,1.0,1.0,High,1
47390,164,90.0,1.0,1.0,High,1
47403,165,50.0,1.0,1.0,High,1
47417,165,46.0,1.0,1.0,High,1
47434,165,52.0,1.0,1.0,High,1
47457,165,49.0,1.0,1.0,High,1
47501,165,42.0,1.0,1.0,High,1
47560,165,52.0,1.0,1.0,High,1
47568,165,49.0,1.0,1.0,High,1
47576,165,42.0,1.0,1.0,High,1
47626,165,43.0,1.0,1.0,High,1
47646,165,39.0,1.0,1.0,High,1
47659,165,42.0,1.0,1.0,High,1
47779,166,74.0,1.0,1.0,High,1
47794,166,80.0,1.0,1.0,High,1
47795,166,80.0,1.0,1.0,High,1
47884,166,85.0,1.0,1.0,High,1
47890,166,89.0,1.0,1.0,High,1
47900,166,85.0,1.0,1.0,High,1
47901,166,85.0,1.0,1.0,High,1
47927,166,80.0,1.0,1.0,High,1
47928,166,80.0,1.0,1.0,High,1
47943,166,67.0,1.0,1.0,High,1
47978,166,84.0,1.0,1.0,High,1
48034,166,97.0,1.0,1.0,High,1
48170,171,63.0,1.0,1.0,High,1
48186,171,61.0,1.0,1.0,High,1
48187,171,61.0,1.0,1.0,High,1
48209,172,64.0,1.0,1.0,High,1
48234,172,62.0,1.0,1.0,High,1
48283,173,89.0,1.0,1.0,High,1
48286,173,93.0,1.0,1.0,High,1
48300,173,92.0,1.0,1.0,High,1
48329,173,99.0,1.0,1.0,High,1
48330,173,99.0,1.0,1.0,High,1
48353,173,102.0,1.0,1.0,High,1
48361,173,113.0,1.0,1.0,High,1
48362,173,113.0,1.0,1.0,High,1
48379,173,66.0,1.0,1.0,High,1
48401,173,127.0,1.0,1.0,High,1
48415,173,96.0,1.0,1.0,High,1
48442,173,81.0,1.0,1.0,High,1
48445,173,86.0,1.0,1.0,High,1
48557,173,70.0,1.0,1.0,High,1
48617,173,82.0,1.0,1.0,High,1
48664,173,85.0,1.0,1.0,High,1
48688,173,72.0,1.0,1.0,High,1
48698,173,54.0,1.0,1.0,High,1
48699,173,54.0,1.0,1.0,High,1
48701,173,32.0,1.0,1.0,High,1
48709,173,64.0,1.0,1.0,High,1
48712,173,62.0,1.0,1.0,High,1
48767,173,86.0,1.0,1.0,High,1
48813,173,55.0,1.0,1.0,High,1
48865,173,60.0,1.0,1.0,High,1
48905,173,53.0,1.0,1.0,High,1
48907,173,34.0,1.0,1.0,High,1
48922,174,40.0,1.0,1.0,High,1
48923,174,40.0,1.0,1.0,High,1
48963,174,54.0,1.0,1.0,High,1
49046,174,33.0,1.0,1.0,High,1
49117,174,83.0,1.0,1.0,High,1
49118,174,83.0,1.0,1.0,High,1
49129,175,48.0,1.0,1.0,High,1
49165,175,40.0,1.0,1.0,High,1
49182,176,70.0,1.0,1.0,High,1
49183,176,70.0,1.0,1.0,High,1
49209,176,74.0,1.0,1.0,High,1
49210,176,74.0,1.0,1.0,High,1
49224,176,75.0,1.0,1.0,High,1
49225,176,75.0,1.0,1.0,High,1
49231,176,76.0,1.0,1.0,High,1
49232,176,76.0,1.0,1.0,High,1
49239,176,76.0,1.0,1.0,High,1
49278,176,78.0,1.0,1.0,High,1
49292,176,70.0,1.0,1.0,High,1
49299,176,77.0,1.0,1.0,High,1
49326,176,70.0,1.0,1.0,High,1
49349,176,72.0,1.0,1.0,High,1
49394,176,82.0,1.0,1.0,High,1
49396,176,81.0,1.0,1.0,High,1
49398,176,78.0,1.0,1.0,High,1
49527,176,103.0,1.0,1.0,High,1
49585,176,82.0,1.0,1.0,High,1
49607,176,89.0,1.0,1.0,High,1
49628,176,103.0,1.0,1.0,High,1
49629,176,103.0,1.0,1.0,High,1
49647,176,92.0,1.0,1.0,High,1
49649,176,107.0,1.0,1.0,High,1
49652,176,96.0,1.0,1.0,High,1
49684,176,110.0,1.0,1.0,High,1
49700,176,74.0,1.0,1.0,High,1
49719,176,79.0,1.0,1.0,High,1
49789,176,84.0,1.0,1.0,High,1
49846,177,54.0,1.0,1.0,High,1
49853,177,60.0,1.0,1.0,High,1
49863,177,46.0,1.0,1.0,High,1
49896,177,45.0,1.0,1.0,High,1
49906,177,46.0,1.0,1.0,High,1
49912,177,43.0,1.0,1.0,High,1
49938,178,58.0,1.0,1.0,High,1
49959,178,54.0,1.0,1.0,High,1
49964,178,58.0,1.0,1.0,High,1
49966,178,59.0,1.0,1.0,High,1
49980,178,58.0,1.0,1.0,High,1
49993,178,57.0,1.0,1.0,High,1
50001,178,61.0,1.0,1.0,High,1
50021,178,55.0,1.0,1.0,High,1
50077,178,48.0,1.0,1.0,High,1
50122,178,45.0,1.0,1.0,High,1
50138,178,51.0,1.0,1.0,High,1
50157,178,46.0,1.0,1.0,High,1
50158,178,46.0,1.0,1.0,High,1
50174,178,55.0,1.0,1.0,High,1
50213,178,62.0,1.0,1.0,High,1
50214,178,62.0,1.0,1.0,High,1
50244,178,58.0,1.0,1.0,High,1
50245,178,58.0,1.0,1.0,High,1
50298,178,64.0,1.0,1.0,High,1
50299,178,64.0,1.0,1.0,High,1
50312,178,67.0,1.0,1.0,High,1
50324,178,71.0,1.0,1.0,High,1
50339,178,73.0,1.0,1.0,High,1
50377,178,68.0,1.0,1.0,High,1
50400,178,73.0,1.0,1.0,High,1
50402,178,78.0,1.0,1.0,High,1
50407,178,80.0,1.0,1.0,High,1
50431,178,73.0,1.0,1.0,High,1
50485,179,98.0,1.0,1.0,High,1
50536,179,84.0,1.0,1.0,High,1
50537,179,84.0,1.0,1.0,High,1
50542,179,4.0,1.0,1.0,High,1
50590,179,51.0,1.0,1.0,High,1
50603,179,101.0,1.0,1.0,High,1
50612,179,64.0,1.0,1.0,High,1
50615,179,68.0,1.0,1.0,High,1
50634,179,70.0,1.0,1.0,High,1
50657,179,93.0,1.0,1.0,High,1
50668,179,91.0,1.0,1.0,High,1
50692,179,97.0,1.0,1.0,High,1
50720,179,73.0,1.0,1.0,High,1
50740,179,94.0,1.0,1.0,High,1
50741,179,94.0,1.0,1.0,High,1
50745,179,101.0,1.0,1.0,High,1
50896,180,110.0,1.0,1.0,High,1
50914,181,42.0,1.0,1.0,High,1
50924,181,42.0,1.0,1.0,High,1
50937,181,48.0,1.0,1.0,High,1
50960,181,50.0,1.0,1.0,High,1
51009,182,55.0,1.0,1.0,High,1
51056,182,45.0,1.0,1.0,High,1
51079,182,40.0,1.0,1.0,High,1
51099,182,43.0,1.0,1.0,High,1
51101,182,43.0,1.0,1.0,High,1
51103,182,44.0,1.0,1.0,High,1
51112,182,46.0,1.0,1.0,High,1
51160,182,47.0,1.0,1.0,High,1
51179,182,50.0,1.0,1.0,High,1
51201,182,48.0,1.0,1.0,High,1
51216,182,48.0,1.0,1.0,High,1
51226,182,44.0,1.0,1.0,High,1
51241,182,42.0,1.0,1.0,High,1
51307,182,49.0,1.0,1.0,High,1
51356,182,49.0,1.0,1.0,High,1
51383,182,56.0,1.0,1.0,High,1
51407,182,57.0,1.0,1.0,High,1
51434,182,51.0,1.0,1.0,High,1
51469,182,50.0,1.0,1.0,High,1
51470,182,50.0,1.0,1.0,High,1
51478,182,49.0,1.0,1.0,High,1
51487,182,57.0,1.0,1.0,High,1
51516,182,54.0,1.0,1.0,High,1
51522,182,52.0,1.0,1.0,High,1
51613,183,76.0,1.0,1.0,High,1
51657,183,66.0,1.0,1.0,High,1
51662,183,62.0,1.0,1.0,High,1
51670,183,61.0,1.0,1.0,High,1
51672,183,58.0,1.0,1.0,High,1
51706,184,52.0,1.0,1.0,High,1
51727,184,50.0,1.0,1.0,High,1
51728,184,50.0,1.0,1.0,High,1
51760,184,83.0,1.0,1.0,High,1
51765,184,78.0,1.0,1.0,High,1
51766,184,78.0,1.0,1.0,High,1
51794,184,85.0,1.0,1.0,High,1
51883,184,77.0,1.0,1.0,High,1
51900,184,86.0,1.0,1.0,High,1
51947,184,77.0,1.0,1.0,High,1
51959,184,52.0,1.0,1.0,High,1
51971,184,57.0,1.0,1.0,High,1
51984,184,48.0,1.0,1.0,High,1
51996,184,50.0,1.0,1.0,High,1
52022,184,49.0,1.0,1.0,High,1
52057,185,46.0,1.0,1.0,High,1
52065,185,48.0,1.0,1.0,High,1
52066,185,48.0,1.0,1.0,High,1
52074,185,57.0,1.0,1.0,High,1
52083,185,51.0,1.0,1.0,High,1
52098,185,51.0,1.0,1.0,High,1
52132,185,37.0,1.0,1.0,High,1
52143,185,41.0,1.0,1.0,High,1
52170,185,42.0,1.0,1.0,High,1
52193,185,45.0,1.0,1.0,High,1
52194,185,45.0,1.0,1.0,High,1
52266,185,52.0,1.0,1.0,High,1
52316,185,46.0,1.0,1.0,High,1
52352,185,53.0,1.0,1.0,High,1
52354,185,51.0,1.0,1.0,High,1
52356,185,51.0,1.0,1.0,High,1
52408,185,55.0,1.0,1.0,High,1
52422,185,54.0,1.0,1.0,High,1
52435,185,58.0,1.0,1.0,High,1
52436,185,58.0,1.0,1.0,High,1
52450,185,54.0,1.0,1.0,High,1
52488,185,51.0,1.0,1.0,High,1
52511,185,56.0,1.0,1.0,High,1
52519,185,57.0,1.0,1.0,High,1
52520,185,57.0,1.0,1.0,High,1
52528,185,55.0,1.0,1.0,High,1
52577,185,53.0,1.0,1.0,High,1
52609,186,56.0,1.0,1.0,High,1
52651,186,67.0,1.0,1.0,High,1
52652,186,67.0,1.0,1.0,High,1
52676,186,87.0,1.0,1.0,High,1
52701,186,71.0,1.0,1.0,High,1
52711,186,81.0,1.0,1.0,High,1
52719,186,73.0,1.0,1.0,High,1
52722,186,82.0,1.0,1.0,High,1
52765,186,71.0,1.0,1.0,High,1
52815,187,55.0,1.0,1.0,High,1
52830,187,55.0,1.0,1.0,High,1
52905,187,87.0,1.0,1.0,High,1
52914,187,79.0,1.0,1.0,High,1
52974,187,85.0,1.0,1.0,High,1
52979,187,86.0,1.0,1.0,High,1
52981,187,80.0,1.0,1.0,High,1
52983,187,81.0,1.0,1.0,High,1
53014,187,65.0,1.0,1.0,High,1
53059,187,63.0,1.0,1.0,High,1
53087,187,60.0,1.0,1.0,High,1
53099,187,67.0,1.0,1.0,High,1
53101,187,63.0,1.0,1.0,High,1
53144,188,54.0,1.0,1.0,High,1
53151,188,51.0,1.0,1.0,High,1
53182,188,50.0,1.0,1.0,High,1
53219,189,55.0,1.0,1.0,High,1
53267,189,52.0,1.0,1.0,High,1
53280,190,55.0,1.0,1.0,High,1
53281,190,55.0,1.0,1.0,High,1
53313,190,48.0,1.0,1.0,High,1
53314,190,48.0,1.0,1.0,High,1
53333,190,51.0,1.0,1.0,High,1
53403,191,76.0,1.0,1.0,High,1
53451,191,90.0,1.0,1.0,High,1
53483,191,77.0,1.0,1.0,High,1
53484,191,77.0,1.0,1.0,High,1
53524,191,111.0,1.0,1.0,High,1
53531,191,111.0,1.0,1.0,High,1
53536,191,109.0,1.0,1.0,High,1
53594,191,107.0,1.0,1.0,High,1
53596,191,101.0,1.0,1.0,High,1
53597,191,101.0,1.0,1.0,High,1
53621,191,92.0,1.0,1.0,High,1
53622,191,92.0,1.0,1.0,High,1
53634,191,86.0,1.0,1.0,High,1
53648,191,100.0,1.0,1.0,High,1
53649,191,100.0,1.0,1.0,High,1
53661,191,115.0,1.0,1.0,High,1
53696,191,103.0,1.0,1.0,High,1
53706,191,99.0,1.0,1.0,High,1
53707,191,99.0,1.0,1.0,High,1
53727,191,89.0,1.0,1.0,High,1
53729,191,90.0,1.0,1.0,High,1
53766,191,97.0,1.0,1.0,High,1
53782,191,79.0,1.0,1.0,High,1
53784,191,71.0,1.0,1.0,High,1
53785,191,71.0,1.0,1.0,High,1
53823,191,51.0,1.0,1.0,High,1
53832,191,48.0,1.0,1.0,High,1
53844,191,64.0,1.0,1.0,High,1
53901,191,60.0,1.0,1.0,High,1
53929,191,72.0,1.0,1.0,High,1
53939,191,53.0,1.0,1.0,High,1
54005,192,53.0,1.0,1.0,High,1
54088,193,64.0,1.0,1.0,High,1
54093,193,74.0,1.0,1.0,High,1
54140,193,70.0,1.0,1.0,High,1
54142,193,68.0,1.0,1.0,High,1
54214,193,66.0,1.0,1.0,High,1
54247,194,32.0,1.0,1.0,High,1
54248,194,32.0,1.0,1.0,High,1
54252,194,37.0,1.0,1.0,High,1
54263,194,26.0,1.0,1.0,High,1
54274,194,31.0,1.0,1.0,High,1
54305,194,59.0,1.0,1.0,High,1
54330,194,25.0,1.0,1.0,High,1
54369,194,79.0,1.0,1.0,High,1
54387,194,49.0,1.0,1.0,High,1
54388,194,49.0,1.0,1.0,High,1
54392,194,65.0,1.0,1.0,High,1
54404,194,46.0,1.0,1.0,High,1
54423,194,60.0,1.0,1.0,High,1
54443,194,64.0,1.0,1.0,High,1
54515,195,43.0,1.0,1.0,High,1
54516,195,43.0,1.0,1.0,High,1
54526,195,48.0,1.0,1.0,High,1
54553,195,46.0,1.0,1.0,High,1
54568,195,48.0,1.0,1.0,High,1
54570,195,50.0,1.0,1.0,High,1
54572,195,62.0,1.0,1.0,High,1
54583,195,56.0,1.0,1.0,High,1
54604,195,44.0,1.0,1.0,High,1
54670,195,51.0,1.0,1.0,High,1
54695,195,55.0,1.0,1.0,High,1
54710,195,47.0,1.0,1.0,High,1
54742,195,54.0,1.0,1.0,High,1
54784,195,49.0,1.0,1.0,High,1
54836,195,59.0,1.0,1.0,High,1
54861,195,57.0,1.0,1.0,High,1
54862,195,57.0,1.0,1.0,High,1
54884,195,59.0,1.0,1.0,High,1
54897,195,61.0,1.0,1.0,High,1
54912,195,60.0,1.0,1.0,High,1
54917,195,61.0,1.0,1.0,High,1
54956,195,62.0,1.0,1.0,High,1
54986,195,66.0,1.0,1.0,High,1
55001,195,70.0,1.0,1.0,High,1
55013,195,63.0,1.0,1.0,High,1
55063,195,66.0,1.0,1.0,High,1
55064,195,66.0,1.0,1.0,High,1
55074,195,69.0,1.0,1.0,High,1
55114,195,72.0,1.0,1.0,High,1
55154,195,74.0,1.0,1.0,High,1
55204,196,80.0,1.0,1.0,High,1
55205,196,80.0,1.0,1.0,High,1
55206,196,87.0,1.0,1.0,High,1
55207,196,87.0,1.0,1.0,High,1
55235,196,80.0,1.0,1.0,High,1
55276,196,74.0,1.0,1.0,High,1
55289,196,74.0,1.0,1.0,High,1
55295,196,80.0,1.0,1.0,High,1
55296,196,80.0,1.0,1.0,High,1
55318,196,78.0,1.0,1.0,High,1
55339,196,67.0,1.0,1.0,High,1
55362,197,68.0,1.0,1.0,High,1
55363,197,68.0,1.0,1.0,High,1
55366,197,70.0,1.0,1.0,High,1
55408,197,74.0,1.0,1.0,High,1
55424,198,56.0,1.0,1.0,High,1
55426,198,56.0,1.0,1.0,High,1
55435,198,48.0,1.0,1.0,High,1
55497,198,45.0,1.0,1.0,High,1
55514,198,58.0,1.0,1.0,High,1
55522,198,58.0,1.0,1.0,High,1
55524,198,60.0,1.0,1.0,High,1
55545,198,45.0,1.0,1.0,High,1
55572,198,50.0,1.0,1.0,High,1
55591,198,43.0,1.0,1.0,High,1
55592,198,43.0,1.0,1.0,High,1
55626,198,54.0,1.0,1.0,High,1
55649,198,47.0,1.0,1.0,High,1
55663,198,56.0,1.0,1.0,High,1
55664,198,56.0,1.0,1.0,High,1
55666,198,58.0,1.0,1.0,High,1
55689,198,48.0,1.0,1.0,High,1
55702,198,48.0,1.0,1.0,High,1
55717,198,55.0,1.0,1.0,High,1
55719,198,52.0,1.0,1.0,High,1
55721,198,52.0,1.0,1.0,High,1
55727,198,49.0,1.0,1.0,High,1
55744,198,45.0,1.0,1.0,High,1
55773,198,57.0,1.0,1.0,High,1
55775,198,57.0,1.0,1.0,High,1
55776,198,57.0,1.0,1.0,High,1
55777,198,56.0,1.0,1.0,High,1
55778,198,56.0,1.0,1.0,High,1
55858,198,60.0,1.0,1.0,High,1
55881,198,66.0,1.0,1.0,High,1
55888,198,66.0,1.0,1.0,High,1
55899,198,60.0,1.0,1.0,High,1
55945,198,69.0,1.0,1.0,High,1
55946,198,69.0,1.0,1.0,High,1
55958,198,71.0,1.0,1.0,High,1
55983,198,73.0,1.0,1.0,High,1
56011,198,73.0,1.0,1.0,High,1
56040,198,75.0,1.0,1.0,High,1
56042,198,77.0,1.0,1.0,High,1
56063,198,73.0,1.0,1.0,High,1
56114,198,70.0,1.0,1.0,High,1
56122,198,68.0,1.0,1.0,High,1
56131,199,45.0,1.0,1.0,High,1
56147,199,52.0,1.0,1.0,High,1
56152,199,49.0,1.0,1.0,High,1
56157,199,51.0,1.0,1.0,High,1
56166,199,45.0,1.0,1.0,High,1
56187,199,46.0,1.0,1.0,High,1
56188,199,46.0,1.0,1.0,High,1
56189,199,43.0,1.0,1.0,High,1
56190,199,43.0,1.0,1.0,High,1
56250,199,44.0,1.0,1.0,High,1
56284,199,51.0,1.0,1.0,High,1
56300,199,46.0,1.0,1.0,High,1
56301,199,46.0,1.0,1.0,High,1
56335,199,50.0,1.0,1.0,High,1
56340,199,58.0,1.0,1.0,High,1
56370,199,51.0,1.0,1.0,High,1
56395,199,45.0,1.0,1.0,High,1
56421,199,56.0,1.0,1.0,High,1
56443,199,57.0,1.0,1.0,High,1
56454,199,59.0,1.0,1.0,High,1
56487,199,65.0,1.0,1.0,High,1
56515,199,48.0,1.0,1.0,High,1
56527,199,57.0,1.0,1.0,High,1
56544,199,52.0,1.0,1.0,High,1
56603,199,46.0,1.0,1.0,High,1
56604,199,46.0,1.0,1.0,High,1
56606,199,47.0,1.0,1.0,High,1
56608,199,48.0,1.0,1.0,High,1
56609,199,48.0,1.0,1.0,High,1
56611,199,47.0,1.0,1.0,High,1
56613,199,53.0,1.0,1.0,High,1
56618,199,51.0,1.0,1.0,High,1
56633,200,45.0,1.0,1.0,High,1
56634,200,45.0,1.0,1.0,High,1
56690,201,255.0,1.0,1.0,High,1
56702,201,255.0,1.0,1.0,High,1
56703,201,255.0,1.0,1.0,High,1
56731,202,250.0,1.0,1.0,High,1
56740,202,54.0,1.0,1.0,High,1
56751,202,83.0,1.0,1.0,High,1
56774,202,33.0,1.0,1.0,High,1
56804,203,68.0,1.0,1.0,High,1
56808,203,83.0,1.0,1.0,High,1
56838,204,68.0,1.0,1.0,High,1
56839,204,68.0,1.0,1.0,High,1
56845,204,71.0,1.0,1.0,High,1
56927,205,99.0,1.0,1.0,High,1
56969,205,79.0,1.0,1.0,High,1
56975,205,90.0,1.0,1.0,High,1
57028,205,88.0,1.0,1.0,High,1
57043,205,86.0,1.0,1.0,High,1
57044,205,86.0,1.0,1.0,High,1
57093,205,68.0,1.0,1.0,High,1
57102,205,81.0,1.0,1.0,High,1
57103,205,81.0,1.0,1.0,High,1
57106,205,82.0,1.0,1.0,High,1
57110,205,93.0,1.0,1.0,High,1
57111,205,93.0,1.0,1.0,High,1
57115,205,102.0,1.0,1.0,High,1
57133,205,65.0,1.0,1.0,High,1
57199,205,100.0,1.0,1.0,High,1
57204,205,104.0,1.0,1.0,High,1
57211,205,108.0,1.0,1.0,High,1
57229,205,94.0,1.0,1.0,High,1
57289,207,85.0,1.0,1.0,High,1
57311,207,83.0,1.0,1.0,High,1
57340,207,78.0,1.0,1.0,High,1
57343,207,83.0,1.0,1.0,High,1
57369,207,100.0,1.0,1.0,High,1
57390,207,81.0,1.0,1.0,High,1
57415,207,96.0,1.0,1.0,High,1
57448,207,93.0,1.0,1.0,High,1
57464,207,74.0,1.0,1.0,High,1
57510,207,101.0,1.0,1.0,High,1
57511,207,101.0,1.0,1.0,High,1
57577,207,82.0,1.0,1.0,High,1
57607,208,77.0,1.0,1.0,High,1
57627,208,92.0,1.0,1.0,High,1
57629,208,106.0,1.0,1.0,High,1
57676,208,72.0,1.0,1.0,High,1
57755,210,97.0,1.0,1.0,High,1
57766,210,100.0,1.0,1.0,High,1
57767,210,100.0,1.0,1.0,High,1
57779,210,99.0,1.0,1.0,High,1
57826,210,114.0,1.0,1.0,High,1
57831,210,114.0,1.0,1.0,High,1
57836,210,110.0,1.0,1.0,High,1
57872,210,132.0,1.0,1.0,High,1
57884,210,114.0,1.0,1.0,High,1
57901,210,130.0,1.0,1.0,High,1
57925,210,108.0,1.0,1.0,High,1
57926,210,108.0,1.0,1.0,High,1
57937,210,125.0,1.0,1.0,High,1
57942,210,101.0,1.0,1.0,High,1
57960,210,135.0,1.0,1.0,High,1
57974,210,106.0,1.0,1.0,High,1
57985,210,116.0,1.0,1.0,High,1
58031,210,98.0,1.0,1.0,High,1
58046,210,82.0,1.0,1.0,High,1
58083,210,91.0,1.0,1.0,High,1
58101,210,81.0,1.0,1.0,High,1
58130,210,102.0,1.0,1.0,High,1
58143,210,78.0,1.0,1.0,High,1
58144,210,78.0,1.0,1.0,High,1
58172,210,72.0,1.0,1.0,High,1
58174,210,70.0,1.0,1.0,High,1
58176,210,66.0,1.0,1.0,High,1
58186,210,68.0,1.0,1.0,High,1
58216,210,61.0,1.0,1.0,High,1
58226,210,62.0,1.0,1.0,High,1
58290,210,82.0,1.0,1.0,High,1
58302,210,116.0,1.0,1.0,High,1
58303,210,116.0,1.0,1.0,High,1
58320,210,71.0,1.0,1.0,High,1
58337,210,102.0,1.0,1.0,High,1
58349,210,93.0,1.0,1.0,High,1
58354,210,83.0,1.0,1.0,High,1
58377,210,97.0,1.0,1.0,High,1
58394,210,87.0,1.0,1.0,High,1
58414,210,92.0,1.0,1.0,High,1
58458,210,87.0,1.0,1.0,High,1
58551,210,83.0,1.0,1.0,High,1
58560,210,78.0,1.0,1.0,High,1
58576,210,94.0,1.0,1.0,High,1
58606,210,83.0,1.0,1.0,High,1
58607,210,83.0,1.0,1.0,High,1
58617,210,77.0,1.0,1.0,High,1
58620,210,71.0,1.0,1.0,High,1
58621,210,71.0,1.0,1.0,High,1
58638,210,240.0,1.0,1.0,High,1
58765,210,78.0,1.0,1.0,High,1
58777,210,70.0,1.0,1.0,High,1
58782,210,76.0,1.0,1.0,High,1
58798,210,91.0,1.0,1.0,High,1
58799,210,91.0,1.0,1.0,High,1
58807,210,80.0,1.0,1.0,High,1
58808,210,80.0,1.0,1.0,High,1
58866,210,80.0,1.0,1.0,High,1
58868,210,78.0,1.0,1.0,High,1
58910,210,89.0,1.0,1.0,High,1
58925,210,53.0,1.0,1.0,High,1
58926,210,53.0,1.0,1.0,High,1
58934,210,44.0,1.0,1.0,High,1
58975,210,59.0,1.0,1.0,High,1
58976,210,59.0,1.0,1.0,High,1
58980,210,65.0,1.0,1.0,High,1
58985,210,43.0,1.0,1.0,High,1
58988,210,81.0,1.0,1.0,High,1
58992,210,71.0,1.0,1.0,High,1
59008,210,77.0,1.0,1.0,High,1
59018,210,81.0,1.0,1.0,High,1
59070,210,36.0,1.0,1.0,High,1
59168,211,96.0,1.0,1.0,High,1
59184,211,82.0,1.0,1.0,High,1
59209,211,91.0,1.0,1.0,High,1
59210,211,91.0,1.0,1.0,High,1
59346,211,81.0,1.0,1.0,High,1
59349,211,89.0,1.0,1.0,High,1
59374,211,80.0,1.0,1.0,High,1
59375,211,80.0,1.0,1.0,High,1
59395,211,88.0,1.0,1.0,High,1
59398,211,87.0,1.0,1.0,High,1
59407,211,91.0,1.0,1.0,High,1
59447,212,58.0,1.0,1.0,High,1
59476,212,95.0,1.0,1.0,High,1
59491,212,98.0,1.0,1.0,High,1
59506,212,250.0,1.0,1.0,High,1
59507,212,250.0,1.0,1.0,High,1
59577,212,103.0,1.0,1.0,High,1
59595,212,94.0,1.0,1.0,High,1
59606,212,61.0,1.0,1.0,High,1
59622,212,105.0,1.0,1.0,High,1
59624,212,92.0,1.0,1.0,High,1
59652,212,250.0,1.0,1.0,High,1
59713,212,81.0,1.0,1.0,High,1
59722,212,250.0,1.0,1.0,High,1
59738,213,78.0,1.0,1.0,High,1
59750,213,82.0,1.0,1.0,High,1
59758,213,96.0,1.0,1.0,High,1
59769,213,73.0,1.0,1.0,High,1
59776,213,65.0,1.0,1.0,High,1
59788,213,69.0,1.0,1.0,High,1
59795,213,63.0,1.0,1.0,High,1
59818,213,105.0,1.0,1.0,High,1
59819,213,105.0,1.0,1.0,High,1
59825,213,88.0,1.0,1.0,High,1
59842,213,89.0,1.0,1.0,High,1
59843,213,89.0,1.0,1.0,High,1
59862,213,79.0,1.0,1.0,High,1
59866,213,81.0,1.0,1.0,High,1
59867,213,81.0,1.0,1.0,High,1
59887,213,56.0,1.0,1.0,High,1
59902,213,78.0,1.0,1.0,High,1
59907,213,97.0,1.0,1.0,High,1
59952,213,96.0,1.0,1.0,High,1
59953,213,96.0,1.0,1.0,High,1
59964,214,87.0,1.0,1.0,High,1
59977,214,250.0,1.0,1.0,High,1
59991,214,250.0,1.0,1.0,High,1
59996,214,90.0,1.0,1.0,High,1
60009,214,62.0,1.0,1.0,High,1
60023,214,77.0,1.0,1.0,High,1
60041,214,89.0,1.0,1.0,High,1
60076,214,250.0,1.0,1.0,High,1
60106,215,250.0,1.0,1.0,High,1
60107,215,250.0,1.0,1.0,High,1
60129,215,92.0,1.0,1.0,High,1
60130,215,92.0,1.0,1.0,High,1
60132,215,59.0,1.0,1.0,High,1
60143,215,69.0,1.0,1.0,High,1
60165,215,49.0,1.0,1.0,High,1
60171,215,63.0,1.0,1.0,High,1
60173,215,63.0,1.0,1.0,High,1
60192,215,250.0,1.0,1.0,High,1
60209,215,55.0,1.0,1.0,High,1
60215,215,78.0,1.0,1.0,High,1
60216,215,78.0,1.0,1.0,High,1
60220,215,83.0,1.0,1.0,High,1
60260,215,85.0,1.0,1.0,High,1
60296,216,79.0,1.0,1.0,High,1
60297,216,79.0,1.0,1.0,High,1
60332,216,93.0,1.0,1.0,High,1
60344,216,88.0,1.0,1.0,High,1
60395,216,80.0,1.0,1.0,High,1
60408,216,80.0,1.0,1.0,High,1
60421,216,79.0,1.0,1.0,High,1
60422,216,79.0,1.0,1.0,High,1
60438,216,80.0,1.0,1.0,High,1
60465,216,87.0,1.0,1.0,High,1
60542,216,82.0,1.0,1.0,High,1
60563,216,79.0,1.0,1.0,High,1
60620,216,80.0,1.0,1.0,High,1
60628,216,86.0,1.0,1.0,High,1
60674,216,70.0,1.0,1.0,High,1
60693,216,85.0,1.0,1.0,High,1
60720,216,78.0,1.0,1.0,High,1
60741,216,70.0,1.0,1.0,High,1
60777,216,65.0,1.0,1.0,High,1
60856,216,101.0,1.0,1.0,High,1
60900,216,101.0,1.0,1.0,High,1
60909,216,98.0,1.0,1.0,High,1
61050,216,72.0,1.0,1.0,High,1
61075,216,75.0,1.0,1.0,High,1
61097,216,113.0,1.0,1.0,High,1
61154,216,87.0,1.0,1.0,High,1
61168,216,73.0,1.0,1.0,High,1
61192,216,91.0,1.0,1.0,High,1
61217,216,66.0,1.0,1.0,High,1
61218,216,66.0,1.0,1.0,High,1
61236,216,89.0,1.0,1.0,High,1
61237,216,89.0,1.0,1.0,High,1
61246,216,105.0,1.0,1.0,High,1
61282,216,81.0,1.0,1.0,High,1
61295,216,89.0,1.0,1.0,High,1
61307,216,105.0,1.0,1.0,High,1
61375,216,95.0,1.0,1.0,High,1
61405,216,110.0,1.0,1.0,High,1
61407,216,113.0,1.0,1.0,High,1
61409,216,106.0,1.0,1.0,High,1
61411,216,108.0,1.0,1.0,High,1
61413,216,112.0,1.0,1.0,High,1
61428,216,107.0,1.0,1.0,High,1
61441,216,112.0,1.0,1.0,High,1
61510,216,110.0,1.0,1.0,High,1
61511,216,110.0,1.0,1.0,High,1
61526,216,103.0,1.0,1.0,High,1
61553,216,102.0,1.0,1.0,High,1
61555,216,107.0,1.0,1.0,High,1
61580,216,112.0,1.0,1.0,High,1
61591,216,111.0,1.0,1.0,High,1
61597,216,118.0,1.0,1.0,High,1
61598,216,118.0,1.0,1.0,High,1
61657,216,106.0,1.0,1.0,High,1
61658,216,106.0,1.0,1.0,High,1
61736,216,122.0,1.0,1.0,High,1
61779,216,105.0,1.0,1.0,High,1
61786,216,95.0,1.0,1.0,High,1
61793,216,116.0,1.0,1.0,High,1
61819,216,106.0,1.0,1.0,High,1
61834,216,99.0,1.0,1.0,High,1
61857,216,81.0,1.0,1.0,High,1
61866,216,87.0,1.0,1.0,High,1
61869,216,97.0,1.0,1.0,High,1
61889,216,71.0,1.0,1.0,High,1
61890,216,71.0,1.0,1.0,High,1
61904,216,96.0,1.0,1.0,High,1
61905,216,96.0,1.0,1.0,High,1
61907,216,87.0,1.0,1.0,High,1
61933,216,104.0,1.0,1.0,High,1
61946,216,87.0,1.0,1.0,High,1
61959,216,76.0,1.0,1.0,High,1
61965,216,100.0,1.0,1.0,High,1
61966,216,100.0,1.0,1.0,High,1
61974,216,58.0,1.0,1.0,High,1
61975,216,58.0,1.0,1.0,High,1
62006,216,61.0,1.0,1.0,High,1
62011,216,81.0,1.0,1.0,High,1
62017,216,59.0,1.0,1.0,High,1
62081,216,83.0,1.0,1.0,High,1
62113,216,98.0,1.0,1.0,High,1
62115,216,93.0,1.0,1.0,High,1
62127,216,82.0,1.0,1.0,High,1
62159,216,107.0,1.0,1.0,High,1
62213,216,87.0,1.0,1.0,High,1
62240,216,90.0,1.0,1.0,High,1
62280,216,92.0,1.0,1.0,High,1
62320,216,84.0,1.0,1.0,High,1
62369,216,99.0,1.0,1.0,High,1
62404,216,26.0,1.0,1.0,High,1
62405,216,26.0,1.0,1.0,High,1
62409,216,3.0,1.0,1.0,High,1
62429,216,71.0,1.0,1.0,High,1
62430,216,71.0,1.0,1.0,High,1
62455,216,79.0,1.0,1.0,High,1
62580,216,68.0,1.0,1.0,High,1
62593,216,76.0,1.0,1.0,High,1
62613,216,82.0,1.0,1.0,High,1
62625,216,72.0,1.0,1.0,High,1
62630,216,77.0,1.0,1.0,High,1
62665,216,77.0,1.0,1.0,High,1
62672,216,74.0,1.0,1.0,High,1
62673,216,74.0,1.0,1.0,High,1
62710,216,50.0,1.0,1.0,High,1
62711,216,50.0,1.0,1.0,High,1
62790,216,75.0,1.0,1.0,High,1
62816,216,16.0,1.0,1.0,High,1
62824,216,18.0,1.0,1.0,High,1
62827,216,18.0,1.0,1.0,High,1
62845,216,19.0,1.0,1.0,High,1
62848,216,28.0,1.0,1.0,High,1
62866,217,98.0,1.0,1.0,High,1
62875,217,103.0,1.0,1.0,High,1
62897,217,98.0,1.0,1.0,High,1
62914,217,91.0,1.0,1.0,High,1
62945,217,91.0,1.0,1.0,High,1
62946,217,91.0,1.0,1.0,High,1
62964,218,80.0,1.0,1.0,High,1
62965,218,80.0,1.0,1.0,High,1
62971,218,82.0,1.0,1.0,High,1
62979,218,86.0,1.0,1.0,High,1
62980,218,86.0,1.0,1.0,High,1
63020,218,51.0,1.0,1.0,High,1
63048,219,108.0,1.0,1.0,High,1
63066,219,91.0,1.0,1.0,High,1
63083,219,99.0,1.0,1.0,High,1
63101,219,84.0,1.0,1.0,High,1
63109,219,86.0,1.0,1.0,High,1
63137,219,98.0,1.0,1.0,High,1
63161,220,255.0,1.0,1.0,High,1
63162,220,255.0,1.0,1.0,High,1
63214,221,62.0,1.0,1.0,High,1
63215,221,62.0,1.0,1.0,High,1
63234,221,61.0,1.0,1.0,High,1
63262,222,83.0,1.0,1.0,High,1
63263,222,83.0,1.0,1.0,High,1
63278,222,73.0,1.0,1.0,High,1
63279,222,73.0,1.0,1.0,High,1
63328,222,75.0,1.0,1.0,High,1
63338,222,89.0,1.0,1.0,High,1
63383,222,62.0,1.0,1.0,High,1
63404,222,56.0,1.0,1.0,High,1
63426,222,49.0,1.0,1.0,High,1
63440,222,53.0,1.0,1.0,High,1
63441,222,53.0,1.0,1.0,High,1
63454,222,48.0,1.0,1.0,High,1
63470,222,57.0,1.0,1.0,High,1
63494,222,59.0,1.0,1.0,High,1
63495,222,59.0,1.0,1.0,High,1
63497,222,55.0,1.0,1.0,High,1
63499,222,53.0,1.0,1.0,High,1
63502,222,53.0,1.0,1.0,High,1
63534,222,53.0,1.0,1.0,High,1
63536,222,51.0,1.0,1.0,High,1
63611,223,83.0,1.0,1.0,High,1
63622,223,98.0,1.0,1.0,High,1
63651,223,85.0,1.0,1.0,High,1
63659,223,79.0,1.0,1.0,High,1
63695,223,85.0,1.0,1.0,High,1
63710,223,77.0,1.0,1.0,High,1
63722,223,68.0,1.0,1.0,High,1
63743,223,86.0,1.0,1.0,High,1
63770,223,77.0,1.0,1.0,High,1
63771,223,77.0,1.0,1.0,High,1
63812,223,73.0,1.0,1.0,High,1
63821,223,69.0,1.0,1.0,High,1
63822,223,69.0,1.0,1.0,High,1
63859,223,79.0,1.0,1.0,High,1
63864,223,88.0,1.0,1.0,High,1
63867,223,112.0,1.0,1.0,High,1
63904,223,116.0,1.0,1.0,High,1
63905,223,116.0,1.0,1.0,High,1
63912,223,124.0,1.0,1.0,High,1
63928,223,125.0,1.0,1.0,High,1
63955,224,68.0,1.0,1.0,High,1
63994,224,54.0,1.0,1.0,High,1
64016,224,56.0,1.0,1.0,High,1
64044,224,53.0,1.0,1.0,High,1
64081,225,45.0,1.0,1.0,High,1
64082,225,45.0,1.0,1.0,High,1
64098,225,47.0,1.0,1.0,High,1
64099,225,47.0,1.0,1.0,High,1
64115,225,57.0,1.0,1.0,High,1
64116,225,57.0,1.0,1.0,High,1
64155,225,56.0,1.0,1.0,High,1
64158,225,52.0,1.0,1.0,High,1
64201,225,67.0,1.0,1.0,High,1
64202,225,67.0,1.0,1.0,High,1
64221,226,138.0,1.0,1.0,High,1
64236,226,131.0,1.0,1.0,High,1
64274,226,84.0,1.0,1.0,High,1
64279,226,81.0,1.0,1.0,High,1
64356,227,79.0,1.0,1.0,High,1
64373,227,76.0,1.0,1.0,High,1
64376,227,68.0,1.0,1.0,High,1
64464,227,86.0,1.0,1.0,High,1
64488,227,78.0,1.0,1.0,High,1
64510,227,113.0,1.0,1.0,High,1
64519,227,100.0,1.0,1.0,High,1
64525,227,119.0,1.0,1.0,High,1
64558,228,55.0,1.0,1.0,High,1
64567,228,55.0,1.0,1.0,High,1
64572,228,55.0,1.0,1.0,High,1
64577,228,45.0,1.0,1.0,High,1
64582,228,63.0,1.0,1.0,High,1
64583,228,63.0,1.0,1.0,High,1
64603,228,51.0,1.0,1.0,High,1
64721,228,59.0,1.0,1.0,High,1
64786,228,62.0,1.0,1.0,High,1
64800,228,74.0,1.0,1.0,High,1
64856,228,79.0,1.0,1.0,High,1
64870,228,84.0,1.0,1.0,High,1
64897,228,65.0,1.0,1.0,High,1
64916,228,66.0,1.0,1.0,High,1
64933,228,71.0,1.0,1.0,High,1
64940,228,74.0,1.0,1.0,High,1
64941,228,74.0,1.0,1.0,High,1
64953,228,71.0,1.0,1.0,High,1
64971,228,86.0,1.0,1.0,High,1
64988,228,78.0,1.0,1.0,High,1
65072,229,139.0,1.0,1.0,High,1
65087,229,126.0,1.0,1.0,High,1
65088,229,126.0,1.0,1.0,High,1
65099,229,103.0,1.0,1.0,High,1
65115,229,93.0,1.0,1.0,High,1
65136,229,73.0,1.0,1.0,High,1
65147,229,79.0,1.0,1.0,High,1
65164,229,76.0,1.0,1.0,High,1
65169,229,83.0,1.0,1.0,High,1
65187,229,71.0,1.0,1.0,High,1
65208,229,63.0,1.0,1.0,High,1
65213,229,64.0,1.0,1.0,High,1
65214,229,64.0,1.0,1.0,High,1
65243,229,66.0,1.0,1.0,High,1
65255,229,70.0,1.0,1.0,High,1
65311,230,116.0,1.0,1.0,High,1
65312,230,116.0,1.0,1.0,High,1
65343,230,139.0,1.0,1.0,High,1
65362,230,92.0,1.0,1.0,High,1
65365,230,79.0,1.0,1.0,High,1
65381,230,97.0,1.0,1.0,High,1
65423,230,76.0,1.0,1.0,High,1
65479,230,121.0,1.0,1.0,High,1
65525,230,89.0,1.0,1.0,High,1
65615,231,89.0,1.0,1.0,High,1
65616,231,89.0,1.0,1.0,High,1
65665,231,81.0,1.0,1.0,High,1
65689,231,78.0,1.0,1.0,High,1
65716,231,86.0,1.0,1.0,High,1
65741,231,66.0,1.0,1.0,High,1
65746,231,62.0,1.0,1.0,High,1
65747,231,62.0,1.0,1.0,High,1
65805,231,57.0,1.0,1.0,High,1
65806,231,57.0,1.0,1.0,High,1
65834,231,49.0,1.0,1.0,High,1
65844,231,55.0,1.0,1.0,High,1
65846,231,63.0,1.0,1.0,High,1
65865,231,65.0,1.0,1.0,High,1
65873,231,61.0,1.0,1.0,High,1
65874,231,61.0,1.0,1.0,High,1
65971,232,80.0,1.0,1.0,High,1
65972,232,80.0,1.0,1.0,High,1
65979,232,83.0,1.0,1.0,High,1
65980,232,83.0,1.0,1.0,High,1
65987,232,69.0,1.0,1.0,High,1
66017,232,67.0,1.0,1.0,High,1
66050,232,64.0,1.0,1.0,High,1
66079,232,69.0,1.0,1.0,High,1
66098,233,92.0,1.0,1.0,High,1
66131,233,80.0,1.0,1.0,High,1
66156,233,88.0,1.0,1.0,High,1
66210,233,82.0,1.0,1.0,High,1
66211,233,82.0,1.0,1.0,High,1
66213,233,81.0,1.0,1.0,High,1
66237,233,76.0,1.0,1.0,High,1
66290,233,67.0,1.0,1.0,High,1
66317,233,64.0,1.0,1.0,High,1
66332,233,65.0,1.0,1.0,High,1
66341,233,72.0,1.0,1.0,High,1
66342,233,72.0,1.0,1.0,High,1
66376,234,89.0,1.0,1.0,High,1
66377,234,89.0,1.0,1.0,High,1
66379,234,92.0,1.0,1.0,High,1
66381,234,105.0,1.0,1.0,High,1
66402,235,21.0,1.0,1.0,High,1
66411,235,23.0,1.0,1.0,High,1
66413,235,35.0,1.0,1.0,High,1
66415,235,44.0,1.0,1.0,High,1
66417,235,35.0,1.0,1.0,High,1
66439,235,31.0,1.0,1.0,High,1
66459,235,250.0,1.0,1.0,High,1
66472,235,24.0,1.0,1.0,High,1
66474,235,24.0,1.0,1.0,High,1
66475,235,24.0,1.0,1.0,High,1
66487,235,27.0,1.0,1.0,High,1
66499,235,41.0,1.0,1.0,High,1
66515,235,83.0,1.0,1.0,High,1
66537,235,59.0,1.0,1.0,High,1
66549,235,55.0,1.0,1.0,High,1
66563,235,51.0,1.0,1.0,High,1
66572,235,63.0,1.0,1.0,High,1
66581,235,56.0,1.0,1.0,High,1
66599,235,43.0,1.0,1.0,High,1
66600,235,43.0,1.0,1.0,High,1
66602,235,46.0,1.0,1.0,High,1
66609,235,62.0,1.0,1.0,High,1
66668,236,28.0,1.0,1.0,High,1
66675,236,38.0,1.0,1.0,High,1
66691,236,24.0,1.0,1.0,High,1
66707,236,36.0,1.0,1.0,High,1
66712,236,52.0,1.0,1.0,High,1
66732,236,62.0,1.0,1.0,High,1
66752,236,77.0,1.0,1.0,High,1
66756,236,82.0,1.0,1.0,High,1
66777,236,82.0,1.0,1.0,High,1
66811,236,80.0,1.0,1.0,High,1
66818,236,52.0,1.0,1.0,High,1
66819,236,52.0,1.0,1.0,High,1
66827,236,59.0,1.0,1.0,High,1
66828,236,59.0,1.0,1.0,High,1
66876,236,67.0,1.0,1.0,High,1
66877,236,67.0,1.0,1.0,High,1
66902,236,77.0,1.0,1.0,High,1
66904,236,85.0,1.0,1.0,High,1
66937,236,70.0,1.0,1.0,High,1
66938,236,70.0,1.0,1.0,High,1
66953,236,68.0,1.0,1.0,High,1
66976,236,83.0,1.0,1.0,High,1
67006,236,63.0,1.0,1.0,High,1
67034,236,84.0,1.0,1.0,High,1
67069,236,85.0,1.0,1.0,High,1
67070,236,85.0,1.0,1.0,High,1
67074,237,87.0,1.0,1.0,High,1
67076,237,96.0,1.0,1.0,High,1
67104,237,85.0,1.0,1.0,High,1
67148,238,77.0,1.0,1.0,High,1
67185,238,76.0,1.0,1.0,High,1
67190,238,94.0,1.0,1.0,High,1
67210,238,94.0,1.0,1.0,High,1
67240,238,73.0,1.0,1.0,High,1
67253,238,73.0,1.0,1.0,High,1
67285,239,73.0,1.0,1.0,High,1
67316,239,80.0,1.0,1.0,High,1
67343,239,86.0,1.0,1.0,High,1
67366,239,82.0,1.0,1.0,High,1
67387,239,84.0,1.0,1.0,High,1
67426,240,100.0,1.0,1.0,High,1
67436,240,90.0,1.0,1.0,High,1
67443,240,93.0,1.0,1.0,High,1
67484,241,84.0,1.0,1.0,High,1
67504,241,89.0,1.0,1.0,High,1
67536,241,80.0,1.0,1.0,High,1
67633,241,76.0,1.0,1.0,High,1
67685,241,87.0,1.0,1.0,High,1
67726,241,82.0,1.0,1.0,High,1
67737,241,88.0,1.0,1.0,High,1
67780,241,82.0,1.0,1.0,High,1
67785,241,78.0,1.0,1.0,High,1
67796,241,67.0,1.0,1.0,High,1
67849,241,73.0,1.0,1.0,High,1
67850,241,73.0,1.0,1.0,High,1
67854,241,95.0,1.0,1.0,High,1
67863,241,95.0,1.0,1.0,High,1
67864,241,95.0,1.0,1.0,High,1
67883,241,75.0,1.0,1.0,High,1
67907,241,94.0,1.0,1.0,High,1
67928,241,95.0,1.0,1.0,High,1
67929,241,95.0,1.0,1.0,High,1
67946,241,75.0,1.0,1.0,High,1
67971,241,92.0,1.0,1.0,High,1
68011,242,61.0,1.0,1.0,High,1
68020,242,59.0,1.0,1.0,High,1
68058,242,46.0,1.0,1.0,High,1
68059,242,46.0,1.0,1.0,High,1
68065,242,48.0,1.0,1.0,High,1
68122,242,47.0,1.0,1.0,High,1
68125,242,48.0,1.0,1.0,High,1
68151,242,47.0,1.0,1.0,High,1
68166,242,51.0,1.0,1.0,High,1
68189,242,53.0,1.0,1.0,High,1
68208,242,57.0,1.0,1.0,High,1
68263,242,49.0,1.0,1.0,High,1
68343,242,62.0,1.0,1.0,High,1
68384,242,64.0,1.0,1.0,High,1
68422,244,75.0,1.0,1.0,High,1
68423,244,75.0,1.0,1.0,High,1
68428,244,92.0,1.0,1.0,High,1
68451,244,99.0,1.0,1.0,High,1
68489,244,96.0,1.0,1.0,High,1
68501,244,81.0,1.0,1.0,High,1
68522,244,72.0,1.0,1.0,High,1
68548,244,92.0,1.0,1.0,High,1
68555,244,77.0,1.0,1.0,High,1
68622,244,96.0,1.0,1.0,High,1
68623,244,96.0,1.0,1.0,High,1
68658,244,93.0,1.0,1.0,High,1
68674,244,90.0,1.0,1.0,High,1
68689,244,93.0,1.0,1.0,High,1
68699,244,84.0,1.0,1.0,High,1
68717,244,77.0,1.0,1.0,High,1
68737,244,67.0,1.0,1.0,High,1
68738,244,67.0,1.0,1.0,High,1
68766,244,57.0,1.0,1.0,High,1
68771,244,58.0,1.0,1.0,High,1
68849,245,89.0,1.0,1.0,High,1
68871,245,102.0,1.0,1.0,High,1
68893,245,61.0,1.0,1.0,High,1
68907,245,93.0,1.0,1.0,High,1
68911,245,99.0,1.0,1.0,High,1
68912,245,99.0,1.0,1.0,High,1
68943,245,106.0,1.0,1.0,High,1
68958,245,89.0,1.0,1.0,High,1
68959,245,89.0,1.0,1.0,High,1
68986,245,90.0,1.0,1.0,High,1
68988,245,95.0,1.0,1.0,High,1
69006,245,101.0,1.0,1.0,High,1
69011,245,94.0,1.0,1.0,High,1
69013,245,99.0,1.0,1.0,High,1
69016,245,100.0,1.0,1.0,High,1
69038,245,100.0,1.0,1.0,High,1
69088,245,100.0,1.0,1.0,High,1
69130,245,112.0,1.0,1.0,High,1
69149,245,124.0,1.0,1.0,High,1
69191,245,115.0,1.0,1.0,High,1
69216,245,112.0,1.0,1.0,High,1
69233,245,110.0,1.0,1.0,High,1
69303,245,106.0,1.0,1.0,High,1
69304,245,106.0,1.0,1.0,High,1
69322,245,88.0,1.0,1.0,High,1
69358,246,101.0,1.0,1.0,High,1
69373,246,108.0,1.0,1.0,High,1
69426,247,95.0,1.0,1.0,High,1
69472,248,119.0,1.0,1.0,High,1
69511,248,118.0,1.0,1.0,High,1
69533,248,106.0,1.0,1.0,High,1
69622,248,97.0,1.0,1.0,High,1
69630,248,108.0,1.0,1.0,High,1
69635,248,100.0,1.0,1.0,High,1
69667,248,89.0,1.0,1.0,High,1
69673,248,103.0,1.0,1.0,High,1
69675,248,86.0,1.0,1.0,High,1
69689,248,73.0,1.0,1.0,High,1
69692,248,79.0,1.0,1.0,High,1
69697,248,80.0,1.0,1.0,High,1
69717,248,115.0,1.0,1.0,High,1
69727,248,110.0,1.0,1.0,High,1
69728,248,110.0,1.0,1.0,High,1
69737,248,90.0,1.0,1.0,High,1
69768,249,91.0,1.0,1.0,High,1
69828,249,97.0,1.0,1.0,High,1
69829,249,97.0,1.0,1.0,High,1
69838,249,104.0,1.0,1.0,High,1
69860,249,93.0,1.0,1.0,High,1
69868,249,95.0,1.0,1.0,High,1
69879,249,97.0,1.0,1.0,High,1
69888,249,72.0,1.0,1.0,High,1
69890,249,85.0,1.0,1.0,High,1
69897,249,98.0,1.0,1.0,High,1
69933,249,101.0,1.0,1.0,High,1
69936,249,99.0,1.0,1.0,High,1
69963,249,129.0,1.0,1.0,High,1
69969,249,127.0,1.0,1.0,High,1
69976,249,133.0,1.0,1.0,High,1
69992,249,109.0,1.0,1.0,High,1
69993,249,109.0,1.0,1.0,High,1
70028,249,91.0,1.0,1.0,High,1
70049,249,104.0,1.0,1.0,High,1
70074,249,98.0,1.0,1.0,High,1
70185,249,82.0,1.0,1.0,High,1
70196,249,78.0,1.0,1.0,High,1
70220,250,77.0,1.0,1.0,High,1
70236,250,88.0,1.0,1.0,High,1
70245,250,90.0,1.0,1.0,High,1
70246,250,90.0,1.0,1.0,High,1
70284,250,75.0,1.0,1.0,High,1
70313,250,101.0,1.0,1.0,High,1
70316,250,106.0,1.0,1.0,High,1
70317,250,106.0,1.0,1.0,High,1
70323,250,95.0,1.0,1.0,High,1
70334,250,94.0,1.0,1.0,High,1
70357,250,83.0,1.0,1.0,High,1
70358,250,83.0,1.0,1.0,High,1
70377,250,94.0,1.0,1.0,High,1
70405,250,117.0,1.0,1.0,High,1
70436,250,89.0,1.0,1.0,High,1
70458,250,92.0,1.0,1.0,High,1
70463,250,105.0,1.0,1.0,High,1
70475,250,87.0,1.0,1.0,High,1
70476,250,87.0,1.0,1.0,High,1
70482,251,99.0,1.0,1.0,High,1
70490,252,94.0,1.0,1.0,High,1
70500,252,78.0,1.0,1.0,High,1
70502,252,85.0,1.0,1.0,High,1
70519,252,89.0,1.0,1.0,High,1
70520,252,89.0,1.0,1.0,High,1
70540,252,78.0,1.0,1.0,High,1
70570,252,83.0,1.0,1.0,High,1
70591,252,91.0,1.0,1.0,High,1
70635,252,240.0,1.0,1.0,High,1
70636,252,240.0,1.0,1.0,High,1
70649,252,71.0,1.0,1.0,High,1
70654,252,59.0,1.0,1.0,High,1
70677,252,83.0,1.0,1.0,High,1
70678,252,83.0,1.0,1.0,High,1
70715,252,93.0,1.0,1.0,High,1
70717,252,87.0,1.0,1.0,High,1
70733,252,69.0,1.0,1.0,High,1
70795,252,97.0,1.0,1.0,High,1
70851,252,74.0,1.0,1.0,High,1
70856,252,73.0,1.0,1.0,High,1
70885,252,75.0,1.0,1.0,High,1
70960,252,56.0,1.0,1.0,High,1
70961,252,56.0,1.0,1.0,High,1
71058,252,24.0,1.0,1.0,High,1
71063,252,250.0,1.0,1.0,High,1
71064,252,250.0,1.0,1.0,High,1
71120,253,89.0,1.0,1.0,High,1
71124,253,84.0,1.0,1.0,High,1
71125,253,84.0,1.0,1.0,High,1
71137,253,91.0,1.0,1.0,High,1
71211,254,93.0,1.0,1.0,High,1
71213,254,90.0,1.0,1.0,High,1
71232,254,86.0,1.0,1.0,High,1
71241,254,107.0,1.0,1.0,High,1
71263,254,101.0,1.0,1.0,High,1
71281,254,117.0,1.0,1.0,High,1
71303,254,100.0,1.0,1.0,High,1
71325,254,95.0,1.0,1.0,High,1
71340,254,110.0,1.0,1.0,High,1
71383,254,100.0,1.0,1.0,High,1
71417,254,83.0,1.0,1.0,High,1
71418,254,83.0,1.0,1.0,High,1
71431,254,102.0,1.0,1.0,High,1
71432,254,102.0,1.0,1.0,High,1
71441,254,77.0,1.0,1.0,High,1
71532,254,116.0,1.0,1.0,High,1
71550,254,94.0,1.0,1.0,High,1
71551,254,94.0,1.0,1.0,High,1
71565,254,125.0,1.0,1.0,High,1
71579,254,121.0,1.0,1.0,High,1
71599,254,105.0,1.0,1.0,High,1
71600,254,105.0,1.0,1.0,High,1
71613,254,105.0,1.0,1.0,High,1
71656,254,80.0,1.0,1.0,High,1
71677,254,81.0,1.0,1.0,High,1
71691,254,75.0,1.0,1.0,High,1
71699,254,99.0,1.0,1.0,High,1
71704,254,86.0,1.0,1.0,High,1
71745,254,75.0,1.0,1.0,High,1
71746,254,75.0,1.0,1.0,High,1
71762,254,63.0,1.0,1.0,High,1
71765,255,90.0,1.0,1.0,High,1
71772,255,84.0,1.0,1.0,High,1
71779,255,71.0,1.0,1.0,High,1
71789,255,82.0,1.0,1.0,High,1
71791,255,83.0,1.0,1.0,High,1
71811,255,100.0,1.0,1.0,High,1
71839,255,101.0,1.0,1.0,High,1
71840,255,101.0,1.0,1.0,High,1
71874,255,81.0,1.0,1.0,High,1
71875,255,81.0,1.0,1.0,High,1
71879,255,80.0,1.0,1.0,High,1
71917,255,81.0,1.0,1.0,High,1
71923,255,90.0,1.0,1.0,High,1
71936,255,83.0,1.0,1.0,High,1
71957,255,75.0,1.0,1.0,High,1
71970,255,61.0,1.0,1.0,High,1
71991,255,60.0,1.0,1.0,High,1
71992,255,60.0,1.0,1.0,High,1
72002,255,56.0,1.0,1.0,High,1
72020,255,50.0,1.0,1.0,High,1
72031,255,67.0,1.0,1.0,High,1
72079,256,60.0,1.0,1.0,High,1
72081,256,61.0,1.0,1.0,High,1
72094,256,75.0,1.0,1.0,High,1
72118,256,59.0,1.0,1.0,High,1
72142,257,99.0,1.0,1.0,High,1
72145,257,98.0,1.0,1.0,High,1
72157,257,95.0,1.0,1.0,High,1
72164,257,100.0,1.0,1.0,High,1
72169,257,95.0,1.0,1.0,High,1
72176,257,96.0,1.0,1.0,High,1
72194,257,88.0,1.0,1.0,High,1
72195,257,88.0,1.0,1.0,High,1
72205,257,86.0,1.0,1.0,High,1
72206,257,86.0,1.0,1.0,High,1
72219,257,107.0,1.0,1.0,High,1
72224,257,109.0,1.0,1.0,High,1
72234,257,108.0,1.0,1.0,High,1
72241,257,112.0,1.0,1.0,High,1
72299,257,134.0,1.0,1.0,High,1
72320,257,117.0,1.0,1.0,High,1
72355,257,118.0,1.0,1.0,High,1
72378,257,84.0,1.0,1.0,High,1
72425,258,96.0,1.0,1.0,High,1
72446,258,102.0,1.0,1.0,High,1
72455,258,100.0,1.0,1.0,High,1
72456,258,100.0,1.0,1.0,High,1
72480,258,102.0,1.0,1.0,High,1
72489,258,118.0,1.0,1.0,High,1
72506,258,74.0,1.0,1.0,High,1
72513,258,107.0,1.0,1.0,High,1
72528,258,100.0,1.0,1.0,High,1
72556,258,105.0,1.0,1.0,High,1
72557,258,105.0,1.0,1.0,High,1
72566,258,124.0,1.0,1.0,High,1
72571,258,100.0,1.0,1.0,High,1
72587,258,127.0,1.0,1.0,High,1
72588,258,127.0,1.0,1.0,High,1
72626,258,107.0,1.0,1.0,High,1
72631,258,107.0,1.0,1.0,High,1
72660,258,111.0,1.0,1.0,High,1
72673,258,82.0,1.0,1.0,High,1
72676,258,90.0,1.0,1.0,High,1
72743,258,77.0,1.0,1.0,High,1
72775,258,86.0,1.0,1.0,High,1
72807,258,72.0,1.0,1.0,High,1
72827,258,72.0,1.0,1.0,High,1
72855,258,89.0,1.0,1.0,High,1
72858,258,89.0,1.0,1.0,High,1
72891,258,77.0,1.0,1.0,High,1
72937,260,57.0,1.0,1.0,High,1
72973,261,69.0,1.0,1.0,High,1
72974,261,69.0,1.0,1.0,High,1
73024,262,73.0,1.0,1.0,High,1
73047,262,84.0,1.0,1.0,High,1
73062,262,66.0,1.0,1.0,High,1
73076,262,68.0,1.0,1.0,High,1
73097,262,77.0,1.0,1.0,High,1
73119,263,46.0,1.0,1.0,High,1
73142,263,47.0,1.0,1.0,High,1
73217,263,45.0,1.0,1.0,High,1
73219,263,49.0,1.0,1.0,High,1
73287,263,45.0,1.0,1.0,High,1
73347,263,54.0,1.0,1.0,High,1
73414,263,60.0,1.0,1.0,High,1
73426,263,58.0,1.0,1.0,High,1
73427,263,58.0,1.0,1.0,High,1
73435,263,61.0,1.0,1.0,High,1
73481,263,51.0,1.0,1.0,High,1
73560,263,55.0,1.0,1.0,High,1
73583,263,69.0,1.0,1.0,High,1
73602,263,90.0,1.0,1.0,High,1
73610,263,75.0,1.0,1.0,High,1
73611,263,75.0,1.0,1.0,High,1
73622,263,73.0,1.0,1.0,High,1
73656,263,60.0,1.0,1.0,High,1
73657,263,60.0,1.0,1.0,High,1
73706,263,64.0,1.0,1.0,High,1
73707,263,64.0,1.0,1.0,High,1
73733,263,70.0,1.0,1.0,High,1
73808,263,65.0,1.0,1.0,High,1
73815,263,70.0,1.0,1.0,High,1
73828,263,71.0,1.0,1.0,High,1
73846,263,65.0,1.0,1.0,High,1
73894,264,62.0,1.0,1.0,High,1
73896,264,61.0,1.0,1.0,High,1
73907,264,63.0,1.0,1.0,High,1
73965,264,72.0,1.0,1.0,High,1
73981,264,75.0,1.0,1.0,High,1
73983,264,96.0,1.0,1.0,High,1
74019,264,78.0,1.0,1.0,High,1
74116,264,69.0,1.0,1.0,High,1
74148,264,73.0,1.0,1.0,High,1
74236,264,103.0,1.0,1.0,High,1
74291,264,95.0,1.0,1.0,High,1
74300,264,94.0,1.0,1.0,High,1
74315,264,67.0,1.0,1.0,High,1
74332,264,93.0,1.0,1.0,High,1
74364,264,83.0,1.0,1.0,High,1
74365,264,83.0,1.0,1.0,High,1
74368,264,96.0,1.0,1.0,High,1
74449,266,90.0,1.0,1.0,High,1
74451,266,84.0,1.0,1.0,High,1
74538,266,72.0,1.0,1.0,High,1
74546,266,83.0,1.0,1.0,High,1
74588,266,58.0,1.0,1.0,High,1
74594,266,69.0,1.0,1.0,High,1
74600,266,75.0,1.0,1.0,High,1
74657,266,68.0,1.0,1.0,High,1
74687,266,62.0,1.0,1.0,High,1
74747,266,56.0,1.0,1.0,High,1
74825,267,153.0,1.0,1.0,High,1
74843,267,144.0,1.0,1.0,High,1
74844,267,144.0,1.0,1.0,High,1
74852,267,104.0,1.0,1.0,High,1
74869,268,113.0,1.0,1.0,High,1
74870,268,113.0,1.0,1.0,High,1
74918,268,98.0,1.0,1.0,High,1
74938,268,103.0,1.0,1.0,High,1
74971,268,90.0,1.0,1.0,High,1
74972,268,90.0,1.0,1.0,High,1
74987,268,101.0,1.0,1.0,High,1
75018,268,102.0,1.0,1.0,High,1
75030,268,106.0,1.0,1.0,High,1
75031,268,106.0,1.0,1.0,High,1
75050,269,70.0,1.0,1.0,High,1
75075,269,79.0,1.0,1.0,High,1
75099,269,107.0,1.0,1.0,High,1
75100,269,107.0,1.0,1.0,High,1
75104,269,117.0,1.0,1.0,High,1
75105,269,117.0,1.0,1.0,High,1
75134,269,102.0,1.0,1.0,High,1
75136,269,105.0,1.0,1.0,High,1
75174,269,104.0,1.0,1.0,High,1
75199,270,57.0,1.0,1.0,High,1
75220,271,91.0,1.0,1.0,High,1
75301,272,46.0,1.0,1.0,High,1
75347,272,57.0,1.0,1.0,High,1
75363,272,58.0,1.0,1.0,High,1
75388,272,53.0,1.0,1.0,High,1
75440,272,54.0,1.0,1.0,High,1
75496,272,51.0,1.0,1.0,High,1
75501,272,55.0,1.0,1.0,High,1
75504,272,56.0,1.0,1.0,High,1
75507,272,58.0,1.0,1.0,High,1
75510,272,55.0,1.0,1.0,High,1
75513,272,54.0,1.0,1.0,High,1
75514,272,54.0,1.0,1.0,High,1
75520,272,59.0,1.0,1.0,High,1
75527,272,57.0,1.0,1.0,High,1
75541,272,53.0,1.0,1.0,High,1
75542,272,53.0,1.0,1.0,High,1
75556,272,54.0,1.0,1.0,High,1
75558,272,55.0,1.0,1.0,High,1
75592,272,53.0,1.0,1.0,High,1
75612,272,53.0,1.0,1.0,High,1
75640,272,61.0,1.0,1.0,High,1
75713,272,62.0,1.0,1.0,High,1
75731,272,65.0,1.0,1.0,High,1
75828,272,59.0,1.0,1.0,High,1
75837,272,72.0,1.0,1.0,High,1
75838,272,72.0,1.0,1.0,High,1
75845,272,65.0,1.0,1.0,High,1
75854,272,65.0,1.0,1.0,High,1
75855,272,65.0,1.0,1.0,High,1
75933,272,82.0,1.0,1.0,High,1
75949,272,81.0,1.0,1.0,High,1
75973,272,74.0,1.0,1.0,High,1
75997,272,56.0,1.0,1.0,High,1
76008,272,68.0,1.0,1.0,High,1
76009,272,68.0,1.0,1.0,High,1
76011,272,64.0,1.0,1.0,High,1
76043,273,78.0,1.0,1.0,High,1
76044,273,78.0,1.0,1.0,High,1
76083,273,69.0,1.0,1.0,High,1
76110,273,70.0,1.0,1.0,High,1
76117,274,80.0,1.0,1.0,High,1
76146,274,70.0,1.0,1.0,High,1
76149,274,67.0,1.0,1.0,High,1
76155,274,75.0,1.0,1.0,High,1
76184,274,65.0,1.0,1.0,High,1
76235,274,85.0,1.0,1.0,High,1
76292,274,66.0,1.0,1.0,High,1
76307,274,68.0,1.0,1.0,High,1
76329,274,67.0,1.0,1.0,High,1
76335,274,62.0,1.0,1.0,High,1
76352,274,68.0,1.0,1.0,High,1
76353,274,68.0,1.0,1.0,High,1
76411,274,67.0,1.0,1.0,High,1
76412,274,67.0,1.0,1.0,High,1
76424,274,82.0,1.0,1.0,High,1
76473,274,73.0,1.0,1.0,High,1
76478,274,84.0,1.0,1.0,High,1
76481,274,80.0,1.0,1.0,High,1
76535,274,106.0,1.0,1.0,High,1
76536,274,106.0,1.0,1.0,High,1
76572,275,51.0,1.0,1.0,High,1
76609,275,56.0,1.0,1.0,High,1
76622,275,53.0,1.0,1.0,High,1
76625,275,47.0,1.0,1.0,High,1
76638,275,61.0,1.0,1.0,High,1
76651,275,52.0,1.0,1.0,High,1
76687,275,56.0,1.0,1.0,High,1
76848,275,52.0,1.0,1.0,High,1
76851,275,54.0,1.0,1.0,High,1
76870,275,52.0,1.0,1.0,High,1
76887,275,58.0,1.0,1.0,High,1
76960,275,62.0,1.0,1.0,High,1
77024,275,62.0,1.0,1.0,High,1
77026,275,60.0,1.0,1.0,High,1
77098,275,72.0,1.0,1.0,High,1
77110,275,69.0,1.0,1.0,High,1
77111,275,69.0,1.0,1.0,High,1
77121,275,70.0,1.0,1.0,High,1
77123,275,69.0,1.0,1.0,High,1
77162,275,69.0,1.0,1.0,High,1
77176,275,68.0,1.0,1.0,High,1
77202,275,75.0,1.0,1.0,High,1
77242,275,67.0,1.0,1.0,High,1
77286,275,71.0,1.0,1.0,High,1
77287,275,71.0,1.0,1.0,High,1
77301,275,65.0,1.0,1.0,High,1
77318,275,63.0,1.0,1.0,High,1
77342,276,48.0,1.0,1.0,High,1
77350,276,46.0,1.0,1.0,High,1
77372,276,54.0,1.0,1.0,High,1
77378,276,52.0,1.0,1.0,High,1
77388,276,46.0,1.0,1.0,High,1
77416,276,46.0,1.0,1.0,High,1
77418,276,47.0,1.0,1.0,High,1
77428,276,51.0,1.0,1.0,High,1
77432,276,49.0,1.0,1.0,High,1
77434,276,52.0,1.0,1.0,High,1
77490,276,55.0,1.0,1.0,High,1
77496,276,50.0,1.0,1.0,High,1
77538,276,53.0,1.0,1.0,High,1
77558,276,60.0,1.0,1.0,High,1
77584,276,53.0,1.0,1.0,High,1
77604,276,65.0,1.0,1.0,High,1
77655,276,51.0,1.0,1.0,High,1
77741,276,52.0,1.0,1.0,High,1
77785,276,53.0,1.0,1.0,High,1
77790,276,52.0,1.0,1.0,High,1
77829,276,51.0,1.0,1.0,High,1
77896,277,69.0,1.0,1.0,High,1
77920,277,79.0,1.0,1.0,High,1
77950,277,88.0,1.0,1.0,High,1
77971,277,55.0,1.0,1.0,High,1
78004,277,86.0,1.0,1.0,High,1
78021,277,89.0,1.0,1.0,High,1
78022,277,89.0,1.0,1.0,High,1
78028,277,250.0,1.0,1.0,High,1
78063,277,52.0,1.0,1.0,High,1
78110,278,67.0,1.0,1.0,High,1
78130,278,34.0,1.0,1.0,High,1
78148,278,68.0,1.0,1.0,High,1
78150,278,250.0,1.0,1.0,High,1
78285,279,255.0,1.0,1.0,High,1
78309,279,255.0,1.0,1.0,High,1
78333,280,31.0,1.0,1.0,High,1
78374,280,46.0,1.0,1.0,High,1
78411,280,32.0,1.0,1.0,High,1
78457,280,43.0,1.0,1.0,High,1
78465,280,46.0,1.0,1.0,High,1
78503,280,32.0,1.0,1.0,High,1
78504,280,32.0,1.0,1.0,High,1
78509,280,37.0,1.0,1.0,High,1
78578,280,250.0,1.0,1.0,High,1
78607,280,27.0,1.0,1.0,High,1
78629,280,15.0,1.0,1.0,High,1
78630,280,15.0,1.0,1.0,High,1
78673,281,250.0,1.0,1.0,High,1
78701,282,26.0,1.0,1.0,High,1
78703,282,28.0,1.0,1.0,High,1
78705,282,250.0,1.0,1.0,High,1
78754,282,250.0,1.0,1.0,High,1
78760,282,20.0,1.0,1.0,High,1
78765,282,15.0,1.0,1.0,High,1
78766,282,15.0,1.0,1.0,High,1
78777,282,250.0,1.0,1.0,High,1
78782,282,250.0,1.0,1.0,High,1
78815,282,250.0,1.0,1.0,High,1
78835,282,250.0,1.0,1.0,High,1
78856,282,250.0,1.0,1.0,High,1
78897,282,36.0,1.0,1.0,High,1
78911,282,57.0,1.0,1.0,High,1
78921,282,57.0,1.0,1.0,High,1
78936,282,65.0,1.0,1.0,High,1
78972,282,44.0,1.0,1.0,High,1
78983,282,43.0,1.0,1.0,High,1
78997,282,60.0,1.0,1.0,High,1
79003,282,55.0,1.0,1.0,High,1
79004,282,55.0,1.0,1.0,High,1
79016,282,24.0,1.0,1.0,High,1
79046,282,141.0,1.0,1.0,High,1
79048,282,140.0,1.0,1.0,High,1
79051,282,111.0,1.0,1.0,High,1
79107,282,147.0,1.0,1.0,High,1
79112,282,137.0,1.0,1.0,High,1
79122,282,118.0,1.0,1.0,High,1
79172,282,124.0,1.0,1.0,High,1
79191,282,148.0,1.0,1.0,High,1
79192,282,148.0,1.0,1.0,High,1
79203,282,129.0,1.0,1.0,High,1
79230,282,132.0,1.0,1.0,High,1
79256,282,151.0,1.0,1.0,High,1
79263,282,136.0,1.0,1.0,High,1
79264,282,136.0,1.0,1.0,High,1
79302,282,135.0,1.0,1.0,High,1
79303,282,135.0,1.0,1.0,High,1
79316,282,133.0,1.0,1.0,High,1
79333,282,122.0,1.0,1.0,High,1
79368,282,134.0,1.0,1.0,High,1
79389,282,145.0,1.0,1.0,High,1
79396,282,134.0,1.0,1.0,High,1
79401,282,135.0,1.0,1.0,High,1
79460,282,80.0,1.0,1.0,High,1
79473,282,116.0,1.0,1.0,High,1
79502,282,76.0,1.0,1.0,High,1
79526,282,68.0,1.0,1.0,High,1
79541,282,58.0,1.0,1.0,High,1
79558,282,62.0,1.0,1.0,High,1
79576,282,62.0,1.0,1.0,High,1
79598,282,60.0,1.0,1.0,High,1
79604,282,57.0,1.0,1.0,High,1
79617,282,62.0,1.0,1.0,High,1
79618,282,62.0,1.0,1.0,High,1
79637,282,57.0,1.0,1.0,High,1
79705,282,57.0,1.0,1.0,High,1
79707,282,61.0,1.0,1.0,High,1
79745,282,57.0,1.0,1.0,High,1
79777,282,63.0,1.0,1.0,High,1
79833,282,250.0,1.0,1.0,High,1
79838,282,17.0,1.0,1.0,High,1
79878,283,250.0,1.0,1.0,High,1
79979,285,17.0,1.0,1.0,High,1
80048,286,42.0,1.0,1.0,High,1
80062,286,39.0,1.0,1.0,High,1
80080,286,39.0,1.0,1.0,High,1
80234,288,46.0,1.0,1.0,High,1
80257,289,93.0,1.0,1.0,High,1
80261,289,86.0,1.0,1.0,High,1
80262,289,86.0,1.0,1.0,High,1
80309,289,112.0,1.0,1.0,High,1
80336,289,127.0,1.0,1.0,High,1
80377,289,102.0,1.0,1.0,High,1
80412,289,104.0,1.0,1.0,High,1
80434,289,89.0,1.0,1.0,High,1
80436,289,90.0,1.0,1.0,High,1
80565,290,84.0,1.0,1.0,High,1
80600,290,78.0,1.0,1.0,High,1
80606,290,80.0,1.0,1.0,High,1
80607,290,80.0,1.0,1.0,High,1
80651,290,100.0,1.0,1.0,High,1
80668,290,84.0,1.0,1.0,High,1
80670,290,89.0,1.0,1.0,High,1
80672,290,90.0,1.0,1.0,High,1
80679,290,88.0,1.0,1.0,High,1
80755,290,96.0,1.0,1.0,High,1
80756,290,96.0,1.0,1.0,High,1
80769,291,105.0,1.0,1.0,High,1
80806,291,100.0,1.0,1.0,High,1
80808,291,82.0,1.0,1.0,High,1
80832,291,74.0,1.0,1.0,High,1
80849,291,80.0,1.0,1.0,High,1
80851,291,79.0,1.0,1.0,High,1
80852,291,79.0,1.0,1.0,High,1
80856,291,85.0,1.0,1.0,High,1
80911,291,79.0,1.0,1.0,High,1
80912,291,79.0,1.0,1.0,High,1
80928,291,88.0,1.0,1.0,High,1
80967,291,79.0,1.0,1.0,High,1
80976,291,86.0,1.0,1.0,High,1
81047,291,89.0,1.0,1.0,High,1
81184,292,84.0,1.0,1.0,High,1
81219,292,78.0,1.0,1.0,High,1
81225,292,80.0,1.0,1.0,High,1
81226,292,80.0,1.0,1.0,High,1
81270,292,100.0,1.0,1.0,High,1
81323,292,120.0,1.0,1.0,High,1
81342,292,88.0,1.0,1.0,High,1
81349,292,87.0,1.0,1.0,High,1
81357,292,83.0,1.0,1.0,High,1
81363,293,105.0,1.0,1.0,High,1
81400,293,100.0,1.0,1.0,High,1
81402,293,82.0,1.0,1.0,High,1
81426,293,74.0,1.0,1.0,High,1
81443,293,80.0,1.0,1.0,High,1
81445,293,79.0,1.0,1.0,High,1
81446,293,79.0,1.0,1.0,High,1
81450,293,85.0,1.0,1.0,High,1
81505,293,79.0,1.0,1.0,High,1
81506,293,79.0,1.0,1.0,High,1
81522,293,88.0,1.0,1.0,High,1
81561,293,79.0,1.0,1.0,High,1
81574,293,100.0,1.0,1.0,High,1
81597,293,120.0,1.0,1.0,High,1
81630,293,83.0,1.0,1.0,High,1
81699,294,73.0,1.0,1.0,High,1
81725,294,72.0,1.0,1.0,High,1
81747,294,73.0,1.0,1.0,High,1
81752,294,96.0,1.0,1.0,High,1
81764,294,85.0,1.0,1.0,High,1
81769,294,79.0,1.0,1.0,High,1
81821,294,78.0,1.0,1.0,High,1
81827,294,80.0,1.0,1.0,High,1
81864,294,86.0,1.0,1.0,High,1
81869,294,90.0,1.0,1.0,High,1
81884,294,92.0,1.0,1.0,High,1
81926,294,105.0,1.0,1.0,High,1
81935,294,82.0,1.0,1.0,High,1
82036,294,92.0,1.0,1.0,High,1
82062,294,88.0,1.0,1.0,High,1
82211,294,101.0,1.0,1.0,High,1
82240,294,80.0,1.0,1.0,High,1
82257,294,81.0,1.0,1.0,High,1
82398,295,48.0,1.0,1.0,High,1
82454,295,50.0,1.0,1.0,High,1
82475,295,47.0,1.0,1.0,High,1
82477,295,48.0,1.0,1.0,High,1
82479,295,47.0,1.0,1.0,High,1
82480,295,47.0,1.0,1.0,High,1
82481,295,47.0,1.0,1.0,High,1
82482,295,47.0,1.0,1.0,High,1
82483,295,48.0,1.0,1.0,High,1
82484,295,48.0,1.0,1.0,High,1
82494,295,52.0,1.0,1.0,High,1
82516,295,57.0,1.0,1.0,High,1
82524,295,55.0,1.0,1.0,High,1
82528,295,56.0,1.0,1.0,High,1
82529,295,56.0,1.0,1.0,High,1
82533,295,54.0,1.0,1.0,High,1
82546,295,54.0,1.0,1.0,High,1
82564,295,56.0,1.0,1.0,High,1
82565,295,56.0,1.0,1.0,High,1
82569,295,54.0,1.0,1.0,High,1
82642,295,61.0,1.0,1.0,High,1
82644,295,62.0,1.0,1.0,High,1
82873,295,75.0,1.0,1.0,High,1
82888,295,71.0,1.0,1.0,High,1
82917,295,71.0,1.0,1.0,High,1
82924,295,68.0,1.0,1.0,High,1
82952,295,63.0,1.0,1.0,High,1
82972,295,73.0,1.0,1.0,High,1
83020,296,58.0,1.0,1.0,High,1
83021,296,58.0,1.0,1.0,High,1
83049,296,48.0,1.0,1.0,High,1
83051,296,52.0,1.0,1.0,High,1
83052,296,52.0,1.0,1.0,High,1
83066,296,49.0,1.0,1.0,High,1
83067,296,49.0,1.0,1.0,High,1
83081,296,64.0,1.0,1.0,High,1
83129,296,55.0,1.0,1.0,High,1
83154,296,51.0,1.0,1.0,High,1
83170,296,49.0,1.0,1.0,High,1
83171,296,49.0,1.0,1.0,High,1
83199,296,58.0,1.0,1.0,High,1
83200,296,58.0,1.0,1.0,High,1
83201,296,58.0,1.0,1.0,High,1
83202,296,58.0,1.0,1.0,High,1
83262,296,53.0,1.0,1.0,High,1
83263,296,53.0,1.0,1.0,High,1
83296,296,57.0,1.0,1.0,High,1
83327,296,53.0,1.0,1.0,High,1
83344,296,56.0,1.0,1.0,High,1
83397,296,64.0,1.0,1.0,High,1
83454,296,63.0,1.0,1.0,High,1
83495,296,61.0,1.0,1.0,High,1
83548,296,63.0,1.0,1.0,High,1
83557,296,67.0,1.0,1.0,High,1
83570,296,64.0,1.0,1.0,High,1
83571,296,64.0,1.0,1.0,High,1
83580,296,61.0,1.0,1.0,High,1
83587,296,60.0,1.0,1.0,High,1
83622,296,80.0,1.0,1.0,High,1
83643,296,83.0,1.0,1.0,High,1
83654,296,71.0,1.0,1.0,High,1
83655,296,71.0,1.0,1.0,High,1
83658,296,72.0,1.0,1.0,High,1
83680,296,85.0,1.0,1.0,High,1
83681,296,85.0,1.0,1.0,High,1
83695,296,64.0,1.0,1.0,High,1
83721,296,62.0,1.0,1.0,High,1
83726,296,89.0,1.0,1.0,High,1
83727,296,89.0,1.0,1.0,High,1
83740,296,66.0,1.0,1.0,High,1
83741,296,66.0,1.0,1.0,High,1
83819,297,63.0,1.0,1.0,High,1
83870,297,62.0,1.0,1.0,High,1
83911,297,63.0,1.0,1.0,High,1
83912,297,63.0,1.0,1.0,High,1
83916,297,64.0,1.0,1.0,High,1
83924,297,60.0,1.0,1.0,High,1
83925,297,60.0,1.0,1.0,High,1
84004,297,76.0,1.0,1.0,High,1
84019,297,79.0,1.0,1.0,High,1
84036,297,64.0,1.0,1.0,High,1
84060,297,69.0,1.0,1.0,High,1
84076,297,63.0,1.0,1.0,High,1
84077,297,63.0,1.0,1.0,High,1
84083,297,64.0,1.0,1.0,High,1
84104,297,59.0,1.0,1.0,High,1
84129,297,57.0,1.0,1.0,High,1
84138,298,83.0,1.0,1.0,High,1
84139,298,83.0,1.0,1.0,High,1
84158,298,112.0,1.0,1.0,High,1
84162,298,250.0,1.0,1.0,High,1
84163,298,250.0,1.0,1.0,High,1
84167,298,49.0,1.0,1.0,High,1
84172,298,250.0,1.0,1.0,High,1
84183,298,71.0,1.0,1.0,High,1
84242,298,120.0,1.0,1.0,High,1
84259,298,86.0,1.0,1.0,High,1
84308,298,250.0,1.0,1.0,High,1
84326,298,59.0,1.0,1.0,High,1
84346,298,61.0,1.0,1.0,High,1
84347,298,61.0,1.0,1.0,High,1
84387,298,78.0,1.0,1.0,High,1
84402,298,78.0,1.0,1.0,High,1
84480,300,57.0,1.0,1.0,High,1
84506,300,66.0,1.0,1.0,High,1
84512,300,70.0,1.0,1.0,High,1
84527,300,63.0,1.0,1.0,High,1
84577,300,79.0,1.0,1.0,High,1
84590,300,74.0,1.0,1.0,High,1
84591,300,74.0,1.0,1.0,High,1
84603,300,80.0,1.0,1.0,High,1
84618,300,69.0,1.0,1.0,High,1
84638,300,73.0,1.0,1.0,High,1
84649,300,79.0,1.0,1.0,High,1
84751,300,60.0,1.0,1.0,High,1
84762,300,65.0,1.0,1.0,High,1
84763,300,65.0,1.0,1.0,High,1
84820,300,76.0,1.0,1.0,High,1
84823,300,82.0,1.0,1.0,High,1
84828,300,73.0,1.0,1.0,High,1
84888,300,61.0,1.0,1.0,High,1
84931,300,61.0,1.0,1.0,High,1
84954,300,77.0,1.0,1.0,High,1
84965,300,88.0,1.0,1.0,High,1
84981,300,60.0,1.0,1.0,High,1
85021,300,83.0,1.0,1.0,High,1
85067,300,65.0,1.0,1.0,High,1
85088,300,85.0,1.0,1.0,High,1
85097,300,73.0,1.0,1.0,High,1
85099,300,78.0,1.0,1.0,High,1
85124,300,97.0,1.0,1.0,High,1
85136,300,79.0,1.0,1.0,High,1
85171,300,103.0,1.0,1.0,High,1
85247,301,69.0,1.0,1.0,High,1
85248,301,69.0,1.0,1.0,High,1
85294,301,71.0,1.0,1.0,High,1
85299,301,78.0,1.0,1.0,High,1
85321,301,66.0,1.0,1.0,High,1
85341,301,63.0,1.0,1.0,High,1
85347,301,68.0,1.0,1.0,High,1
85355,301,61.0,1.0,1.0,High,1
85356,301,61.0,1.0,1.0,High,1
85364,301,58.0,1.0,1.0,High,1
85407,302,100.0,1.0,1.0,High,1
85426,302,98.0,1.0,1.0,High,1
85427,302,98.0,1.0,1.0,High,1
85509,302,101.0,1.0,1.0,High,1
85567,302,100.0,1.0,1.0,High,1
85569,302,98.0,1.0,1.0,High,1
85571,302,90.0,1.0,1.0,High,1
85572,302,90.0,1.0,1.0,High,1
85574,302,89.0,1.0,1.0,High,1
85588,302,92.0,1.0,1.0,High,1
85621,303,99.0,1.0,1.0,High,1
85647,303,120.0,1.0,1.0,High,1
85648,303,120.0,1.0,1.0,High,1
85684,303,119.0,1.0,1.0,High,1
85696,303,95.0,1.0,1.0,High,1
85697,303,95.0,1.0,1.0,High,1
85719,303,102.0,1.0,1.0,High,1
85762,303,92.0,1.0,1.0,High,1
85763,303,92.0,1.0,1.0,High,1
85792,303,87.0,1.0,1.0,High,1
85805,303,94.0,1.0,1.0,High,1
85834,303,82.0,1.0,1.0,High,1
85846,303,103.0,1.0,1.0,High,1
85847,303,103.0,1.0,1.0,High,1
85881,303,110.0,1.0,1.0,High,1
85892,304,54.0,1.0,1.0,High,1
85981,304,52.0,1.0,1.0,High,1
85983,304,53.0,1.0,1.0,High,1
85984,304,53.0,1.0,1.0,High,1
85986,304,54.0,1.0,1.0,High,1
86005,304,56.0,1.0,1.0,High,1
86018,304,53.0,1.0,1.0,High,1
86040,304,54.0,1.0,1.0,High,1
86041,304,54.0,1.0,1.0,High,1
86051,304,54.0,1.0,1.0,High,1
86066,304,55.0,1.0,1.0,High,1
86083,304,52.0,1.0,1.0,High,1
86095,304,55.0,1.0,1.0,High,1
86127,304,56.0,1.0,1.0,High,1
86154,304,69.0,1.0,1.0,High,1
86171,304,82.0,1.0,1.0,High,1
86202,304,73.0,1.0,1.0,High,1
86246,304,71.0,1.0,1.0,High,1
86250,304,69.0,1.0,1.0,High,1
86265,304,67.0,1.0,1.0,High,1
86272,304,75.0,1.0,1.0,High,1
86296,304,67.0,1.0,1.0,High,1
86312,304,71.0,1.0,1.0,High,1
86349,304,65.0,1.0,1.0,High,1
86350,304,65.0,1.0,1.0,High,1
86356,304,65.0,1.0,1.0,High,1
86374,304,70.0,1.0,1.0,High,1
86427,304,60.0,1.0,1.0,High,1
86428,304,60.0,1.0,1.0,High,1
86457,304,59.0,1.0,1.0,High,1
86512,304,57.0,1.0,1.0,High,1
86513,304,57.0,1.0,1.0,High,1
86519,304,60.0,1.0,1.0,High,1
86535,304,58.0,1.0,1.0,High,1
86537,304,58.0,1.0,1.0,High,1
86538,304,58.0,1.0,1.0,High,1
86546,304,61.0,1.0,1.0,High,1
86550,304,61.0,1.0,1.0,High,1
86552,304,59.0,1.0,1.0,High,1
86603,304,65.0,1.0,1.0,High,1
86605,304,65.0,1.0,1.0,High,1
86607,304,67.0,1.0,1.0,High,1
86641,305,36.0,1.0,1.0,High,1
86656,305,35.0,1.0,1.0,High,1
86678,305,37.0,1.0,1.0,High,1
86712,305,35.0,1.0,1.0,High,1
86714,305,34.0,1.0,1.0,High,1
86761,305,32.0,1.0,1.0,High,1
86792,305,33.0,1.0,1.0,High,1
86857,305,32.0,1.0,1.0,High,1
86941,305,38.0,1.0,1.0,High,1
86942,305,38.0,1.0,1.0,High,1
86956,305,54.0,1.0,1.0,High,1
86973,305,47.0,1.0,1.0,High,1
86984,305,44.0,1.0,1.0,High,1
86994,305,41.0,1.0,1.0,High,1
86995,305,41.0,1.0,1.0,High,1
87029,305,49.0,1.0,1.0,High,1
87060,306,62.0,1.0,1.0,High,1
87062,306,61.0,1.0,1.0,High,1
87070,306,94.0,1.0,1.0,High,1
87108,306,114.0,1.0,1.0,High,1
87137,306,100.0,1.0,1.0,High,1
87138,306,100.0,1.0,1.0,High,1
87161,306,74.0,1.0,1.0,High,1
87174,306,86.0,1.0,1.0,High,1
87198,306,59.0,1.0,1.0,High,1
87203,306,250.0,1.0,1.0,High,1
87223,306,42.0,1.0,1.0,High,1
87244,306,250.0,1.0,1.0,High,1
87278,306,86.0,1.0,1.0,High,1
87292,306,34.0,1.0,1.0,High,1
87303,306,73.0,1.0,1.0,High,1
87343,306,53.0,1.0,1.0,High,1
87397,306,250.0,1.0,1.0,High,1
87584,307,250.0,1.0,1.0,High,1
87586,307,250.0,1.0,1.0,High,1
87587,307,250.0,1.0,1.0,High,1
87639,307,250.0,1.0,1.0,High,1
87652,307,70.0,1.0,1.0,High,1
87671,307,240.0,1.0,1.0,High,1
87716,307,52.0,1.0,1.0,High,1
87717,307,52.0,1.0,1.0,High,1
87721,307,250.0,1.0,1.0,High,1
87751,307,48.0,1.0,1.0,High,1
87773,307,250.0,1.0,1.0,High,1
87792,307,60.0,1.0,1.0,High,1
87849,307,80.0,1.0,1.0,High,1
87861,307,90.0,1.0,1.0,High,1
87862,307,90.0,1.0,1.0,High,1
87866,307,91.0,1.0,1.0,High,1
87903,307,67.0,1.0,1.0,High,1
87920,307,74.0,1.0,1.0,High,1
87921,307,74.0,1.0,1.0,High,1
87923,307,84.0,1.0,1.0,High,1
87924,307,84.0,1.0,1.0,High,1
87961,307,250.0,1.0,1.0,High,1
87968,307,250.0,1.0,1.0,High,1
87992,307,95.0,1.0,1.0,High,1
88004,307,102.0,1.0,1.0,High,1
88024,307,68.0,1.0,1.0,High,1
88121,307,250.0,1.0,1.0,High,1
88149,307,65.0,1.0,1.0,High,1
88160,307,75.0,1.0,1.0,High,1
88233,308,90.0,1.0,1.0,High,1
88248,308,79.0,1.0,1.0,High,1
88269,308,88.0,1.0,1.0,High,1
88271,308,93.0,1.0,1.0,High,1
88273,308,91.0,1.0,1.0,High,1
88275,308,93.0,1.0,1.0,High,1
88310,308,86.0,1.0,1.0,High,1
88319,308,82.0,1.0,1.0,High,1
88320,308,82.0,1.0,1.0,High,1
88326,308,86.0,1.0,1.0,High,1
88352,308,97.0,1.0,1.0,High,1
88360,308,95.0,1.0,1.0,High,1
88361,308,95.0,1.0,1.0,High,1
88377,308,107.0,1.0,1.0,High,1
88378,308,107.0,1.0,1.0,High,1
88392,308,91.0,1.0,1.0,High,1
88405,308,125.0,1.0,1.0,High,1
88418,308,106.0,1.0,1.0,High,1
88437,308,109.0,1.0,1.0,High,1
88438,308,109.0,1.0,1.0,High,1
88465,308,130.0,1.0,1.0,High,1
88533,308,102.0,1.0,1.0,High,1
88549,308,96.0,1.0,1.0,High,1
88567,308,89.0,1.0,1.0,High,1
88572,308,92.0,1.0,1.0,High,1
88609,308,102.0,1.0,1.0,High,1
88611,308,103.0,1.0,1.0,High,1
88626,308,96.0,1.0,1.0,High,1
88663,308,100.0,1.0,1.0,High,1
88685,308,90.0,1.0,1.0,High,1
88704,308,105.0,1.0,1.0,High,1
88705,308,105.0,1.0,1.0,High,1
88752,308,110.0,1.0,1.0,High,1
88760,308,83.0,1.0,1.0,High,1
88761,308,83.0,1.0,1.0,High,1
88817,308,86.0,1.0,1.0,High,1
88819,308,83.0,1.0,1.0,High,1
88821,308,80.0,1.0,1.0,High,1
88829,308,89.0,1.0,1.0,High,1
88844,308,98.0,1.0,1.0,High,1
88849,308,81.0,1.0,1.0,High,1
88877,308,69.0,1.0,1.0,High,1
88887,308,78.0,1.0,1.0,High,1
88898,308,80.0,1.0,1.0,High,1
88905,308,91.0,1.0,1.0,High,1
88906,308,91.0,1.0,1.0,High,1
88912,308,84.0,1.0,1.0,High,1
88934,309,107.0,1.0,1.0,High,1
88936,309,111.0,1.0,1.0,High,1
88955,309,82.0,1.0,1.0,High,1
88967,309,96.0,1.0,1.0,High,1
88974,309,67.0,1.0,1.0,High,1
89013,309,91.0,1.0,1.0,High,1
89045,309,80.0,1.0,1.0,High,1
89099,310,84.0,1.0,1.0,High,1
89114,310,81.0,1.0,1.0,High,1
89116,310,81.0,1.0,1.0,High,1
89127,310,92.0,1.0,1.0,High,1
89130,310,86.0,1.0,1.0,High,1
89135,310,92.0,1.0,1.0,High,1
89168,310,91.0,1.0,1.0,High,1
89169,310,91.0,1.0,1.0,High,1
89182,310,95.0,1.0,1.0,High,1
89207,310,86.0,1.0,1.0,High,1
89229,310,18.0,1.0,1.0,High,1
89242,310,16.0,1.0,1.0,High,1
89255,310,73.0,1.0,1.0,High,1
89274,310,71.0,1.0,1.0,High,1
89319,310,66.0,1.0,1.0,High,1
89328,310,71.0,1.0,1.0,High,1
89341,310,69.0,1.0,1.0,High,1
89347,310,77.0,1.0,1.0,High,1
89408,311,76.0,1.0,1.0,High,1
89415,311,75.0,1.0,1.0,High,1
89427,311,72.0,1.0,1.0,High,1
89430,311,71.0,1.0,1.0,High,1
89445,311,74.0,1.0,1.0,High,1
89456,311,71.0,1.0,1.0,High,1
89457,311,71.0,1.0,1.0,High,1
89529,311,83.0,1.0,1.0,High,1
89532,311,81.0,1.0,1.0,High,1
89533,311,81.0,1.0,1.0,High,1
89564,312,85.0,1.0,1.0,High,1
89568,312,86.0,1.0,1.0,High,1
89570,312,54.0,1.0,1.0,High,1
89649,312,250.0,1.0,1.0,High,1
89662,312,55.0,1.0,1.0,High,1
89663,312,55.0,1.0,1.0,High,1
89676,312,65.0,1.0,1.0,High,1
89688,312,250.0,1.0,1.0,High,1
89698,312,70.0,1.0,1.0,High,1
89714,312,70.0,1.0,1.0,High,1
89716,312,56.0,1.0,1.0,High,1
89729,312,85.0,1.0,1.0,High,1
89730,312,85.0,1.0,1.0,High,1
89747,312,92.0,1.0,1.0,High,1
89758,312,99.0,1.0,1.0,High,1
89787,313,115.0,1.0,1.0,High,1
89802,313,78.0,1.0,1.0,High,1
89806,313,68.0,1.0,1.0,High,1
89826,313,60.0,1.0,1.0,High,1
89829,313,250.0,1.0,1.0,High,1
89883,313,250.0,1.0,1.0,High,1
89885,313,250.0,1.0,1.0,High,1
89887,313,250.0,1.0,1.0,High,1
89915,313,101.0,1.0,1.0,High,1
89929,313,87.0,1.0,1.0,High,1
89945,313,70.0,1.0,1.0,High,1
89953,313,29.0,1.0,1.0,High,1
89957,313,70.0,1.0,1.0,High,1
89981,313,81.0,1.0,1.0,High,1
90080,313,73.0,1.0,1.0,High,1
90115,313,65.0,1.0,1.0,High,1
90117,313,62.0,1.0,1.0,High,1
90130,313,89.0,1.0,1.0,High,1
90158,313,77.0,1.0,1.0,High,1
90193,313,250.0,1.0,1.0,High,1
90219,313,117.0,1.0,1.0,High,1
90227,313,250.0,1.0,1.0,High,1
90235,314,86.0,1.0,1.0,High,1
90249,314,88.0,1.0,1.0,High,1
90311,315,105.0,1.0,1.0,High,1
90354,315,104.0,1.0,1.0,High,1
90397,315,96.0,1.0,1.0,High,1
90399,315,90.0,1.0,1.0,High,1
90412,315,93.0,1.0,1.0,High,1
90434,315,99.0,1.0,1.0,High,1
90441,315,110.0,1.0,1.0,High,1
90442,315,110.0,1.0,1.0,High,1
90444,315,94.0,1.0,1.0,High,1
90453,315,108.0,1.0,1.0,High,1
90460,315,106.0,1.0,1.0,High,1
90560,316,68.0,1.0,1.0,High,1
90563,316,71.0,1.0,1.0,High,1
90566,316,75.0,1.0,1.0,High,1
90598,316,76.0,1.0,1.0,High,1
90599,316,76.0,1.0,1.0,High,1
90601,316,78.0,1.0,1.0,High,1
90602,316,78.0,1.0,1.0,High,1
90635,316,98.0,1.0,1.0,High,1
90643,316,96.0,1.0,1.0,High,1
90645,316,98.0,1.0,1.0,High,1
90668,316,94.0,1.0,1.0,High,1
90697,316,76.0,1.0,1.0,High,1
90698,316,76.0,1.0,1.0,High,1
90740,316,80.0,1.0,1.0,High,1
90825,316,81.0,1.0,1.0,High,1
90843,316,82.0,1.0,1.0,High,1
90844,316,82.0,1.0,1.0,High,1
90860,316,66.0,1.0,1.0,High,1
90862,316,82.0,1.0,1.0,High,1
90875,316,76.0,1.0,1.0,High,1
90888,316,86.0,1.0,1.0,High,1
90890,316,85.0,1.0,1.0,High,1
90927,317,108.0,1.0,1.0,High,1
90937,317,101.0,1.0,1.0,High,1
90938,317,101.0,1.0,1.0,High,1
90950,317,94.0,1.0,1.0,High,1
90951,317,94.0,1.0,1.0,High,1
90955,317,95.0,1.0,1.0,High,1
90993,318,68.0,1.0,1.0,High,1
90994,318,68.0,1.0,1.0,High,1
91020,318,69.0,1.0,1.0,High,1
91034,318,66.0,1.0,1.0,High,1
91035,318,66.0,1.0,1.0,High,1
91040,318,72.0,1.0,1.0,High,1
91082,318,55.0,1.0,1.0,High,1
91137,318,64.0,1.0,1.0,High,1
91138,318,64.0,1.0,1.0,High,1
91145,318,75.0,1.0,1.0,High,1
91164,318,57.0,1.0,1.0,High,1
91165,318,57.0,1.0,1.0,High,1
91188,318,67.0,1.0,1.0,High,1
91222,318,62.0,1.0,1.0,High,1
91244,318,68.0,1.0,1.0,High,1
91318,318,74.0,1.0,1.0,High,1
91361,318,68.0,1.0,1.0,High,1
91369,318,66.0,1.0,1.0,High,1
91390,318,69.0,1.0,1.0,High,1
91393,318,68.0,1.0,1.0,High,1
91411,318,63.0,1.0,1.0,High,1
91429,318,81.0,1.0,1.0,High,1
91455,318,83.0,1.0,1.0,High,1
91517,319,78.0,1.0,1.0,High,1
91554,319,74.0,1.0,1.0,High,1
91561,319,72.0,1.0,1.0,High,1
91583,319,78.0,1.0,1.0,High,1
91594,319,75.0,1.0,1.0,High,1
91611,319,69.0,1.0,1.0,High,1
91624,319,67.0,1.0,1.0,High,1
91667,319,78.0,1.0,1.0,High,1
91672,319,75.0,1.0,1.0,High,1
91692,319,86.0,1.0,1.0,High,1
91694,319,77.0,1.0,1.0,High,1
91711,319,82.0,1.0,1.0,High,1
91720,319,82.0,1.0,1.0,High,1
91732,319,91.0,1.0,1.0,High,1
91744,319,98.0,1.0,1.0,High,1
91767,319,92.0,1.0,1.0,High,1
91794,319,91.0,1.0,1.0,High,1
91803,319,95.0,1.0,1.0,High,1
91823,319,99.0,1.0,1.0,High,1
91847,319,95.0,1.0,1.0,High,1
91870,319,92.0,1.0,1.0,High,1
91885,319,94.0,1.0,1.0,High,1
91908,319,90.0,1.0,1.0,High,1
91925,319,92.0,1.0,1.0,High,1
91928,319,88.0,1.0,1.0,High,1
91929,319,88.0,1.0,1.0,High,1
91940,319,87.0,1.0,1.0,High,1
91970,319,94.0,1.0,1.0,High,1
92000,319,84.0,1.0,1.0,High,1
92014,319,86.0,1.0,1.0,High,1
92045,319,68.0,1.0,1.0,High,1
92050,319,74.0,1.0,1.0,High,1
92055,319,64.0,1.0,1.0,High,1
92060,319,71.0,1.0,1.0,High,1
92065,319,68.0,1.0,1.0,High,1
92075,319,68.0,1.0,1.0,High,1
92090,319,87.0,1.0,1.0,High,1
92103,319,90.0,1.0,1.0,High,1
92106,319,94.0,1.0,1.0,High,1
92141,321,113.0,1.0,1.0,High,1
92154,321,101.0,1.0,1.0,High,1
92161,321,101.0,1.0,1.0,High,1
92163,321,96.0,1.0,1.0,High,1
92290,321,98.0,1.0,1.0,High,1
92298,321,95.0,1.0,1.0,High,1
92306,321,105.0,1.0,1.0,High,1
92392,321,83.0,1.0,1.0,High,1
92402,321,82.0,1.0,1.0,High,1
92416,321,91.0,1.0,1.0,High,1
92509,321,105.0,1.0,1.0,High,1
92510,321,105.0,1.0,1.0,High,1
92524,321,98.0,1.0,1.0,High,1
92544,321,102.0,1.0,1.0,High,1
92557,321,94.0,1.0,1.0,High,1
92558,321,94.0,1.0,1.0,High,1
92583,321,113.0,1.0,1.0,High,1
92608,321,136.0,1.0,1.0,High,1
92634,322,99.0,1.0,1.0,High,1
92641,322,96.0,1.0,1.0,High,1
92664,322,109.0,1.0,1.0,High,1
92677,322,93.0,1.0,1.0,High,1
92714,322,109.0,1.0,1.0,High,1
92718,322,99.0,1.0,1.0,High,1
92719,322,99.0,1.0,1.0,High,1
92729,322,104.0,1.0,1.0,High,1
92767,322,86.0,1.0,1.0,High,1
92794,322,101.0,1.0,1.0,High,1
92828,322,70.0,1.0,1.0,High,1
92834,322,82.0,1.0,1.0,High,1
92835,322,82.0,1.0,1.0,High,1
92852,322,91.0,1.0,1.0,High,1
92862,322,93.0,1.0,1.0,High,1
92863,322,93.0,1.0,1.0,High,1
92866,322,84.0,1.0,1.0,High,1
92883,323,111.0,1.0,1.0,High,1
92908,323,95.0,1.0,1.0,High,1
92924,323,91.0,1.0,1.0,High,1
93042,323,146.0,1.0,1.0,High,1
93047,323,124.0,1.0,1.0,High,1
93102,323,110.0,1.0,1.0,High,1
93110,323,133.0,1.0,1.0,High,1
93176,324,86.0,1.0,1.0,High,1
93179,324,78.0,1.0,1.0,High,1
93184,324,83.0,1.0,1.0,High,1
93258,326,90.0,1.0,1.0,High,1
93313,326,80.0,1.0,1.0,High,1
93325,326,91.0,1.0,1.0,High,1
93365,326,75.0,1.0,1.0,High,1
93412,326,82.0,1.0,1.0,High,1
93492,326,74.0,1.0,1.0,High,1
93537,326,76.0,1.0,1.0,High,1
93546,326,75.0,1.0,1.0,High,1
93563,326,70.0,1.0,1.0,High,1
93566,326,69.0,1.0,1.0,High,1
93567,326,69.0,1.0,1.0,High,1
93602,326,79.0,1.0,1.0,High,1
93636,326,85.0,1.0,1.0,High,1
93638,326,75.0,1.0,1.0,High,1
93667,326,74.0,1.0,1.0,High,1
93685,326,77.0,1.0,1.0,High,1
93717,326,70.0,1.0,1.0,High,1
93726,326,68.0,1.0,1.0,High,1
93737,326,82.0,1.0,1.0,High,1
93796,327,76.0,1.0,1.0,High,1
93813,327,73.0,1.0,1.0,High,1
93822,327,89.0,1.0,1.0,High,1
93848,328,87.0,1.0,1.0,High,1
93863,328,86.0,1.0,1.0,High,1
93901,328,90.0,1.0,1.0,High,1
93987,329,70.0,1.0,1.0,High,1
94011,329,73.0,1.0,1.0,High,1
94012,329,73.0,1.0,1.0,High,1
94100,329,80.0,1.0,1.0,High,1
94116,329,69.0,1.0,1.0,High,1
94124,329,69.0,1.0,1.0,High,1
94146,329,52.0,1.0,1.0,High,1
94169,329,56.0,1.0,1.0,High,1
94177,329,55.0,1.0,1.0,High,1
94200,329,50.0,1.0,1.0,High,1
94203,329,51.0,1.0,1.0,High,1
94233,329,46.0,1.0,1.0,High,1
94281,329,47.0,1.0,1.0,High,1
94304,329,50.0,1.0,1.0,High,1
94315,329,50.0,1.0,1.0,High,1
94327,329,48.0,1.0,1.0,High,1
94349,329,50.0,1.0,1.0,High,1
94356,329,46.0,1.0,1.0,High,1
94384,330,83.0,1.0,1.0,High,1
94413,330,87.0,1.0,1.0,High,1
94418,330,81.0,1.0,1.0,High,1
94425,330,84.0,1.0,1.0,High,1
94504,330,96.0,1.0,1.0,High,1
94516,330,100.0,1.0,1.0,High,1
94555,330,98.0,1.0,1.0,High,1
94574,330,114.0,1.0,1.0,High,1
94590,330,101.0,1.0,1.0,High,1
94616,330,118.0,1.0,1.0,High,1
94631,330,121.0,1.0,1.0,High,1
94652,330,103.0,1.0,1.0,High,1
94669,330,105.0,1.0,1.0,High,1
94681,330,112.0,1.0,1.0,High,1
94682,330,112.0,1.0,1.0,High,1
94695,330,92.0,1.0,1.0,High,1
94696,330,92.0,1.0,1.0,High,1
94770,330,96.0,1.0,1.0,High,1
94771,330,96.0,1.0,1.0,High,1
94798,330,111.0,1.0,1.0,High,1
94866,331,99.0,1.0,1.0,High,1
94884,331,91.0,1.0,1.0,High,1
94910,331,117.0,1.0,1.0,High,1
94918,331,114.0,1.0,1.0,High,1
94925,331,93.0,1.0,1.0,High,1
94944,331,75.0,1.0,1.0,High,1
94971,331,88.0,1.0,1.0,High,1
94972,331,88.0,1.0,1.0,High,1
94988,331,80.0,1.0,1.0,High,1
95006,331,79.0,1.0,1.0,High,1
95114,331,74.0,1.0,1.0,High,1
95115,331,74.0,1.0,1.0,High,1
95140,331,79.0,1.0,1.0,High,1
95149,331,84.0,1.0,1.0,High,1
95157,331,95.0,1.0,1.0,High,1
95162,331,88.0,1.0,1.0,High,1
95181,331,75.0,1.0,1.0,High,1
95197,331,112.0,1.0,1.0,High,1
95198,331,112.0,1.0,1.0,High,1
95210,331,96.0,1.0,1.0,High,1
95224,331,96.0,1.0,1.0,High,1
95225,331,96.0,1.0,1.0,High,1
95239,331,103.0,1.0,1.0,High,1
95240,331,103.0,1.0,1.0,High,1
95242,331,99.0,1.0,1.0,High,1
95243,331,99.0,1.0,1.0,High,1
95258,331,107.0,1.0,1.0,High,1
95268,331,104.0,1.0,1.0,High,1
95276,331,87.0,1.0,1.0,High,1
95333,331,77.0,1.0,1.0,High,1
95373,332,84.0,1.0,1.0,High,1
95392,332,77.0,1.0,1.0,High,1
95393,332,77.0,1.0,1.0,High,1
95396,332,79.0,1.0,1.0,High,1
95415,332,89.0,1.0,1.0,High,1
95457,332,79.0,1.0,1.0,High,1
95472,332,82.0,1.0,1.0,High,1
95511,332,59.0,1.0,1.0,High,1
95523,332,75.0,1.0,1.0,High,1
95563,332,73.0,1.0,1.0,High,1
95598,332,80.0,1.0,1.0,High,1
95632,332,98.0,1.0,1.0,High,1
95650,332,92.0,1.0,1.0,High,1
95663,332,87.0,1.0,1.0,High,1
95680,332,65.0,1.0,1.0,High,1
95695,332,64.0,1.0,1.0,High,1
95699,332,64.0,1.0,1.0,High,1
95700,332,64.0,1.0,1.0,High,1
95739,332,71.0,1.0,1.0,High,1
95741,332,84.0,1.0,1.0,High,1
95748,332,58.0,1.0,1.0,High,1
95749,332,58.0,1.0,1.0,High,1
95760,332,55.0,1.0,1.0,High,1
95763,332,62.0,1.0,1.0,High,1
95766,332,59.0,1.0,1.0,High,1
95842,333,77.0,1.0,1.0,High,1
95913,333,120.0,1.0,1.0,High,1
95918,333,118.0,1.0,1.0,High,1
95937,333,89.0,1.0,1.0,High,1
96000,333,73.0,1.0,1.0,High,1
96051,333,96.0,1.0,1.0,High,1
96079,333,87.0,1.0,1.0,High,1
96085,333,98.0,1.0,1.0,High,1
96088,333,97.0,1.0,1.0,High,1
96091,333,86.0,1.0,1.0,High,1
96101,333,104.0,1.0,1.0,High,1
96109,333,106.0,1.0,1.0,High,1
96133,333,96.0,1.0,1.0,High,1
96134,333,96.0,1.0,1.0,High,1
96171,333,75.0,1.0,1.0,High,1
96201,333,77.0,1.0,1.0,High,1
96222,334,43.0,1.0,1.0,High,1
96223,334,43.0,1.0,1.0,High,1
96246,334,47.0,1.0,1.0,High,1
96247,334,47.0,1.0,1.0,High,1
96252,334,51.0,1.0,1.0,High,1
96288,335,99.0,1.0,1.0,High,1
96297,335,110.0,1.0,1.0,High,1
96307,335,122.0,1.0,1.0,High,1
96308,335,122.0,1.0,1.0,High,1
96357,338,41.0,1.0,1.0,High,1
96361,339,52.0,1.0,1.0,High,1
96363,340,80.0,1.0,1.0,High,1
96400,340,97.0,1.0,1.0,High,1
96448,340,88.0,1.0,1.0,High,1
96469,340,94.0,1.0,1.0,High,1
96500,340,77.0,1.0,1.0,High,1
96501,340,77.0,1.0,1.0,High,1
96526,340,88.0,1.0,1.0,High,1
96538,340,90.0,1.0,1.0,High,1
96539,340,90.0,1.0,1.0,High,1
96584,340,90.0,1.0,1.0,High,1
96600,340,100.0,1.0,1.0,High,1
96622,340,83.0,1.0,1.0,High,1
96631,340,98.0,1.0,1.0,High,1
96638,340,91.0,1.0,1.0,High,1
96657,340,77.0,1.0,1.0,High,1
96658,340,77.0,1.0,1.0,High,1
96664,340,89.0,1.0,1.0,High,1
96686,340,67.0,1.0,1.0,High,1
96696,340,55.0,1.0,1.0,High,1
96706,340,57.0,1.0,1.0,High,1
96715,340,60.0,1.0,1.0,High,1
96768,341,106.0,1.0,1.0,High,1
96786,341,139.0,1.0,1.0,High,1
96795,341,250.0,1.0,1.0,High,1
96796,341,250.0,1.0,1.0,High,1
96802,341,250.0,1.0,1.0,High,1
96868,341,250.0,1.0,1.0,High,1
96882,341,82.0,1.0,1.0,High,1
96914,341,87.0,1.0,1.0,High,1
96923,341,52.0,1.0,1.0,High,1
96941,341,100.0,1.0,1.0,High,1
96953,341,250.0,1.0,1.0,High,1
96976,341,92.0,1.0,1.0,High,1
96994,341,250.0,1.0,1.0,High,1
96997,341,250.0,1.0,1.0,High,1
97008,341,250.0,1.0,1.0,High,1
97017,341,92.0,1.0,1.0,High,1
97030,341,106.0,1.0,1.0,High,1
97033,341,130.0,1.0,1.0,High,1
97050,341,130.0,1.0,1.0,High,1
97051,341,130.0,1.0,1.0,High,1
97055,341,250.0,1.0,1.0,High,1
97103,341,87.0,1.0,1.0,High,1
97130,341,54.0,1.0,1.0,High,1
97131,341,54.0,1.0,1.0,High,1
97148,341,90.0,1.0,1.0,High,1
97226,341,250.0,1.0,1.0,High,1
97227,341,250.0,1.0,1.0,High,1
97270,341,84.0,1.0,1.0,High,1
97284,341,85.0,1.0,1.0,High,1
97295,341,56.0,1.0,1.0,High,1
97296,341,56.0,1.0,1.0,High,1
97314,341,59.0,1.0,1.0,High,1
97333,341,72.0,1.0,1.0,High,1
97352,342,250.0,1.0,1.0,High,1
97362,342,84.0,1.0,1.0,High,1
97373,342,124.0,1.0,1.0,High,1
97418,342,101.0,1.0,1.0,High,1
97432,342,93.0,1.0,1.0,High,1
97433,342,93.0,1.0,1.0,High,1
97464,342,107.0,1.0,1.0,High,1
97474,342,250.0,1.0,1.0,High,1
97485,342,250.0,1.0,1.0,High,1
97493,342,78.0,1.0,1.0,High,1
97546,342,69.0,1.0,1.0,High,1
97549,342,61.0,1.0,1.0,High,1
97558,342,76.0,1.0,1.0,High,1
97561,342,75.0,1.0,1.0,High,1
97582,342,69.0,1.0,1.0,High,1
97585,342,58.0,1.0,1.0,High,1
97588,342,53.0,1.0,1.0,High,1
97618,343,77.0,1.0,1.0,High,1
97631,343,110.0,1.0,1.0,High,1
97673,344,118.0,1.0,1.0,High,1
97701,345,70.0,1.0,1.0,High,1
97717,345,73.0,1.0,1.0,High,1
97719,345,74.0,1.0,1.0,High,1
97721,345,79.0,1.0,1.0,High,1
97722,345,79.0,1.0,1.0,High,1
97745,345,84.0,1.0,1.0,High,1
97767,345,91.0,1.0,1.0,High,1
97827,345,102.0,1.0,1.0,High,1
97828,345,102.0,1.0,1.0,High,1
97885,345,75.0,1.0,1.0,High,1
97920,345,77.0,1.0,1.0,High,1
97939,345,92.0,1.0,1.0,High,1
97949,345,82.0,1.0,1.0,High,1
97956,345,86.0,1.0,1.0,High,1
98000,345,74.0,1.0,1.0,High,1
98009,345,76.0,1.0,1.0,High,1
98085,345,85.0,1.0,1.0,High,1
98102,345,94.0,1.0,1.0,High,1
98129,345,51.0,1.0,1.0,High,1
98131,345,51.0,1.0,1.0,High,1
98161,345,62.0,1.0,1.0,High,1
98163,345,62.0,1.0,1.0,High,1
98165,345,62.0,1.0,1.0,High,1
98167,345,65.0,1.0,1.0,High,1
98197,345,66.0,1.0,1.0,High,1
98198,345,66.0,1.0,1.0,High,1
98204,345,61.0,1.0,1.0,High,1
98209,345,54.0,1.0,1.0,High,1
98221,345,55.0,1.0,1.0,High,1
98228,345,54.0,1.0,1.0,High,1
98238,345,47.0,1.0,1.0,High,1
98248,345,51.0,1.0,1.0,High,1
98254,345,48.0,1.0,1.0,High,1
98255,345,48.0,1.0,1.0,High,1
98300,346,55.0,1.0,1.0,High,1
98375,346,79.0,1.0,1.0,High,1
98383,346,85.0,1.0,1.0,High,1
98399,346,64.0,1.0,1.0,High,1
98400,346,64.0,1.0,1.0,High,1
98427,346,62.0,1.0,1.0,High,1
98519,347,50.0,1.0,1.0,High,1
98536,347,53.0,1.0,1.0,High,1
98577,348,64.0,1.0,1.0,High,1
98587,348,63.0,1.0,1.0,High,1
98623,348,78.0,1.0,1.0,High,1
98635,348,75.0,1.0,1.0,High,1
98637,348,72.0,1.0,1.0,High,1
98639,348,75.0,1.0,1.0,High,1
98642,348,80.0,1.0,1.0,High,1
98649,348,74.0,1.0,1.0,High,1
98698,348,67.0,1.0,1.0,High,1
98721,348,80.0,1.0,1.0,High,1
98751,348,63.0,1.0,1.0,High,1
98818,348,48.0,1.0,1.0,High,1
98819,348,48.0,1.0,1.0,High,1
98839,348,47.0,1.0,1.0,High,1
98844,348,47.0,1.0,1.0,High,1
98845,348,47.0,1.0,1.0,High,1
98863,348,47.0,1.0,1.0,High,1
98930,349,59.0,1.0,1.0,High,1
98940,349,52.0,1.0,1.0,High,1
98958,349,56.0,1.0,1.0,High,1
98964,349,59.0,1.0,1.0,High,1
99015,350,56.0,1.0,1.0,High,1
99069,351,56.0,1.0,1.0,High,1
99070,351,56.0,1.0,1.0,High,1
99074,351,52.0,1.0,1.0,High,1
99088,351,58.0,1.0,1.0,High,1
99108,351,56.0,1.0,1.0,High,1
99110,351,57.0,1.0,1.0,High,1
99132,351,49.0,1.0,1.0,High,1
99196,351,72.0,1.0,1.0,High,1
99240,351,80.0,1.0,1.0,High,1
99255,351,62.0,1.0,1.0,High,1
99264,351,61.0,1.0,1.0,High,1
99295,351,61.0,1.0,1.0,High,1
99296,351,61.0,1.0,1.0,High,1
99297,351,56.0,1.0,1.0,High,1
99298,351,56.0,1.0,1.0,High,1
99300,351,58.0,1.0,1.0,High,1
99341,351,56.0,1.0,1.0,High,1
99362,351,54.0,1.0,1.0,High,1
99383,352,62.0,1.0,1.0,High,1
99386,352,56.0,1.0,1.0,High,1
99426,352,45.0,1.0,1.0,High,1
99428,352,47.0,1.0,1.0,High,1
99429,352,47.0,1.0,1.0,High,1
99442,353,53.0,1.0,1.0,High,1
99444,353,51.0,1.0,1.0,High,1
99445,353,51.0,1.0,1.0,High,1
99476,353,60.0,1.0,1.0,High,1
99556,353,51.0,1.0,1.0,High,1
99612,353,52.0,1.0,1.0,High,1
99627,353,58.0,1.0,1.0,High,1
99705,353,66.0,1.0,1.0,High,1
99743,353,65.0,1.0,1.0,High,1
99794,353,68.0,1.0,1.0,High,1
99798,353,77.0,1.0,1.0,High,1
99811,353,68.0,1.0,1.0,High,1
99822,353,78.0,1.0,1.0,High,1
99844,353,74.0,1.0,1.0,High,1
99859,353,75.0,1.0,1.0,High,1
99934,354,54.0,1.0,1.0,High,1
100016,354,45.0,1.0,1.0,High,1
100046,354,54.0,1.0,1.0,High,1
100067,354,49.0,1.0,1.0,High,1
100084,354,48.0,1.0,1.0,High,1
100128,354,41.0,1.0,1.0,High,1
100160,354,44.0,1.0,1.0,High,1
100179,354,52.0,1.0,1.0,High,1
100188,354,53.0,1.0,1.0,High,1
100196,354,52.0,1.0,1.0,High,1
100197,354,52.0,1.0,1.0,High,1
100218,354,52.0,1.0,1.0,High,1
100225,354,52.0,1.0,1.0,High,1
100231,354,52.0,1.0,1.0,High,1
100232,354,52.0,1.0,1.0,High,1
100238,354,57.0,1.0,1.0,High,1
100266,354,56.0,1.0,1.0,High,1
100291,354,57.0,1.0,1.0,High,1
100400,354,51.0,1.0,1.0,High,1
100455,355,50.0,1.0,1.0,High,1
100468,355,56.0,1.0,1.0,High,1
100491,355,52.0,1.0,1.0,High,1
100493,355,50.0,1.0,1.0,High,1
100495,355,47.0,1.0,1.0,High,1
100497,355,48.0,1.0,1.0,High,1
100499,355,53.0,1.0,1.0,High,1
100501,355,53.0,1.0,1.0,High,1
100518,355,45.0,1.0,1.0,High,1
100535,355,45.0,1.0,1.0,High,1
100540,355,48.0,1.0,1.0,High,1
100555,355,44.0,1.0,1.0,High,1
100586,355,53.0,1.0,1.0,High,1
100605,355,57.0,1.0,1.0,High,1
100621,355,48.0,1.0,1.0,High,1
100622,355,48.0,1.0,1.0,High,1
100649,355,46.0,1.0,1.0,High,1
100656,355,47.0,1.0,1.0,High,1
100677,355,45.0,1.0,1.0,High,1
100704,355,46.0,1.0,1.0,High,1
100720,355,52.0,1.0,1.0,High,1
100728,355,53.0,1.0,1.0,High,1
100729,355,53.0,1.0,1.0,High,1
100737,355,51.0,1.0,1.0,High,1
100759,355,52.0,1.0,1.0,High,1
100765,355,51.0,1.0,1.0,High,1
100817,355,57.0,1.0,1.0,High,1
100865,355,57.0,1.0,1.0,High,1
100874,355,55.0,1.0,1.0,High,1
100876,355,57.0,1.0,1.0,High,1
100889,355,52.0,1.0,1.0,High,1
100908,355,56.0,1.0,1.0,High,1
100932,355,53.0,1.0,1.0,High,1
100941,355,52.0,1.0,1.0,High,1
100975,356,42.0,1.0,1.0,High,1
100995,356,46.0,1.0,1.0,High,1
100996,356,46.0,1.0,1.0,High,1
101055,356,54.0,1.0,1.0,High,1
101068,356,47.0,1.0,1.0,High,1
101069,356,47.0,1.0,1.0,High,1
101074,356,46.0,1.0,1.0,High,1
101100,357,35.0,1.0,1.0,High,1
101117,357,18.0,1.0,1.0,High,1
101156,357,73.0,1.0,1.0,High,1
101191,357,64.0,1.0,1.0,High,1
101254,357,63.0,1.0,1.0,High,1
101256,357,56.0,1.0,1.0,High,1
101257,357,56.0,1.0,1.0,High,1
101275,357,70.0,1.0,1.0,High,1
101315,357,85.0,1.0,1.0,High,1
101321,357,76.0,1.0,1.0,High,1
101336,357,79.0,1.0,1.0,High,1
101353,357,76.0,1.0,1.0,High,1
101387,357,81.0,1.0,1.0,High,1
101409,357,77.0,1.0,1.0,High,1
101421,357,83.0,1.0,1.0,High,1
101425,357,74.0,1.0,1.0,High,1
101426,357,74.0,1.0,1.0,High,1
101445,357,70.0,1.0,1.0,High,1
101497,357,66.0,1.0,1.0,High,1
101498,357,66.0,1.0,1.0,High,1
101528,357,78.0,1.0,1.0,High,1
101560,357,91.0,1.0,1.0,High,1
101587,357,81.0,1.0,1.0,High,1
101600,357,95.0,1.0,1.0,High,1
101656,357,95.0,1.0,1.0,High,1
101658,357,96.0,1.0,1.0,High,1
101665,357,94.0,1.0,1.0,High,1
101693,357,78.0,1.0,1.0,High,1
101717,357,92.0,1.0,1.0,High,1
101728,357,92.0,1.0,1.0,High,1
101748,357,88.0,1.0,1.0,High,1
101784,357,92.0,1.0,1.0,High,1
101790,357,88.0,1.0,1.0,High,1
101799,357,82.0,1.0,1.0,High,1
101845,357,66.0,1.0,1.0,High,1
101846,357,66.0,1.0,1.0,High,1
101855,357,64.0,1.0,1.0,High,1
101867,357,68.0,1.0,1.0,High,1
101893,357,58.0,1.0,1.0,High,1
101900,357,68.0,1.0,1.0,High,1
101902,357,69.0,1.0,1.0,High,1
101909,357,74.0,1.0,1.0,High,1
101911,357,77.0,1.0,1.0,High,1
101933,357,75.0,1.0,1.0,High,1
101947,357,66.0,1.0,1.0,High,1
101948,357,66.0,1.0,1.0,High,1
101970,357,67.0,1.0,1.0,High,1
102014,357,84.0,1.0,1.0,High,1
102015,357,84.0,1.0,1.0,High,1
102046,357,81.0,1.0,1.0,High,1
102057,357,94.0,1.0,1.0,High,1
102059,357,98.0,1.0,1.0,High,1
102097,357,114.0,1.0,1.0,High,1
102098,357,114.0,1.0,1.0,High,1
102102,357,103.0,1.0,1.0,High,1
102160,357,120.0,1.0,1.0,High,1
102174,357,127.0,1.0,1.0,High,1
102203,357,113.0,1.0,1.0,High,1
102265,357,114.0,1.0,1.0,High,1
102382,357,112.0,1.0,1.0,High,1
102390,357,130.0,1.0,1.0,High,1
102391,357,130.0,1.0,1.0,High,1
102393,357,112.0,1.0,1.0,High,1
102407,357,101.0,1.0,1.0,High,1
102458,357,105.0,1.0,1.0,High,1
102467,357,108.0,1.0,1.0,High,1
102468,357,108.0,1.0,1.0,High,1
102487,357,96.0,1.0,1.0,High,1
102495,357,116.0,1.0,1.0,High,1
102531,357,91.0,1.0,1.0,High,1
102551,357,68.0,1.0,1.0,High,1
102572,357,93.0,1.0,1.0,High,1
102575,357,85.0,1.0,1.0,High,1
102609,357,84.0,1.0,1.0,High,1
102610,357,84.0,1.0,1.0,High,1
102614,357,80.0,1.0,1.0,High,1
102628,357,80.0,1.0,1.0,High,1
102688,357,72.0,1.0,1.0,High,1
102719,357,84.0,1.0,1.0,High,1
102720,357,84.0,1.0,1.0,High,1
102731,357,80.0,1.0,1.0,High,1
102765,357,76.0,1.0,1.0,High,1
102780,357,85.0,1.0,1.0,High,1
102818,357,85.0,1.0,1.0,High,1
102848,357,81.0,1.0,1.0,High,1
102852,357,69.0,1.0,1.0,High,1
102853,357,69.0,1.0,1.0,High,1
102863,357,75.0,1.0,1.0,High,1
102922,357,57.0,1.0,1.0,High,1
102935,357,58.0,1.0,1.0,High,1
102947,357,46.0,1.0,1.0,High,1
103004,357,80.0,1.0,1.0,High,1
103036,357,72.0,1.0,1.0,High,1
103043,357,77.0,1.0,1.0,High,1
103048,357,71.0,1.0,1.0,High,1
103049,357,71.0,1.0,1.0,High,1
103080,357,61.0,1.0,1.0,High,1
103087,357,52.0,1.0,1.0,High,1
103105,357,68.0,1.0,1.0,High,1
103106,357,68.0,1.0,1.0,High,1
103136,357,80.0,1.0,1.0,High,1
103170,357,67.0,1.0,1.0,High,1
103215,357,82.0,1.0,1.0,High,1
103235,357,70.0,1.0,1.0,High,1
103250,357,91.0,1.0,1.0,High,1
103251,357,91.0,1.0,1.0,High,1
103288,357,85.0,1.0,1.0,High,1
103338,357,77.0,1.0,1.0,High,1
103339,357,77.0,1.0,1.0,High,1
103355,357,75.0,1.0,1.0,High,1
103374,357,81.0,1.0,1.0,High,1
103383,357,78.0,1.0,1.0,High,1
103385,357,71.0,1.0,1.0,High,1
103416,357,74.0,1.0,1.0,High,1
103516,357,71.0,1.0,1.0,High,1
103527,357,87.0,1.0,1.0,High,1
103544,357,72.0,1.0,1.0,High,1
103554,357,90.0,1.0,1.0,High,1
103573,357,85.0,1.0,1.0,High,1
103610,357,66.0,1.0,1.0,High,1
103639,357,89.0,1.0,1.0,High,1
103663,357,91.0,1.0,1.0,High,1
103667,357,83.0,1.0,1.0,High,1
103702,358,90.0,1.0,1.0,High,1
103732,358,84.0,1.0,1.0,High,1
103763,358,76.0,1.0,1.0,High,1
103828,359,71.0,1.0,1.0,High,1
103844,359,79.0,1.0,1.0,High,1
103868,359,84.0,1.0,1.0,High,1
103878,359,81.0,1.0,1.0,High,1
103909,359,74.0,1.0,1.0,High,1
103923,359,75.0,1.0,1.0,High,1
103949,360,91.0,1.0,1.0,High,1
103984,360,84.0,1.0,1.0,High,1
104039,361,114.0,1.0,1.0,High,1
104065,361,76.0,1.0,1.0,High,1
104095,361,118.0,1.0,1.0,High,1
104101,361,94.0,1.0,1.0,High,1
104109,361,97.0,1.0,1.0,High,1
104127,361,114.0,1.0,1.0,High,1
104134,361,105.0,1.0,1.0,High,1
104139,361,74.0,1.0,1.0,High,1
104154,361,95.0,1.0,1.0,High,1
104155,361,95.0,1.0,1.0,High,1
104171,361,77.0,1.0,1.0,High,1
104173,361,88.0,1.0,1.0,High,1
104186,361,83.0,1.0,1.0,High,1
104245,361,109.0,1.0,1.0,High,1
104282,361,73.0,1.0,1.0,High,1
104341,361,67.0,1.0,1.0,High,1
104362,361,84.0,1.0,1.0,High,1
104447,362,96.0,1.0,1.0,High,1
104468,362,95.0,1.0,1.0,High,1
104493,362,82.0,1.0,1.0,High,1
104544,363,84.0,1.0,1.0,High,1
104549,363,78.0,1.0,1.0,High,1
104560,363,79.0,1.0,1.0,High,1
104574,363,67.0,1.0,1.0,High,1
104596,363,84.0,1.0,1.0,High,1
104622,363,77.0,1.0,1.0,High,1
104624,363,74.0,1.0,1.0,High,1
104634,363,82.0,1.0,1.0,High,1
104650,363,73.0,1.0,1.0,High,1
104687,363,76.0,1.0,1.0,High,1
104688,363,76.0,1.0,1.0,High,1
104710,363,79.0,1.0,1.0,High,1
104740,363,96.0,1.0,1.0,High,1
104750,363,106.0,1.0,1.0,High,1
104816,363,43.0,1.0,1.0,High,1
104821,363,97.0,1.0,1.0,High,1
104824,363,105.0,1.0,1.0,High,1
104829,363,112.0,1.0,1.0,High,1
104830,363,112.0,1.0,1.0,High,1
104905,364,53.0,1.0,1.0,High,1
104912,364,49.0,1.0,1.0,High,1
104971,364,65.0,1.0,1.0,High,1
104998,364,69.0,1.0,1.0,High,1
105003,364,74.0,1.0,1.0,High,1
105074,365,61.0,1.0,1.0,High,1
105106,365,67.0,1.0,1.0,High,1
105126,365,57.0,1.0,1.0,High,1
105148,365,60.0,1.0,1.0,High,1
105181,365,62.0,1.0,1.0,High,1
105182,365,62.0,1.0,1.0,High,1
105185,365,64.0,1.0,1.0,High,1
105189,365,67.0,1.0,1.0,High,1
105190,365,67.0,1.0,1.0,High,1
105204,365,67.0,1.0,1.0,High,1
105243,366,95.0,1.0,1.0,High,1
105299,366,111.0,1.0,1.0,High,1
105338,366,72.0,1.0,1.0,High,1
105339,366,72.0,1.0,1.0,High,1
105353,366,67.0,1.0,1.0,High,1
105376,366,79.0,1.0,1.0,High,1
105416,366,101.0,1.0,1.0,High,1
105435,367,80.0,1.0,1.0,High,1
105451,367,74.0,1.0,1.0,High,1
105452,367,74.0,1.0,1.0,High,1
105460,367,76.0,1.0,1.0,High,1
105487,367,86.0,1.0,1.0,High,1
105567,367,73.0,1.0,1.0,High,1
105606,367,96.0,1.0,1.0,High,1
105607,367,96.0,1.0,1.0,High,1
105647,367,74.0,1.0,1.0,High,1
105677,367,82.0,1.0,1.0,High,1
105686,367,96.0,1.0,1.0,High,1
105725,367,113.0,1.0,1.0,High,1
105726,367,113.0,1.0,1.0,High,1
105735,367,112.0,1.0,1.0,High,1
105758,367,108.0,1.0,1.0,High,1
105844,367,68.0,1.0,1.0,High,1
105859,367,114.0,1.0,1.0,High,1
105861,367,95.0,1.0,1.0,High,1
105868,367,104.0,1.0,1.0,High,1
105941,368,78.0,1.0,1.0,High,1
105969,368,98.0,1.0,1.0,High,1
105973,368,95.0,1.0,1.0,High,1
105992,368,102.0,1.0,1.0,High,1
106080,368,82.0,1.0,1.0,High,1
106109,368,81.0,1.0,1.0,High,1
106177,368,61.0,1.0,1.0,High,1
106200,368,67.0,1.0,1.0,High,1
106219,369,59.0,1.0,1.0,High,1
106220,369,59.0,1.0,1.0,High,1
106245,369,69.0,1.0,1.0,High,1
106246,369,69.0,1.0,1.0,High,1
106305,370,80.0,1.0,1.0,High,1
106312,370,102.0,1.0,1.0,High,1
106320,370,93.0,1.0,1.0,High,1
106347,370,69.0,1.0,1.0,High,1
106359,370,76.0,1.0,1.0,High,1
106398,370,105.0,1.0,1.0,High,1
106401,370,86.0,1.0,1.0,High,1
106404,370,95.0,1.0,1.0,High,1
106407,370,109.0,1.0,1.0,High,1
106446,370,110.0,1.0,1.0,High,1
106472,370,112.0,1.0,1.0,High,1
106493,370,94.0,1.0,1.0,High,1
106513,370,110.0,1.0,1.0,High,1
106540,371,93.0,1.0,1.0,High,1
106557,371,88.0,1.0,1.0,High,1
106568,371,99.0,1.0,1.0,High,1
106645,371,126.0,1.0,1.0,High,1
106653,371,134.0,1.0,1.0,High,1
106724,371,98.0,1.0,1.0,High,1
106731,371,91.0,1.0,1.0,High,1
106755,371,101.0,1.0,1.0,High,1
106756,371,101.0,1.0,1.0,High,1
106776,371,99.0,1.0,1.0,High,1
106777,371,99.0,1.0,1.0,High,1
106792,371,107.0,1.0,1.0,High,1
106819,372,71.0,1.0,1.0,High,1
106821,372,68.0,1.0,1.0,High,1
106828,372,66.0,1.0,1.0,High,1
106839,372,63.0,1.0,1.0,High,1
106850,372,69.0,1.0,1.0,High,1
106906,372,75.0,1.0,1.0,High,1
106916,372,76.0,1.0,1.0,High,1
106917,372,76.0,1.0,1.0,High,1
106925,372,73.0,1.0,1.0,High,1
106932,372,62.0,1.0,1.0,High,1
106936,372,64.0,1.0,1.0,High,1
106943,372,76.0,1.0,1.0,High,1
106946,372,71.0,1.0,1.0,High,1
106947,372,71.0,1.0,1.0,High,1
106979,372,83.0,1.0,1.0,High,1
106981,372,78.0,1.0,1.0,High,1
106992,372,75.0,1.0,1.0,High,1
107021,372,70.0,1.0,1.0,High,1
107050,372,66.0,1.0,1.0,High,1
107072,372,75.0,1.0,1.0,High,1
107084,372,71.0,1.0,1.0,High,1
107093,372,72.0,1.0,1.0,High,1
107109,372,87.0,1.0,1.0,High,1
107144,372,69.0,1.0,1.0,High,1
107154,372,76.0,1.0,1.0,High,1
107159,372,69.0,1.0,1.0,High,1
107189,372,74.0,1.0,1.0,High,1
107204,373,74.0,1.0,1.0,High,1
107205,373,74.0,1.0,1.0,High,1
107217,373,76.0,1.0,1.0,High,1
107222,373,90.0,1.0,1.0,High,1
107223,373,90.0,1.0,1.0,High,1
107249,373,75.0,1.0,1.0,High,1
107260,373,105.0,1.0,1.0,High,1
107276,373,80.0,1.0,1.0,High,1
107301,373,56.0,1.0,1.0,High,1
107314,373,62.0,1.0,1.0,High,1
107345,374,60.0,1.0,1.0,High,1
107352,374,60.0,1.0,1.0,High,1
107353,374,60.0,1.0,1.0,High,1
107361,374,65.0,1.0,1.0,High,1
107366,374,73.0,1.0,1.0,High,1
107383,374,87.0,1.0,1.0,High,1
107388,374,103.0,1.0,1.0,High,1
107397,374,78.0,1.0,1.0,High,1
107439,374,73.0,1.0,1.0,High,1
107458,375,109.0,1.0,1.0,High,1
107485,375,96.0,1.0,1.0,High,1
107496,375,94.0,1.0,1.0,High,1
107538,375,81.0,1.0,1.0,High,1
107569,375,71.0,1.0,1.0,High,1
107637,375,73.0,1.0,1.0,High,1
107643,375,95.0,1.0,1.0,High,1
107644,375,95.0,1.0,1.0,High,1
107650,375,85.0,1.0,1.0,High,1
107684,376,89.0,1.0,1.0,High,1
107700,376,82.0,1.0,1.0,High,1
107730,376,85.0,1.0,1.0,High,1
107779,377,46.0,1.0,1.0,High,1
107819,377,44.0,1.0,1.0,High,1
107941,377,46.0,1.0,1.0,High,1
107942,377,46.0,1.0,1.0,High,1
107945,377,47.0,1.0,1.0,High,1
107948,377,52.0,1.0,1.0,High,1
108008,377,50.0,1.0,1.0,High,1
108016,377,45.0,1.0,1.0,High,1
108081,378,79.0,1.0,1.0,High,1
108082,378,79.0,1.0,1.0,High,1
108137,378,75.0,1.0,1.0,High,1
108146,378,71.0,1.0,1.0,High,1
108176,378,48.0,1.0,1.0,High,1
108254,378,79.0,1.0,1.0,High,1
108290,378,106.0,1.0,1.0,High,1
108304,378,98.0,1.0,1.0,High,1
108305,378,98.0,1.0,1.0,High,1
108315,378,63.0,1.0,1.0,High,1
108382,378,79.0,1.0,1.0,High,1
108390,378,91.0,1.0,1.0,High,1
108420,378,36.0,1.0,1.0,High,1
108444,378,80.0,1.0,1.0,High,1
108453,378,250.0,1.0,1.0,High,1
108464,378,75.0,1.0,1.0,High,1
108475,378,250.0,1.0,1.0,High,1
108476,378,250.0,1.0,1.0,High,1
108493,378,71.0,1.0,1.0,High,1
108495,378,250.0,1.0,1.0,High,1
108497,378,250.0,1.0,1.0,High,1
108527,378,80.0,1.0,1.0,High,1
108543,378,250.0,1.0,1.0,High,1
108548,378,96.0,1.0,1.0,High,1
108577,378,61.0,1.0,1.0,High,1
108595,378,54.0,1.0,1.0,High,1
108602,378,43.0,1.0,1.0,High,1
108604,378,49.0,1.0,1.0,High,1
108606,378,81.0,1.0,1.0,High,1
108618,378,250.0,1.0,1.0,High,1
108624,378,73.0,1.0,1.0,High,1
108662,378,250.0,1.0,1.0,High,1
108664,378,86.0,1.0,1.0,High,1
108673,378,118.0,1.0,1.0,High,1
108728,378,250.0,1.0,1.0,High,1
108729,378,250.0,1.0,1.0,High,1
108759,378,74.0,1.0,1.0,High,1
