system:index,DistanceToLine,NDVI,ProximityFactor,RiskLabel,RiskScore,Vegetation,VegetationFactor,latitude,longitude,.geo,predicted_risk_probability,predicted_priority
1,2513.185229942274,0.426712692511949,0.2846221935051988,0,0.2224597566980359,1,0.1810181321599272,26.04804405173591,80.22777445672297,"{""type"":""MultiPoint"",""coordinates"":[]}",4.463036786496564e-16,Low
2,1100.5453193758085,0.3896810992999741,0.576792520869481,0,0.3075865220334844,1,0.1281158561428201,26.01085379897336,80.10093233860529,"{""type"":""MultiPoint"",""coordinates"":[]}",8.144200260389804e-10,Low
4,1241.933975700802,0.5225455708346659,0.5374245032849243,1,0.4057231477436833,1,0.3179222440495227,26.011482619672247,80.13102590062329,"{""type"":""MultiPoint"",""coordinates"":[]}",4.361870133575005e-06,Low
6,640.0781202322104,0.6031036915118739,0.726120674161926,1,0.5502514338178053,1,0.4330052735883913,25.979322932500768,80.33647060610143,"{""type"":""MultiPoint"",""coordinates"":[]}",0.03740839626631727,Low
8,932.6306878931232,0.406494960806271,0.6273094346208421,0,0.3422051688251406,1,0.1521356582946729,26.037354099854888,79.95872902912916,"{""type"":""MultiPoint"",""coordinates"":[]}",5.975401167671113e-08,Low
9,1322.1951444472938,0.4183864915572232,0.5162843640256414,0,0.3079878812307336,1,0.1691235593674618,26.03690494221283,80.22840327742185,"{""type"":""MultiPoint"",""coordinates"":[]}",7.121229145311592e-10,Low
10,1013.1633629380802,0.3595854922279792,0.6025517763439372,0,0.2920939895901285,1,0.085122131754256,26.013279250240487,80.29308197787846,"{""type"":""MultiPoint"",""coordinates"":[]}",1.0404120736471266e-10,Low
12,1176.435293588219,0.4788211103495546,0.5553161727596467,1,0.3754017065463341,1,0.2554587290707923,26.02855061007052,80.25723919804209,"{""type"":""MultiPoint"",""coordinates"":[]}",7.109207914726073e-07,Low
13,2025.2654147049464,0.2146750366500018,0.3632613587069582,0,0.1453045434827833,0,0.0,26.044540622127844,80.16004148430035,"{""type"":""MultiPoint"",""coordinates"":[]}",4.4034919723366075e-21,Low
15,1734.156855650607,0.4883142715067131,0.4201773361770589,0,0.3294831671908633,1,0.269020387866733,26.03564730081506,80.24996284424071,"{""type"":""MultiPoint"",""coordinates"":[]}",6.076920550577166e-09,Low
16,2483.082761407682,0.1534612176814011,0.2889385102803603,0,0.1155754041121441,0,0.0,26.02962858841146,80.29092602119657,"{""type"":""MultiPoint"",""coordinates"":[]}",2.2290408834236896e-24,Low
17,1273.184982632139,0.4430555555555555,0.5290922422635629,0,0.3342559445244727,1,0.2043650793650793,26.03690494221283,79.9943921459087,"{""type"":""MultiPoint"",""coordinates"":[]}",1.997485414255718e-08,Low
18,590.3388857258177,0.5530700753252682,0.7444054425896793,1,0.5146793844575303,1,0.3615286790360975,25.941414027510923,80.39144750148954,"{""type"":""MultiPoint"",""coordinates"":[]}",0.004715290773325522,Low
19,1849.78377114732,0.506416584402764,0.3965742921594497,0,0.3355582177804348,1,0.2948808348610915,26.043552475315312,80.15141765757281,"{""type"":""MultiPoint"",""coordinates"":[]}",9.962421880000542e-09,Low
21,1930.5180651835403,0.4026818366517676,0.3808845254541675,0,0.2403668130260392,1,0.1466883380739537,25.932700369254963,80.40788667118892,"{""type"":""MultiPoint"",""coordinates"":[]}",2.4110410308981866e-14,Low
25,490.0,0.3246906305244549,0.7827045382418681,0,0.3342452128891372,1,0.0352723293206498,26.01893863653044,80.01487373438664,"{""type"":""MultiPoint"",""coordinates"":[]}",2.3275563747239555e-08,Low
26,2839.242856819402,0.336010960755241,0.2418055402797939,0,0.1275887539021242,1,0.0514442296503443,26.04481011671308,80.1799840836078,"{""type"":""MultiPoint"",""coordinates"":[]}",3.229192656623156e-22,Low
27,1413.15250415516,0.6126220554973244,0.4933303480908551,1,0.4652939010911915,1,0.4466029364247492,26.010494472859715,80.19705207400608,"{""type"":""MultiPoint"",""coordinates"":[]}",0.00012742039771354718,Low
28,1784.740877550576,0.4076960545543107,0.4096834712548765,0,0.2561842924056455,1,0.1538515065061582,26.03367100719,79.90878269933212,"{""type"":""MultiPoint"",""coordinates"":[]}",2.899476600858237e-13,Low
29,1724.5579143653017,0.5639967283586633,0.4221988120935304,1,0.3951624348591236,1,0.3771381833695191,26.03636595304236,80.17450436037467,"{""type"":""MultiPoint"",""coordinates"":[]}",1.2656228547598975e-06,Low
33,2505.3941805632103,0.3800773694390715,0.28573310868108,0,0.1829309887059219,1,0.1143962420558165,25.999535026393456,80.23684744109256,"{""type"":""MultiPoint"",""coordinates"":[]}",1.9377737957193454e-18,Low
34,2405.202694161139,0.5645791405232627,0.3004117194368789,0,0.3469468082232625,1,0.3779702007475182,25.96090746917632,80.41049178551287,"{""type"":""MultiPoint"",""coordinates"":[]}",1.0323058518398981e-08,Low
35,76.15773105863909,0.5254587155963303,0.962637019019382,1,0.5783051352617502,1,0.322083879423329,25.94779206602817,80.38956103939289,"{""type"":""MultiPoint"",""coordinates"":[]}",0.17815409033744617,Low
36,1803.3579788827287,0.0664208585725573,0.4058876063151914,0,0.1623550425260765,0,0.0,26.03672527915601,80.1070408825373,"{""type"":""MultiPoint"",""coordinates"":[]}",3.0861035566863105e-22,Low
37,693.757882838098,0.4180677338910789,0.7068908982871855,1,0.3839572740786561,1,0.1686681912729698,26.01471655469508,80.24340514266665,"{""type"":""MultiPoint"",""coordinates"":[]}",1.7452091794241358e-06,Low
38,2075.427666771357,0.3961024742719509,0.3542636626323049,0,0.2240790144288799,1,0.1372892489599299,26.0494813561905,79.94013390274789,"{""type"":""MultiPoint"",""coordinates"":[]}",1.8203607889666314e-15,Low
39,1426.8847185389577,0.3308550185873606,0.4899546911128333,0,0.2224290352342995,1,0.0440785979819437,26.015165712337136,79.96708336127148,"{""type"":""MultiPoint"",""coordinates"":[]}",4.9053530493335255e-15,Low
41,3252.1377584598104,0.5860436137071651,0.1967013128504461,0,0.3238607654606056,1,0.4086337338673787,25.97689748123365,80.40267644254104,"{""type"":""MultiPoint"",""coordinates"":[]}",4.377021628424129e-11,Low
42,332.41540277189324,0.5081405312767782,0.8468703197820632,1,0.5171542975786352,1,0.2973436161096831,26.026664147973865,80.01199912547746,"{""type"":""MultiPoint"",""coordinates"":[]}",0.005777170078108266,Low
45,1959.7193676646664,0.3944250871080139,0.375363764761326,0,0.2310812948542566,1,0.134892981582877,26.003218119058342,80.17145008840866,"{""type"":""MultiPoint"",""coordinates"":[]}",6.265423009851273e-15,Low
46,2628.554735971842,0.5670400354885217,0.2686684014953024,0,0.3363588195882824,1,0.3814857649836024,25.97402287232446,80.3979153715352,"{""type"":""MultiPoint"",""coordinates"":[]}",1.7158774300248572e-09,Low
47,819.8780397107853,0.494949494949495,0.6636907208584841,1,0.4325758554429608,1,0.2784992784992786,25.97177708411416,80.32380436059533,"{""type"":""MultiPoint"",""coordinates"":[]}",3.120789221612252e-05,Low
48,941.9129471453292,0.2894263768589639,0.6244047559281736,0,0.2497619023712694,0,0.0,26.021723413911207,79.9448051422253,"{""type"":""MultiPoint"",""coordinates"":[]}",5.673569453420338e-13,Low
49,1307.7079184588583,0.4060500921609021,0.5200377056191284,0,0.2989151612427103,1,0.1515001316584316,26.00339778211517,80.26226976363316,"{""type"":""MultiPoint"",""coordinates"":[]}",2.1299251477045954e-10,Low
51,1062.308806327049,0.4218374218374218,0.5879258742896409,0,0.3396024255765036,1,0.1740534597677455,26.03825241513901,80.20351994405173,"{""type"":""MultiPoint"",""coordinates"":[]}",4.24945147901081e-08,Low
52,970.1546268507924,0.3595191501258037,0.6156495969450727,0,0.2972762531715752,1,0.0850273573225768,26.016962342905376,80.14324298848732,"{""type"":""MultiPoint"",""coordinates"":[]}",2.141803812812724e-10,Low
53,1134.6365056704285,0.3557933075347143,0.5670440703242738,0,0.2746404631594646,1,0.0797047250495919,26.03834224666742,79.91641837924713,"{""type"":""MultiPoint"",""coordinates"":[]}",8.864295083921903e-12,Low
54,704.3436661176133,0.4813599062133646,0.7031592855839246,1,0.4367150624164537,1,0.2590855803048066,25.950936169522592,80.37752361458568,"{""type"":""MultiPoint"",""coordinates"":[]}",4.271607408520243e-05,Low
55,221.35943621178652,0.5575888051668461,0.8952254275131768,1,0.578880575433996,1,0.3679840073812087,26.02037594098503,80.128780112413,"{""type"":""MultiPoint"",""coordinates"":[]}",0.18787369103028642,Low
57,1140.043858805441,0.5376984126984127,0.5655130372004225,1,0.4299467114788085,1,0.3395691609977324,26.02908959924099,80.11252060577043,"{""type"":""MultiPoint"",""coordinates"":[]}",2.064863411251986e-05,Low
58,2098.022878807569,0.3372889091738932,0.3502838548261048,0,0.1720754640794932,1,0.0532698702484188,26.04436095907102,80.22714563602408,"{""type"":""MultiPoint"",""coordinates"":[]}",1.3041711664229538e-18,Low
62,1122.7199116431489,0.3369140625,0.5704327727375502,0,0.2598137340950201,1,0.052734375,26.009236831461948,80.10506458891224,"{""type"":""MultiPoint"",""coordinates"":[]}",1.1548476157233644e-12,Low
64,1259.3649193144934,0.4958196634564504,0.5327609472438923,1,0.3809498047173716,1,0.2797423763663577,25.96674651852309,80.32434334976581,"{""type"":""MultiPoint"",""coordinates"":[]}",9.347597667770694e-07,Low
66,80.62257748298549,0.4053238820601764,0.9604904027627154,1,0.4744737742995231,1,0.1504626886573948,26.023340381422624,80.23738643026304,"{""type"":""MultiPoint"",""coordinates"":[]}",0.0004393825608676091,Low
69,2131.3845265460664,0.6851063829787234,0.3444892949168118,1,0.467886903377059,1,0.5501519756838906,26.03187437662176,80.27484617761083,"{""type"":""MultiPoint"",""coordinates"":[]}",5.3012724560531284e-05,Low
71,2170.0691233230336,0.401358577829166,0.3378901076493739,0,0.2220348240561775,1,0.14479796832738,26.002679129887877,80.15770586456163,"{""type"":""MultiPoint"",""coordinates"":[]}",1.086051819198296e-15,Low
74,1008.4641788382968,0.4879343629343629,0.6039691917291635,1,0.4026742734925479,1,0.2684776613348042,25.96656685546627,80.3288349261864,"{""type"":""MultiPoint"",""coordinates"":[]}",4.513931541353836e-06,Low
75,2799.571395767573,0.5962626661402816,0.2466498158557671,1,0.3525993544625482,1,0.4232323802004022,26.00043334167757,80.14198534708954,"{""type"":""MultiPoint"",""coordinates"":[]}",6.7756188083956035e-09,Low
76,3034.5345606863666,0.367189049791708,0.2193103826128451,0,0.1453147671523163,1,0.0959843568452972,25.95982949083537,80.3054787287993,"{""type"":""MultiPoint"",""coordinates"":[]}",1.9188082216779932e-21,Low
77,822.1921916437786,0.5697873380591543,0.6629232243876808,1,0.4964155795200616,1,0.385410482941649,26.03600662692871,79.96232229026565,"{""type"":""MultiPoint"",""coordinates"":[]}",0.0014111626148304763,Low
79,3164.427278355437,0.4764646122587199,0.2055196479451149,0,0.2334632411140916,1,0.2520923032267428,26.05109832370192,80.18681127976711,"{""type"":""MultiPoint"",""coordinates"":[]}",2.356438874732332e-16,Low
81,1102.088925631684,0.4705364995602462,0.5763475223454189,1,0.3767131514183786,1,0.2436235708003518,25.994414629273976,80.28571579254867,"{""type"":""MultiPoint"",""coordinates"":[]}",8.300630341264509e-07,Low
82,180.27756377319943,0.4956521739130435,0.9138043569780524,1,0.5332236061452582,1,0.2795031055900622,25.97905343791553,80.32308570836804,"{""type"":""MultiPoint"",""coordinates"":[]}",0.01482372893016113,Low
83,1964.611920965563,0.4421944564124658,0.3744466433718448,0,0.2716596199879943,1,0.2031349377320941,26.03681511068441,80.1129697634125,"{""type"":""MultiPoint"",""coordinates"":[]}",1.6839811592720708e-12,Low
85,152.97058540778357,0.417564778720477,0.9263665385356208,1,0.4713164257460858,1,0.1679496838863957,26.020286109456617,80.19094353007407,"{""type"":""MultiPoint"",""coordinates"":[]}",0.0003707522801913806,Low
86,1525.0245899656832,0.5113915177006659,0.4664929856243351,1,0.3677899237074478,1,0.3019878824295228,25.9539904414886,80.4061798721491,"{""type"":""MultiPoint"",""coordinates"":[]}",2.8678890411448146e-07,Low
87,2439.77457975117,0.5662590466683304,0.2952634442281686,0,0.3463274176926935,1,0.3803700666690434,25.92335789030012,80.39297463747255,"{""type"":""MultiPoint"",""coordinates"":[]}",8.893672923377431e-09,Low
90,2536.1782271756847,0.4048640915593705,0.2813687721617749,0,0.202431015915599,1,0.149805845084815,25.962524436687733,80.30934148452101,"{""type"":""MultiPoint"",""coordinates"":[]}",2.6166419044853788e-17,Low
92,839.3449827097318,0.3791727291623363,0.6572620435707006,0,0.3307671567102828,1,0.1131038988033375,26.03052690369558,80.12994792228234,"{""type"":""MultiPoint"",""coordinates"":[]}",1.7208660511341094e-08,Low
94,746.7261881037789,0.4531744101191924,0.6884152279845525,1,0.4066584427245573,1,0.2188205858845606,26.01741150054744,80.0063397391875,"{""type"":""MultiPoint"",""coordinates"":[]}",6.881324847091311e-06,Low
95,1890.0,0.3639680504881176,0.388679570901753,0,0.2103015859219449,1,0.0913829292687394,26.00609272796753,80.03310953465426,"{""type"":""MultiPoint"",""coordinates"":[]}",4.128742469451615e-16,Low
96,3258.5426190246462,0.4224083769633507,0.1960723981747729,0,0.1833504252384955,1,0.1748691099476439,25.997199406654747,80.35174196593145,"{""type"":""MultiPoint"",""coordinates"":[]}",1.6407318677533925e-19,Low
98,1996.421799119615,0.4548798712495689,0.3685382035619031,0,0.2801694567815346,1,0.2212569589279556,26.049211861605265,79.93555249479888,"{""type"":""MultiPoint"",""coordinates"":[]}",5.065416721035446e-12,Low
100,3064.000652741445,0.5765501691093574,0.2161029582344496,0,0.3234841853875148,1,0.3950716701562249,26.000792667791224,80.20989798256899,"{""type"":""MultiPoint"",""coordinates"":[]}",8.112451384561714e-11,Low
106,2593.472575524947,0.3132752705199261,0.273422711441883,0,0.120747887879547,1,0.018964672171323,26.00474525504135,80.21124545549516,"{""type"":""MultiPoint"",""coordinates"":[]}",2.7535340348062603e-22,Low
107,1357.1293232407882,0.3747954173486088,0.507344681293484,0,0.2670482302447726,1,0.1068505962122983,25.98013141625648,80.35461657484063,"{""type"":""MultiPoint"",""coordinates"":[]}",2.538506543451108e-12,Low
110,320.0,0.3232863917229487,0.8521437889662113,1,0.3608172799204406,1,0.0332662738899267,26.02001661487138,80.04721308461494,"{""type"":""MultiPoint"",""coordinates"":[]}",3.310352361773074e-07,Low
111,537.5872022286245,0.4891199780109028,0.7643009902422327,1,0.4678232343919527,1,0.2701713971584327,26.02001661487138,80.06697602086557,"{""type"":""MultiPoint"",""coordinates"":[]}",0.0002936553369742033,Low
112,2480.322559668399,0.4754402224281742,0.2893375498637723,0,0.2661123534553726,1,0.2506288891831061,25.970519442716395,80.29694473360017,"{""type"":""MultiPoint"",""coordinates"":[]}",2.0473346949628717e-13,Low
113,2524.143419063188,0.5890563930764936,0.2830669860480093,1,0.3609894170561982,1,0.4129377043949909,26.04516944282673,80.12608516656063,"{""type"":""MultiPoint"",""coordinates"":[]}",2.9777237330414363e-08,Low
115,1719.6511274092777,0.3905768383971819,0.4232359035820924,0,0.2469316514875643,1,0.1293954834245455,25.99288749329097,80.3332366710786,"{""type"":""MultiPoint"",""coordinates"":[]}",9.137668394317429e-14,Low
121,1517.4320413119,0.4007580978635424,0.4682672867052662,0,0.2736709985651429,1,0.1439401398050606,26.01211144037113,80.15141765757281,"{""type"":""MultiPoint"",""coordinates"":[]}",5.1259839151355515e-12,Low
122,1455.2319402761884,0.3641079750285764,0.4830592460908261,0,0.2481733913179674,1,0.0915828214693949,26.01211144037113,80.06985062977475,"{""type"":""MultiPoint"",""coordinates"":[]}",1.6567277762191829e-13,Low
123,2028.0532537386684,0.4509505703422053,0.3627553543559363,0,0.2744883448928362,1,0.2156436719174362,26.050379671474623,79.92872529863958,"{""type"":""MultiPoint"",""coordinates"":[]}",2.151870140327911e-12,Low
124,260.768096208106,0.4455121205503385,0.8777582647832907,1,0.4758279806707493,1,0.207874457929055,25.977436470404115,80.3242535182374,"{""type"":""MultiPoint"",""coordinates"":[]}",0.0004920038289739165,Low
126,2245.1057881534225,0.3121167883211679,0.3254478991902642,0,0.1405649782371067,1,0.0173096976016684,26.04561860046879,79.9950209666076,"{""type"":""MultiPoint"",""coordinates"":[]}",1.1531860402225553e-20,Low
128,2367.1924298628533,0.4894433781190019,0.3061756828149045,0,0.2848503115136777,1,0.2706333973128599,26.004924918098173,80.14683624962379,"{""type"":""MultiPoint"",""coordinates"":[]}",3.755105234789799e-12,Low
129,1290.0,0.3595013477088949,0.5246625421065929,0,0.2608661720216899,1,0.0850019252984213,26.011392788143837,80.0379604371885,"{""type"":""MultiPoint"",""coordinates"":[]}",1.1629121550601639e-12,Low
131,3104.1262860908223,0.2221453287197231,0.2118105273081791,0,0.0847242109232716,0,0.0,25.993606145518267,80.35515556401111,"{""type"":""MultiPoint"",""coordinates"":[]}",5.243601637551412e-26,Low
133,2236.06797749979,0.3835361730899256,0.3269218953517579,0,0.2023711922177822,1,0.1193373901284651,26.044899948241493,80.16444322919254,"{""type"":""MultiPoint"",""coordinates"":[]}",6.048557857065836e-17,Low
134,1783.7320426566318,0.4338689740420272,0.4098901748735865,0,0.2787009048426008,1,0.1912413914886102,26.037354099854888,80.17189924605073,"{""type"":""MultiPoint"",""coordinates"":[]}",6.493398080176946e-12,Low
135,140.0,0.4783808647654093,0.9323938199059484,1,0.525855412047016,1,0.2548298068077277,26.024867517405628,79.98648697140845,"{""type"":""MultiPoint"",""coordinates"":[]}",0.00952270001649457,Low
139,2150.81379947219,0.3313782991202346,0.3411589095844902,0,0.1633592487939971,1,0.0448261416003351,26.016962342905376,80.30511940268565,"{""type"":""MultiPoint"",""coordinates"":[]}",3.4313818811311943e-19,Low
143,1686.8906307167636,0.38288761022449,0.4302257038369653,0,0.243136804584349,1,0.1184108717492714,26.039420225008364,80.06113697151879,"{""type"":""MultiPoint"",""coordinates"":[]}",5.740111527685269e-14,Low
144,1382.787040726084,0.4993412384716733,0.5008775993790932,1,0.371214958441643,1,0.2847731978166761,26.00878767381989,80.16974328936884,"{""type"":""MultiPoint"",""coordinates"":[]}",4.3196754354423725e-07,Low
146,882.0430828479978,0.2670404249041015,0.6433788471271428,0,0.2573515388508571,0,0.0,26.0148962177519,80.0535911231322,"{""type"":""MultiPoint"",""coordinates"":[]}",7.099920885724718e-13,Low
147,2011.094229517851,0.4618453865336658,0.3658444211568035,0,0.2850623854915778,1,0.2312076950480941,25.927669803663896,80.39099834384749,"{""type"":""MultiPoint"",""coordinates"":[]}",9.605175904377973e-12,Low
149,2192.0994502987314,0.4145828955662954,0.3341886165636822,0,0.231889357110869,1,0.1636898508089935,25.97222624175622,80.39432211039872,"{""type"":""MultiPoint"",""coordinates"":[]}",4.0070632108336346e-15,Low
151,769.0253571892151,0.4222229726307258,0.6807823151754901,1,0.3770754740393897,1,0.1746042466153226,26.03340151260476,80.22157608126254,"{""type"":""MultiPoint"",""coordinates"":[]}",1.0775358653518126e-06,Low
153,909.5603333479312,0.4091401342863331,0.634587456086727,0,0.3473836689658334,1,0.1559144775519044,26.014626723166664,80.13129539520853,"{""type"":""MultiPoint"",""coordinates"":[]}",1.0053703409188907e-07,Low
157,1817.9658962697845,0.3336813063902765,0.4029338203014575,0,0.1900432193122486,1,0.0481161519861093,26.04400163295737,79.9725630845046,"{""type"":""MultiPoint"",""coordinates"":[]}",2.914767838710183e-17,Low
158,1662.0770138594662,0.443328060199239,0.4355966811734546,0,0.2970912954973009,1,0.2047543717131985,26.039420225008364,80.06266410750179,"{""type"":""MultiPoint"",""coordinates"":[]}",1.0119564036706648e-10,Low
161,2406.34577731464,0.5288715953307392,0.3002400707059433,0,0.316271681423011,1,0.3269594219010561,26.05127798675874,79.95235099061192,"{""type"":""MultiPoint"",""coordinates"":[]}",2.435415417263652e-10,Low
164,155.24174696260025,0.332754255299488,0.9253151715706652,1,0.3982011445992559,1,0.0467917932849828,26.015974196092845,80.2663121824117,"{""type"":""MultiPoint"",""coordinates"":[]}",4.528293653143521e-06,Low
165,1962.1671692289624,0.4409325999507429,0.3749046377762945,0,0.2707612264968689,1,0.2013322856439185,26.001690983075346,80.11809016053196,"{""type"":""MultiPoint"",""coordinates"":[]}",1.4958261003713442e-12,Low
170,1290.310040261642,0.4263712830233385,0.524581215154499,0,0.3181507286532326,1,0.180530404319055,26.035377806229825,80.23361350606974,"{""type"":""MultiPoint"",""coordinates"":[]}",2.7931123029993346e-09,Low
171,1755.135322418189,0.4763647938882698,0.4157930322271502,0,0.3174870362236628,1,0.2519497055546713,26.002140140717405,80.25310694773513,"{""type"":""MultiPoint"",""coordinates"":[]}",1.3069914228596413e-09,Low
175,1502.6643005009469,0.3912379285737338,0.4717377084699889,0,0.2668990221654817,1,0.1303398979624768,26.037803257496947,80.06149629763244,"{""type"":""MultiPoint"",""coordinates"":[]}",2.0580737220547694e-12,Low
177,1430.9786860746738,0.4401633764465623,0.4889527876030933,0,0.3157211519954336,1,0.2002333949236605,26.03241336579223,80.25184930633736,"{""type"":""MultiPoint"",""coordinates"":[]}",1.7341664200516746e-09,Low
178,1877.7113729218345,0.4694717585181797,0.3910750919313352,0,0.301691544073831,1,0.2421025121688282,26.03879140430948,80.16821615338584,"{""type"":""MultiPoint"",""coordinates"":[]}",1.2524834964295625e-10,Low
179,434.1658669218482,0.4879511503652818,0.8048632164449067,1,0.4830462726053471,1,0.2685016433789741,25.96638719240945,80.34132150863567,"{""type"":""MultiPoint"",""coordinates"":[]}",0.0007478986250269963,Low
180,1593.549497191725,0.4945213270142179,0.4507805025195239,0,0.3470447670199964,1,0.2778876100203114,26.034120164832057,80.25095099105324,"{""type"":""MultiPoint"",""coordinates"":[]}",4.970833867284629e-08,Low
181,269.07248094147417,0.4894009216589862,0.8741211997387823,1,0.5119921270317869,1,0.2705727452271231,26.003667276700405,80.28598528713391,"{""type"":""MultiPoint"",""coordinates"":[]}",0.004252699355596258,Low
182,1100.6361796706483,0.379217877094972,0.5767663176954385,0,0.2986075645881514,1,0.1131683958499601,26.01633352220649,80.14548877669762,"{""type"":""MultiPoint"",""coordinates"":[]}",2.424213198829065e-10,Low
183,1180.1694793545544,0.4895630392429724,0.5542803132094968,1,0.3841947303492037,1,0.270804341775675,26.04004904570725,80.20765219435869,"{""type"":""MultiPoint"",""coordinates"":[]}",1.2433730401458951e-06,Low
184,1028.0077820717115,0.3925113729149656,0.5980960668449924,0,0.3185338892365389,1,0.1321591041642365,25.95111583257941,80.3738405219208,"{""type"":""MultiPoint"",""coordinates"":[]}",3.5709383060014724e-09,Low
186,2298.7170334775874,0.1998361998361998,0.3168399517285629,0,0.1267359806914252,0,0.0,25.943300489607573,80.41633083485965,"{""type"":""MultiPoint"",""coordinates"":[]}",9.786426285250375e-23,Low
187,441.47480109288233,0.5256353660843791,0.8019272382973474,1,0.5141726376769782,1,0.3223362372633988,26.030706566752404,80.14557860822603,"{""type"":""MultiPoint"",""coordinates"":[]}",0.004774864137936756,Low
188,2823.49074728429,0.6472339369883403,0.2437175335562579,1,0.395116102269652,1,0.4960484814119147,25.96674651852309,80.29694473360017,"{""type"":""MultiPoint"",""coordinates"":[]}",1.8403312391537068e-07,Low
191,240.83189157584596,0.2219346489809122,0.8865516026100966,1,0.3546206410440387,0,0.0,26.02477768587721,80.15429226648199,"{""type"":""MultiPoint"",""coordinates"":[]}",9.603957645122177e-09,Low
192,1884.728097100481,0.6575875486381322,0.3897054628868842,1,0.4623857982731527,1,0.5108393551973317,26.00294862447311,80.10227981153146,"{""type"":""MultiPoint"",""coordinates"":[]}",5.649265099055829e-05,Low
193,2470.8095839218367,0.4385782175639607,0.2907170586184625,0,0.2350681527879227,1,0.1979688822342296,26.048313546321147,80.19157235077294,"{""type"":""MultiPoint"",""coordinates"":[]}",2.888041797239422e-15,Low
196,1203.536455617361,0.4887181949111858,0.5478420695572368,1,0.3808952806039111,1,0.269597421301694,26.01022497827448,80.18348751321587,"{""type"":""MultiPoint"",""coordinates"":[]}",9.864532222350368e-07,Low
197,200.9975124224178,0.379864559819413,0.9043862372775356,1,0.4302098318990826,1,0.1140922283134472,26.02504718046245,80.15249563591375,"{""type"":""MultiPoint"",""coordinates"":[]}",3.2001685307594764e-05,Low
198,2372.003372678884,0.4695707879564382,0.3054400710652846,0,0.2675224181030609,1,0.2422439827949117,25.94213267973822,80.36539635825007,"{""type"":""MultiPoint"",""coordinates"":[]}",3.3941655008431856e-13,Low
201,3136.000637755037,0.6331578947368421,0.208461622615896,1,0.3689485588207945,1,0.4759398496240603,25.92740030907866,80.41767830778583,"{""type"":""MultiPoint"",""coordinates"":[]}",1.3321964632744574e-08,Low
204,3397.057550292606,0.4238121855785355,0.1829524904001547,0,0.1793057266559495,1,0.1768745508264793,26.009685989104007,80.33278751343653,"{""type"":""MultiPoint"",""coordinates"":[]}",5.578428319234004e-20,Low
205,291.547594742265,0.3965375103050289,0.8643532000389769,1,0.4284877174199012,1,0.1379107290071841,26.02810145242846,79.99385315673824,"{""type"":""MultiPoint"",""coordinates"":[]}",2.905738501976675e-05,Low
207,1384.629914453678,0.4169545575338825,0.5004162848635151,0,0.3004132775458768,1,0.1670779393341179,25.981838215296303,80.3476097156245,"{""type"":""MultiPoint"",""coordinates"":[]}",2.392594921406642e-10,Low
208,2948.6437560342893,0.4798249878463782,0.2289339195430165,0,0.2457092716855308,1,0.2568928397805403,25.970519442716395,80.29074635813974,"{""type"":""MultiPoint"",""coordinates"":[]}",2.7400866233354066e-15,Low
209,1625.3307355735324,0.5038790531131888,0.4436739346376628,1,0.3522230479520841,1,0.2912557901616983,26.010404641331306,80.2010944927846,"{""type"":""MultiPoint"",""coordinates"":[]}",7.55143818419227e-08,Low
211,2460.0,0.4594573658423223,0.2922925776808594,0,0.2535947732229058,1,0.2277962369176033,26.046786410338143,80.09482379467327,"{""type"":""MultiPoint"",""coordinates"":[]}",3.8552928909462226e-14,Low
212,312.5699921617557,0.4483932751649287,0.8553153940969451,1,0.4693203934944313,1,0.2119903930927553,26.01741150054744,80.2469085722747,"{""type"":""MultiPoint"",""coordinates"":[]}",0.0003337944497399859,Low
213,825.6512580987205,0.6195985832349469,0.6617776675686886,1,0.5386527098002871,1,0.4565694046213527,25.95911083860808,80.35910815126124,"{""type"":""MultiPoint"",""coordinates"":[]}",0.01727245191878545,Low
216,3226.701101744629,0.7212556732223903,0.199219001191678,1,0.4407638918101486,1,0.601793818889129,26.00088249931964,80.07883378261594,"{""type"":""MultiPoint"",""coordinates"":[]}",1.284682293231411e-06,Low
218,2086.935552430884,0.3959457838551037,0.3522311029946376,0,0.2231316845022297,1,0.1370654055072911,26.04768472562226,79.95962734441329,"{""type"":""MultiPoint"",""coordinates"":[]}",1.5532536875054566e-15,Low
219,1162.841347734075,0.1868740677604943,0.5591034983457703,0,0.2236413993383081,0,0.0,25.97177708411416,80.31805514277697,"{""type"":""MultiPoint"",""coordinates"":[]}",3.1085088686369873e-16,Low
220,3176.7278762903197,0.4523238053676631,0.2042595197213763,0,0.2122670696322617,1,0.2176054362395187,25.96818382297769,80.41228841608111,"{""type"":""MultiPoint"",""coordinates"":[]}",1.2043904635191185e-17,Low
222,652.7633568147036,0.4233449477351916,0.721529742546385,1,0.3943361379344325,1,0.1762070681931309,26.0381625836106,79.92683883654293,"{""type"":""MultiPoint"",""coordinates"":[]}",3.4018019206013667e-06,Low
223,1884.728097100481,0.3873978996499417,0.3897054628868842,0,0.2307946705689894,1,0.1248541423570595,26.002768961416287,80.24735772991677,"{""type"":""MultiPoint"",""coordinates"":[]}",7.08853765277247e-15,Low
224,2612.0490041344938,0.4683480453972257,0.2708948604862324,0,0.2526562688206865,1,0.2404972077103225,25.98318568822248,80.27808011263366,"{""type"":""MultiPoint"",""coordinates"":[]}",2.1460461026438064e-14,Low
228,553.6244214266563,0.4569111823496135,0.7581968649909421,1,0.4377740451531884,1,0.2241588319280192,26.022442066138503,80.25795785026938,"{""type"":""MultiPoint"",""coordinates"":[]}",4.850627210144595e-05,Low
229,2905.236651290218,0.5033299469466079,0.2339569100550498,0,0.267865575690541,1,0.2904713527808685,25.99881637416616,80.15707704386276,"{""type"":""MultiPoint"",""coordinates"":[]}",6.784116677698288e-14,Low
231,2585.652722234755,0.4999354921945555,0.2744938668917319,0,0.2811708257805975,1,0.2856221317065079,25.998726542637748,80.16498221836301,"{""type"":""MultiPoint"",""coordinates"":[]}",1.193546872457232e-12,Low
232,2286.9411885748177,0.4297752808988764,0.318710983633872,0,0.2387203485097286,1,0.1853932584269663,26.0006130047344,80.16929413172679,"{""type"":""MultiPoint"",""coordinates"":[]}",8.022701015956733e-15,Low
234,1598.311609167624,0.4551113239166866,0.4497084457248697,0,0.3128359416471078,1,0.2215876055952666,26.0419355078039,80.1979503892902,"{""type"":""MultiPoint"",""coordinates"":[]}",9.332898794903722e-10,Low
235,161.24515496597098,0.5367901234567901,0.9225418137992832,1,0.5719796884826763,1,0.3382716049382716,25.998726542637748,80.29505827150352,"{""type"":""MultiPoint"",""coordinates"":[]}",0.13181764722216077,Low
237,70.0,0.4422125946348081,0.9656054162575664,1,0.508138676190005,1,0.2031608494782973,26.02630482186022,80.07182692339981,"{""type"":""MultiPoint"",""coordinates"":[]}",0.003262073684128715,Low
238,412.31056256176606,0.3814047656128329,0.8137067130515867,1,0.395258198603063,1,0.116292522304047,26.025226843519278,80.24241699585411,"{""type"":""MultiPoint"",""coordinates"":[]}",3.845705653479338e-06,Low
239,1679.196236298783,0.5042907622412923,0.4318840549204053,0,0.3478599896035556,1,0.291843946058989,26.00007401556393,80.26173077446268,"{""type"":""MultiPoint"",""coordinates"":[]}",4.717520182241136e-08,Low
240,927.6313923105448,0.6163778062114691,0.6288794486871584,1,0.5227327562275512,1,0.451968294587813,25.959919322363785,80.35066398759051,"{""type"":""MultiPoint"",""coordinates"":[]}",0.006285196824352694,Low
241,779.3587107359485,0.4225092250922509,0.6772740039593864,1,0.375917508805684,1,0.1750131787032156,25.96611769782421,80.38201519100629,"{""type"":""MultiPoint"",""coordinates"":[]}",9.926565040532828e-07,Low
243,362.3534186398688,0.4787701317715959,0.8342879192183738,1,0.4869467092058603,1,0.2553859025308513,26.029808251468285,80.15698721233434,"{""type"":""MultiPoint"",""coordinates"":[]}",0.0009533598781233251,Low
247,1287.245120402482,0.3354338978600499,0.5253857311333376,0,0.2405262049048064,1,0.0506198540857855,26.037623594440124,80.07335405938282,"{""type"":""MultiPoint"",""coordinates"":[]}",7.023681882324187e-14,Low
250,513.1276644267,0.5880533079485959,0.7737056056418978,1,0.55638507764127,1,0.4115047256408513,25.97402287232446,80.32542132810676,"{""type"":""MultiPoint"",""coordinates"":[]}",0.05544274840347881,Low
251,3195.3247096343744,0.4510288065843621,0.202369032487812,0,0.2104008757817209,1,0.2157554379776602,25.974292366909697,80.4039340839388,"{""type"":""MultiPoint"",""coordinates"":[]}",8.696989451491762e-18,Low
252,2650.3584663211127,0.5899596788840858,0.2657553226536258,1,0.3548389966763811,1,0.4142281126915512,26.04660674728132,80.01505339744345,"{""type"":""MultiPoint"",""coordinates"":[]}",1.2562011126125347e-08,Low
253,2064.7518010647186,0.5214899713467048,0.3561597543788274,0,0.3323124486201351,1,0.3164142447810069,25.98040091084171,80.29218366259433,"{""type"":""MultiPoint"",""coordinates"":[]}",4.414164059246663e-09,Low
255,1302.4592124131948,0.4529520295202952,0.5214042605207854,0,0.3396634437971386,1,0.2185028993147075,26.03879140430948,80.14881254324885,"{""type"":""MultiPoint"",""coordinates"":[]}",3.4744143598108777e-08,Low
256,698.5699678629192,0.4402830116127047,0.7051921332042929,1,0.4023194346640355,1,0.2004043023038639,26.0291794307694,80.0995848656791,"{""type"":""MultiPoint"",""coordinates"":[]}",5.426092245227134e-06,Low
257,1195.4915307102765,0.4578859460749224,0.5500501817594069,1,0.3553508836251249,1,0.2255513515356035,26.037803257496947,80.19624359025036,"{""type"":""MultiPoint"",""coordinates"":[]}",1.6447020511293484e-07,Low
258,1450.0,0.5103578154425612,0.4843245689553624,1,0.3740365265329117,1,0.3005111649179446,26.035916795400297,80.04424864417734,"{""type"":""MultiPoint"",""coordinates"":[]}",4.812193147141696e-07,Low
260,2836.476687723698,0.3182303670807802,0.2421402091704759,0,0.1124821125945734,1,0.0260433815439717,26.051008492173505,80.19184184535818,"{""type"":""MultiPoint"",""coordinates"":[]}",4.040482306354743e-23,Low
261,574.543296888929,0.4693007071500729,0.7503078811820797,1,0.4452380443157515,1,0.2418581530715328,25.973753377739225,80.32479250740786,"{""type"":""MultiPoint"",""coordinates"":[]}",7.523827275133465e-05,Low
262,206.15528128088303,0.3376467220154595,0.9020569344845072,1,0.3930913926641968,1,0.0537810314506564,26.0171420059622,80.2641562257298,"{""type"":""MultiPoint"",""coordinates"":[]}",3.321058422513992e-06,Low
263,2809.5907175245293,0.558966309118921,0.2454172738091541,0,0.3201380316255939,1,0.3699518701698872,26.053433943440627,79.91066916142877,"{""type"":""MultiPoint"",""coordinates"":[]}",1.2131096884944936e-10,Low
265,641.2487816752559,0.438305709023941,0.7256957777883879,1,0.4088260617073047,1,0.1975795843199158,26.02073526709868,79.98253438415833,"{""type"":""MultiPoint"",""coordinates"":[]}",8.260747821691936e-06,Low
267,1924.2141252989493,0.4631630648330059,0.382086956046924,0,0.2926888379899175,1,0.2330900926185798,25.98722810700102,80.34554359047102,"{""type"":""MultiPoint"",""coordinates"":[]}",3.323480183115856e-11,Low
268,360.0,0.4519748653500898,0.835270211411272,1,0.4643722548645858,1,0.2171069505001283,26.01992678334297,80.02556368626766,"{""type"":""MultiPoint"",""coordinates"":[]}",0.0002477344918403352,Low
270,441.47480109288233,0.5219856368905128,0.8019272382973474,1,0.51104429836795,1,0.3171223384150183,26.0148962177519,80.1145867309239,"{""type"":""MultiPoint"",""coordinates"":[]}",0.00396424643332201,Low
273,1566.780137734711,0.3836562012914718,0.4568546145144637,0,0.2544471611984756,1,0.1195088589878169,26.037623594440124,80.23496097899591,"{""type"":""MultiPoint"",""coordinates"":[]}",3.348961702723274e-13,Low
276,1636.1540269791228,0.3001895934274278,0.4412794134896869,0,0.1766742740479558,1,0.00027084775346836973,25.987587433114665,80.34015369876631,"{""type"":""MultiPoint"",""coordinates"":[]}",6.434584985851899e-18,Low
278,3415.333073069155,0.3987715841928381,0.1812883291313704,0,0.1571766895321237,1,0.1411022631326258,25.97519068219382,80.40555105145022,"{""type"":""MultiPoint"",""coordinates"":[]}",2.4441777311300362e-21,Low
279,502.09560842532767,0.4950681070925317,0.7779851797010209,1,0.4783953065311498,1,0.2786687244179024,26.029359093826223,80.15950249512989,"{""type"":""MultiPoint"",""coordinates"":[]}",0.0005578567771079797,Low
280,2866.234463542716,0.5161091223305765,0.2385641023593966,0,0.2806620315128242,1,0.3087273176151093,25.994234966217157,80.35030466147687,"{""type"":""MultiPoint"",""coordinates"":[]}",4.5280294082842916e-13,Low
282,1788.435070110179,0.2581453634085213,0.4089274448809255,0,0.1635709779523702,0,0.0,26.02271156072374,80.29128534731021,"{""type"":""MultiPoint"",""coordinates"":[]}",4.577675121014634e-19,Low
285,2117.829077144801,0.5852156057494866,0.3468320789241169,1,0.3832033507834924,1,0.4074508653564095,26.04031854029248,80.18474515461364,"{""type"":""MultiPoint"",""coordinates"":[]}",3.25405788329388e-07,Low
286,2029.4087809014725,0.3302174354805934,0.3625095752872547,0,0.1709044890982676,1,0.0431677649722763,25.98138905765424,80.29164467342386,"{""type"":""MultiPoint"",""coordinates"":[]}",1.3068104729436875e-18,Low
288,1161.8089343777658,0.4409121395036888,0.5593921858101841,0,0.3445387081843784,1,0.2013030564338411,26.01022497827448,80.17827728456798,"{""type"":""MultiPoint"",""coordinates"":[]}",6.485596234580688e-08,Low
290,2743.519637254306,0.4911832009691748,0.253660170641122,0,0.2653353833728843,1,0.2731188585273926,26.050379671474623,79.97930044913551,"{""type"":""MultiPoint"",""coordinates"":[]}",8.167170216525522e-14,Low
292,280.0,0.32592662551193,0.8693582353988059,1,0.369966116026891,1,0.0370380364456143,26.0254065065761,80.04856055754112,"{""type"":""MultiPoint"",""coordinates"":[]}",6.876083545092534e-07,Low
293,478.0167361086848,0.6686336813436223,0.7874082932697313,1,0.6309350441738545,1,0.5266195447766033,26.027831957843222,80.16084996805606,"{""type"":""MultiPoint"",""coordinates"":[]}",0.8357482410856804,High
294,1045.4664030948102,0.5881833616298812,0.5928978221171239,1,0.4841734388153191,1,0.411690516614116,26.01211144037113,80.12608516656063,"{""type"":""MultiPoint"",""coordinates"":[]}",0.0005743592077742903,Low
295,1121.4722466472365,0.402800390752198,0.5707887382589691,0,0.3164301159483288,1,0.1468577010745685,26.035198143173,80.06724551545081,"{""type"":""MultiPoint"",""coordinates"":[]}",2.5809185987821827e-09,Low
296,2191.4607000811125,0.510267229254571,0.334295365134971,0,0.3139471997007636,1,0.3003817560779586,25.981928046824716,80.3784219298698,"{""type"":""MultiPoint"",""coordinates"":[]}",3.1572772625574863e-10,Low
299,651.9202405202648,0.4690185436454093,0.7218339734088105,1,0.433606626773875,1,0.2414550623505847,26.03241336579223,79.98325303638563,"{""type"":""MultiPoint"",""coordinates"":[]}",3.637412119932553e-05,Low
301,338.3784863137726,0.3442176870748299,0.8443491009763722,1,0.3756405150261174,1,0.0631681243926141,26.01902846805885,80.26217993210474,"{""type"":""MultiPoint"",""coordinates"":[]}",1.0632078299744135e-06,Low
302,2318.1458107720487,0.4020130972592772,0.3137769469954797,0,0.212950576449001,1,0.1457329960846818,26.005643570325468,80.21816248318288,"{""type"":""MultiPoint"",""coordinates"":[]}",2.093905917683134e-16,Low
303,1674.305826305338,0.4132681034119185,0.4329413921458143,0,0.2702635026399702,1,0.1618115763027408,26.043193149201667,79.96744268738513,"{""type"":""MultiPoint"",""coordinates"":[]}",2.485821472736282e-12,Low
304,140.356688476182,0.2362160987272683,0.9322275476678248,1,0.3728910190671299,0,0.0,26.021903076968037,80.17450436037467,"{""type"":""MultiPoint"",""coordinates"":[]}",5.0678073611314536e-08,Low
307,1071.6809226630844,0.2606060606060606,0.5851772645465629,0,0.2340709058186252,0,0.0,26.03501848011618,79.99511079813601,"{""type"":""MultiPoint"",""coordinates"":[]}",2.1353281420474668e-14,Low
308,1850.0,0.2937143708781995,0.3965314190749928,0,0.1586125676299971,0,0.0,26.039510056536777,80.04811139989906,"{""type"":""MultiPoint"",""coordinates"":[]}",7.61672426842192e-19,Low
309,3363.406011768428,0.4625652930934417,0.1860568501718046,0,0.2137644198631004,1,0.232236132990631,25.98327551975089,80.39746621389314,"{""type"":""MultiPoint"",""coordinates"":[]}",7.414016531414362e-18,Low
311,2013.2560691576225,0.4274451835427445,0.3654491863180481,0,0.2554184032781431,1,0.1820645479182064,26.04669657880973,80.20208263959714,"{""type"":""MultiPoint"",""coordinates"":[]}",1.6011655575728377e-13,Low
312,260.1922366251538,0.4176854599406528,0.8780110339255731,1,0.4520776649479316,1,0.168122085629504,26.028909936184164,80.07748630968976,"{""type"":""MultiPoint"",""coordinates"":[]}",0.00011907706812113995,Low
316,1988.617610301186,0.4306292645943897,0.3699790838227315,0,0.2599595746099981,1,0.1866132351348425,25.98597046560325,80.35443691178382,"{""type"":""MultiPoint"",""coordinates"":[]}",3.1723568155217503e-13,Low
317,1655.8381563425817,0.520568351094305,0.4369576155531247,1,0.3638416328735113,1,0.3150976444204357,25.95955999625014,80.32901458924323,"{""type"":""MultiPoint"",""coordinates"":[]}",1.81130795586091e-07,Low
318,3110.9644806715487,0.525074070009876,0.2110875631548792,0,0.2773556566989883,1,0.3215343857283944,25.930185086459428,80.3678218095172,"{""type"":""MultiPoint"",""coordinates"":[]}",1.2290152122885956e-13,Low
319,1027.0345661174215,0.3414309022853059,0.5983871759844888,0,0.2748670723526292,1,0.0591870032647227,26.03609645845712,80.07892361414436,"{""type"":""MultiPoint"",""coordinates"":[]}",9.692016503542178e-12,Low
320,1430.0,0.5662270036981728,0.4891921117963315,1,0.4238714193169665,1,0.3803242909973897,26.035737132343478,80.04631476933082,"{""type"":""MultiPoint"",""coordinates"":[]}",1.0502419153680859e-05,Low
321,1645.1443705644804,0.474239074987247,0.4393002384161537,0,0.3250678739269589,1,0.2489129642674957,26.011752114257483,79.98172590040262,"{""type"":""MultiPoint"",""coordinates"":[]}",4.138230786754729e-09,Low
323,820.9750300709517,0.5078703703703704,0.6633267895134456,1,0.4435053189799814,1,0.296957671957672,25.967195676165154,80.33099088286829,"{""type"":""MultiPoint"",""coordinates"":[]}",5.994329269542241e-05,Low
324,2870.2090516197595,0.2222613596336738,0.2380904761141552,0,0.095236190445662,0,0.0,26.047954220207497,80.12851061782776,"{""type"":""MultiPoint"",""coordinates"":[]}",5.0626407409367e-25,Low
325,1705.813588877753,0.3883232910866404,0.4261743285644894,0,0.2461754095000589,1,0.126176130123772,25.962165110574084,80.32407385518057,"{""type"":""MultiPoint"",""coordinates"":[]}",8.442098079689357e-14,Low
327,1636.8872899500443,0.4994082840236686,0.4411176562172824,0,0.3473684487929147,1,0.2848689771766695,26.0396897195936,79.99951254302819,"{""type"":""MultiPoint"",""coordinates"":[]}",4.8064790060606306e-08,Low
330,225.6102834535696,0.3204268655532193,0.8933247148688203,1,0.3748386278502876,1,0.0291812365045991,26.027472631729573,80.14072770569177,"{""type"":""MultiPoint"",""coordinates"":[]}",9.69782112346952e-07,Low
333,2160.0,0.309913515831606,0.3395955256449391,0,0.1443355095422094,1,0.0141621654737229,26.042743991559604,80.01792800635265,"{""type"":""MultiPoint"",""coordinates"":[]}",2.4192223851697773e-20,Low
334,1850.0,0.4908129006002644,0.3965314190749928,0,0.3221664824302238,1,0.2725898580003778,26.03995921417884,80.01711952259693,"{""type"":""MultiPoint"",""coordinates"":[]}",1.986167045233604e-09,Low
336,1578.480281790051,0.4169127840395395,0.4541897844372722,0,0.2818868715230856,1,0.1670182629136279,26.04058803487772,80.19381813898325,"{""type"":""MultiPoint"",""coordinates"":[]}",1.4476546922952826e-11,Low
338,182.4828759089466,0.2674289615154876,0.9127973003795516,1,0.3651189201518206,0,0.0,26.03007774605352,79.93007277156575,"{""type"":""MultiPoint"",""coordinates"":[]}",8.235590780369001e-08,Low
341,2115.3959440256094,0.4448094612352167,0.3472542799989129,0,0.2630241073440367,1,0.2068706589074525,26.044540622127844,80.19085369854565,"{""type"":""MultiPoint"",""coordinates"":[]}",3.586840244579556e-13,Low
342,2040.7106605298068,0.3589476568922992,0.3604668326390537,0,0.1947132961061637,1,0.0842109384175703,26.0441812960142,80.07137776575776,"{""type"":""MultiPoint"",""coordinates"":[]}",3.416845649911072e-17,Low
343,1495.8609561052122,0.4567000911577028,0.4733451379416352,0,0.3236524190261136,1,0.2238572730824326,25.960278648477438,80.39629840402378,"{""type"":""MultiPoint"",""coordinates"":[]}",4.359666742445294e-09,Low
344,2101.5232570685484,0.4615898463593854,0.3496713280060492,0,0.2783741137961786,1,0.2308426376562649,26.048133883264324,80.20513691156314,"{""type"":""MultiPoint"",""coordinates"":[]}",3.0856708832973363e-12,Low
346,410.1219330881975,0.3573523250942605,0.8145976516938321,1,0.3749981964726134,1,0.0819318929918008,25.99279766176256,80.30080748932188,"{""type"":""MultiPoint"",""coordinates"":[]}",1.0243190574119361e-06,Low
347,259.6150997149434,0.3830674590762172,0.878264436773474,1,0.4225064539175758,1,0.1186677986803103,26.0254065065761,80.05430977535949,"{""type"":""MultiPoint"",""coordinates"":[]}",2.0270558811474115e-05,Low
348,1486.6068747318504,0.4941050375133976,0.4755404000205908,1,0.3565919064482914,1,0.2772929107334252,25.955427745943187,80.3476097156245,"{""type"":""MultiPoint"",""coordinates"":[]}",1.3112646837148253e-07,Low
351,1248.0785231707175,0.3656487683051425,0.5357759218424202,0,0.2705807415699473,1,0.0937839547216321,25.966297360881036,80.32524166504993,"{""type"":""MultiPoint"",""coordinates"":[]}",4.627955919434233e-12,Low
356,482.59714048054616,0.3664091741658039,0.7856070324882595,1,0.3711649622802786,1,0.0948702488082913,26.022442066138503,80.07973209790006,"{""type"":""MultiPoint"",""coordinates"":[]}",7.802098454305952e-07,Low
357,310.16124838541646,-0.1966359631557869,0.8563461324846919,0,0.3425384529938768,0,0.0,26.0193877941725,80.09913570803705,"{""type"":""MultiPoint"",""coordinates"":[]}",1.7761622113845746e-15,Low
360,250.0,0.5014773667415199,0.8824969025845955,1,0.5256936468122838,1,0.2878248096307427,26.02810145242846,80.19633342177877,"{""type"":""MultiPoint"",""coordinates"":[]}",0.009579848695331138,Low
361,1191.0499569707392,0.3883243674038653,0.5512730833801014,0,0.2962158339839251,1,0.1261776677198075,26.037803257496947,80.0807202447126,"{""type"":""MultiPoint"",""coordinates"":[]}",1.6436779782826185e-10,Low
362,2508.884214147796,0.3925321619077502,0.2852349343959793,0,0.1934072553936062,1,0.1321888027253575,26.012380934956365,79.9146217486789,"{""type"":""MultiPoint"",""coordinates"":[]}",8.157496078420765e-18,Low
363,924.175308044962,0.4864450127877238,0.6299671183697954,1,0.4117968583088243,1,0.2663500182681769,25.998726542637748,80.28275135211108,"{""type"":""MultiPoint"",""coordinates"":[]}",8.358733763296094e-06,Low
366,1592.4823389915505,0.4383565563217075,0.4510210937559147,0,0.2989997714924009,1,0.197652223316725,26.00402660281405,80.10757987170777,"{""type"":""MultiPoint"",""coordinates"":[]}",1.473439008094394e-10,Low
367,2223.3533232484665,0.3494924057606045,0.3290068651805692,0,0.1740248081527458,1,0.0707034368008635,26.034748985530943,80.2686478021504,"{""type"":""MultiPoint"",""coordinates"":[]}",1.244121878728363e-18,Low
369,1742.6990560621764,0.5285630153121319,0.4183865437194107,1,0.3632657734695916,1,0.3265185933030456,25.975909334421114,80.38264401170517,"{""type"":""MultiPoint"",""coordinates"":[]}",1.5284987011687477e-07,Low
370,812.1576201698781,0.4622201492537313,0.6662576575331776,1,0.405548905230755,1,0.2317430703624733,25.96198544751726,80.34581308505626,"{""type"":""MultiPoint"",""coordinates"":[]}",6.192662556610522e-06,Low
372,432.89721643826726,0.3589015151515151,0.8053739234593371,1,0.3726365823707478,1,0.0841450216450216,26.027562463257983,80.01208895700586,"{""type"":""MultiPoint"",""coordinates"":[]}",8.671200243281325e-07,Low
373,510.881590977792,0.4006699304303014,0.7745749935368429,1,0.3961185092121384,1,0.1438141863290021,26.018219984303144,80.04918937824,"{""type"":""MultiPoint"",""coordinates"":[]}",3.984292257595419e-06,Low
374,1529.771224726103,0.3476471242629881,0.4653871624675239,0,0.2269952572124279,1,0.0680673203756973,25.965758371710564,80.32137890932822,"{""type"":""MultiPoint"",""coordinates"":[]}",7.985518539788954e-15,Low
375,2134.3148783626093,0.4776228906823184,0.343984927085269,0,0.2898421628475234,1,0.2537469866890263,26.004475760456117,80.13614629774277,"{""type"":""MultiPoint"",""coordinates"":[]}",1.379591571659748e-11,Low
378,1774.8521065147934,0.5915865719459534,0.4117141202959946,1,0.4146169955006437,1,0.4165522456370764,25.951924316335123,80.35174196593145,"{""type"":""MultiPoint"",""coordinates"":[]}",3.81772254155829e-06,Low
380,2685.218799278748,0.5357842572317622,0.2611632992614739,0,0.3065661116175285,1,0.3368346531882317,25.94231234279504,80.35829966750553,"{""type"":""MultiPoint"",""coordinates"":[]}",2.8711832774813977e-11,Low
384,1212.476803901831,0.3380621792936915,0.5453985855722366,0,0.2507841593377731,1,0.0543745418481307,26.01920813111568,80.28625478171914,"{""type"":""MultiPoint"",""coordinates"":[]}",3.1049349698058556e-13,Low
386,160.0,0.3460559796437659,0.9231163463866358,1,0.4087230925350251,1,0.0657942566339512,26.021543750854384,80.04074521456928,"{""type"":""MultiPoint"",""coordinates"":[]}",8.684705087551796e-06,Low
387,3521.3917703090065,0.518254844481669,0.1719251820036379,0,0.2558456537857429,1,0.3117926349738129,25.978244954159823,80.27224106328688,"{""type"":""MultiPoint"",""coordinates"":[]}",1.3556859593591455e-15,Low
388,1891.0843450253612,0.564945226917058,0.3884688966382276,1,0.3824834674413407,1,0.3784931813100828,25.948690381312293,80.36162343405677,"{""type"":""MultiPoint"",""coordinates"":[]}",4.4931375227238165e-07,Low
393,687.6772498781678,0.3139868398852708,0.7090433407298883,0,0.2956060561936161,1,0.0199811998361011,26.02908959924099,80.16228727251065,"{""type"":""MultiPoint"",""coordinates"":[]}",1.6622534434255525e-10,Low
394,3417.4405627603824,0.3985507246376811,0.181097398102939,0,0.1569110089306166,1,0.1407867494824016,25.95291246314765,80.31095845203242,"{""type"":""MultiPoint"",""coordinates"":[]}",2.3371715946261167e-21,Low
395,1584.3295111813072,0.5213704206241518,0.452863394853762,1,0.3708914327622064,1,0.3162434580345026,26.023789539064683,80.28382933045202,"{""type"":""MultiPoint"",""coordinates"":[]}",3.281807355008757e-07,Low
396,2130.0,0.3598092541539379,0.3447278547672202,0,0.1891562168959777,1,0.0854417916484827,26.003757108228815,80.04586561168875,"{""type"":""MultiPoint"",""coordinates"":[]}",1.2773150477874083e-17,Low
399,863.7129152675674,0.5163434151634342,0.649302572423855,1,0.4451582419667713,1,0.3090620216620489,26.034838817059352,80.14881254324885,"{""type"":""MultiPoint"",""coordinates"":[]}",6.432319568855003e-05,Low
400,2645.996976566678,0.501996121820463,0.2663354995911117,0,0.279673732825413,1,0.2885658883149472,25.92335789030012,80.38614744131323,"{""type"":""MultiPoint"",""coordinates"":[]}",8.058346211021538e-13,Low
401,2000.024999843752,0.4105288872602907,0.367874842735908,0,0.2418889833174695,1,0.1578984103718438,26.023969202121503,79.90896236238895,"{""type"":""MultiPoint"",""coordinates"":[]}",2.546296135056532e-14,Low
402,2777.4268667239467,-0.2327341532639545,0.2493959628388085,0,0.0997583851355234,0,0.0,26.00187064613217,80.08278636986607,"{""type"":""MultiPoint"",""coordinates"":[]}",6.119753830253144e-32,Low
403,746.2573282722253,0.5179666958808063,0.6885766320266972,1,0.4622592492799414,1,0.3113809941154377,25.980041584728063,80.31086862050402,"{""type"":""MultiPoint"",""coordinates"":[]}",0.000192205793092393,Low
405,2703.8676003088613,0.4466285145558596,0.2587394262027576,0,0.2291773543861256,1,0.2094693065083709,25.9878569276999,80.26981561201976,"{""type"":""MultiPoint"",""coordinates"":[]}",6.274109274054934e-16,Low
406,2047.925779905121,0.4184056447980783,0.3591687698521799,0,0.2451580606249391,1,0.1691509211401119,26.04507961129832,79.98262421568674,"{""type"":""MultiPoint"",""coordinates"":[]}",3.577816198018728e-14,Low
408,1269.0547663517127,0.4715943069010884,0.5301860039393439,1,0.3591552360623847,1,0.245134724144412,25.955697240528423,80.35596404776682,"{""type"":""MultiPoint"",""coordinates"":[]}",2.0651365433613977e-07,Low
409,1135.2973178863765,0.4418828049951969,0.5668567464481287,0,0.3483565314322774,1,0.2026897214217099,26.028640441598927,80.25571206205908,"{""type"":""MultiPoint"",""coordinates"":[]}",9.49806587724046e-08,Low
410,1020.0,0.5639611650485437,0.6004955788122659,1,0.4664506587093724,1,0.3770873786407767,26.032503197320644,80.01595171272758,"{""type"":""MultiPoint"",""coordinates"":[]}",0.00020370345060998244,Low
411,1179.5338062132853,0.479467758444217,0.5544565117631062,1,0.3756121119431428,1,0.2563825120631672,26.021543750854384,80.27897842791778,"{""type"":""MultiPoint"",""coordinates"":[]}",7.186182361759455e-07,Low
412,2293.8613733179254,0.3747191791453242,0.3176101198342045,0,0.191089058629674,1,0.1067416844933204,26.04669657880973,80.07281507021234,"{""type"":""MultiPoint"",""coordinates"":[]}",1.0904297759053712e-17,Low
413,2851.2453419514777,0.3181682894680895,0.2403587521840746,0,0.1117163204177066,1,0.0259546992401279,26.011302956615424,79.91039966684353,"{""type"":""MultiPoint"",""coordinates"":[]}",3.4603355634468637e-23,Low
414,1800.499930574839,0.4632119286238083,0.4064680441394616,0,0.3024831564761918,1,0.2331598980340119,26.04301348614484,80.14485995599873,"{""type"":""MultiPoint"",""coordinates"":[]}",1.629993655511483e-10,Low
415,1059.9056561788884,0.4106609808102345,0.5886327359542265,0,0.3303053636476059,1,0.1580871154431922,26.010135146746062,80.24852553978613,"{""type"":""MultiPoint"",""coordinates"":[]}",1.507134268734497e-08,Low
416,743.3034373659252,0.3549982056700825,0.6895943735418603,0,0.3229790685625291,1,0.078568865242975,26.013997902467786,80.24448312100759,"{""type"":""MultiPoint"",""coordinates"":[]}",6.547653761986081e-09,Low
417,2604.6496885377887,0.3982213438735177,0.2718989349901287,0,0.1929492973162095,1,0.1403162055335968,25.96512955101168,80.303232940589,"{""type"":""MultiPoint"",""coordinates"":[]}",5.731619191053959e-18,Low
418,594.138031100518,0.4230573895378364,0.742992732540133,1,0.4026748554770558,1,0.1757962707683378,26.02873027312734,80.01496356591505,"{""type"":""MultiPoint"",""coordinates"":[]}",5.799710760670665e-06,Low
419,1416.7568598739872,0.3581066297133687,0.4924420797093672,0,0.2467825144952058,1,0.0830094710190982,26.002768961416287,80.26101212223539,"{""type"":""MultiPoint"",""coordinates"":[]}",1.4379600352912892e-13,Low
421,3132.4910215354166,0.242159163644122,0.2088277539129774,0,0.0835311015651909,0,0.0,25.97195674717099,80.28697343394644,"{""type"":""MultiPoint"",""coordinates"":[]}",8.433005960706791e-26,Low
422,920.869154657707,0.5570210346787948,0.6310093635491896,1,0.4727074894300714,1,0.3671729066839926,25.96890247520498,80.37994906585281,"{""type"":""MultiPoint"",""coordinates"":[]}",0.0003201570625551034,Low
425,208.80613017821105,0.3748876236140245,0.9008621181637524,1,0.4245342389346649,1,0.1069823194486065,26.024148865178333,80.22229473348983,"{""type"":""MultiPoint"",""coordinates"":[]}",2.2787530407127098e-05,Low
426,1153.1695452100705,0.413235945108455,0.5618138157908455,0,0.3217849078378711,1,0.1617656358692215,26.03340151260476,80.10012385484958,"{""type"":""MultiPoint"",""coordinates"":[]}",5.005896325215727e-09,Low
427,662.872536767062,0.587708066581306,0.7178919071705228,1,0.5337636770807572,1,0.4110115236875801,25.96243460515932,80.38453047380182,"{""type"":""MultiPoint"",""coordinates"":[]}",0.014162881517271514,Low
428,2404.703723954367,0.3952267303102625,0.3004866770357743,0,0.2018175825088204,1,0.1360381861575179,26.049571187718914,80.19884870457432,"{""type"":""MultiPoint"",""coordinates"":[]}",3.530855823177466e-17,Low
432,145.60219778561037,0.3831660864222814,0.9297857470496248,1,0.443199515753234,1,0.1188086948889734,26.019118299587262,80.25625105122955,"{""type"":""MultiPoint"",""coordinates"":[]}",6.897529220066903e-05,Low
433,2692.582403567252,0.4404466501240694,0.2602035156172015,0,0.2244642492103687,1,0.2006380716058134,26.003218119058342,80.21492854816005,"{""type"":""MultiPoint"",""coordinates"":[]}",3.390628583873598e-16,Low
435,2404.412610181538,0.2903681290973273,0.3005304181242237,0,0.1202121672496894,0,0.0,25.946264930045167,80.35120297676099,"{""type"":""MultiPoint"",""coordinates"":[]}",8.482209351446666e-22,Low
436,2445.9762877019066,0.4442190669371196,0.2943492934598604,0,0.2413560604729038,1,0.2060272384815995,26.02046577251344,80.30422108740153,"{""type"":""MultiPoint"",""coordinates"":[]}",7.401775862118845e-15,Low
437,2347.871376374779,0.4475242833451788,0.3091478343469663,0,0.2501085194632256,1,0.2107489762073983,25.999894352507106,80.1701924470109,"{""type"":""MultiPoint"",""coordinates"":[]}",3.2758827248487374e-14,Low
440,1075.6393447619885,0.4865338645418326,0.5840202206334381,1,0.3934942578606604,1,0.2664769493454752,26.02136408779756,79.93600165244094,"{""type"":""MultiPoint"",""coordinates"":[]}",2.4380408146858394e-06,Low
443,990.0505037623082,0.3173193537029067,0.6095555146785503,0,0.2586673661881973,1,0.0247419338612953,26.04067786640613,79.92126928178138,"{""type"":""MultiPoint"",""coordinates"":[]}",1.0504941388928866e-12,Low
444,22.360679774997894,0.3973891567681994,0.988881927838342,1,0.479029191222365,1,0.1391273668117135,25.97303472551193,80.33602144845936,"{""type"":""MultiPoint"",""coordinates"":[]}",0.0005647987410970166,Low
445,2476.449070746257,0.4246362323669888,0.2898984657608973,0,0.2227904426189207,1,0.1780517605242697,25.982826362108835,80.28077505848601,"{""type"":""MultiPoint"",""coordinates"":[]}",5.207044158874464e-16,Low
451,3264.9655434629017,0.4297635605006954,0.1954437290896427,0,0.1894034006364531,1,0.1853765150009934,25.947432739914525,80.32470267587946,"{""type"":""MultiPoint"",""coordinates"":[]}",3.698223073281546e-19,Low
452,810.0,0.4818252126836813,0.6669768108584744,1,0.422640906643688,1,0.2597503038338305,26.01076396744495,80.11045448061695,"{""type"":""MultiPoint"",""coordinates"":[]}",1.7326214651012137e-05,Low
454,900.9439494219384,0.517493251468798,0.6373272782670983,1,0.4413536982800948,1,0.3107046449554257,26.013279250240487,80.18986555173312,"{""type"":""MultiPoint"",""coordinates"":[]}",4.991777308640389e-05,Low
458,300.1666203960727,0.4082469254883048,0.8606362736599177,1,0.4370375884539426,1,0.1546384649832926,26.029359093826223,80.07811513038865,"{""type"":""MultiPoint"",""coordinates"":[]}",4.848986498284871e-05,Low
459,2190.0,0.3721848733330561,0.3345396069486076,0,0.195688591350634,1,0.1031212476186516,26.042833823088017,80.0281688005916,"{""type"":""MultiPoint"",""coordinates"":[]}",2.7074230297393426e-17,Low
462,810.5553651663777,0.3880781597823398,0.6667916287268244,0,0.3422122170184496,1,0.1258259425461998,26.03708460526965,79.95010520240162,"{""type"":""MultiPoint"",""coordinates"":[]}",6.214844398114405e-08,Low
467,1393.0183056945089,0.3432321928125672,0.4983218364067625,0,0.2363848998306197,1,0.0617602754465246,26.044899948241493,79.92306591234961,"{""type"":""MultiPoint"",""coordinates"":[]}",3.5215887422086454e-14,Low
468,2146.741717114567,0.3635818029048133,0.3418542307840176,0,0.1912403805177328,1,0.0908311470068762,26.011572451200657,79.93734912536712,"{""type"":""MultiPoint"",""coordinates"":[]}",1.633967165829537e-17,Low
471,693.1810730249349,0.435515655791548,0.7070947984921659,1,0.3989941957896218,1,0.1935937939879258,25.94231234279504,80.40132896961485,"{""type"":""MultiPoint"",""coordinates"":[]}",4.4436466526654015e-06,Low
472,1993.7151250868317,0.4026310772163965,0.3690372975997808,0,0.2355844137968236,1,0.1466158245948522,26.039510056536777,80.24367463725187,"{""type"":""MultiPoint"",""coordinates"":[]}",1.0810569482654915e-14,Low
473,912.3595782365636,0.2270185640796242,0.6336998945107479,0,0.2534799578042991,0,0.0,26.00699104325165,80.30017866862299,"{""type"":""MultiPoint"",""coordinates"":[]}",9.437605993854626e-14,Low
474,1979.0907002964768,0.4597536522486393,0.371745666719014,0,0.2856299686150108,1,0.2282195032123419,26.04157618169025,80.13201404743582,"{""type"":""MultiPoint"",""coordinates"":[]}",1.1171170541788551e-11,Low
475,2410.74677226788,0.3958472873409243,0.2995801195646859,0,0.2019868655466666,1,0.1369246962013205,26.044720285184667,80.03751127954645,"{""type"":""MultiPoint"",""coordinates"":[]}",3.552742675398896e-17,Low
476,2004.4201156444224,0.4445462878093492,0.3670673041003578,0,0.2707237397624424,1,0.2064946968704989,25.927220646021837,80.39360345817143,"{""type"":""MultiPoint"",""coordinates"":[]}",1.3522096501523638e-12,Low
477,2905.236651290218,0.4990713717166357,0.2339569100550498,0,0.2642153683505649,1,0.2843876738809082,25.991180694251145,80.36288107545454,"{""type"":""MultiPoint"",""coordinates"":[]}",4.0974035674996293e-14,Low
478,729.9315036357864,0.3242219660793677,0.6942204262584255,0,0.2984498557142568,1,0.034602808684811,26.032593028849053,79.9883734335051,"{""type"":""MultiPoint"",""coordinates"":[]}",2.4949836442237856e-10,Low
479,3028.8776799336083,0.404308202154101,0.2199315670314049,0,0.1773796572303629,1,0.1490117173630015,26.006362222552763,80.33287734496494,"{""type"":""MultiPoint"",""coordinates"":[]}",1.644673789783742e-19,Low
480,392.93765408777,0.5437021388962239,0.8216269434366992,1,0.5375383250000144,1,0.3481459127088913,26.02585566421816,80.12770213407205,"{""type"":""MultiPoint"",""coordinates"":[]}",0.019152438559709037,Low
481,798.1227975693967,0.6640589047399907,0.670949504604567,1,0.5804302916189616,1,0.5200841496285582,26.01211144037113,80.11665285607738,"{""type"":""MultiPoint"",""coordinates"":[]}",0.17822497947331967,Low
482,2903.532331488665,0.365079365079365,0.2341563637234476,0,0.1494448584145491,1,0.0929705215419501,25.952103979391943,80.3198517733452,"{""type"":""MultiPoint"",""coordinates"":[]}",5.334817618012224e-21,Low
485,1217.579566188592,0.2924522392734106,0.5440088395451695,0,0.2176035358180678,0,0.0,26.003757108228815,80.26379689961615,"{""type"":""MultiPoint"",""coordinates"":[]}",6.46302719063623e-15,Low
487,1001.6985574512922,0.4338967353554063,0.6060157648024823,1,0.3571749362256269,1,0.1912810505077233,26.016423353734904,80.22400153252966,"{""type"":""MultiPoint"",""coordinates"":[]}",2.2358644085823256e-07,Low
489,2284.425529536912,0.440279394644936,0.3191121199447601,0,0.2478843291021349,1,0.2003991352070514,25.998726542637748,80.33350616566383,"{""type"":""MultiPoint"",""coordinates"":[]}",2.865350760207212e-14,Low
494,1433.9107364128356,0.2950004466545574,0.4882364956892516,0,0.1952945982757006,0,0.0,26.01345891329731,80.08323552750814,"{""type"":""MultiPoint"",""coordinates"":[]}",2.574511452627391e-16,Low
495,1889.5766721676048,0.3261876268276185,0.3887618490492263,0,0.1779512769005064,1,0.0374108954680265,26.005104581155,80.19453679121054,"{""type"":""MultiPoint"",""coordinates"":[]}",4.727744902171178e-18,Low
499,2538.5231927244627,0.4770287677114641,0.2810390654486562,0,0.264154569932146,1,0.2528982395878059,26.02360987600786,80.30215496224805,"{""type"":""MultiPoint"",""coordinates"":[]}",1.3143713827139962e-13,Low
501,1294.3724348115577,0.4467005076142132,0.5235167686361877,0,0.3351499996952293,1,0.2095721537345903,25.97869411180188,80.358838656676,"{""type"":""MultiPoint"",""coordinates"":[]}",2.1588966900115673e-08,Low
503,1133.578404875463,0.5071303126097647,0.5673441445852734,1,0.4044779257853362,1,0.2959004465853782,26.010404641331306,80.17791795845433,"{""type"":""MultiPoint"",""coordinates"":[]}",4.506033552417133e-06,Low
504,1616.044553841261,0.5825220738057505,0.4457387428677612,1,0.4204572746948907,1,0.4036029625796436,26.01471655469508,80.2994600163957,"{""type"":""MultiPoint"",""coordinates"":[]}",6.76088790940795e-06,Low
507,20.0,0.483554933519944,0.990049833749168,1,0.5533527336596192,1,0.26222133359992,26.019297962644085,80.25059166493959,"{""type"":""MultiPoint"",""coordinates"":[]}",0.04565902324890266,Low
509,817.4350127074322,0.4247318456417211,0.6645019233815015,1,0.3727137799026473,1,0.1781883509167444,26.03277269190588,79.99457180896553,"{""type"":""MultiPoint"",""coordinates"":[]}",7.84151548969626e-07,Low
510,2016.953147695801,0.488903479973736,0.3647742631494627,0,0.3078269738087017,1,0.2698621142481944,25.928927445061664,80.4039340839388,"{""type"":""MultiPoint"",""coordinates"":[]}",2.116156344198343e-10,Low
511,332.41540277189324,0.4681478122874631,0.8468703197820632,1,0.4828748241592223,1,0.2402111604106616,26.03016757758193,79.97687499786838,"{""type"":""MultiPoint"",""coordinates"":[]}",0.0007492587730907387,Low
514,2202.044504545719,0.3834222006786233,0.3325309793420429,0,0.2045171351756372,1,0.1191745723980334,26.015525038450782,79.9146217486789,"{""type"":""MultiPoint"",""coordinates"":[]}",8.890937701759322e-17,Low
515,1605.2414148656894,0.1818634778276034,0.448152946033918,0,0.1792611784135672,0,0.0,26.011392788143837,80.30511940268565,"{""type"":""MultiPoint"",""coordinates"":[]}",3.2953168373162094e-19,Low
517,2727.288030260097,0.4143341059012301,0.2557272032105344,0,0.2002915434852681,1,0.1633344370017573,26.050379671474623,79.97894112302185,"{""type"":""MultiPoint"",""coordinates"":[]}",1.0749825430224062e-17,Low
518,1971.851921418036,0.5072729655353164,0.3730935969299099,0,0.3268999806593781,1,0.2961042364790235,26.00582323338229,80.23100839174579,"{""type"":""MultiPoint"",""coordinates"":[]}",2.7984319386315775e-09,Low
519,2469.0281488877363,0.3194212576516416,0.2909761207535423,0,0.1330372405742526,1,0.0277446537880595,25.97195674717099,80.29541759761716,"{""type"":""MultiPoint"",""coordinates"":[]}",2.1844208998885277e-21,Low
521,235.3720459187964,0.400990099009901,0.8889751265803281,1,0.4421529926406178,1,0.1442715700141443,26.027023474087517,79.95594425174839,"{""type"":""MultiPoint"",""coordinates"":[]}",6.567658736426793e-05,Low
522,1527.612516314265,0.6042267050912584,0.4658897512455763,1,0.4471216477193092,1,0.4346095787017978,26.006452054081176,80.31176693578814,"{""type"":""MultiPoint"",""coordinates"":[]}",3.738596015171833e-05,Low
523,960.2083107326245,0.351921274601687,0.6187189455515693,0,0.2919915278792165,1,0.0741732494309814,26.032682860377463,79.9161488846619,"{""type"":""MultiPoint"",""coordinates"":[]}",1.0432793640839799e-10,Low
524,1082.5894882179489,0.5122925246474479,0.5819942307450788,1,0.4147627134244154,1,0.3032750352106398,25.97689748123365,80.35812000444871,"{""type"":""MultiPoint"",""coordinates"":[]}",8.76961204559818e-06,Low
526,640.3124237432849,0.5042090916379378,0.7260356128328554,1,0.4654506093942318,1,0.2917272737684826,26.0314252189797,80.15905333748782,"{""type"":""MultiPoint"",""coordinates"":[]}",0.00024517640502718627,Low
527,2424.396832203837,0.4649337910740559,0.2975424378001711,0,0.2603887960406878,1,0.2356197015343656,25.9254240154536,80.40510189380815,"{""type"":""MultiPoint"",""coordinates"":[]}",1.0923218787836541e-13,Low
531,608.3584469702053,0.4320096269554753,0.7377286363043128,1,0.408242563340704,1,0.1885851813649648,26.028011620900045,80.10021368637798,"{""type"":""MultiPoint"",""coordinates"":[]}",8.083174980407177e-06,Low
533,1169.144986731757,0.4974840230153506,0.5573440791801311,1,0.3922096513994958,1,0.2821200328790723,26.03645578457077,80.08790676698555,"{""type"":""MultiPoint"",""coordinates"":[]}",2.0656512534675483e-06,Low
534,1541.8495387034366,0.4373234846839018,0.4625850859392,0,0.302739878390453,1,0.1961764066912883,25.988126422285134,80.33772824749919,"{""type"":""MultiPoint"",""coordinates"":[]}",2.646205356658529e-10,Low
535,1186.9709347747316,0.3743745645702704,0.5523985582708233,0,0.2847090500828468,1,0.1062493779575292,26.03708460526965,80.07577951064994,"{""type"":""MultiPoint"",""coordinates"":[]}",3.412091191893254e-11,Low
536,1910.1047091717248,0.361560527825588,0.384791998399892,0,0.2066829660676037,1,0.0879436111794115,26.042654160031194,79.91093865601401,"{""type"":""MultiPoint"",""coordinates"":[]}",2.3986211807730796e-16,Low
541,2107.225664232476,0.4563545906829488,0.3486757638156629,0,0.27348852611165,1,0.2233637009756412,25.958661680966017,80.40896464952986,"{""type"":""MultiPoint"",""coordinates"":[]}",1.5513540709311032e-12,Low
543,1879.7074240423692,0.4524801211662249,0.39068498369498,0,0.2869712401918991,1,0.2178287445231785,26.0419355078039,80.2288524350639,"{""type"":""MultiPoint"",""coordinates"":[]}",1.6680675672809323e-11,Low
544,1310.0,0.4621848739495798,0.5194420625870482,0,0.3467924312773163,1,0.2316926770708283,26.01121312508701,80.03751127954645,"{""type"":""MultiPoint"",""coordinates"":[]}",6.955557243759435e-08,Low
545,2124.923528035774,0.365334111467756,0.3456039668314369,0,0.194242253704937,1,0.0933344449539372,26.00851817923465,80.21349124370546,"{""type"":""MultiPoint"",""coordinates"":[]}",2.6122311305155515e-17,Low
547,2975.9872311554027,0.3314054366685945,0.2258252936559138,0,0.1172490631783037,1,0.0448649095265636,25.953451452318124,80.31652800679397,"{""type"":""MultiPoint"",""coordinates"":[]}",4.8658617052489696e-23,Low
548,1049.237818609299,0.3143369979807045,0.5917808435732449,0,0.2490011928413304,1,0.0204814256867207,25.97617882900635,80.36009629807377,"{""type"":""MultiPoint"",""coordinates"":[]}",2.7009161784906974e-13,Low
549,2090.9328061896204,0.4323557237464522,0.3515278274712287,0,0.2540588941997362,1,0.1890796053520746,26.00779952700736,80.14800405949315,"{""type"":""MultiPoint"",""coordinates"":[]}",1.1038651553982475e-13,Low
551,787.7182237323191,0.5114068441064639,0.6744490714180741,1,0.4509854949441987,1,0.3020097772949484,25.992438335648917,80.31715682749285,"{""type"":""MultiPoint"",""coordinates"":[]}",9.568165494047454e-05,Low
555,1012.02766760598,0.3806294557468266,0.6028940311289022,0,0.3102685745202694,1,0.1151849367811808,26.033311681076352,80.09545261537215,"{""type"":""MultiPoint"",""coordinates"":[]}",1.2176916840778075e-09,Low
556,1569.7452022541747,0.3564036222509702,0.4561778146232363,0,0.2308170877786976,1,0.0805766032156717,26.037174436798065,80.18869774186376,"{""type"":""MultiPoint"",""coordinates"":[]}",1.2735933478810888e-14,Low
557,2401.49953154274,0.4626325316783036,0.3009684714383908,0,0.2597867014424737,1,0.2323321881118623,26.046067758110848,80.13443949870295,"{""type"":""MultiPoint"",""coordinates"":[]}",1.0730341298354305e-13,Low
558,989.9494936611666,0.650965774313792,0.609586301088073,1,0.544662326989908,1,0.5013796775911314,26.0126504295416,80.19094353007407,"{""type"":""MultiPoint"",""coordinates"":[]}",0.02183877327235178,Low
559,2083.866598417471,0.3063885267275097,0.3527720084205637,0,0.1465846834203767,1,0.0091264667535854,26.01094363050177,79.94956621323115,"{""type"":""MultiPoint"",""coordinates"":[]}",3.984575160634537e-20,Low
560,1956.16972678753,0.3706422018348624,0.3760305595884332,0,0.2109626825509696,1,0.1009174311926606,25.9840840035066,80.2882310753442,"{""type"":""MultiPoint"",""coordinates"":[]}",3.9171889736390067e-16,Low
561,610.0,0.4162320050073023,0.7371233743916278,1,0.3944767826200531,1,0.1660457214390033,25.97447202996652,80.34886735702227,"{""type"":""MultiPoint"",""coordinates"":[]}",3.490723968580589e-06,Low
562,1469.8639392814562,0.3638914873713751,0.4795380810131729,0,0.2465793644378764,1,0.0912735533876787,26.03888123583789,79.99241585228364,"{""type"":""MultiPoint"",""coordinates"":[]}",1.302963464070352e-13,Low
563,3104.1262860908223,0.4767485822306238,0.2118105273081791,0,0.2362229956923778,1,0.2524979746151769,26.046516915752907,80.02457553945513,"{""type"":""MultiPoint"",""coordinates"":[]}",4.286037061309323e-16,Low
565,3383.548433228051,0.3277830637488106,0.1841924366356223,0,0.0974910292960866,1,0.0396900910697295,25.953361620789718,80.3106889574472,"{""type"":""MultiPoint"",""coordinates"":[]}",7.220226781282482e-25,Low
567,541.2023651093923,0.4737999376012123,0.7629207018250903,1,0.4541396558167896,1,0.248285625144589,26.019747120286144,80.09185935423568,"{""type"":""MultiPoint"",""coordinates"":[]}",0.00012952830430684926,Low
568,1731.1845655504212,0.5992767967081781,0.4208022448828538,1,0.4248438665601514,1,0.427538281011683,26.0111232935586,80.07991176095689,"{""type"":""MultiPoint"",""coordinates"":[]}",7.502690469447292e-06,Low
569,384.70768123342685,0.5426322693484915,0.8250148930597873,1,0.5379764738083362,1,0.3466175276407022,26.018489478888377,80.160400810414,"{""type"":""MultiPoint"",""coordinates"":[]}",0.019670340723666836,Low
570,588.5575587824865,0.4322844907838391,0.7450687526746853,1,0.411414207456022,1,0.188977843976913,26.02145391932597,79.98019876441963,"{""type"":""MultiPoint"",""coordinates"":[]}",9.862067023877327e-06,Low
571,1461.6771189288008,0.417094407846886,0.4815050501330899,0,0.2929686553505669,1,0.1672777254955514,26.00977582063242,80.04200285596704,"{""type"":""MultiPoint"",""coordinates"":[]}",7.865057162521042e-11,Low
573,1063.6728820459791,0.4683426443202979,0.5875250232981313,1,0.3793037044509365,1,0.2404894918861399,26.0171420059622,80.15177698368645,"{""type"":""MultiPoint"",""coordinates"":[]}",1.0150379850011755e-06,Low
574,1833.575741549828,0.4733994589720469,0.3998011938609237,0,0.3085485852346954,1,0.2477135128172098,26.039869382650423,80.09985436026435,"{""type"":""MultiPoint"",""coordinates"":[]}",3.455120778686429e-10,Low
575,2136.7732682715778,0.4235505742355057,0.3435623623089278,0,0.2433254371254332,1,0.1765008203364368,26.041216855576604,80.12455803057763,"{""type"":""MultiPoint"",""coordinates"":[]}",2.2383343726928684e-14,Low
577,2575.9658382827984,0.4431764146457442,0.2758265868794013,0,0.2330532758766841,1,0.204537735208206,25.96638719240945,80.301705804606,"{""type"":""MultiPoint"",""coordinates"":[]}",1.597022672521087e-15,Low
578,1207.0211265756702,0.5368291890721426,0.5468883759508403,1,0.4217517981564583,1,0.3383274129602037,26.03313201801953,80.10192048541782,"{""type"":""MultiPoint"",""coordinates"":[]}",1.183872587444197e-05,Low
580,1198.2069938036582,0.475442533034156,0.5493038680368599,1,0.3701008612440206,1,0.2506321900487944,26.03681511068441,79.98855309656193,"{""type"":""MultiPoint"",""coordinates"":[]}",4.885431935261571e-07,Low
581,101.9803902718557,0.3769093937939407,0.9502879879313,1,0.4460375327101835,1,0.1098705625627724,26.02226240308168,80.05556741675726,"{""type"":""MultiPoint"",""coordinates"":[]}",8.084954792584997e-05,Low
582,1836.98121928342,0.4634996731314011,0.3991210160760584,0,0.2997909834001958,1,0.2335709616162874,25.97519068219382,80.38542878908594,"{""type"":""MultiPoint"",""coordinates"":[]}",1.0519785170911766e-10,Low
583,1621.141573089778,0.4369807737953952,0.4446042196773439,0,0.295253779695562,1,0.1956868197077074,26.037174436798065,80.16588053364713,"{""type"":""MultiPoint"",""coordinates"":[]}",8.442940340471756e-11,Low
584,1639.5426191471815,0.52981220657277,0.4405323885268864,1,0.3731948467588431,1,0.3283031522468143,26.01031480980289,80.14135652639067,"{""type"":""MultiPoint"",""coordinates"":[]}",3.553901314378598e-07,Low
586,526.1178575186362,0.3467147023503173,0.7686965976396557,0,0.3475198124989915,1,0.0667352890718819,26.03178454509335,80.08045075012735,"{""type"":""MultiPoint"",""coordinates"":[]}",1.0437706827161249e-07,Low
587,114.0175425099138,0.4151970389723492,0.9445857841274462,1,0.476574632770135,1,0.1645671985319274,25.96503971948327,80.36207259169883,"{""type"":""MultiPoint"",""coordinates"":[]}",0.0005029232052518204,Low
589,1812.2085972646744,0.5536349771225216,0.404095396626257,1,0.3790395676126642,1,0.3623356816036023,26.039150730423128,80.10165099083258,"{""type"":""MultiPoint"",""coordinates"":[]}",4.0635652873314783e-07,Low
591,220.9072203437452,0.6594626865671642,0.8954278679709089,2,0.6662820213887901,1,0.5135181236673775,25.969261801318627,80.35677253152252,"{""type"":""MultiPoint"",""coordinates"":[]}",0.9771739786809955,High
592,1344.0610105199837,0.2612137203166227,0.5106706049890024,0,0.2042682419956009,0,0.0,26.025226843519278,80.2724207263437,"{""type"":""MultiPoint"",""coordinates"":[]}",2.838197738480916e-16,Low
593,1950.0,0.32983468905799,0.3771923535631569,0,0.1764495320463971,1,0.0426209843685571,26.005643570325468,80.02574334932449,"{""type"":""MultiPoint"",""coordinates"":[]}",3.3695213635910528e-18,Low
595,3390.294972417592,0.3860607384749836,0.1835721526702344,0,0.1471952083323655,1,0.1229439121071194,25.95084633799418,80.31455171316891,"{""type"":""MultiPoint"",""coordinates"":[]}",6.768778824242075e-22,Low
596,770.0,0.5745126115210927,0.6804506362045877,1,0.5074767786427716,1,0.392160873601561,26.014357228581428,80.18833841575011,"{""type"":""MultiPoint"",""coordinates"":[]}",0.002817022614979552,Low
597,1145.294721894762,0.3528807397455148,0.5640302687388992,0,0.2709384558488582,1,0.0755439139221641,26.01669284832014,79.97741398703886,"{""type"":""MultiPoint"",""coordinates"":[]}",5.282290423320825e-12,Low
598,1336.3382805263043,0.4186657624819869,0.5126463025779525,0,0.306772031730027,1,0.1695225178314099,26.037803257496947,79.99115821088589,"{""type"":""MultiPoint"",""coordinates"":[]}",5.960104301115318e-10,Low
599,1990.0,0.4302678120262759,0.369723444544059,0,0.2595475024115743,1,0.1860968743232513,26.041037192519777,80.02771964294955,"{""type"":""MultiPoint"",""coordinates"":[]}",2.9874462553029405e-13,Low
601,1180.0,0.513722957701001,0.5543272847345071,1,0.4049220204946608,1,0.30531851100143,26.03385067024682,80.02161109901753,"{""type"":""MultiPoint"",""coordinates"":[]}",4.42555654076167e-06,Low
603,1002.2474744293448,0.3169573988370713,0.6058494614540754,0,0.2568746978705484,1,0.0242248554815304,26.03385067024682,80.13740393914054,"{""type"":""MultiPoint"",""coordinates"":[]}",8.167912497475535e-13,Low
604,2346.44411823508,0.4668183541903678,0.3093685299664762,0,0.2667345727211915,1,0.2383119345576683,26.03672527915601,80.26613251935487,"{""type"":""MultiPoint"",""coordinates"":[]}",3.2690670385246095e-13,Low
609,2790.627169652012,0.5205880028451751,0.247755331871753,0,0.2881775637588514,1,0.3151257183502503,25.988755242984023,80.26514437254234,"{""type"":""MultiPoint"",""coordinates"":[]}",1.6396878789032874e-12,Low
611,2068.7435800504613,0.435229609321453,0.35544960779008,0,0.2580909368201346,1,0.1931851561735043,26.046427084224497,79.97085628546478,"{""type"":""MultiPoint"",""coordinates"":[]}",2.0324817023182252e-13,Low
612,14.142135623730953,0.4049266052028634,0.9929538733665888,1,0.4871186395205185,1,0.1498951502898048,26.02675397950228,80.08242704375242,"{""type"":""MultiPoint"",""coordinates"":[]}",0.0009123178400680672,Low
613,2411.32743525221,0.4240969941904521,0.2994931546464878,0,0.2261661140218398,1,0.1772814202720745,25.93153255938561,80.41264774219476,"{""type"":""MultiPoint"",""coordinates"":[]}",1.0022730623818032e-15,Low
614,1596.151621870554,0.4059789718494113,0.4501943903512669,0,0.2709168748685736,1,0.1513985312134448,26.04507961129832,79.9409423865036,"{""type"":""MultiPoint"",""coordinates"":[]}",3.104451414887297e-12,Low
615,1970.8373854785689,0.2517725924970994,0.373282903371833,0,0.1493131613487332,0,0.0,25.93350885301067,80.40914431258669,"{""type"":""MultiPoint"",""coordinates"":[]}",3.4320362785084636e-20,Low
619,3214.0317359976398,0.4221248630887185,0.2004849959908823,0,0.1848724524723973,1,0.1744640901267407,26.017950489717908,80.32164840391346,"{""type"":""MultiPoint"",""coordinates"":[]}",2.3852822955706364e-19,Low
622,1891.0843450253612,-0.3374844333748443,0.3884688966382276,0,0.155387558655291,0,0.0,26.03600662692871,80.11063414367378,"{""type"":""MultiPoint"",""coordinates"":[]}",3.110131360427627e-29,Low
623,2462.72207120495,0.3688978359335682,0.2918950276775197,0,0.1758132990140663,1,0.0984254799050974,26.00187064613217,80.00678889682956,"{""type"":""MultiPoint"",""coordinates"":[]}",8.215142292842101e-19,Low
624,1964.713719603953,0.3985882352941176,0.3744275847776612,0,0.2342752355917367,1,0.1408403361344538,26.008608010763066,79.98433101472658,"{""type"":""MultiPoint"",""coordinates"":[]}",9.633297014617793e-15,Low
625,2500.019999920001,0.4370189743198964,0.2865019318380066,0,0.2320456078665424,1,0.1957413918855663,26.0457084319972,80.0243958763983,"{""type"":""MultiPoint"",""coordinates"":[]}",1.7453717364794641e-15,Low
627,372.155881318568,0.4416407367871175,0.830208885432339,1,0.4534898999904649,1,0.2023439096958822,26.029269262297813,80.07308456479758,"{""type"":""MultiPoint"",""coordinates"":[]}",0.00012916408961810666,Low
628,335.4101966249684,0.4309775805166723,0.8456031677196146,1,0.450507764673565,1,0.1871108293095319,25.969082138261804,80.36279124392613,"{""type"":""MultiPoint"",""coordinates"":[]}",0.00010839440382032365,Low
629,2522.399651125888,0.4527729636048526,0.2833138952376394,0,0.2442738126135009,1,0.2182470908640752,26.045977926582434,80.12949876464029,"{""type"":""MultiPoint"",""coordinates"":[]}",8.847935505940052e-15,Low
632,2670.8238429368566,0.3991532599491956,0.2630497972771476,0,0.190208427438741,1,0.1416475142131366,26.00070283626281,80.20289112335286,"{""type"":""MultiPoint"",""coordinates"":[]}",3.193407778772838e-18,Low
633,1406.1649974309555,0.4441375076734192,0.4950569370348151,0,0.3215692099625711,1,0.2059107252477418,26.035377806229825,80.12833095477093,"{""type"":""MultiPoint"",""coordinates"":[]}",3.782815792660626e-09,Low
634,863.1338250816034,0.3950285522337924,0.6494906020177704,0,0.3412492855789302,1,0.1357550746197034,26.029269262297813,80.17010261548249,"{""type"":""MultiPoint"",""coordinates"":[]}",5.551194222232359e-08,Low
637,892.6925562588724,0.5056713268266948,0.639962128799884,1,0.4322745602285491,1,0.2938161811809926,26.021004761683912,80.20873017269963,"{""type"":""MultiPoint"",""coordinates"":[]}",2.917972058481562e-05,Low
638,2330.772404161333,0.4563855421686747,0.3118022201105202,0,0.2587656384745007,1,0.223407917383821,26.04660674728132,80.09033221825267,"{""type"":""MultiPoint"",""coordinates"":[]}",1.13565497592442e-13,Low
641,1940.3092537015848,0.4620706396407331,0.3790244262186305,0,0.2905274616080806,1,0.2315294852010473,26.00537407574023,80.13246320507788,"{""type"":""MultiPoint"",""coordinates"":[]}",2.3861368357418723e-11,Low
643,3303.876511009453,0.4755900702412635,0.1916780273450772,0,0.2271769854305425,1,0.2508429574875194,26.00797919006418,79.92315574387803,"{""type"":""MultiPoint"",""coordinates"":[]}",5.918110111647748e-17,Low
644,2131.3845265460664,0.420208009788696,0.3444892949168118,0,0.2408311549284641,1,0.1717257282695657,26.044989779769903,79.99106837935747,"{""type"":""MultiPoint"",""coordinates"":[]}",1.6072077504861213e-14,Low
648,1321.854757528224,0.42575520380356,0.5163722397253812,0,0.3143390705789182,1,0.1796502911479429,26.03636595304236,80.1356073085723,"{""type"":""MultiPoint"",""coordinates"":[]}",1.6489615820518642e-09,Low
651,441.8144406874905,0.4728901461574729,0.8017910667389275,1,0.4689079805448335,1,0.2469859230821041,26.03097606133764,79.97867162843662,"{""type"":""MultiPoint"",""coordinates"":[]}",0.0003210712877655336,Low
653,250.59928172283333,0.5079069767441861,0.8822325100658867,1,0.5310989840928,1,0.2970099667774087,25.964410898784383,80.37572698401745,"{""type"":""MultiPoint"",""coordinates"":[]}",0.01318301374634792,Low
654,1250.0,0.2977478276290122,0.5352614285189903,0,0.2141045714075961,0,0.0,26.011931777314302,80.0288874528189,"{""type"":""MultiPoint"",""coordinates"":[]}",4.711716912112302e-15,Low
656,1221.8428704215612,0.3725396636049147,0.5428504370451799,0,0.2793170293365702,1,0.1036280908641638,25.959919322363785,80.33763841597077,"{""type"":""MultiPoint"",""coordinates"":[]}",1.5791874045399266e-11,Low
657,1641.279988301813,0.3595744680851064,0.4401498710027562,0,0.2271237781883365,1,0.0851063829787234,26.039060898894714,79.91156747671289,"{""type"":""MultiPoint"",""coordinates"":[]}",6.800112238580525e-15,Low
659,646.297145282261,0.4582030719043088,0.7238662996503045,1,0.4251491529209579,1,0.2260043884347269,26.018848805002023,80.0010396790112,"{""type"":""MultiPoint"",""coordinates"":[]}",2.197964898960171e-05,Low
660,1154.1230437002807,0.3952455009997778,0.5615460353154194,0,0.3062574149831202,1,0.1360650014282541,25.935934304277797,80.40061031738756,"{""type"":""MultiPoint"",""coordinates"":[]}",6.578126506117037e-10,Low
662,2214.362210660216,0.3696612665684831,0.3304892636704644,0,0.1919053625268856,1,0.0995160950978329,26.043552475315312,80.09913570803705,"{""type"":""MultiPoint"",""coordinates"":[]}",1.5071986831267237e-17,Low
663,2813.201023745015,0.3551901543427822,0.2449746576691726,0,0.1452957096471966,1,0.078843077632546,26.005553738797055,80.33090105133988,"{""type"":""MultiPoint"",""coordinates"":[]}",4.066933451604742e-21,Low
664,450.0,0.4483602545276554,0.7985162187593771,1,0.4465724199560269,1,0.2119432207537935,26.017501332075845,80.16453306072094,"{""type"":""MultiPoint"",""coordinates"":[]}",8.44081800619664e-05,Low
667,3098.2091601439693,0.4236658932714617,0.2124381100053461,0,0.1909745810919628,1,0.1766655618163738,25.94716324532929,80.32847560007276,"{""type"":""MultiPoint"",""coordinates"":[]}",8.425147729905543e-19,Low
668,3376.818028854975,0.3526590198123044,0.1848133255485536,0,0.1190616329156824,1,0.0752271711604349,25.94931920201117,80.31715682749285,"{""type"":""MultiPoint"",""coordinates"":[]}",1.459618324737478e-23,Low
672,1863.0351580150063,0.4431045411505083,0.3939553980513456,0,0.2802431944924025,1,0.2044350587864404,25.994773955387625,80.27269022092894,"{""type"":""MultiPoint"",""coordinates"":[]}",6.84556989595828e-12,Low
673,1732.9743217947575,0.4900692840646651,0.4204258466005614,0,0.3310868678385089,1,0.2715275486638073,26.00339778211517,80.2498730127123,"{""type"":""MultiPoint"",""coordinates"":[]}",7.361668031030182e-09,Low
676,3410.131962256006,0.4151260504201681,0.181760393023953,0,0.1713836289982967,1,0.1644657863145258,26.00294862447311,80.34473510671532,"{""type"":""MultiPoint"",""coordinates"":[]}",1.7758759627981684e-20,Low
677,3101.1127035307827,0.4664307045680788,0.2121299221339826,0,0.2275068584833749,1,0.2377581493829697,26.01786065818949,80.32021109945886,"{""type"":""MultiPoint"",""coordinates"":[]}",1.2990403311965501e-16,Low
678,528.1098370604357,0.4943531520764864,0.7679313648367622,1,0.4737609620002647,1,0.2776473601092663,26.008069021592597,80.27062409577546,"{""type"":""MultiPoint"",""coordinates"":[]}",0.000419859991398806,Low
679,3116.0231064611826,0.3920787438481368,0.2105543312988365,0,0.1631463701036519,1,0.1315410626401955,25.96854314909133,80.41076128009811,"{""type"":""MultiPoint"",""coordinates"":[]}",1.6895670844361134e-20,Low
681,2498.039231077046,0.4050642201834862,0.2867858194437487,0,0.2047693736490591,1,0.1500917431192661,26.050379671474623,79.91120815059924,"{""type"":""MultiPoint"",""coordinates"":[]}",4.0497668317962156e-17,Low
684,2320.344801963708,0.3027574141058529,0.3134321402156894,0,0.1277363538912925,1,0.0039391630083612,26.001960477660575,80.04909954671159,"{""type"":""MultiPoint"",""coordinates"":[]}",1.5997842805781136e-21,Low
686,538.5164807134504,0.300468527194948,0.763945948498702,0,0.3059799741380077,1,0.0006693245642115059,25.949678528124824,80.39755604542155,"{""type"":""MultiPoint"",""coordinates"":[]}",6.164025455714039e-10,Low
688,1154.3396380615195,0.6388083922568679,0.5614852247558723,1,0.5150012832653785,1,0.4840119889383827,25.989384063682905,80.32928408382847,"{""type"":""MultiPoint"",""coordinates"":[]}",0.0032692251792348984,Low
689,3125.4119728445403,0.1961888263317453,0.2095682144980343,0,0.0838272857992137,0,0.0,25.96647702393786,80.2927226517648,"{""type"":""MultiPoint"",""coordinates"":[]}",1.640528035367142e-26,Low
691,542.3098745182499,0.2802373345504336,0.7624983478483921,0,0.3049993391393568,0,0.0,26.03528797470141,79.94381699541277,"{""type"":""MultiPoint"",""coordinates"":[]}",6.039015012294262e-10,Low
693,3408.2546853191598,0.5420935412026726,0.1819310804152249,0,0.2802811817683808,1,0.345847916003818,26.011482619672247,80.33054172522624,"{""type"":""MultiPoint"",""coordinates"":[]}",6.134342012347589e-14,Low
694,991.8165152889924,0.3623745462310485,0.6090175112110502,0,0.2970709012538902,1,0.0891064946157835,26.03501848011618,79.98783444433464,"{""type"":""MultiPoint"",""coordinates"":[]}",2.0689036217846749e-10,Low
702,2027.6587484091103,0.3540807399075115,0.3628269158738639,0,0.1914856862702697,1,0.0772581998678736,25.952553137034005,80.41237824760952,"{""type"":""MultiPoint"",""coordinates"":[]}",2.2553060092243818e-17,Low
704,1579.5252451290546,0.3435177539223782,0.4539525405836083,0,0.2188819481669103,1,0.0621682198891117,25.95452943065907,80.40635953520592,"{""type"":""MultiPoint"",""coordinates"":[]}",2.4101626113277906e-15,Low
707,1030.92191750879,0.3270968764864436,0.5972252349579908,0,0.2621159881144337,1,0.0387098235520622,26.02477768587721,80.26460538337186,"{""type"":""MultiPoint"",""coordinates"":[]}",1.6659543783085856e-12,Low
710,798.1227975693967,0.4753337202553685,0.670949504604567,1,0.4186658477749998,1,0.250476743221955,26.013728407882542,80.12330038917986,"{""type"":""MultiPoint"",""coordinates"":[]}",1.3753237075916478e-05,Low
711,302.65491900843114,0.4694192025102133,0.859566179453687,1,0.4890429310759433,1,0.2420274321574476,26.024148865178333,80.08027108707054,"{""type"":""MultiPoint"",""coordinates"":[]}",0.0010836634307799073,Low
712,1477.3286702694156,0.543527064105762,0.4777516055900446,1,0.3998381257552424,1,0.3478958058653743,25.958661680966017,80.39881368681932,"{""type"":""MultiPoint"",""coordinates"":[]}",2.336654609629007e-06,Low
713,2221.9135896789508,0.4246450188435037,0.3292437915622548,0,0.238536104205048,1,0.1780643126335768,26.00582323338229,80.20387927016539,"{""type"":""MultiPoint"",""coordinates"":[]}",9.293577530750575e-15,Low
714,1970.0,0.2681860755541679,0.3734392269366609,0,0.1493756907746643,0,0.0,26.04076769793454,80.03463667063727,"{""type"":""MultiPoint"",""coordinates"":[]}",6.371920622697528e-20,Low
715,3195.3247096343744,0.5111162308489805,0.202369032487812,0,0.261904382294251,1,0.3015946154985436,26.021543750854384,80.31545002845303,"{""type"":""MultiPoint"",""coordinates"":[]}",1.0722675888570655e-14,Low
720,862.670273047588,0.4499514091350826,0.6496411558092952,1,0.3883862415823603,1,0.2142162987644037,25.98022124778489,80.30862283229372,"{""type"":""MultiPoint"",""coordinates"":[]}",2.098774910068676e-06,Low
721,1730.7223925286223,0.4286165708146368,0.420899497841893,0,0.2786025741207317,1,0.183737958306624,26.007260537836885,80.05350129160378,"{""type"":""MultiPoint"",""coordinates"":[]}",7.08581332904913e-12,Low
722,1815.406290613757,0.491119314620046,0.4034498262666982,0,0.3251964858952901,1,0.2730275923143514,26.04579826352561,79.9537882950665,"{""type"":""MultiPoint"",""coordinates"":[]}",3.107128835788534e-09,Low
723,2123.605424743495,0.4576824434600139,0.345831812767562,0,0.2734891052156082,1,0.2252606335143057,26.04436095907102,79.99672776564742,"{""type"":""MultiPoint"",""coordinates"":[]}",1.4902074752189572e-12,Low
726,2127.0872102478543,0.4334646343551978,0.3452302804248121,0,0.2524903701886658,1,0.1906637633645682,25.99980452097869,80.11656302454897,"{""type"":""MultiPoint"",""coordinates"":[]}",8.133920020719278e-14,Low
730,3390.294972417592,0.4156359393232205,0.1835721526702344,0,0.1725453804879971,1,0.1651941990331722,25.99549260761492,80.35623354235206,"{""type"":""MultiPoint"",""coordinates"":[]}",2.2487866049573788e-20,Low
735,2142.171795164897,0.3980760421438387,0.3426362474589879,0,0.2211196779640284,1,0.1401086316340553,25.9645007303128,80.40061031738756,"{""type"":""MultiPoint"",""coordinates"":[]}",1.0267249731654337e-15,Low
737,762.954782408499,0.2827981904446651,0.6828518243409981,0,0.2731407297363992,0,0.0,25.93835975554492,80.39450177345554,"{""type"":""MultiPoint"",""coordinates"":[]}",1.0957045887723886e-11,Low
738,886.4536084872124,0.5359225437341841,0.6419615909621794,1,0.459003959585601,1,0.3370322053345488,25.958571849437607,80.35901831973283,"{""type"":""MultiPoint"",""coordinates"":[]}",0.0001447940557168671,Low
739,1517.8932768808222,0.3821791538643346,0.4681593083924087,0,0.2577029980978218,1,0.1173987912347638,25.99917570027981,80.26918679132088,"{""type"":""MultiPoint"",""coordinates"":[]}",5.655367935451062e-13,Low
740,1584.7397262642216,0.4430403800475059,0.4527705186813549,0,0.3037142475132613,1,0.2043434000678656,26.040857529462954,80.15842451678894,"{""type"":""MultiPoint"",""coordinates"":[]}",2.8241175360453325e-10,Low
741,2070.0,0.4389406571848945,0.3552263809249515,0,0.2611825442427474,1,0.1984866531212779,26.0419355078039,80.01792800635265,"{""type"":""MultiPoint"",""coordinates"":[]}",3.105660939325662e-13,Low
742,258.0697580112788,0.5159663865546219,0.8789433083423315,1,0.53669136895518,1,0.3085234093637456,25.96243460515932,80.3790507505687,"{""type"":""MultiPoint"",""coordinates"":[]}",0.018323457284256047,Low
743,100.4987562112089,0.590440251572327,0.9509922382845908,1,0.6293456823758309,1,0.4149146451033244,25.968632980619745,80.35452674331222,"{""type"":""MultiPoint"",""coordinates"":[]}",0.821598231815131,High
744,2267.377339570985,0.4871239991343865,0.3218438883511857,0,0.2891295545985198,1,0.2673199987634093,26.016603016791727,80.30799401159483,"{""type"":""MultiPoint"",""coordinates"":[]}",8.883845714012846e-12,Low
747,1901.578291840754,0.3601187876670451,0.3864359487436635,0,0.2061047689263612,1,0.085883982381493,26.038971067366305,79.90896236238895,"{""type"":""MultiPoint"",""coordinates"":[]}",2.2553648440562694e-16,Low
748,2047.8769494283583,0.3754774134070854,0.3591775391503669,0,0.2083659414376485,1,0.1078248762958364,26.01354874482572,79.92719816265657,"{""type"":""MultiPoint"",""coordinates"":[]}",2.2164864555978254e-16,Low
749,2184.9713956937744,0.4400964594979721,0.3353817989215306,0,0.2542353991383027,1,0.2001377992828173,25.9374614402608,80.37222355440939,"{""type"":""MultiPoint"",""coordinates"":[]}",8.946902010014837e-14,Low
751,2522.102297687388,0.4210263078923677,0.2833560205495502,0,0.2170792435561353,1,0.1728947255605253,25.94410897336328,80.35641320540888,"{""type"":""MultiPoint"",""coordinates"":[]}",2.0662124572322567e-16,Low
752,513.5172830587107,0.4279105628373169,0.7735548952624428,1,0.4190595833941059,1,0.1827293754818812,26.01633352220649,80.17189924605073,"{""type"":""MultiPoint"",""coordinates"":[]}",1.6006971197230848e-05,Low
753,1496.4290828502365,0.3478454020435362,0.4732106970211639,0,0.2302946234172109,1,0.0683505743479088,25.931891885499255,80.39324413205777,"{""type"":""MultiPoint"",""coordinates"":[]}",1.3228468070356288e-14,Low
754,836.7795408588812,0.4268399649150785,0.6581056682993498,1,0.3719622372469501,1,0.1811999498786836,26.016603016791727,80.13668528691325,"{""type"":""MultiPoint"",""coordinates"":[]}",7.369141926022251e-07,Low
757,101.9803902718557,0.4954721862871927,0.9502879879313,1,0.5476627834186852,1,0.2792459804102754,26.021903076968037,80.13048691145282,"{""type"":""MultiPoint"",""coordinates"":[]}",0.0338466146641355,Low
758,1036.9667304209909,0.284640171858217,0.5954229026145794,0,0.2381691610458317,0,0.0,26.01633352220649,79.99079888477223,"{""type"":""MultiPoint"",""coordinates"":[]}",9.313404094420815e-14,Low
760,2122.4985276791126,0.3555555555555555,0.3460232658515505,0,0.1860283539596678,1,0.0793650793650794,26.04516944282673,80.19211133994342,"{""type"":""MultiPoint"",""coordinates"":[]}",8.445901380232386e-18,Low
765,1840.9236811991964,0.2816753926701571,0.3983350313064922,0,0.1593340125225969,0,0.0,26.04247449697437,80.2250795108706,"{""type"":""MultiPoint"",""coordinates"":[]}",5.487924961795175e-19,Low
766,345.2535300326414,0.4576989786085951,0.841451615422927,1,0.4717511992622524,1,0.2252842551551359,26.022352234610093,80.22454052170013,"{""type"":""MultiPoint"",""coordinates"":[]}",0.0003853669196658372,Low
767,350.5709628591621,0.3428007889546351,0.8392174055833166,1,0.3723733527658711,1,0.0611439842209073,26.024867517405628,79.9672630243283,"{""type"":""MultiPoint"",""coordinates"":[]}",8.42176665907172e-07,Low
768,1675.0522379914005,0.4383478436930553,0.4327798460354266,0,0.2916958044367894,1,0.1976397767043647,26.01247076648478,79.9717546007489,"{""type"":""MultiPoint"",""coordinates"":[]}",4.734803015090959e-11,Low
773,58.30951894845301,0.4293231284381726,0.9712661401976614,1,0.4993548518832126,1,0.1847473263402466,25.969171969790217,80.3498555038348,"{""type"":""MultiPoint"",""coordinates"":[]}",0.0019252441806592352,Low
774,2228.1157959136685,0.3983931947069943,0.3282243541211638,0,0.2156267656830321,1,0.1405617067242776,25.994414629273976,80.33934521501061,"{""type"":""MultiPoint"",""coordinates"":[]}",3.85710470732188e-16,Low
776,278.92651361962703,0.490787269681742,0.8698249827620175,1,0.5114619385463002,1,0.2725532424024886,25.96647702393786,80.34778937868133,"{""type"":""MultiPoint"",""coordinates"":[]}",0.004121879404599031,Low
777,1229.8373876248845,0.4330455654059077,0.5406848545464068,0,0.3303129978807694,1,0.190065093437011,26.035916795400297,80.06544888488257,"{""type"":""MultiPoint"",""coordinates"":[]}",1.326082986922655e-08,Low
784,2010.0,0.2987071898389657,0.3660446348040154,0,0.1464178539216061,0,0.0,26.041037192519777,80.03912824705786,"{""type"":""MultiPoint"",""coordinates"":[]}",1.197717729095372e-19,Low
787,3521.4201680572,0.3218065285437471,0.1719227408769552,0,0.0874604065311368,1,0.0311521836339245,25.98641962324531,80.2602934700081,"{""type"":""MultiPoint"",""coordinates"":[]}",1.062208442242904e-25,Low
789,2183.048327454067,0.444822256568779,0.3357044350523379,0,0.2584151367941744,1,0.2068889379553986,26.0381625836106,80.25679004040002,"{""type"":""MultiPoint"",""coordinates"":[]}",1.6016029197655752e-13,Low
790,1930.3885619221849,0.3963563333811505,0.3809091891467892,0,0.2349548185568447,1,0.137651904830215,26.01813015277473,79.91507090632096,"{""type"":""MultiPoint"",""coordinates"":[]}",1.141710955566714e-14,Low
793,3500.185709358862,0.4663744146657367,0.1737578084757481,0,0.2121097645323593,1,0.2376777352367668,25.97222624175622,80.40986296481398,"{""type"":""MultiPoint"",""coordinates"":[]}",3.49249565789315e-18,Low
794,2931.023711947756,0.5733901850036879,0.2309597430926136,0,0.3267183415259208,1,0.3905574071481256,26.007889358535767,79.92971344545211,"{""type"":""MultiPoint"",""coordinates"":[]}",1.9594883162840558e-10,Low
795,186.81541692269408,0.420235878336437,0.910822074717966,1,0.467388154175561,1,0.1717655404806243,26.02253189766692,80.06248444444498,"{""type"":""MultiPoint"",""coordinates"":[]}",0.00029500543212834145,Low
798,1383.6184445142385,0.4298262610605179,0.5006694268841784,0,0.3115474230912582,1,0.1854660872293114,26.016513185263317,79.95729172467458,"{""type"":""MultiPoint"",""coordinates"":[]}",1.064841137339386e-09,Low
799,2080.793118020146,0.3142396939648663,0.353314544108297,0,0.1535312696132043,1,0.020342419949809,26.039150730423128,80.11817999206038,"{""type"":""MultiPoint"",""coordinates"":[]}",1.048378059654164e-19,Low
800,1755.135322418189,0.4015495656155486,0.4157930322271502,0,0.2533596977041875,1,0.1450708080222124,26.040228708764072,80.06239461291656,"{""type"":""MultiPoint"",""coordinates"":[]}",2.078027665151742e-13,Low
801,3514.384725666785,0.326797385620915,0.1725285821120116,0,0.0919806205198747,1,0.03828197945845,25.94617509851676,80.32748745326023,"{""type"":""MultiPoint"",""coordinates"":[]}",2.0389029148078076e-25,Low
804,2332.38075793812,0.3882666075191305,0.3115515767656577,0,0.2002777228655178,1,0.1260951535987579,25.96270409974456,80.31275508260067,"{""type"":""MultiPoint"",""coordinates"":[]}",3.494671899690705e-17,Low
805,2314.649001468689,0.401619212225962,0.3143260359441558,0,0.2128325962856297,1,0.1451703031799457,26.04292365461643,80.24178817515522,"{""type"":""MultiPoint"",""coordinates"":[]}",2.07983228205012e-16,Low
806,1959.0048494069636,0.3038929574362645,0.3754978908503854,0,0.1535359769998094,1,0.0055613677660921,26.044720285184667,79.91210646588337,"{""type"":""MultiPoint"",""coordinates"":[]}",1.3920974792571414e-19,Low
808,912.1951545584968,0.5503955090584333,0.6337519942860507,1,0.468125519764506,1,0.3577078700834761,26.01426739705302,80.12994792228234,"{""type"":""MultiPoint"",""coordinates"":[]}",0.00024507868916336903,Low
809,2153.4158910902465,0.3233644859813084,0.3407153348330691,0,0.1563128362029205,1,0.0333778371161548,26.00240963530264,80.1611194626413,"{""type"":""MultiPoint"",""coordinates"":[]}",1.2874324537997264e-19,Low
810,2908.0061898145955,0.420036210018105,0.2336331579300598,0,0.1963414431875425,1,0.1714803000258642,26.011572451200657,79.90914202544577,"{""type"":""MultiPoint"",""coordinates"":[]}",3.4286155693558467e-18,Low
811,3226.701101744629,0.4582657335883963,0.199219001191678,0,0.2153439435524394,1,0.2260939051262804,26.04669657880973,80.02457553945513,"{""type"":""MultiPoint"",""coordinates"":[]}",1.5351752685503607e-17,Low
813,1739.7126199461795,0.2876643706950532,0.419011752732241,0,0.1676047010928964,0,0.0,25.97626866053476,80.38192535947788,"{""type"":""MultiPoint"",""coordinates"":[]}",2.620331205994234e-18,Low
815,3176.7278762903197,0.4656252017300368,0.2042595197213763,0,0.2236682665142963,1,0.2366074310429097,26.03726426832648,80.2829310151679,"{""type"":""MultiPoint"",""coordinates"":[]}",5.821394034116793e-17,Low
816,1889.5766721676048,0.4490137077900368,0.3887618490492263,0,0.2832307748682935,1,0.2128767254143383,26.037354099854888,80.11800032900355,"{""type"":""MultiPoint"",""coordinates"":[]}",9.76850873105387e-12,Low
817,2743.519637254306,0.5239024390243903,0.253660170641122,0,0.293380444563069,1,0.3198606271777004,25.99845704805251,80.2340626637118,"{""type"":""MultiPoint"",""coordinates"":[]}",3.911366950276356e-12,Low
818,808.9499366462674,0.4532627865961199,0.6673270867568352,1,0.3982989374994083,1,0.218946837994457,26.03385067024682,79.9829835418004,"{""type"":""MultiPoint"",""coordinates"":[]}",3.996880739304766e-06,Low
821,1636.7040050051812,0.4328618063112078,0.4411580831823166,0,0.2903447815396762,1,0.1898025804445826,25.984802655733898,80.34455544365849,"{""type"":""MultiPoint"",""coordinates"":[]}",4.2037992755612004e-11,Low
823,771.0382610480494,0.304149627941275,0.6800974851829104,0,0.2755958180228285,1,0.0059280399161072,26.036276121513943,80.20935899339851,"{""type"":""MultiPoint"",""coordinates"":[]}",1.094949120153482e-11,Low
826,943.6630754670864,0.4568068813904422,0.623858600699663,1,0.38394933861453,1,0.2240098305577746,26.03187437662176,80.05583691134248,"{""type"":""MultiPoint"",""coordinates"":[]}",1.5017202206135763e-06,Low
827,1458.252378705415,0.4492379646802678,0.4823302713299801,0,0.3208503639722215,1,0.2131970924003825,26.03609645845712,80.05287247090489,"{""type"":""MultiPoint"",""coordinates"":[]}",3.230455721241462e-09,Low
828,2364.7832881682834,0.4570135746606334,0.3065447153348565,0,0.2572009501287713,1,0.2243051066580478,26.04481011671308,80.23567963122322,"{""type"":""MultiPoint"",""coordinates"":[]}",8.325621115294223e-14,Low
829,2039.8284241572867,0.4228248587570621,0.3606258761903968,0,0.2495288008393548,1,0.1754640839386602,26.010584304388125,79.95729172467458,"{""type"":""MultiPoint"",""coordinates"":[]}",6.670645312010964e-14,Low
831,2627.8698597913863,0.4548704200178731,0.2687604195439583,0,0.2402502421186174,1,0.2212434571683901,26.048583040906383,80.13623612927118,"{""type"":""MultiPoint"",""coordinates"":[]}",3.680425810115133e-15,Low
832,1944.8650338776724,0.3612448225680063,0.378162032826598,0,0.2037603753317874,1,0.0874926036685804,26.033581175661585,80.2640663942014,"{""type"":""MultiPoint"",""coordinates"":[]}",1.4846030420091747e-16,Low
834,1170.0427342623002,0.3176235193234075,0.5570939581853337,0,0.2379434569799114,1,0.0251764561762965,26.00851817923465,80.10578324113953,"{""type"":""MultiPoint"",""coordinates"":[]}",5.44787741267103e-14,Low
836,2430.226326908669,0.4019755037534572,0.2966764394636499,0,0.2060781504312804,1,0.1456792910763674,26.04687624186656,80.09320682716186,"{""type"":""MultiPoint"",""coordinates"":[]}",5.91395245262737e-17,Low
840,1808.7841220001903,0.431453272951832,0.4047878966645022,0,0.2745893926245141,1,0.1877903899311886,26.04112702404819,80.06508955876892,"{""type"":""MultiPoint"",""coordinates"":[]}",3.5073635200798325e-12,Low
844,1887.988347421668,0.3080892506722872,0.3890707117091052,0,0.1625619281170311,1,0.0115560723889817,26.006811380194826,80.06077764540514,"{""type"":""MultiPoint"",""coordinates"":[]}",5.655846282815882e-19,Low
845,1030.4368005850722,0.4523496980834864,0.5973701145625422,1,0.3695335013251482,1,0.2176424258335521,26.012291103427955,80.16507204989142,"{""type"":""MultiPoint"",""coordinates"":[]}",5.459146930358888e-07,Low
847,635.6099432828282,0.3654579220017593,0.727744705430594,0,0.3472046724594599,1,0.0935113171453705,25.975011019136996,80.34734022103927,"{""type"":""MultiPoint"",""coordinates"":[]}",1.0389421833279374e-07,Low
848,2153.7177159507232,0.4338740318573725,0.340663920533496,0,0.2510147383768605,1,0.1912486169391036,26.001151993904877,80.24376446878028,"{""type"":""MultiPoint"",""coordinates"":[]}",6.207025176926617e-14,Low
852,662.7216610312357,0.5165300185136207,0.7179460654481586,1,0.4727755849052241,1,0.309328597876601,26.0148962177519,80.17971458902257,"{""type"":""MultiPoint"",""coordinates"":[]}",0.000375899502363059,Low
855,1892.828571212935,0.4156097560975609,0.388130255515083,0,0.2543461788610854,1,0.1651567944250871,26.001331656961696,80.25157981175212,"{""type"":""MultiPoint"",""coordinates"":[]}",1.8042048286723458e-13,Low
859,130.0,0.5493161774104214,0.9370674633774034,1,0.5885265659884654,1,0.3561659677291734,26.021903076968037,80.12141392708321,"{""type"":""MultiPoint"",""coordinates"":[]}",0.28836898753489953,Low
860,201.24611797498108,0.4762186364788375,0.904273826544039,1,0.512754076170905,1,0.2517409092554822,26.0254065065761,80.09706958288358,"{""type"":""MultiPoint"",""coordinates"":[]}",0.004424457062625306,Low
861,2916.0589843142748,0.4604847207586933,0.2326943493020581,0,0.2306360717997033,1,0.2292638867981334,25.958482017909198,80.30961097910625,"{""type"":""MultiPoint"",""coordinates"":[]}",3.8148917836294674e-16,Low
862,2090.861066642162,0.3758563666430428,0.3515404369210074,0,0.2056359176052968,1,0.1083662380614897,26.03196420815017,79.90599792195135,"{""type"":""MultiPoint"",""coordinates"":[]}",1.37115830004094e-16,Low
866,1767.0880000724355,0.4625228519195612,0.4133155227765844,0,0.3046315107559719,1,0.2321755027422303,25.967285507693564,80.39324413205777,"{""type"":""MultiPoint"",""coordinates"":[]}",2.324181457988506e-10,Low
867,1122.9425630903836,0.2598046434005792,0.5703692724310245,0,0.2281477089724098,0,0.0,26.03672527915601,80.2213065866773,"{""type"":""MultiPoint"",""coordinates"":[]}",8.879565209826386e-15,Low
868,1494.0548852033517,0.5117188852345508,0.4737727784399262,1,0.3709824415770141,1,0.3024555503350726,26.038072752082183,80.00274647805102,"{""type"":""MultiPoint"",""coordinates"":[]}",3.7146912276821883e-07,Low
871,1200.0,0.4524568373966844,0.5488116360940265,1,0.3502019436347687,1,0.2177954819952635,26.034030333303647,80.02367722417101,"{""type"":""MultiPoint"",""coordinates"":[]}",1.0584281601701219e-07,Low
876,1325.0283015845362,0.3955144179423283,0.5155535244283181,0,0.2880909108647515,1,0.1364491684890404,26.011841945785893,80.09365598480392,"{""type"":""MultiPoint"",""coordinates"":[]}",4.768541857339431e-11,Low
878,802.3091673413684,0.4096838381605129,0.6695465520740294,1,0.3618333392529086,1,0.1566911973721614,26.032143871206998,80.06616753710986,"{""type"":""MultiPoint"",""coordinates"":[]}",3.6118124921575e-07,Low
879,170.0,0.3571064696892511,0.9185122844014574,1,0.4163533163513697,1,0.0815806709846445,26.024867517405628,80.01496356591505,"{""type"":""MultiPoint"",""coordinates"":[]}",1.3832331007753092e-05,Low
880,381.8376618407357,0.4110091743119266,0.8261996472945559,1,0.4256305797566166,1,0.1585845347313237,26.00986565216083,80.28850056992944,"{""type"":""MultiPoint"",""coordinates"":[]}",2.4369171231763025e-05,Low
881,312.5699921617557,0.369885742297975,0.8553153940969452,1,0.4020282224656138,1,0.0998367747113928,26.021004761683912,80.05996916164943,"{""type"":""MultiPoint"",""coordinates"":[]}",5.870326710037969e-06,Low
886,1524.5327152934435,0.4306412664341293,0.4666077277756493,0,0.2986213194823706,1,0.1866303806201847,26.009685989104007,80.05790303649596,"{""type"":""MultiPoint"",""coordinates"":[]}",1.5542726795188407e-10,Low
887,1582.1820375671064,0.5253569670113245,0.4533499120983988,1,0.3745030794204949,1,0.3219385243018922,25.99333665093303,80.28005640625872,"{""type"":""MultiPoint"",""coordinates"":[]}",4.190515314432983e-07,Low
891,3465.544690232691,0.6062484502851475,0.1767935970674315,0,0.3332161104999562,1,0.4374977861216393,26.007080874780065,79.93025243462257,"{""type"":""MultiPoint"",""coordinates"":[]}",6.993313910959547e-11,Low
894,1933.1321734428816,0.4379185421012185,0.3803870139702934,0,0.2703706988177333,1,0.1970264887160265,25.963692246557088,80.31787547972014,"{""type"":""MultiPoint"",""coordinates"":[]}",1.5113778281640215e-12,Low
897,3376.818028854975,0.5743615423134703,0.1848133255485536,0,0.3090923664881102,1,0.3919450604478147,25.997738395825216,80.14000905346448,"{""type"":""MultiPoint"",""coordinates"":[]}",3.671244811052272e-12,Low
901,400.24992192379,0.3425858290723155,0.8186284500876174,1,0.3639535192398889,1,0.0608368986747365,26.016423353734904,80.247627224502,"{""type"":""MultiPoint"",""coordinates"":[]}",4.45698675263927e-07,Low
902,2555.503864211518,0.4234069627067767,0.2786630502822597,0,0.2172426167187125,1,0.176295661009681,25.999984184035515,80.19830971540384,"{""type"":""MultiPoint"",""coordinates"":[]}",1.9116151457855398e-16,Low
903,3464.823227814083,0.4714138993495378,0.1768573835396928,0,0.2176691528583381,1,0.2448769990707683,25.98147888918265,80.40132896961485,"{""type"":""MultiPoint"",""coordinates"":[]}",8.633900488967317e-18,Low
904,2553.918557824427,0.5079785428125212,0.2788840210039935,0,0.2898209308123299,1,0.2971122040178874,26.045528768940372,80.12644449267428,"{""type"":""MultiPoint"",""coordinates"":[]}",4.327999865289838e-12,Low
906,1866.7619023324853,0.6013798390187811,0.39322199604348,1,0.4156143747192045,1,0.4305426271696873,25.93835975554492,80.37545748943221,"{""type"":""MultiPoint"",""coordinates"":[]}",3.538627567401487e-06,Low
907,781.6009211867653,0.5413478153542335,0.6765151340005363,1,0.4774756096181289,1,0.3447825933631907,26.023340381422624,79.94300851165707,"{""type"":""MultiPoint"",""coordinates"":[]}",0.0004672521273217595,Low
909,447.21359549995793,0.3290218270008084,0.7996294886770354,0,0.3447276471857928,1,0.0414597528582977,25.99692991206951,80.29299214635004,"{""type"":""MultiPoint"",""coordinates"":[]}",7.474921532840045e-08,Low
911,3092.3130501293044,0.5467059980334317,0.2130653132999489,0,0.2966884093486353,1,0.3524371400477595,25.975011019136996,80.28409882503726,"{""type"":""MultiPoint"",""coordinates"":[]}",1.8909485541302628e-12,Low
913,1103.675676999362,0.2625794634198901,0.5758904435773148,0,0.2303561774309259,0,0.0,26.009596157575597,80.10452559974176,"{""type"":""MultiPoint"",""coordinates"":[]}",1.3510767499909107e-14,Low
917,613.9218191268332,0.4316187090323297,0.7356793583724829,1,0.4070877796624186,1,0.1880267271890425,25.970968600358457,80.36593534742055,"{""type"":""MultiPoint"",""coordinates"":[]}",7.521715882129123e-06,Low
919,117.04699910719626,0.4021978021978022,0.9431560763924768,1,0.4648605467265355,1,0.1459968602825746,26.03160488203652,79.94193053331612,"{""type"":""MultiPoint"",""coordinates"":[]}",0.0002500425884897344,Low
920,2124.335190124195,0.4685185185185185,0.3457056477444271,0,0.2827267035422153,1,0.2407407407407407,25.965399045596914,80.39908318140455,"{""type"":""MultiPoint"",""coordinates"":[]}",5.314498685602891e-12,Low
922,370.0,0.3796347438752784,0.8311042838521256,1,0.4007000654339461,1,0.1137639198218263,26.026214990331805,80.04918937824,"{""type"":""MultiPoint"",""coordinates"":[]}",5.402095827872571e-06,Low
925,1737.728402253931,0.5283307810107197,0.4194276642794048,1,0.3634831637209503,1,0.3261868300153139,25.975909334421114,80.38255418017675,"{""type"":""MultiPoint"",""coordinates"":[]}",1.5649084582184874e-07,Low
928,304.138126514911,0.5040155755658311,0.8589289582608648,1,0.5184420766464869,1,0.2914508222369016,25.97114826341528,80.35138263981781,"{""type"":""MultiPoint"",""coordinates"":[]}",0.006241725758860831,Low
930,2108.293148497144,0.4593057694585949,0.3484897105266473,0,0.2759436866037403,1,0.2275796706551357,25.94815139214182,80.35524539553953,"{""type"":""MultiPoint"",""coordinates"":[]}",2.1709038192623422e-12,Low
932,701.78344238091,0.3955555555555555,0.7040599845054349,1,0.3635287557069359,1,0.1365079365079365,26.02729296867275,80.1791755998521,"{""type"":""MultiPoint"",""coordinates"":[]}",4.2707208749272846e-07,Low
933,2033.7649815059756,0.4898152714031027,0.3617208523424112,0,0.3073871449967669,1,0.2711646734330039,26.04516944282673,80.08440333737748,"{""type"":""MultiPoint"",""coordinates"":[]}",1.9189410867255423e-10,Low
934,2289.8034850178738,0.5081429112485797,0.3182551872103796,0,0.3057102845257916,1,0.2973470160693995,26.043193149201667,80.10308829528718,"{""type"":""MultiPoint"",""coordinates"":[]}",8.079320845894292e-11,Low
936,1856.906028855526,0.467695274831244,0.3951645516285039,0,0.3018046276496107,1,0.2395646783303486,26.003757108228815,80.17728913775545,"{""type"":""MultiPoint"",""coordinates"":[]}",1.3277648763354756e-10,Low
938,1667.6930173146377,0.3741233865230206,0.4343752406463194,0,0.237284427563974,1,0.1058905521757437,26.01300975565525,79.96690369821465,"{""type"":""MultiPoint"",""coordinates"":[]}",2.6452601777363518e-14,Low
940,2822.4280327406045,0.465196416264645,0.2438470690517546,0,0.2391357558475405,1,0.2359948803780643,25.995043449972854,80.24511194170647,"{""type"":""MultiPoint"",""coordinates"":[]}",1.6903350468341202e-15,Low
943,2363.810483097154,0.6062966829973495,0.3066938557298521,1,0.385217556289669,1,0.4375666899962136,26.00393677128564,80.14962102700456,"{""type"":""MultiPoint"",""coordinates"":[]}",2.3952265906719764e-07,Low
945,875.5569655939013,0.3600062241067435,0.6454687494539645,0,0.3096214061587945,1,0.0857231772953478,26.01804032124632,80.22202523890459,"{""type"":""MultiPoint"",""coordinates"":[]}",1.15350024837447e-09,Low
947,1072.0074626605915,0.3725707380928405,0.5850817304544476,0,0.2962361819756423,1,0.1036724829897722,26.035737132343478,80.07380321702487,"{""type"":""MultiPoint"",""coordinates"":[]}",1.7837771830715977e-10,Low
948,89.44271909999159,0.356530509329299,0.9562638985171494,1,0.4309602816891161,1,0.0807578704704272,26.030257409110344,79.93663047313983,"{""type"":""MultiPoint"",""coordinates"":[]}",3.2653656154779464e-05,Low
949,1177.115117564973,0.371756215708566,0.5551274462122113,0,0.283556306235084,1,0.1025088795836658,26.0126504295416,80.05664539509819,"{""type"":""MultiPoint"",""coordinates"":[]}",2.93451064706503e-11,Low
952,843.4453153583818,0.4522386401510944,0.6559159274152178,1,0.3928566339527394,1,0.2174837716444205,26.03061673522399,80.0535911231322,"{""type"":""MultiPoint"",""coordinates"":[]}",2.802570024436403e-06,Low
953,2191.4607000811125,0.3496235961989387,0.334295365134971,0,0.1762526570816501,1,0.0708908517127695,26.01633352220649,79.91354377033795,"{""type"":""MultiPoint"",""coordinates"":[]}",1.838424046006237e-18,Low
957,136.01470508735443,0.5859413810233483,0.9342536044115286,1,0.6187940540703385,1,0.4084876871762118,25.960278648477438,80.37572698401745,"{""type"":""MultiPoint"",""coordinates"":[]}",0.7121886549044678,High
958,1147.3883387938015,0.4882887495200307,0.5634401460144138,1,0.3867664151372204,1,0.2689839278857582,25.98381450892137,80.33790791055601,"{""type"":""MultiPoint"",""coordinates"":[]}",1.5070467374030974e-06,Low
959,41.23105625617661,0.4720210664911126,0.9795955191004532,1,0.539284836061135,1,0.2457443807015894,26.03097606133764,79.9416610387309,"{""type"":""MultiPoint"",""coordinates"":[]}",0.020395840188552727,Low
961,1417.603611733548,0.430068520757759,0.492233635714206,0,0.308380757792333,1,0.1858121725110842,25.977795796517764,80.36836079868766,"{""type"":""MultiPoint"",""coordinates"":[]}",6.70708101134944e-10,Low
963,996.0923651951158,0.426380540706448,0.6077168683108428,1,0.3514129250727211,1,0.18054362958064,26.034479490945703,80.07003029283158,"{""type"":""MultiPoint"",""coordinates"":[]}",1.3838866977861638e-07,Low
964,2033.2486321156105,0.3898376554923044,0.3618142515693456,0,0.2217294053354277,1,0.1283395078461492,25.97519068219382,80.38875255563718,"{""type"":""MultiPoint"",""coordinates"":[]}",1.4542458155634602e-15,Low
966,963.3794683301072,0.2397069445877618,0.6177386952465409,0,0.2470954780986163,0,0.0,25.946534424630403,80.40429341005245,"{""type"":""MultiPoint"",""coordinates"":[]}",6.198641611060914e-14,Low
969,2052.924742897313,0.3781208935611038,0.3582721551606673,0,0.2102696279737845,1,0.1116012765158626,26.011482619672247,79.9469610989072,"{""type"":""MultiPoint"",""coordinates"":[]}",2.849210941494796e-16,Low
970,1622.374802565671,0.4723247232472324,0.4443301546678833,0,0.3254389675076383,1,0.2461781760674749,26.017321669019022,79.92782698335546,"{""type"":""MultiPoint"",""coordinates"":[]}",4.494815011504894e-09,Low
971,2710.608787708031,0.4383888952099214,0.2578687888296552,0,0.2217665685689376,1,0.1976984217284592,25.969531295903863,80.2948786084467,"{""type"":""MultiPoint"",""coordinates"":[]}",2.205215263272337e-16,Low
972,1639.176622576103,0.5033394049787493,0.4406130125755177,1,0.3505361235834208,1,0.2904848642553562,25.96791432839245,80.31616868068032,"{""type"":""MultiPoint"",""coordinates"":[]}",6.386627571632543e-08,Low
973,1550.0322577288512,0.5022851509991935,0.4606963504300652,1,0.3576658124570491,1,0.288978787141705,26.041216855576604,80.19669274789243,"{""type"":""MultiPoint"",""coordinates"":[]}",1.313489770189906e-07,Low
977,1654.6298679765212,0.5445723313021891,0.4372216807134754,1,0.384522099115838,1,0.349389044717413,25.96288376280138,80.39557975179649,"{""type"":""MultiPoint"",""coordinates"":[]}",7.227329800989928e-07,Low
978,1986.454127333425,0.4720965309200603,0.3703795220921663,0,0.2956631210540611,1,0.2458521870286576,26.003757108228815,80.16623985976078,"{""type"":""MultiPoint"",""coordinates"":[]}",4.350046920467907e-11,Low
979,1910.0,0.3640314511955572,0.3848121445529786,0,0.2088089588459548,1,0.0914735017079389,26.04040837182089,80.02241958277324,"{""type"":""MultiPoint"",""coordinates"":[]}",3.2185007385531804e-16,Low
980,910.0,0.4408489300915398,0.6344479679482282,1,0.3745068415434683,1,0.2012127572736284,26.031515050508112,80.01774834329582,"{""type"":""MultiPoint"",""coordinates"":[]}",8.354890495857641e-07,Low
982,747.3285756613352,0.4378940382701028,0.688207912823253,1,0.3934780550751037,1,0.1969914832430041,25.9600091538922,80.35829966750553,"{""type"":""MultiPoint"",""coordinates"":[]}",3.0825438916164263e-06,Low
986,2397.540406333124,0.4174664107485604,0.3015648474567587,0,0.221311433910041,1,0.1678091582122292,26.04993051383256,79.96537656223165,"{""type"":""MultiPoint"",""coordinates"":[]}",5.329213559236902e-16,Low
987,446.5422712353222,0.4951648896603025,0.7998979390680638,1,0.4872433667646277,1,0.2788069852290036,26.01076396744495,80.28832090687261,"{""type"":""MultiPoint"",""coordinates"":[]}",0.0009585060687391242,Low
988,320.1562118716424,0.4648860234860695,0.8520772340773197,1,0.4821617709047018,1,0.2355514621229565,26.01804032124632,80.24394413183711,"{""type"":""MultiPoint"",""coordinates"":[]}",0.0007184090122470988,Low
989,3479.425239892359,0.4506458688764319,0.1755708489277447,0,0.1993533700366109,1,0.2152083841091884,26.00609272796753,79.9402237342763,"{""type"":""MultiPoint"",""coordinates"":[]}",6.493317025671834e-19,Low
990,1752.6266002774237,0.4266777133388567,0.4163149140658148,0,0.2751068627739174,1,0.1809681619126524,26.04004904570725,80.0063397391875,"{""type"":""MultiPoint"",""coordinates"":[]}",4.200925612073405e-12,Low
991,645.3681120105022,0.442043439716312,0.7242026256971189,1,0.4114325700356864,1,0.2029191995947315,26.018399647359967,80.13677511844165,"{""type"":""MultiPoint"",""coordinates"":[]}",9.649476030806584e-06,Low
992,1529.477034806342,0.4262988661364021,0.4654556236085368,0,0.2944384204174737,1,0.1804269516234316,26.03726426832648,80.01406525063092,"{""type"":""MultiPoint"",""coordinates"":[]}",8.727427183479745e-11,Low
1000,437.3785545725808,0.3707175177763412,0.8035713672416855,1,0.3820435621335382,1,0.1010250253947732,26.028909936184164,80.1385717490099,"{""type"":""MultiPoint"",""coordinates"":[]}",1.6522302038050718e-06,Low
1001,1011.385188738692,0.5638571095026851,0.6030877355770972,1,0.4673983309474261,1,0.3769387278609787,25.97537034525064,80.36234208628407,"{""type"":""MultiPoint"",""coordinates"":[]}",0.00021712373485026416,Low
1002,1164.1735265844177,0.5160349854227405,0.5587312094205686,1,0.4086653284162908,1,0.3086214077467722,26.037713425968537,80.21870147235336,"{""type"":""MultiPoint"",""coordinates"":[]}",5.632118420306647e-06,Low
1003,2016.7548190099856,0.4832618025751073,0.3648104375431529,0,0.3030057200816388,1,0.2618025751072962,26.04067786640613,80.10281880070194,"{""type"":""MultiPoint"",""coordinates"":[]}",1.1037474153836341e-10,Low
1005,2604.400122868988,0.3892464189329458,0.2719328654268312,0,0.185270076684686,1,0.1274948841899226,25.94437846794852,80.35183179745987,"{""type"":""MultiPoint"",""coordinates"":[]}",1.9848554112168104e-18,Low
1007,1270.0,0.3967147834743653,0.5299354883175685,0,0.2948725811621977,1,0.1381639763919505,26.01166228272907,80.03203155631331,"{""type"":""MultiPoint"",""coordinates"":[]}",1.2762238328226875e-10,Low
1008,2337.733945512192,0.422205718529521,0.3107187947577012,0,0.2290352766426699,1,0.1745795978993157,26.004475760456117,80.1438718091862,"{""type"":""MultiPoint"",""coordinates"":[]}",1.8319062584428127e-15,Low
1009,2021.9297712828704,0.6418055724540699,0.3638677193979976,1,0.4385232927198303,1,0.4882936749343856,25.975011019136996,80.3888423871656,"{""type"":""MultiPoint"",""coordinates"":[]}",1.0961818992739885e-05,Low
1011,785.87530817554,0.3286331589720264,0.6750708341811329,0,0.2945710413627615,1,0.0409045128171805,26.035737132343478,80.21223360230769,"{""type"":""MultiPoint"",""coordinates"":[]}",1.4918582911747805e-10,Low
1013,2546.9197081965503,0.5171455050973123,0.2798616642641651,0,0.2980693843605052,1,0.3102078644247318,26.004835086569763,80.21259292842134,"{""type"":""MultiPoint"",""coordinates"":[]}",1.3728733996940446e-11,Low
1014,2393.846277437213,0.475854729280298,0.3021223718985305,0,0.2715815738568105,1,0.2512210418289971,26.002589298359464,80.2010046612562,"{""type"":""MultiPoint"",""coordinates"":[]}",5.589721731512259e-13,Low
1020,2756.0116110060203,0.3606588059142804,0.2520807501987858,0,0.1528255622917547,1,0.0866554370204006,26.051188155230328,80.22166591279095,"{""type"":""MultiPoint"",""coordinates"":[]}",1.388040845636536e-20,Low
1024,2102.974084481309,0.2752091589608102,0.349417763612648,0,0.1397671054450592,0,0.0,26.051188155230328,79.92198793400868,"{""type"":""MultiPoint"",""coordinates"":[]}",1.6034221432929764e-20,Low
1027,2333.430950339007,0.5879930034418552,0.3113880251603771,1,0.3714063558714553,1,0.4114185763455075,26.04624742116767,79.99681759717583,"{""type"":""MultiPoint"",""coordinates"":[]}",9.971339276375357e-08,Low
1028,2494.6743274423616,0.3761126060856965,0.2872687288888846,0,0.1801468682004366,1,0.1087322944081379,25.94527678323264,80.35201146051669,"{""type"":""MultiPoint"",""coordinates"":[]}",1.3614013659110582e-18,Low
1032,2427.8591392418134,0.4699761815218753,0.2970277917561084,0,0.2645049865783365,1,0.242823116459822,25.98956372673973,80.35650303693728,"{""type"":""MultiPoint"",""coordinates"":[]}",1.9095858147427037e-13,Low
1034,2757.480734293533,0.336405529953917,0.2518956493408788,0,0.1319629996968518,1,0.0520078999341672,25.97653815512,80.28706326547486,"{""type"":""MultiPoint"",""coordinates"":[]}",7.730869632815611e-22,Low
1036,253.17977802344328,0.4744904582630144,0.8810949452299105,1,0.5020012280316908,1,0.2492720832328777,26.022801392252152,80.06832349379175,"{""type"":""MultiPoint"",""coordinates"":[]}",0.0023441504951611154,Low
1039,465.7252408878008,0.4960491659350307,0.7922624067061634,1,0.4849471049124917,1,0.2800702370500439,26.017950489717908,80.12806146018569,"{""type"":""MultiPoint"",""coordinates"":[]}",0.0008323405554508432,Low
1042,2601.61488310626,0.40868366643694,0.2723118283560292,0,0.2020821597169317,1,0.1552623806242,25.986689117830547,80.37554732096062,"{""type"":""MultiPoint"",""coordinates"":[]}",2.0438880173885575e-17,Low
1043,1860.0,0.3912714620679222,0.3945537103716011,0,0.2360541659211452,1,0.1303878029541745,26.00618255949594,80.04469780181941,"{""type"":""MultiPoint"",""coordinates"":[]}",1.544146780884442e-14,Low
1048,1426.8847185389577,0.3465916700147314,0.4899546911128333,0,0.2359175936006174,1,0.0665595285924734,26.01067413591654,80.01226862006268,"{""type"":""MultiPoint"",""coordinates"":[]}",3.1633519362478453e-14,Low
1049,1608.22883943797,0.5933209647495362,0.4474840341776579,1,0.43041158345638,1,0.4190299496421946,25.981928046824716,80.35713185763618,"{""type"":""MultiPoint"",""coordinates"":[]}",1.2397045720245808e-05,Low
1052,2435.2617929085163,0.3681059297639608,0.2959304269259844,0,0.1767486819966459,1,0.0972941853770869,25.945097120175813,80.35551489012475,"{""type"":""MultiPoint"",""coordinates"":[]}",1.0123325617990609e-18,Low
1053,1623.3915116200403,0.4822395128552096,0.4441043348253259,0,0.3338470306631672,1,0.2603421612217281,26.019477625700908,79.91821500981537,"{""type"":""MultiPoint"",""coordinates"":[]}",1.2131913209383141e-08,Low
1054,317.6476034853718,0.5061946902654867,0.8531466686828431,1,0.517996973414983,1,0.2945638432364096,25.99728923818316,80.29478877691828,"{""type"":""MultiPoint"",""coordinates"":[]}",0.0060772197741936936,Low
1058,1627.4212730574711,0.4300179390073749,0.4432104184338618,0,0.2887281150941518,1,0.1857399128676784,26.013189418712077,80.21313191759181,"{""type"":""MultiPoint"",""coordinates"":[]}",3.4211892574725804e-11,Low
1060,2132.135080148535,0.472,0.3443600403307966,0,0.2851725875608901,1,0.2457142857142857,26.04211517086072,80.10183065388941,"{""type"":""MultiPoint"",""coordinates"":[]}",7.299559057379655e-12,Low
1063,470.7440918375928,0.5473411670981877,0.7902767756785104,1,0.5281174249269937,1,0.3533445244259824,26.02810145242846,80.23244569620039,"{""type"":""MultiPoint"",""coordinates"":[]}",0.010847712272548283,Low
1064,1554.6382215808285,0.446041412911084,0.4596365958278905,0,0.3090329922549426,1,0.2086305898729772,26.03492864858777,80.17980442055098,"{""type"":""MultiPoint"",""coordinates"":[]}",6.038370234612586e-10,Low
1066,1131.1056537742174,0.3008344312692139,0.5680460288212723,0,0.2279336383306922,1,0.0011920446703055,26.012830092598424,80.03661296426233,"{""type"":""MultiPoint"",""coordinates"":[]}",1.404085388184032e-14,Low
1068,3156.35866149587,0.5106842737094838,0.2063504523270441,0,0.2631267012532323,1,0.3009775338706911,25.93665295650509,80.36072511877265,"{""type"":""MultiPoint"",""coordinates"":[]}",1.4624708439885952e-14,Low
1070,3252.1377584598104,0.5650180659699289,0.1967013128504461,0,0.3058388674001175,1,0.3785972370998984,25.99818755346728,80.19552493802307,"{""type"":""MultiPoint"",""coordinates"":[]}",3.736492693610032e-12,Low
1071,1986.4037857394453,0.5346408262736452,0.3703888449572576,0,0.3492762462174561,1,0.3352011803909217,26.04148635016184,80.09895604498023,"{""type"":""MultiPoint"",""coordinates"":[]}",3.178467816206396e-08,Low
1072,111.80339887498948,-0.2357672291436681,0.9456320874878472,1,0.3782528349951389,0,0.0,26.020106446399797,80.10192048541782,"{""type"":""MultiPoint"",""coordinates"":[]}",1.9332564333307784e-14,Low
1073,1033.9245620450265,0.5095986038394416,0.5963292801404134,1,0.4181876582042582,1,0.2994265769134879,26.03753376291171,79.96627487751577,"{""type"":""MultiPoint"",""coordinates"":[]}",1.1238697837368545e-05,Low
1076,2982.0295102496893,0.4711811837684156,0.2251440734792535,0,0.2367843583360576,1,0.2445445482405937,26.04894236702003,80.17073143618137,"{""type"":""MultiPoint"",""coordinates"":[]}",7.115261411099011e-16,Low
1077,1133.578404875463,0.4198101727914334,0.5673441445852734,0,0.329632091655338,1,0.1711573897020478,26.03187437662176,80.24241699585411,"{""type"":""MultiPoint"",""coordinates"":[]}",1.3257337899517131e-08,Low
1078,2040.0,0.3315517143344516,0.3605949401730783,0,0.1712823026416184,1,0.0450738776206451,26.05082882911668,79.92504220597468,"{""type"":""MultiPoint"",""coordinates"":[]}",1.3430723123122847e-18,Low
1079,1438.3671297690307,0.4565977742448331,0.4871498198647614,0,0.3290865915843329,1,0.2237111060640473,26.01570470150761,80.20989798256899,"{""type"":""MultiPoint"",""coordinates"":[]}",9.111027005450354e-09,Low
1080,1502.165104108067,0.425035030359645,0.4718554680468934,0,0.2959150703841673,1,0.17862147194235,26.00205030918899,80.26074262765015,"{""type"":""MultiPoint"",""coordinates"":[]}",1.1110744577981094e-10,Low
1084,10.0,0.3904678618277219,0.9950124791926824,1,0.4755488732436917,1,0.1292398026110313,25.97222624175622,80.3370095952719,"{""type"":""MultiPoint"",""coordinates"":[]}",0.000456475691038412,Low
1086,557.8530272392541,0.2988084326306141,0.756595500636944,0,0.3026382002547776,0,0.0,26.03376083871841,79.91992180885521,"{""type"":""MultiPoint"",""coordinates"":[]}",8.8712760080203e-10,Low
1087,763.6753236814714,0.4136807817589576,0.6826058571896485,1,0.370483012954966,1,0.162401116798511,25.988126422285134,80.30098715237871,"{""type"":""MultiPoint"",""coordinates"":[]}",6.91346400800272e-07,Low
1090,1430.9786860746738,0.4559104960989253,0.4889527876030933,0,0.3292186831260305,1,0.2227292801413219,26.00896733687671,80.23891356624604,"{""type"":""MultiPoint"",""coordinates"":[]}",9.342750787064675e-09,Low
1091,2643.1988196123275,0.5008958280010238,0.2667083846431983,0,0.2788797778581569,1,0.2869940400014626,25.967644833807213,80.40420357852403,"{""type"":""MultiPoint"",""coordinates"":[]}",7.285551516477925e-13,Low
1093,1149.4781424629175,0.4807453416149068,0.562851713852641,1,0.3800652640681194,1,0.2582076308784384,26.010584304388125,80.29802271194112,"{""type"":""MultiPoint"",""coordinates"":[]}",9.86215749461191e-07,Low
1094,1086.830253535482,0.4446064139941691,0.5807614876760879,1,0.3562529499225801,1,0.2065805914202416,25.935574978164148,80.3979153715352,"{""type"":""MultiPoint"",""coordinates"":[]}",1.9468401260987652e-07,Low
1095,1661.715980545412,0.6844675655589766,0.4356753207278134,1,0.5038137559131053,1,0.5492393793699666,25.97995175319965,80.29766338582746,"{""type"":""MultiPoint"",""coordinates"":[]}",0.0009251102380715255,Low
1097,2206.0145058453263,0.4602409638554216,0.3318715598225783,0,0.2700980215193928,1,0.2289156626506023,26.006721548666413,80.14800405949315,"{""type"":""MultiPoint"",""coordinates"":[]}",7.577094043644309e-13,Low
1099,1637.1316379570703,0.3663916447249854,0.4410637663992365,0,0.2333326306096821,1,0.0948452067499791,26.043732138372132,80.20432842780744,"{""type"":""MultiPoint"",""coordinates"":[]}",1.615039843495951e-14,Low
1100,3310.422933704997,0.5473196558570483,0.1910516503422552,0,0.2884089365858007,1,0.3533137940814976,25.968093991449276,80.41435454123459,"{""type"":""MultiPoint"",""coordinates"":[]}",2.7260214132077334e-13,Low
1101,181.10770276274835,0.592744086786413,0.9134251433707232,1,0.6162935603080719,1,0.4182058382663043,25.970968600358457,80.34671140034038,"{""type"":""MultiPoint"",""coordinates"":[]}",0.6825491635247483,Medium
1104,2195.358740616212,0.4249751573368666,0.3336444512212313,0,0.2405793439200924,1,0.1785359390526665,26.03753376291171,80.25921549166715,"{""type"":""MultiPoint"",""coordinates"":[]}",1.3203386161826362e-14,Low
1106,1994.041122946064,0.4487747957992999,0.3689771498174288,0,0.2751121134692286,1,0.2125354225704284,26.005643570325468,80.31850430041904,"{""type"":""MultiPoint"",""coordinates"":[]}",2.5366463807463874e-12,Low
1107,2601.61488310626,0.4656110836219693,0.2723118283560292,0,0.2508770887326711,1,0.2365872623170991,25.99603159678539,80.11898847581608,"{""type"":""MultiPoint"",""coordinates"":[]}",1.733162437319644e-14,Low
1112,1830.0,0.4946427728567159,0.4005166260908188,0,0.3270433128849411,1,0.2780611040810227,26.039510056536777,80.03328919771108,"{""type"":""MultiPoint"",""coordinates"":[]}",3.794236116369789e-09,Low
1113,1001.2492197250392,0.5675426463808206,0.6061519329711983,1,0.471783041514897,1,0.3822037805440295,26.01121312508701,80.29496843997511,"{""type"":""MultiPoint"",""coordinates"":[]}",0.00028449382629504907,Low
1114,30.0,0.2503322995126273,0.9851119396030626,1,0.3940447758412251,0,0.0,26.02360987600786,80.23415249524021,"{""type"":""MultiPoint"",""coordinates"":[]}",2.804742633147916e-07,Low
1118,740.9453421137082,0.4691126091280804,0.6904079176603475,1,0.4211168320310651,1,0.2415894416115435,25.956056566642072,80.37222355440939,"{""type"":""MultiPoint"",""coordinates"":[]}",1.6468873131288982e-05,Low
1119,1965.7314160383155,0.3039404794709286,0.3742371064350762,0,0.153072396406255,1,0.0056292563870408,26.00573340185388,80.01307710381839,"{""type"":""MultiPoint"",""coordinates"":[]}",1.286214375209257e-19,Low
1120,140.0,0.4677174901485297,0.9323938199059484,1,0.5167153766611192,1,0.2395964144978996,26.03241336579223,79.93582198938412,"{""type"":""MultiPoint"",""coordinates"":[]}",0.005538561284839512,Low
1128,1298.6531484580476,0.5418886198547216,0.522397454241765,1,0.4162920844293245,1,0.3455551712210308,25.97195674717099,80.31545002845303,"{""type"":""MultiPoint"",""coordinates"":[]}",7.750849113410215e-06,Low
1130,1303.1116606031887,0.4154302670623145,0.5212341936292366,0,0.30743390636225,1,0.1649003815175922,26.01525554386555,79.97759365009567,"{""type"":""MultiPoint"",""coordinates"":[]}",6.748880043345094e-10,Low
1131,1658.5535867134352,0.377651628323872,0.4363647541226568,0,0.2411044402123816,1,0.1109308976055315,26.0396897195936,80.19067403548883,"{""type"":""MultiPoint"",""coordinates"":[]}",4.5562802905593656e-14,Low
1132,20.0,0.3684776761699838,0.990049833749168,1,0.4547150845025105,1,0.0978252516714055,26.029269262297813,79.95711206161775,"{""type"":""MultiPoint"",""coordinates"":[]}",0.00013203448799318192,Low
1134,2286.153975566825,0.5339888841385207,0.3188364550414864,0,0.3280964827067552,1,0.3342698344836011,25.96288376280138,80.40609004062068,"{""type"":""MultiPoint"",""coordinates"":[]}",1.5585428405937065e-09,Low
1135,2372.172000509238,0.526137645731478,0.3054143193026723,0,0.3159979954909072,1,0.3230537796163972,26.04759489409385,79.9867564659937,"{""type"":""MultiPoint"",""coordinates"":[]}",2.5805056345555013e-10,Low
1136,2441.311123146741,0.3388447048974466,0.295036688796621,0,0.1513101368593169,1,0.0554924355677809,25.94231234279504,80.36449804296595,"{""type"":""MultiPoint"",""coordinates"":[]}",2.95801372214079e-20,Low
1144,1581.4234094637652,0.4670714619336759,0.4535219067083053,0,0.3246128729121872,1,0.2386735170481084,26.00609272796753,80.12168342166845,"{""type"":""MultiPoint"",""coordinates"":[]}",4.329933805918634e-09,Low
1145,1908.952592391964,0.6805740100983259,0.3850137249165076,1,0.4802117843365966,1,0.5436771572833227,25.93027491798784,80.40438324158086,"{""type"":""MultiPoint"",""coordinates"":[]}",0.00015790028824420134,Low
1149,1533.7535656030277,0.3850822925178008,0.4644614192692861,0,0.2587122470086866,1,0.1215461321682869,25.95452943065907,80.3498555038348,"{""type"":""MultiPoint"",""coordinates"":[]}",6.349463568062491e-13,Low
1150,2053.411795037712,0.3955179858661413,0.3581849171734523,0,0.2251465261832163,1,0.136454265523059,26.046516915752907,80.19965718833002,"{""type"":""MultiPoint"",""coordinates"":[]}",2.223646450504886e-15,Low
1153,449.221548904324,0.4716106604866744,0.7988270821661465,1,0.4666256847121795,1,0.2451580864095348,26.012201271899546,80.26011380695127,"{""type"":""MultiPoint"",""coordinates"":[]}",0.00027974528822335065,Low
1154,219.3171219946131,0.5239599789362822,0.8961400602346434,1,0.5504217203249564,1,0.3199428270518317,26.02073526709868,80.15932283207306,"{""type"":""MultiPoint"",""coordinates"":[]}",0.0405424870600226,Low
1155,3012.042496380155,0.4616840113528855,0.2217906748092869,0,0.2273025653690452,1,0.2309771590755507,26.03852190972424,80.27655297665065,"{""type"":""MultiPoint"",""coordinates"":[]}",1.7292020819068723e-16,Low
1156,2992.607558635111,0.6242227629088943,0.2239564245483245,1,0.3674877951698106,1,0.4631753755841348,26.008697842291475,80.32847560007276,"{""type"":""MultiPoint"",""coordinates"":[]}",1.7015750627611658e-08,Low
1157,3125.0759990758625,0.6505690098077092,0.2096034221665748,1,0.384329091558952,1,0.5008128711538703,26.051008492173505,79.90366230221264,"{""type"":""MultiPoint"",""coordinates"":[]}",4.6540344080259484e-08,Low
1158,2194.288039433292,0.4080234833659491,0.3338231157953555,0,0.2261208034889557,1,0.1543192619513559,26.00761986395053,79.97346139978873,"{""type"":""MultiPoint"",""coordinates"":[]}",1.7955180290791705e-15,Low
1159,424.2640687119285,0.3474698795180723,0.808857893484718,1,0.3642316255522349,1,0.0678141135972461,26.026214990331805,79.94660177279356,"{""type"":""MultiPoint"",""coordinates"":[]}",4.5850724800180653e-07,Low
1160,2826.46422231027,0.4542064786762992,0.2433554587783177,0,0.2295191652338692,1,0.2202949695375703,25.928298624362775,80.37402018497762,"{""type"":""MultiPoint"",""coordinates"":[]}",4.416062689247953e-16,Low
1161,1867.0297265978384,0.6610644257703081,0.3931693423729359,1,0.4667515304665813,1,0.5158063225290116,26.03789308902536,80.1731568874485,"{""type"":""MultiPoint"",""coordinates"":[]}",7.531141049870921e-05,Low
1162,1031.6006979447038,0.3245571409639087,0.5970225769473475,0,0.2598580087480036,1,0.035081629948441,26.035737132343478,80.14378197765778,"{""type"":""MultiPoint"",""coordinates"":[]}",1.219379647073919e-12,Low
1164,2751.817581163403,0.5062543653565306,0.2526099219399279,0,0.2778334247958545,1,0.2946490933664722,25.99746890123998,80.128780112413,"{""type"":""MultiPoint"",""coordinates"":[]}",4.4660104040068934e-13,Low
1165,2800.0,0.2754982415005861,0.2465969639416065,0,0.0986387855766426,0,0.0,25.968004159920863,80.29550742914557,"{""type"":""MultiPoint"",""coordinates"":[]}",7.35530562376737e-24,Low
1167,388.329756778952,0.3192023507260434,0.8235221120747486,0,0.3458680025950795,1,0.0274319296086334,26.021004761683912,80.06446073807004,"{""type"":""MultiPoint"",""coordinates"":[]}",8.085514960183013e-08,Low
1168,1922.1342304844368,0.4720975722011276,0.3824845130695792,0,0.3005060099716553,1,0.2458536745730394,25.97033977965957,80.30646687561183,"{""type"":""MultiPoint"",""coordinates"":[]}",9.703827936949203e-11,Low
1169,497.3932046178355,0.4141749723145072,0.7798165320324985,1,0.4097908747968627,1,0.1631071033064388,25.985700971018016,80.32407385518057,"{""type"":""MultiPoint"",""coordinates"":[]}",9.199596909624952e-06,Low
1170,1390.0359707575917,0.4488713831237691,0.4990654720228599,0,0.3272302314866603,1,0.2126734044625273,26.00833851617783,80.18133155653398,"{""type"":""MultiPoint"",""coordinates"":[]}",7.753043075326037e-09,Low
1171,1487.1785366928882,0.4637832810138356,0.4754044952655964,0,0.3305474675466691,1,0.2339761157340509,25.93728177720397,80.38237451711993,"{""type"":""MultiPoint"",""coordinates"":[]}",1.0140004527640243e-08,Low
1172,41.23105625617661,0.4615694164989939,0.9795955191004532,1,0.5303262789250334,1,0.23081345214142,25.95470909371589,80.38309316934723,"{""type"":""MultiPoint"",""coordinates"":[]}",0.012045632107928535,Low
1173,974.1663102366044,0.4968585071626036,0.6144159389902049,1,0.4145022388783136,1,0.2812264388037195,26.017052174433783,79.98927174878924,"{""type"":""MultiPoint"",""coordinates"":[]}",9.463485423666948e-06,Low
1176,1262.4579200908045,0.450759219088937,0.5319376689963339,0,0.341997255389051,1,0.2153703129841958,26.01669284832014,80.29263282023639,"{""type"":""MultiPoint"",""coordinates"":[]}",4.5964304095126695e-08,Low
1177,2122.4985276791126,0.3476983349657199,0.3460232658515505,0,0.1792935934540944,1,0.068140478522457,25.92614266768089,80.39782554000679,"{""type"":""MultiPoint"",""coordinates"":[]}",3.33002373236156e-18,Low
1180,1267.517258265149,0.5350125944584383,0.5305937432791161,1,0.4136768639903079,1,0.335732277797769,26.00932666299036,80.17261789827802,"{""type"":""MultiPoint"",""coordinates"":[]}",6.85114749927268e-06,Low
1181,590.0,0.4146474271712496,0.7445315874659094,1,0.3960818582760063,1,0.1637820388160709,26.02819128395687,80.0439791495921,"{""type"":""MultiPoint"",""coordinates"":[]}",3.881664710635661e-06,Low
1182,3226.701101744629,0.4453557969408113,0.199219001191678,0,0.2042782835687952,1,0.2076511384868734,25.94455813100534,80.3392553834822,"{""type"":""MultiPoint"",""coordinates"":[]}",3.326854409206054e-18,Low
1187,311.44823004794875,0.5365784409602826,0.8557952588601199,1,0.5450996243671473,1,0.3379692013718323,26.0231607183658,80.07416254313853,"{""type"":""MultiPoint"",""coordinates"":[]}",0.029943532263085684,Low
1190,401.62171256046406,0.3648965987425195,0.8180671491850808,1,0.3828525157390491,1,0.0927094267750279,26.015525038450782,80.27484617761083,"{""type"":""MultiPoint"",""coordinates"":[]}",1.7457414724079353e-06,Low
1192,58.30951894845301,0.3844137690022716,0.9712661401976614,1,0.4608611152238688,1,0.1205910985746737,26.02953875688305,80.20594539531886,"{""type"":""MultiPoint"",""coordinates"":[]}",0.00019342284268729118,Low
1193,664.6803743153546,0.5011977641735427,0.7172432843931407,1,0.4593525401917214,1,0.2874253773907753,25.989743389796555,80.30062782626506,"{""type"":""MultiPoint"",""coordinates"":[]}",0.00016846539760683967,Low
1194,1364.734406395618,0.2726381871076404,0.5054191453342187,0,0.2021676581336875,0,0.0,26.012380934956365,80.06616753710986,"{""type"":""MultiPoint"",""coordinates"":[]}",3.166162010678635e-16,Low
1198,2079.2787210953707,0.4849895156753439,0.3535821746497651,0,0.2999953118673437,1,0.2642707366790628,26.002679129887877,80.24017120764381,"{""type"":""MultiPoint"",""coordinates"":[]}",6.33131171582775e-11,Low
1200,1585.3390804493529,0.4780327868852459,0.4526348540575223,0,0.333653473238934,1,0.2543325526932085,26.044540622127844,79.9454339629242,"{""type"":""MultiPoint"",""coordinates"":[]}",1.258414435504302e-08,Low
1201,1564.6085772486356,0.5127725856697819,0.4573509276235689,1,0.3653168730520977,1,0.303960836671117,25.96063797459108,80.3288349261864,"{""type"":""MultiPoint"",""coordinates"":[]}",2.2861024362638723e-07,Low
1202,2190.1826407859235,0.4057446604117967,0.3345090580551295,0,0.2244419035750204,1,0.151063800588281,26.042654160031194,80.23801525096192,"{""type"":""MultiPoint"",""coordinates"":[]}",1.4388393304992033e-15,Low
1203,614.00325732035,0.5052344105598543,0.7356494027833925,1,0.4701749701646607,1,0.2931920150855062,25.95650572428413,80.37366085886397,"{""type"":""MultiPoint"",""coordinates"":[]}",0.00032873058822883343,Low
1206,290.17236257093816,0.3917228103946102,0.8649477475898222,1,0.4245986508027376,1,0.1310325862780146,26.018309815831557,80.17872644221003,"{""type"":""MultiPoint"",""coordinates"":[]}",2.3010497407824793e-05,Low
1207,1670.478973228936,0.3947673072470479,0.4337705867435187,0,0.2547373551948771,1,0.1353818674957828,26.03609645845712,80.18231970334651,"{""type"":""MultiPoint"",""coordinates"":[]}",2.934389720234322e-13,Low
1208,2643.1988196123275,0.4136276391554702,0.2667083846431983,0,0.2040784731333967,1,0.1623251987935289,25.961715952932025,80.30880249535055,"{""type"":""MultiPoint"",""coordinates"":[]}",2.3676337799957395e-17,Low
1209,1448.4474446799925,0.4424294452194441,0.4847006852648903,0,0.3159626557226225,1,0.2034706360277774,25.95084633799418,80.36800147257402,"{""type"":""MultiPoint"",""coordinates"":[]}",1.748973631198522e-09,Low
1210,2912.043955712207,0.2239196857267568,0.2331619557423175,0,0.093264782296927,0,0.0,25.982467035995185,80.27457668302559,"{""type"":""MultiPoint"",""coordinates"":[]}",3.5597542596699234e-25,Low
1211,740.0,0.4877008855362414,0.6907343306373547,1,0.4371802055717202,1,0.2681441221946307,26.016603016791727,80.02170093054595,"{""type"":""MultiPoint"",""coordinates"":[]}",4.3097783782951855e-05,Low
1215,673.6467917239715,0.218612818261633,0.7140349302917264,0,0.2856139721166905,0,0.0,26.018758973473613,79.99942271149978,"{""type"":""MultiPoint"",""coordinates"":[]}",5.414699031560524e-12,Low
1216,1013.9033484509262,0.4272541892011702,0.6023288777892883,1,0.3500065704310041,1,0.1817916988588147,26.01893863653044,80.21277259147817,"{""type"":""MultiPoint"",""coordinates"":[]}",1.2074291594221223e-07,Low
1217,1699.2056967889437,0.602158273381295,0.4275847141875895,1,0.4300266914304316,1,0.4316546762589929,26.00007401556393,80.2611019537638,"{""type"":""MultiPoint"",""coordinates"":[]}",1.0701611385575177e-05,Low
1220,2951.016773927251,0.3822992700729927,0.2286624484825949,0,0.1620072108841745,1,0.117570385818561,25.983724677392956,80.39063901773383,"{""type"":""MultiPoint"",""coordinates"":[]}",2.5748489778000556e-20,Low
1221,2080.0,0.451356436244462,0.3534546819587801,0,0.2711159609930509,1,0.2162234803492314,26.04184567627549,80.02987559963144,"{""type"":""MultiPoint"",""coordinates"":[]}",1.1947271730085947e-12,Low
1222,310.4834939252005,0.4890522743798982,0.8562081667388497,1,0.5045280733068813,1,0.2700746776855689,26.023070886837388,80.11934780192973,"{""type"":""MultiPoint"",""coordinates"":[]}",0.0027279790029176333,Low
1226,347.85054261852173,0.5584667637069384,0.8403596942917515,1,0.5576868180369335,1,0.3692382338670548,26.00582323338229,80.28176320529855,"{""type"":""MultiPoint"",""coordinates"":[]}",0.06134787611703935,Low
1227,2498.019215298393,0.460572576594676,0.2867886895788521,0,0.2523491129126918,1,0.2293893951352515,26.003487613643586,79.98738528669257,"{""type"":""MultiPoint"",""coordinates"":[]}",2.903155364502469e-14,Low
1229,2584.8984506165807,0.3799101319031743,0.2745974078815917,0,0.1783333619267861,1,0.1141573312902491,26.001780814603755,80.14935153241933,"{""type"":""MultiPoint"",""coordinates"":[]}",8.07959903284577e-19,Low
1230,2241.0042391749284,0.2545531554426091,0.3261160042717785,0,0.1304464017087114,0,0.0,26.043732138372132,79.90806404710483,"{""type"":""MultiPoint"",""coordinates"":[]}",1.4484303238480025e-21,Low
1231,1574.9285698088024,0.4054054054054054,0.4549970766920783,0,0.2723463210243216,1,0.1505791505791505,26.0111232935586,80.15177698368645,"{""type"":""MultiPoint"",""coordinates"":[]}",3.911530387367707e-12,Low
1232,2917.276126800478,0.4015922158337019,0.2325527812941192,0,0.1801001546608208,1,0.1451317369052884,25.95875151249443,80.41812746542789,"{""type"":""MultiPoint"",""coordinates"":[]}",3.5212440994848505e-19,Low
1233,1955.7607215607943,0.4047844873010854,0.3761074666841582,0,0.2402582615031651,1,0.1496921247158364,26.050020345360974,79.92638967890086,"{""type"":""MultiPoint"",""coordinates"":[]}",2.246460448326531e-14,Low
1234,837.6156636548769,0.6969959874200196,0.6578305972259353,1,0.6034145138218194,1,0.5671371248857423,25.96494988795485,80.33422481789113,"{""type"":""MultiPoint"",""coordinates"":[]}",0.4549667503881486,Medium
1235,82.46211251235322,0.5316216043736305,0.9596073810416864,1,0.5823757561655007,1,0.3308880062480436,26.020196277928207,80.24403396336552,"{""type"":""MultiPoint"",""coordinates"":[]}",0.2169097075819193,Low
1236,838.1527307120105,0.5717810677433827,0.6576539713705065,1,0.496016789471102,1,0.3882586682048324,25.970070285074332,80.37554732096062,"{""type"":""MultiPoint"",""coordinates"":[]}",0.00136381479741371,Low
1237,608.7692502089769,0.4622859787135585,0.7375771212090043,1,0.4341331159523662,1,0.2318371124479407,26.024867517405628,80.25166964328054,"{""type"":""MultiPoint"",""coordinates"":[]}",3.823282303530432e-05,Low
1239,1183.4272263219232,0.4126778783958603,0.5533781956219506,0,0.3179323168738033,1,0.1609683977083718,26.014626723166664,79.99475147202236,"{""type"":""MultiPoint"",""coordinates"":[]}",2.9941638904318715e-09,Low
1240,2506.4716236175504,0.4429561200923788,0.2855792195598213,0,0.2367655050459675,1,0.2042230287033982,26.00753003242212,79.94552379445261,"{""type"":""MultiPoint"",""coordinates"":[]}",3.287331706833343e-15,Low
1241,3204.886893480018,0.4094488188976378,0.2014037968200625,0,0.1743747920688574,1,0.156355455568054,26.04750506256544,80.17809762151116,"{""type"":""MultiPoint"",""coordinates"":[]}",5.781430509626743e-20,Low
1243,664.8308055437865,0.5376591230551626,0.7171893385277739,1,0.4905835551726775,1,0.3395130329359466,26.01579453303602,80.1671381750449,"{""type"":""MultiPoint"",""coordinates"":[]}",0.0010872218123524847,Low
1247,480.0,0.3979702158825376,0.7866278610665535,1,0.3986256151830822,1,0.1399574512607681,26.01857931041679,80.0454164540467,"{""type"":""MultiPoint"",""coordinates"":[]}",4.682538704883759e-06,Low
1248,793.2212806020776,0.4872231686541737,0.6725958563763409,1,0.4295153442541139,1,0.2674616695059625,25.978155122631414,80.3408723509936,"{""type"":""MultiPoint"",""coordinates"":[]}",2.6421282518888055e-05,Low
1256,1760.0284088616295,0.5660490137477585,0.4147770199682535,1,0.3939528197710944,1,0.380070019639655,26.00699104325165,80.05314196549013,"{""type"":""MultiPoint"",""coordinates"":[]}",1.117086775805023e-06,Low
1259,1409.1841611372165,0.3649890508899662,0.4943101718597926,0,0.2534289695067452,1,0.0928415012713803,26.010045315217656,80.13147505826535,"{""type"":""MultiPoint"",""coordinates"":[]}",3.636275755438844e-13,Low
1261,3128.002557543712,0.4839797639123103,0.2092969381221144,0,0.2414157157451117,1,0.2628282341604433,25.990282378967027,80.3708760814832,"{""type"":""MultiPoint"",""coordinates"":[]}",8.064353657595421e-16,Low
1263,2120.377324911771,0.3795093795093795,0.3463904532914283,0,0.2067070780388966,1,0.1135848278705422,25.933778347595908,80.37725412000044,"{""type"":""MultiPoint"",""coordinates"":[]}",1.4790706833904437e-16,Low
1266,419.7618372363071,0.3508123441932433,0.8106807772097229,1,0.367825748763812,1,0.0725890631332047,26.027921789371632,80.13515815093024,"{""type"":""MultiPoint"",""coordinates"":[]}",6.068640484887478e-07,Low
1267,1448.0676779764126,0.2934893762072492,0.4847927305942845,0,0.1939170922377138,0,0.0,26.032054039678584,80.25400526301925,"{""type"":""MultiPoint"",""coordinates"":[]}",1.9750111257862365e-16,Low
1268,2510.318704865977,0.4882556796303427,0.2850304243137541,0,0.275374180837224,1,0.2689366851862039,26.051008492173505,80.2009148297278,"{""type"":""MultiPoint"",""coordinates"":[]}",6.730477421899681e-13,Low
1271,2741.277074649697,0.2874436268692143,0.2539447545671022,0,0.1015779018268408,0,0.0,26.051457649815564,79.90905219391736,"{""type"":""MultiPoint"",""coordinates"":[]}",2.0809897704699851e-23,Low
1274,1322.3085872821066,0.4021283456949371,0.5162550804752392,0,0.2940406142143275,1,0.1458976367070531,26.03286252343429,80.18106206194875,"{""type"":""MultiPoint"",""coordinates"":[]}",1.0797130698391598e-10,Low
1275,1124.4554237496477,0.3389085892020768,0.5699379909520276,0,0.2613254156968768,1,0.0555836988601097,26.01309958718366,80.02349756111418,"{""type"":""MultiPoint"",""coordinates"":[]}",1.4213177174009142e-12,Low
1276,3246.243983436858,0.2796934865900383,0.197281824423825,0,0.07891272976953,0,0.0,25.96710584463674,80.29038703202609,"{""type"":""MultiPoint"",""coordinates"":[]}",1.182826451486674e-25,Low
1278,1476.6516176810292,0.6540457004084336,0.4779133644488986,1,0.4946330889867882,1,0.505779572012048,25.938180092488093,80.40707818743321,"{""type"":""MultiPoint"",""coordinates"":[]}",0.0006804422036618198,Low
1279,2173.0393461693234,0.5195822454308094,0.3373886756241118,0,0.3231688234760528,1,0.3136889220440135,25.99154002036479,80.34293847614708,"{""type"":""MultiPoint"",""coordinates"":[]}",1.105123459757163e-09,Low
1281,1605.8953888718904,0.516874833909115,0.4480064298009212,1,0.36509528669961,1,0.3098211912987358,25.987497601586256,80.33979437265266,"{""type"":""MultiPoint"",""coordinates"":[]}",2.127385486611067e-07,Low
1282,880.7383266328314,0.5376070354084702,0.6437987103417843,1,0.4611826573439739,1,0.3394386220121003,25.960458311534257,80.35012499842004,"{""type"":""MultiPoint"",""coordinates"":[]}",0.0001655837186761528,Low
1283,1817.9658962697845,0.3820065944418276,0.4029338203014575,0,0.2314648947850067,1,0.1171522777740394,26.012560598013188,79.95756121925982,"{""type"":""MultiPoint"",""coordinates"":[]}",8.9236996087414e-15,Low
1284,206.15528128088303,0.6236598000240935,0.9020569344845072,1,0.6382454595287402,1,0.4623711428915621,26.02837094701369,80.15662788622069,"{""type"":""MultiPoint"",""coordinates"":[]}",0.8889803367850011,High
1285,669.1038783328041,0.3603810037291639,0.7156586731476653,0,0.3380186153126352,1,0.0862585767559484,26.030706566752404,80.0018481627669,"{""type"":""MultiPoint"",""coordinates"":[]}",3.945098958722753e-08,Low
1286,1882.9763673503712,0.4644464446444644,0.3900469417362786,0,0.2969728721040524,1,0.2349234923492349,26.01022497827448,80.21573703191576,"{""type"":""MultiPoint"",""coordinates"":[]}",6.518535792853236e-11,Low
1287,237.06539182259397,0.5005371851498149,0.8882227739290058,1,0.5271781254143009,1,0.2864816930711642,25.96306342585821,80.37770327764251,"{""type"":""MultiPoint"",""coordinates"":[]}",0.010449092841343589,Low
1288,2559.785147234041,0.2687969243045229,0.2780671705991074,0,0.1112268682396429,0,0.0,26.0374439313833,79.90231482928645,"{""type"":""MultiPoint"",""coordinates"":[]}",6.980169314041741e-23,Low
1289,2180.0,0.3375065704592154,0.3362164937067333,0,0.1666350864477351,1,0.0535808149417363,26.04247449697437,80.04496729640464,"{""type"":""MultiPoint"",""coordinates"":[]}",5.011573095666889e-19,Low
1290,352.2782990761707,0.3837559088955737,0.8385012981505957,1,0.4071912983135872,1,0.1196512984222481,26.00429609739929,80.2844581511509,"{""type"":""MultiPoint"",""coordinates"":[]}",8.039296132121556e-06,Low
1291,1081.8964830333814,0.3976116762494471,0.582195928197053,0,0.3165455223497759,1,0.1394452517849245,26.022442066138503,79.92629984737245,"{""type"":""MultiPoint"",""coordinates"":[]}",2.685268759293309e-09,Low
1294,3323.567360532956,0.4387432901799811,0.1898001352401082,0,0.1948428742503128,1,0.1982047002571158,26.050469503003036,80.23397283218338,"{""type"":""MultiPoint"",""coordinates"":[]}",6.303675218665374e-19,Low
1295,1865.0737250843465,0.760992961477333,0.3935540503790026,1,0.5525584442750293,1,0.6585613735390472,26.03789308902536,80.17306705592009,"{""type"":""MultiPoint"",""coordinates"":[]}",0.012550821935062998,Low
1296,3500.357124637428,0.5935921133703019,0.1737429167423534,0,0.3211475495857716,1,0.419417304814717,25.981119563069008,80.40204762184214,"{""type"":""MultiPoint"",""coordinates"":[]}",1.1956472926638824e-11,Low
1298,1230.447073221762,0.4024672613399126,0.5405200557824078,0,0.3040371034614597,1,0.1463818019141609,26.03852190972424,79.97426988354444,"{""type"":""MultiPoint"",""coordinates"":[]}",4.5897545892589635e-10,Low
1299,451.22056690713913,0.543302275851535,0.7980290461954591,1,0.527756426350928,1,0.3475746797879072,26.019747120286144,80.13497848787341,"{""type"":""MultiPoint"",""coordinates"":[]}",0.010663915355548679,Low
1300,2936.2561196189954,0.4351590920735768,0.2303562950426052,0,0.2079931683658222,1,0.1930844172479669,26.000972330848047,80.0710184396441,"{""type"":""MultiPoint"",""coordinates"":[]}",1.5582620188522918e-17,Low
1302,872.0665112249179,0.0685390513199381,0.6465962226244917,0,0.2586384890497967,0,0.0,26.029359093826223,80.10299846375877,"{""type"":""MultiPoint"",""coordinates"":[]}",5.443552895931988e-16,Low
1305,1955.019181491578,0.5060707960058526,0.3762469419176178,0,0.3271308876292065,1,0.2943868514369323,26.04696607339497,80.20944882492692,"{""type"":""MultiPoint"",""coordinates"":[]}",2.983562605330916e-09,Low
1307,1649.0603384958356,0.466984505363528,0.4384409371168247,0,0.3185059508726111,1,0.2385492933764686,26.01067413591654,80.07200658645664,"{""type"":""MultiPoint"",""coordinates"":[]}",1.7971138436390384e-09,Low
1310,1951.665955024066,0.7151724961203295,0.3768782916363485,1,0.5066134561862505,1,0.5931035658861851,26.0006130047344,80.32380436059533,"{""type"":""MultiPoint"",""coordinates"":[]}",0.0007151582561569092,Low
1313,1752.6266002774237,0.4973940629956945,0.4163149140658148,0,0.3357208767654927,1,0.281991518565278,26.04328298073008,79.97382072590237,"{""type"":""MultiPoint"",""coordinates"":[]}",1.2092683335211927e-08,Low
1314,2189.61183774659,0.4021041827046446,0.3346045410734918,0,0.2213596873190921,1,0.1458631181494923,25.98210770988154,80.37779310917092,"{""type"":""MultiPoint"",""coordinates"":[]}",9.41172549064227e-16,Low
1316,2198.658682015014,0.3732142857142857,0.3330944015603984,0,0.1959928626649756,1,0.1045918367346939,26.04301348614484,80.1295885961687,"{""type"":""MultiPoint"",""coordinates"":[]}",2.7614971354469607e-17,Low
1317,590.7622195096772,0.4643011683254002,0.7442478932778857,1,0.4385287301614973,1,0.2347159547505718,25.97869411180188,80.33665026915824,"{""type"":""MultiPoint"",""coordinates"":[]}",5.007844497177335e-05,Low
1319,240.20824298928628,0.4604183214191157,0.886828094043169,1,0.4922326559765096,1,0.2291690305987367,26.032233702735407,79.94714076196402,"{""type"":""MultiPoint"",""coordinates"":[]}",0.001308085715180394,Low
1323,3323.567360532956,0.4289232146854712,0.1898001352401082,0,0.18642566668359,1,0.1841760209792446,25.92659182532295,80.36907945091497,"{""type"":""MultiPoint"",""coordinates"":[]}",1.9697888424976375e-19,Low
1324,2161.1339616044165,0.4285375400308385,0.3394030360754845,0,0.2459362487423411,1,0.1836250571869122,26.042833823088017,80.16659918587442,"{""type"":""MultiPoint"",""coordinates"":[]}",3.020240558865289e-14,Low
1326,559.7320787662612,0.5304921540656206,0.7558849934936921,1,0.4999187008822945,1,0.3292745058080294,26.01354874482572,80.10802902934984,"{""type"":""MultiPoint"",""coordinates"":[]}",0.0019796140672783936,Low
1328,615.223536610881,0.4283913538404152,0.7352006908201378,1,0.4041300081912682,1,0.1834162197720217,26.029359093826223,80.0589810148369,"{""type"":""MultiPoint"",""coordinates"":[]}",6.284811622624633e-06,Low
1329,3277.8651589105984,0.3433794844335653,0.1941872111217578,0,0.1148572996774734,1,0.0619706920479504,25.994414629273976,80.23972205000175,"{""type"":""MultiPoint"",""coordinates"":[]}",1.1835598608310792e-23,Low
1331,2359.364321167886,0.3695336787564767,0.3073764194185596,0,0.1825508638444039,1,0.0993338267949667,26.033940501775238,80.27511567219607,"{""type"":""MultiPoint"",""coordinates"":[]}",2.7991085122951634e-18,Low
1332,390.1281840626232,0.3544723142451491,0.8227819226013292,1,0.3758033241078024,1,0.0778175917787844,26.03600662692871,79.92468287986104,"{""type"":""MultiPoint"",""coordinates"":[]}",1.0824646270500255e-06,Low
1335,2984.4429966075745,0.234076119108657,0.2248725462690579,0,0.0899490185076231,0,0.0,25.960817637647907,80.30413125587312,"{""type"":""MultiPoint"",""coordinates"":[]}",2.558780113535889e-25,Low
1336,3040.2138082707274,0.3544693967415235,0.2186885069967756,0,0.1341634571485876,1,0.0778134239164622,25.978604280273476,80.27825977569047,"{""type"":""MultiPoint"",""coordinates"":[]}",4.0281365854033362e-22,Low
1337,1391.6896205691842,0.3449264284349321,0.4986530028043781,0,0.2379695683516931,1,0.0641806120499031,26.018669141945203,79.93447451645794,"{""type"":""MultiPoint"",""coordinates"":[]}",4.390754551386633e-14,Low
1338,126.49110640673518,0.4431457485342992,0.9387129414165152,1,0.4981815324531483,1,0.2044939264775703,26.025137011990864,80.00840586434097,"{""type"":""MultiPoint"",""coordinates"":[]}",0.0018316488340265615,Low
1339,1132.828318855068,0.3034323939028402,0.5675569629466015,0,0.2299648370953608,1,0.0049034198612003,26.035557469286648,79.99529046119282,"{""type"":""MultiPoint"",""coordinates"":[]}",1.8569413858483072e-14,Low
1340,2030.2216627747816,0.3287004864489228,0.3623622664941185,0,0.169545323553867,1,0.0410006949270326,25.996570585955865,80.26226976363316,"{""type"":""MultiPoint"",""coordinates"":[]}",1.080971712891264e-18,Low
1341,130.0,0.3281127642913077,0.9370674633774034,1,0.3989236404577966,1,0.0401610918447253,26.027113305615927,80.07353372243963,"{""type"":""MultiPoint"",""coordinates"":[]}",4.7025493832873055e-06,Low
1342,1452.7904184706065,0.4479013177282869,0.483649306019953,0,0.3202322804607985,1,0.2112875967546956,26.03726426832648,80.13434966717453,"{""type"":""MultiPoint"",""coordinates"":[]}",3.008941996646284e-09,Low
1343,965.6603957913984,0.5307131089668157,0.6170345882501588,1,0.4445679287001912,1,0.3295901556668795,25.99324681940462,80.29002770591245,"{""type"":""MultiPoint"",""coordinates"":[]}",5.760593351457104e-05,Low
1345,300.0,0.3736406177911549,0.8607079764250578,1,0.4074037201052988,1,0.1052008825587927,26.020196277928207,80.04514695946146,"{""type"":""MultiPoint"",""coordinates"":[]}",8.151773210654056e-06,Low
1347,716.9379331573969,0.3272830402722632,0.6987453099597131,0,0.3028835870743965,1,0.0389757718175188,26.0269336425591,79.92153877636662,"{""type"":""MultiPoint"",""coordinates"":[]}",4.5394411255651557e-10,Low
1350,1915.9592897553955,0.0543534190927556,0.3836672475578787,0,0.1534668990231515,0,0.0,26.037713425968537,80.10731037712253,"{""type"":""MultiPoint"",""coordinates"":[]}",4.5742164941921084e-23,Low
1352,320.0,0.4061349693251533,0.8521437889662113,1,0.431830346436616,1,0.1516213847502191,26.018309815831557,80.1852841437841,"{""type"":""MultiPoint"",""coordinates"":[]}",3.549102846456897e-05,Low
1358,106.3014581273465,0.576122277048983,0.9482370748237108,1,0.6159710674000412,1,0.3944603957842614,25.953451452318124,80.38246434864834,"{""type"":""MultiPoint"",""coordinates"":[]}",0.6747905049481605,Medium
1360,1577.1493271088823,0.5787574117040475,0.4544921380407178,1,0.4207317795340421,1,0.398224873862925,26.03789308902536,80.01208895700586,"{""type"":""MultiPoint"",""coordinates"":[]}",7.235990503394325e-06,Low
1361,1121.4722466472365,0.3256812739918665,0.5707887382589691,0,0.2503280158680447,1,0.036687534274095,26.03322184954794,80.05404028077425,"{""type"":""MultiPoint"",""coordinates"":[]}",3.118105621695068e-13,Low
1362,130.0,0.4812532100667694,0.9370674633774034,1,0.5301868796939067,1,0.258933157238242,25.96423123572756,80.36494720060801,"{""type"":""MultiPoint"",""coordinates"":[]}",0.012271981996602574,Low
1366,2822.4280327406045,0.0459049004256043,0.2438470690517546,0,0.0975388276207018,0,0.0,25.995851933728567,80.09787806663928,"{""type"":""MultiPoint"",""coordinates"":[]}",1.1845306377983251e-27,Low
1368,2125.0882334623197,0.3425046596254548,0.3455755065789561,0,0.1746627680248294,1,0.0607209423220783,26.030796398280817,80.27799028110525,"{""type"":""MultiPoint"",""coordinates"":[]}",1.744765697124399e-18,Low
1370,1346.291201783626,0.538830297219559,0.510101475803787,1,0.4087522736525654,1,0.3411861388850843,25.93341902148226,80.39890351834774,"{""type"":""MultiPoint"",""coordinates"":[]}",4.673916111932464e-06,Low
1371,1063.6728820459791,0.7616469120399252,0.5875250232981313,1,0.6307073624963313,1,0.6594955886284646,26.016872511376963,80.07784563580341,"{""type"":""MultiPoint"",""coordinates"":[]}",0.7816409000556267,High
1372,376.4306044943742,0.4220552369652626,0.8284363238280241,1,0.4359933040728633,1,0.1743646242360894,26.01426739705302,80.27799028110525,"{""type"":""MultiPoint"",""coordinates"":[]}",4.5357799975915e-05,Low
1373,2424.04620418011,0.4499572284003422,0.2975946057313925,0,0.2475726094928503,1,0.2142246120004888,25.94887004436912,80.33772824749919,"{""type"":""MultiPoint"",""coordinates"":[]}",1.8613500168226847e-14,Low
1376,445.5333881989093,0.4254997480262052,0.8003015425874851,1,0.4276918296288843,1,0.1792853543231504,26.020196277928207,80.06266410750179,"{""type"":""MultiPoint"",""coordinates"":[]}",2.7303736820808722e-05,Low
1378,1980.0252523642216,0.4926320562230786,0.371571999456695,0,0.3137419908310311,1,0.2751886517472552,25.96791432839245,80.39513059415442,"{""type"":""MultiPoint"",""coordinates"":[]}",5.06483109368477e-10,Low
1380,3310.422933704997,0.5020408163265306,0.1910516503422552,0,0.2495985027024997,1,0.2886297376093295,25.95587690358525,80.3077245170096,"{""type"":""MultiPoint"",""coordinates"":[]}",1.2799348426552066e-15,Low
1381,1855.2897347853784,0.3320683111954459,0.3954840317653437,0,0.1856807365879483,1,0.0458118731363513,26.01202160884272,79.95971717594169,"{""type"":""MultiPoint"",""coordinates"":[]}",1.4782721435340685e-17,Low
1384,194.164878389476,0.5555743100683602,0.907481191030838,1,0.5820561707566441,1,0.3651061572405146,26.019297962644085,80.12330038917986,"{""type"":""MultiPoint"",""coordinates"":[]}",0.21796414347254944,Low
1387,1295.5307792561316,0.4345654345654345,0.523213650053297,0,0.3246272610774056,1,0.1922363350934779,26.03241336579223,80.1746840234315,"{""type"":""MultiPoint"",""coordinates"":[]}",6.278833777036098e-09,Low
1388,708.5901495222749,0.362116991643454,0.701667892319864,0,0.3339102926223348,1,0.0887385594906486,26.027472631729573,80.1723484036928,"{""type"":""MultiPoint"",""coordinates"":[]}",2.4818846273403676e-08,Low
1391,1370.0364958642524,0.4495129713569293,0.504081031054458,0,0.3297863878705798,1,0.2135899590813276,26.042294833917545,79.91731669453125,"{""type"":""MultiPoint"",""coordinates"":[]}",1.0763471129229074e-08,Low
1392,544.5181356024793,0.3386662313280548,0.7616569147456974,0,0.3378052498937546,1,0.0552374733257926,26.0261251588034,80.17145008840866,"{""type"":""MultiPoint"",""coordinates"":[]}",3.671463432294574e-08,Low
1394,2233.6517185989405,0.5192505426710842,0.3273170980014319,0,0.3188558757757878,1,0.3132150609586917,25.94455813100534,80.36449804296595,"{""type"":""MultiPoint"",""coordinates"":[]}",5.429728835670613e-10,Low
1396,20.0,0.4241189163270199,0.990049833749168,1,0.5024075760656843,1,0.1773127376100285,26.02657431644545,79.98406152014134,"{""type"":""MultiPoint"",""coordinates"":[]}",0.0022763335189192008,Low
1398,933.0058949438636,0.3976318622174381,0.6271917601978226,0,0.3345611574083617,1,0.1394740888820544,25.96279393127297,80.33674010068665,"{""type"":""MultiPoint"",""coordinates"":[]}",2.6171975720999573e-08,Low
1399,958.8534820294497,0.3967723118802256,0.6191382166389776,0,0.3306029825529273,1,0.1382461598288937,26.0126504295416,80.1881587526933,"{""type"":""MultiPoint"",""coordinates"":[]}",1.6393281408410634e-08,Low
1400,1711.286066091815,0.4215847636962144,0.4250098078431878,0,0.2742194348768875,1,0.1736925195660206,25.992617998705736,80.33350616566383,"{""type"":""MultiPoint"",""coordinates"":[]}",4.014323963970279e-12,Low
1403,530.8483775994798,0.3431348118614503,0.7668805788190612,0,0.3437249274088677,1,0.0616211598020718,26.03322184954794,79.96393925777706,"{""type"":""MultiPoint"",""coordinates"":[]}",7.03948534940261e-08,Low
1406,453.10043036836765,0.0564247787610619,0.7972793057805888,0,0.3189117223122355,0,0.0,26.01893863653044,80.09697975135516,"{""type"":""MultiPoint"",""coordinates"":[]}",9.955429687744048e-13,Low
1409,1840.0,0.3682824655894673,0.3985190410845141,0,0.2179354440819205,1,0.0975463794135248,26.006811380194826,80.01568221814235,"{""type"":""MultiPoint"",""coordinates"":[]}",1.3158642142532456e-15,Low
1412,2163.90850083824,0.4213106100595731,0.338932518998132,0,0.2395535305074583,1,0.1733008715136759,26.00160115154693,80.24142884904158,"{""type"":""MultiPoint"",""coordinates"":[]}",1.2416031873230682e-14,Low
1413,2104.40015206234,0.4505896705978039,0.349168705744076,0,0.2687443428100338,1,0.2151281008540057,25.98462299267707,80.36611501047737,"{""type"":""MultiPoint"",""coordinates"":[]}",8.117116997409246e-13,Low
1414,2670.880004792428,0.4814001372683596,0.2630424106984978,0,0.2607027962237074,1,0.2591430532405138,25.986060297131665,80.37949990821075,"{""type"":""MultiPoint"",""coordinates"":[]}",5.4294026745398446e-14,Low
1417,1372.7709204379294,0.481441506266115,0.5033923161922319,1,0.3568782175621342,1,0.2592021518087357,26.03340151260476,80.2452916047633,"{""type"":""MultiPoint"",""coordinates"":[]}",1.541910623836783e-07,Low
1420,2396.351393264352,0.4055038012635186,0.3017441830319164,0,0.2111295028672111,1,0.1507197160907408,25.95363111537495,80.41552235110395,"{""type"":""MultiPoint"",""coordinates"":[]}",1.3093298839057929e-16,Low
1423,3214.093962534387,0.5091726400194387,0.2004787583444343,0,0.2594823376401498,1,0.2988180571706268,25.924435868641066,80.37437951109126,"{""type"":""MultiPoint"",""coordinates"":[]}",7.164309518647905e-15,Low
1424,291.20439557122074,0.5967501692620176,0.8645015354166289,1,0.6001579021055239,1,0.4239288132314538,26.0193877941725,80.1273428079584,"{""type"":""MultiPoint"",""coordinates"":[]}",0.45286200692833234,Medium
1425,2362.11769393483,0.442021803766105,0.3069535496336706,0,0.2445143945101297,1,0.2028882910944358,25.996840080541094,80.10955616533283,"{""type"":""MultiPoint"",""coordinates"":[]}",1.4535529467135106e-14,Low
1426,264.0075756488817,0.4885946366974519,0.8763376756598203,1,0.5121876160046013,1,0.2694209095677884,25.97474152455176,80.33736892138555,"{""type"":""MultiPoint"",""coordinates"":[]}",0.0043015618446274155,Low
1427,1773.41478509682,0.4409484724122207,0.4120101094027178,0,0.2856170201144191,1,0.2013549605888867,25.98722810700102,80.3430283076755,"{""type"":""MultiPoint"",""coordinates"":[]}",1.7156718240094844e-11,Low
1429,2147.207488809593,0.5162485445114852,0.3417746270414079,0,0.3220657461121219,1,0.3089264921592645,25.992528167177323,80.27134274800275,"{""type"":""MultiPoint"",""coordinates"":[]}",1.0209382551701924e-09,Low
1431,691.2307863514183,0.4238521636759301,0.707784653572499,1,0.3892728588655111,1,0.1769316623941859,26.03286252343429,80.08431350584907,"{""type"":""MultiPoint"",""coordinates"":[]}",2.4429009088044342e-06,Low
1433,1950.0,0.4283673204312248,0.3771923535631569,0,0.2609060732234555,1,0.1833818863303212,26.04058803487772,80.03239088242697,"{""type"":""MultiPoint"",""coordinates"":[]}",3.942950071774792e-13,Low
1434,1620.9873534361705,0.2794970986460348,0.4446385043535452,0,0.1778554017414181,0,0.0,26.00717070630847,80.19256049758548,"{""type"":""MultiPoint"",""coordinates"":[]}",9.851044633763341e-18,Low
1435,2596.2472917655587,0.3963539532978287,0.2730436392381401,0,0.1918065585219664,1,0.1376485047111839,25.98579080254643,80.37824226681298,"{""type"":""MultiPoint"",""coordinates"":[]}",5.0224002036487055e-18,Low
1436,318.27660925679095,0.4513556618819777,0.8528783937824352,1,0.4708847819832407,1,0.2162223741171109,25.94707341380088,80.39782554000679,"{""type"":""MultiPoint"",""coordinates"":[]}",0.0003664250955556044,Low
1437,269.2582403567252,0.4584546750108433,0.8740400153875691,1,0.4854342990214648,1,0.2263638214440619,26.00941649451877,80.27394786232671,"{""type"":""MultiPoint"",""coordinates"":[]}",0.0008733287409363921,Low
1438,218.4032966784156,0.4196559989907061,0.8965496115290542,1,0.4611821294607984,1,0.1709371414152944,26.022891223780565,80.17926543138051,"{""type"":""MultiPoint"",""coordinates"":[]}",0.00020447534571373495,Low
1439,1554.1557193537592,0.579504132231405,0.4597474970454385,1,0.4234739693022368,1,0.3992916174734356,26.01211144037113,80.20235213418238,"{""type"":""MultiPoint"",""coordinates"":[]}",8.786458466558625e-06,Low
1440,788.4795495128583,0.3861479437302281,0.6741923825442723,0,0.3435180476436188,1,0.1230684910431831,26.030706566752404,80.23379316912656,"{""type"":""MultiPoint"",""coordinates"":[]}",7.138071793842295e-08,Low
1442,788.4795495128583,0.415365396627108,0.6741923825442723,1,0.3685615786980872,1,0.1648077094672972,26.016513185263317,80.13443949870295,"{""type"":""MultiPoint"",""coordinates"":[]}",5.96874522991681e-07,Low
1443,610.3277807866851,0.3909476465271501,0.7370025768509053,1,0.3727561563350622,1,0.1299252093245001,26.019118299587262,80.00166849971008,"{""type"":""MultiPoint"",""coordinates"":[]}",8.566708404947288e-07,Low
1444,1701.352403236907,0.3253594297450767,0.4271260109754156,0,0.1925870584573748,1,0.036227756778681,26.024867517405628,80.28391916198044,"{""type"":""MultiPoint"",""coordinates"":[]}",5.175567782465379e-17,Low
1446,2808.629559055448,0.3192137320044296,0.2455352445996298,0,0.1146830109865059,1,0.0274481885777566,26.00699104325165,79.94121188108883,"{""type"":""MultiPoint"",""coordinates"":[]}",6.005286109875935e-23,Low
1448,1554.6703830716017,0.5867804771284745,0.4596292045882511,1,0.4296635193739929,1,0.4096863958978207,26.039060898894714,80.22831344589343,"{""type"":""MultiPoint"",""coordinates"":[]}",1.2717368354329596e-05,Low
1449,932.148056909416,0.3955555555555555,0.6274608323721788,0,0.3328890948536334,1,0.1365079365079365,26.023969202121503,79.92504220597468,"{""type"":""MultiPoint"",""coordinates"":[]}",2.1618865783051625e-08,Low
1451,531.5072906367325,0.3554105229232132,0.7666279666280127,1,0.3541459205853879,1,0.0791578898903046,26.028460778542104,80.13318185730517,"{""type"":""MultiPoint"",""coordinates"":[]}",1.9796089343196906e-07,Low
1453,2433.926868252208,0.4212060076216095,0.2961280152717651,0,0.2223420697843713,1,0.1731514394594421,26.04984068230415,79.96968847559542,"{""type"":""MultiPoint"",""coordinates"":[]}",5.537945005010703e-16,Low
1454,3323.567360532956,0.5356347438752784,0.1898001352401082,0,0.2778926917034248,1,0.3366210626789692,26.0539729326111,79.95199166449827,"{""type"":""MultiPoint"",""coordinates"":[]}",6.075206830058509e-14,Low
1455,1348.517704741024,0.4680664916885389,0.509533920556037,0,0.3478705610983053,1,0.2400949881264842,25.977436470404115,80.36728282034673,"{""type"":""MultiPoint"",""coordinates"":[]}",7.36201547983648e-08,Low
1457,1547.19100307622,0.3139399581103095,0.4613512933593818,0,0.1964890528668751,1,0.0199142258718707,26.04624742116767,79.92710833112815,"{""type"":""MultiPoint"",""coordinates"":[]}",1.1481943179028565e-16,Low
1459,2390.3347045968267,0.2649298597194389,0.3026533002183185,0,0.1210613200873274,0,0.0,25.928118961305955,80.3821050225347,"{""type"":""MultiPoint"",""coordinates"":[]}",3.867443120841799e-22,Low
1460,1628.0663377147748,0.4117921230482405,0.4430674917959912,0,0.2730488164740312,1,0.1597030329260578,26.038971067366305,80.23163721244468,"{""type"":""MultiPoint"",""coordinates"":[]}",3.952050808666747e-12,Low
1461,2519.1466809219346,0.264784858209444,0.283775076017591,0,0.1135100304070364,0,0.0,26.00294862447311,79.99088871630065,"{""type"":""MultiPoint"",""coordinates"":[]}",9.318842123249925e-23,Low
1462,441.8144406874905,0.339752794436467,0.8017910667389275,1,0.3547902504982571,1,0.05678970633781,26.020196277928207,80.00598041307386,"{""type"":""MultiPoint"",""coordinates"":[]}",2.0433076571431273e-07,Low
1463,1171.537451385998,0.4614973262032085,0.5566777647881508,1,0.3610973855180105,1,0.2307104660045836,26.036276121513943,80.08880508226967,"{""type"":""MultiPoint"",""coordinates"":[]}",2.636235098526462e-07,Low
1467,246.98178070456936,0.5486170866625691,0.8838296925845457,1,0.5666322370303061,1,0.3551672666608131,25.996301091370626,80.2979328804127,"{""type"":""MultiPoint"",""coordinates"":[]}",0.1003533565707205,Low
1468,1033.1021246711284,0.3620765508139023,0.5965745523107756,0,0.2918382930505123,1,0.0886807868770033,26.04076769793454,79.92055062955409,"{""type"":""MultiPoint"",""coordinates"":[]}",9.965236769941629e-11,Low
1470,331.05890714493694,0.5065373260227752,0.8474449025574838,1,0.5160099547568009,1,0.2950533228896789,26.00007401556393,80.30197529919124,"{""type"":""MultiPoint"",""coordinates"":[]}",0.005397890865199299,Low
1471,1933.3132182861627,0.4493092952470147,0.3803525819750855,0,0.2801204287160468,1,0.213298993210021,26.009506326047184,80.31383306094162,"{""type"":""MultiPoint"",""coordinates"":[]}",5.793955089212013e-12,Low
1473,2756.0116110060203,0.3150384193194292,0.2520807501987858,0,0.1137223737818822,1,0.0214834561706131,25.998996037222984,80.1589635059594,"{""type"":""MultiPoint"",""coordinates"":[]}",6.245270938372659e-23,Low
1475,2118.726032312814,0.4863534675615212,0.3466765673856312,0,0.2984021705784135,1,0.2662192393736018,25.95111583257941,80.41381555206412,"{""type"":""MultiPoint"",""coordinates"":[]}",4.6308353260340285e-11,Low
1477,104.40306508910552,0.5640454705261925,0.9491375654581122,1,0.6059797152056956,1,0.3772078150374178,25.96854314909133,80.3550657324827,"{""type"":""MultiPoint"",""coordinates"":[]}",0.5331020198518578,Medium
1478,2463.5746386095143,0.4934163275077807,0.2917706241019359,0,0.2824936732188721,1,0.2763090392968296,25.923178227243294,80.39270514288731,"{""type"":""MultiPoint"",""coordinates"":[]}",2.0616174771987454e-12,Low
1479,104.40306508910552,0.4159334126040428,0.9491375654581122,1,0.4790265227009959,1,0.1656191608629183,26.021004761683912,80.24825604520089,"{""type"":""MultiPoint"",""coordinates"":[]}",0.0005807016535204305,Low
1482,550.0,0.4425970434267277,0.7595721232249685,1,0.4260548865128969,1,0.2037100620381824,26.01786065818949,80.05224365020601,"{""type"":""MultiPoint"",""coordinates"":[]}",2.4083047335623857e-05,Low
1485,41.23105625617661,0.4125056230319388,0.9795955191004532,1,0.4882715988104146,1,0.1607223186170555,26.03178454509335,79.93330670658858,"{""type"":""MultiPoint"",""coordinates"":[]}",0.000987839014180298,Low
1486,722.4956747275377,0.4931096464949071,0.6968062824329178,1,0.4442450671116589,1,0.275870923564153,26.022442066138503,79.95765105078823,"{""type"":""MultiPoint"",""coordinates"":[]}",6.637081877351577e-05,Low
1488,1977.725966861941,0.4907894736842105,0.3719994201558753,0,0.3123336026488164,1,0.2725563909774436,26.02594549574657,80.28796158075897,"{""type"":""MultiPoint"",""coordinates"":[]}",4.223290918821587e-10,Low
1490,2086.2646045025067,0.3364950838635049,0.3523492871818203,0,0.1722212153271609,1,0.0521358340907213,26.005104581155,80.06140646610403,"{""type"":""MultiPoint"",""coordinates"":[]}",1.3692627542223487e-18,Low
1493,1508.6417732516886,0.4318928481172605,0.4703299136328024,0,0.3011829781250586,1,0.1884183544532293,26.01094363050177,80.13893107512354,"{""type"":""MultiPoint"",""coordinates"":[]}",2.2518076878611013e-10,Low
1496,70.71067811865476,0.356972284535784,0.965262359891545,1,0.4349383307015758,1,0.0813889779082629,26.02262172919533,80.05610640592772,"{""type"":""MultiPoint"",""coordinates"":[]}",4.1202545615611654e-05,Low
1497,2010.0,0.455207132892582,0.3660446348040154,0,0.2794525392581051,1,0.2217244755608315,26.004835086569763,80.04667409544447,"{""type"":""MultiPoint"",""coordinates"":[]}",4.448271758275777e-12,Low
1498,2162.2673285234646,0.4092526690391459,0.3392107564748085,0,0.2293294474806199,1,0.1560752414844942,26.04328298073008,80.01101097866493,"{""type"":""MultiPoint"",""coordinates"":[]}",3.0354124569440654e-15,Low
1500,110.0,0.4415518121490556,0.9464851479534838,1,0.4999241838805841,1,0.2022168744986509,26.02855061007052,79.9725630845046,"{""type"":""MultiPoint"",""coordinates"":[]}",0.0020236325768229605,Low
1501,480.0,0.6691046927553254,0.7866278610665535,1,0.6310265953597575,1,0.5272924182218934,26.03133538745129,80.15375327731151,"{""type"":""MultiPoint"",""coordinates"":[]}",0.8364317532408148,High
1504,861.2200647918046,0.3124203791151426,0.6501123841171697,0,0.2706909928884187,1,0.017743398735918,26.03097606133764,80.13093606909487,"{""type"":""MultiPoint"",""coordinates"":[]}",5.634225410618635e-12,Low
1505,110.0,0.4208611991082952,0.9464851479534838,1,0.4821893727027895,1,0.1726588558689932,26.02217257155327,80.02745014836431,"{""type"":""MultiPoint"",""coordinates"":[]}",0.0007024575294138431,Low
1507,994.786409235671,0.5079006772009029,0.6081138236311926,1,0.4214461099103939,1,0.2970009674298614,25.972316073284635,80.32003143640203,"{""type"":""MultiPoint"",""coordinates"":[]}",1.4115689660317622e-05,Low
1510,1601.2495120998478,0.5286624203821656,0.4490483308012923,1,0.3756156926480875,1,0.3266606005459509,26.00717070630847,80.19148251924453,"{""type"":""MultiPoint"",""coordinates"":[]}",4.394770395487766e-07,Low
1511,980.0510190801292,0.4613583138173302,0.6126107665661965,1,0.3833514327556188,1,0.2305118768819003,25.99046204202385,80.2948786084467,"{""type"":""MultiPoint"",""coordinates"":[]}",1.4066335062257766e-06,Low
1513,1420.0,0.4262150220913107,0.4916441974609651,0,0.3048419836340809,1,0.1803071744161581,26.035916795400297,80.02906711587572,"{""type"":""MultiPoint"",""coordinates"":[]}",4.16316758625685e-10,Low
1515,2237.789087470041,0.375316904979211,0.3266406821020526,0,0.1952136199658591,1,0.1075955785417301,25.946983582272463,80.35515556401111,"{""type"":""MultiPoint"",""coordinates"":[]}",2.2393037175326413e-17,Low
1516,2140.0,0.3635763047786831,0.3430085174187066,0,0.1916973824920682,1,0.0908232925409759,26.003667276700405,80.0454164540467,"{""type"":""MultiPoint"",""coordinates"":[]}",1.770093308308835e-17,Low
1519,3451.7242068276546,0.43802765006488,0.1780195143687824,0,0.1895172200888387,1,0.1971823572355428,25.99980452097869,80.21717433637035,"{""type"":""MultiPoint"",""coordinates"":[]}",1.855787004817847e-19,Low
1520,388.329756778952,0.3752544673150871,0.8235221120747486,1,0.393912673957117,1,0.1075063818786958,26.01579453303602,80.25077132799642,"{""type"":""MultiPoint"",""coordinates"":[]}",3.544190363783895e-06,Low
1523,20.0,0.4036770583533173,0.990049833749168,1,0.4848859835167964,1,0.1481100833618819,26.025586169632923,79.99079888477223,"{""type"":""MultiPoint"",""coordinates"":[]}",0.0008004296020823018,Low
1525,1654.6903033498445,0.4591549295774648,0.4372084690853394,0,0.3113018987005341,1,0.227364185110664,25.987946759228315,80.28679377088962,"{""type"":""MultiPoint"",""coordinates"":[]}",6.944462498418022e-10,Low
1527,220.0,0.3022849785033063,0.8958341352965282,1,0.3602922071214453,1,0.0032642550047233,26.021094593212325,80.03553498592139,"{""type"":""MultiPoint"",""coordinates"":[]}",2.938900389409633e-07,Low
1530,92.19544457292886,0.4385650224215247,0.9549486378665072,1,0.5007494743650527,1,0.1979500320307495,25.961176963761552,80.37824226681298,"{""type"":""MultiPoint"",""coordinates"":[]}",0.002115043824685486,Low
1534,1770.1129907438112,0.4039266173157386,0.4126908574969626,0,0.2541563006979895,1,0.1484665961653408,26.005643570325468,80.16399407155048,"{""type"":""MultiPoint"",""coordinates"":[]}",2.2541752871903018e-13,Low
1535,2158.6338272157227,0.4467120181405896,0.3398275779742095,0,0.2616841895959034,1,0.2095885973436994,26.0396897195936,80.24942385507025,"{""type"":""MultiPoint"",""coordinates"":[]}",2.67646157258934e-13,Low
1538,1166.6190466471903,0.4627455870041502,0.558048432750483,1,0.362715590532322,1,0.2324936957202146,26.03465915400253,80.13452933023136,"{""type"":""MultiPoint"",""coordinates"":[]}",2.987251306844683e-07,Low
1539,1751.1139311878026,0.5767822232012556,0.4166299065216647,1,0.4038938682097421,1,0.3954031760017937,26.03528797470141,80.11476639398073,"{""type"":""MultiPoint"",""coordinates"":[]}",2.071153515806439e-06,Low
1540,955.0916186418976,0.386291420789832,0.6203038692462843,0,0.3220856226612269,1,0.1232734582711886,26.022082740024857,80.27071392730387,"{""type"":""MultiPoint"",""coordinates"":[]}",5.779080851234966e-09,Low
1541,1901.4205216100936,0.4059238958574891,0.3864664339904482,0,0.24537848433117,1,0.1513198512249845,25.93207154855608,80.40680869284799,"{""type"":""MultiPoint"",""coordinates"":[]}",5.131975198118825e-14,Low
1544,2392.0702330826325,0.398338220918866,0.302390782424643,0,0.2052462166145995,1,0.1404831727412372,26.046337252696084,80.00121934206801,"{""type"":""MultiPoint"",""coordinates"":[]}",5.877882803266247e-17,Low
1548,3182.9074758779907,0.3079291762894534,0.2036293727148248,0,0.0882481859054614,1,0.0113273946992192,25.99136035730797,80.25050183341119,"{""type"":""MultiPoint"",""coordinates"":[]}",4.244152072259568e-25,Low
1551,1811.767093199344,0.477112676056338,0.4041846113532568,0,0.3134847097324496,1,0.2530181086519115,26.037354099854888,80.24574076240535,"{""type"":""MultiPoint"",""coordinates"":[]}",6.952586172243442e-10,Low
1556,799.0619500389191,0.4607379375591296,0.6706345166237029,1,0.4060291817001637,1,0.2296256250844709,25.988485748398787,80.30017866862299,"{""type"":""MultiPoint"",""coordinates"":[]}",6.426602474150369e-06,Low
1558,2751.817581163403,0.5200921423086767,0.2526099219399279,0,0.2896943764691226,1,0.3144173461552525,25.998636711109334,80.23316434842768,"{""type"":""MultiPoint"",""coordinates"":[]}",2.2924659786757975e-12,Low
1562,1233.085560697229,0.3970254600453743,0.5398074482385694,0,0.29908765933432,1,0.1386078000648204,26.03672527915601,79.91453191715048,"{""type"":""MultiPoint"",""coordinates"":[]}",2.344407463986398e-10,Low
1563,1254.830665866913,0.3481352488753446,0.5339701540193486,0,0.2548468463580348,1,0.0687646412504923,26.012830092598424,80.00624990765908,"{""type"":""MultiPoint"",""coordinates"":[]}",5.241024059150294e-13,Low
1564,2577.207791389744,0.2960215778826702,0.2756553582061229,0,0.1102621432824491,0,0.0,25.962524436687733,80.3084431692369,"{""type"":""MultiPoint"",""coordinates"":[]}",1.588962878701837e-22,Low
1570,1813.9735389470263,0.3354683746997598,0.4037389515210187,0,0.1918970446367731,1,0.0506691067139426,26.013728407882542,79.94606278362308,"{""type"":""MultiPoint"",""coordinates"":[]}",3.796107636899985e-17,Low
1572,1442.497833620557,-0.148036253776435,0.4861447223435043,0,0.1944578889374017,0,0.0,26.004835086569763,80.31230592495861,"{""type"":""MultiPoint"",""coordinates"":[]}",1.681306579659012e-23,Low
1577,3343.411431457397,0.3755566551212271,0.1879262433516011,0,0.1399333445874065,1,0.1079380787446101,25.94491745711899,80.33584178540254,"{""type"":""MultiPoint"",""coordinates"":[]}",2.96285533444253e-22,Low
1578,1631.7475294910057,0.4119853240929474,0.4422527336427066,0,0.2728885141081805,1,0.1599790344184963,26.00474525504135,80.24861537131453,"{""type"":""MultiPoint"",""coordinates"":[]}",3.841811471911813e-12,Low
1579,2567.2553437474817,0.3945476739454767,0.2770304996341211,0,0.1918530632354856,1,0.1350681056363953,26.01202160884272,79.91417259103683,"{""type"":""MultiPoint"",""coordinates"":[]}",5.522602453285056e-18,Low
1580,2270.7928130941405,0.4037343128252219,0.3212947327516234,0,0.217433018379411,1,0.1481918754646027,26.052894954270155,79.92423372221897,"{""type"":""MultiPoint"",""coordinates"":[]}",4.421961953804176e-16,Low
1581,521.7278984298232,0.4248421052631579,0.7703857240681338,1,0.415161808424246,1,0.1783458646616542,26.02073526709868,80.1417158525043,"{""type"":""MultiPoint"",""coordinates"":[]}",1.263377945698373e-05,Low
1582,676.8308503607086,0.4587525150905432,0.7128990701495952,1,0.4212332124231609,1,0.2267893072722047,26.013189418712077,80.11647319302055,"{""type"":""MultiPoint"",""coordinates"":[]}",1.713941069189911e-05,Low
1583,929.7311439335568,0.3693555793662941,0.6282195498321654,0,0.3107354593896897,1,0.0990793990947058,26.02262172919533,80.26837830756516,"{""type"":""MultiPoint"",""coordinates"":[]}",1.3284603428402157e-09,Low
1584,1463.4206503941373,0.2143615891225833,0.4810854734431398,0,0.1924341893772559,0,0.0,26.01309958718366,79.98469034084022,"{""type"":""MultiPoint"",""coordinates"":[]}",8.39714839102095e-18,Low
1585,1691.449082887215,0.4930914166085136,0.4292462388253637,0,0.3372054240517286,1,0.2758448808693052,26.0028587929447,80.11135279590107,"{""type"":""MultiPoint"",""coordinates"":[]}",1.5793750684977947e-08,Low
1587,1037.5451797391763,0.4818802268576372,0.5952507165299857,1,0.3939976239185405,1,0.2598288955109103,26.016513185263317,80.08593047336049,"{""type"":""MultiPoint"",""coordinates"":[]}",2.5988658575564413e-06,Low
1590,1992.5109786397663,0.4377537212449256,0.3692595519751407,0,0.2657784389999925,1,0.1967910303498937,26.044899948241493,80.15528041329452,"{""type"":""MultiPoint"",""coordinates"":[]}",7.022060415985442e-13,Low
1593,2380.462140005591,0.2368689965256488,0.3041509757794358,0,0.1216603903117743,0,0.0,25.98049074237012,80.38614744131323,"{""type"":""MultiPoint"",""coordinates"":[]}",1.52714613858474e-22,Low
1595,243.5159132377184,0.479200183865778,0.8853626387368506,1,0.5077452130939786,1,0.2560002626653971,25.966836350051505,80.36809130410244,"{""type"":""MultiPoint"",""coordinates"":[]}",0.003298391515811245,Low
1596,844.0379138403677,0.4545237241544161,0.6557216088134182,1,0.3947375499434383,1,0.2207481773634517,26.01579453303602,80.15644822316388,"{""type"":""MultiPoint"",""coordinates"":[]}",3.1445764959281464e-06,Low
1597,1585.2129194527784,0.4004677397166047,0.4526634073902282,0,0.2671805684274668,1,0.1435253424522925,26.02145391932597,79.91578955854825,"{""type"":""MultiPoint"",""coordinates"":[]}",1.8869620793425975e-12,Low
1599,1262.5371281669304,0.2558947629684785,0.5319166025338051,0,0.212766641013522,0,0.0,26.018848805002023,79.9446254791685,"{""type"":""MultiPoint"",""coordinates"":[]}",8.208314041076688e-16,Low
1601,1533.9491516996254,0.3693560325684678,0.4644160003921398,0,0.2452144280726855,1,0.0990800465263826,26.04391180142896,79.94714076196402,"{""type"":""MultiPoint"",""coordinates"":[]}",9.83755904813559e-14,Low
1602,1026.1091559868278,0.45809015273811,0.5986641168278499,1,0.3749714919352343,1,0.2258430753401572,26.03016757758193,80.24547126782012,"{""type"":""MultiPoint"",""coordinates"":[]}",7.901753985370542e-07,Low
1603,667.0832032063167,0.5679410409949333,0.7163820953763954,1,0.5162165875747866,1,0.3827729157070475,25.97563983983588,80.34572325352785,"{""type"":""MultiPoint"",""coordinates"":[]}",0.0050017068061288805,Low
1604,1704.9633427144408,0.601733164831197,0.4263555436249946,1,0.4291706444481667,1,0.4310473783302814,26.00007401556393,80.26092229070697,"{""type"":""MultiPoint"",""coordinates"":[]}",1.0085880061147755e-05,Low
1607,2445.7309745759035,0.5839087374335038,0.2943853995467971,1,0.3611045061902935,1,0.4055839106192911,26.04400163295737,80.18465532308522,"{""type"":""MultiPoint"",""coordinates"":[]}",3.5722935915453666e-08,Low
1608,1421.2670403551897,0.2488898287164305,0.4913328295810074,0,0.1965331318324029,0,0.0,26.033581175661585,80.12033594874227,"{""type"":""MultiPoint"",""coordinates"":[]}",5.624429708246735e-17,Low
1609,2225.061796894639,0.4096313912009512,0.3287259354086451,0,0.2254601380499876,1,0.156616273144216,26.003128287529936,80.02933661046096,"{""type"":""MultiPoint"",""coordinates"":[]}",1.513157423284538e-15,Low
1611,356.93136595149497,0.4054607177010254,0.8365527643863155,1,0.4250160066411195,1,0.150658168144322,26.0291794307694,80.08700845170144,"{""type"":""MultiPoint"",""coordinates"":[]}",2.354304201812526e-05,Low
1612,2640.549185302179,0.4261028495472293,0.2670619586453132,0,0.2149129402128933,1,0.1801469279246133,26.051547481343977,80.19857920998908,"{""type"":""MultiPoint"",""coordinates"":[]}",1.0669662970584263e-16,Low
1613,1588.6157496386593,0.427760028399006,0.4518938938534786,0,0.290266153311968,1,0.1825143262842943,26.008158853121003,80.13048691145282,"{""type"":""MultiPoint"",""coordinates"":[]}",4.5012765776448386e-11,Low
1614,2835.365937581955,0.5137591517293613,0.2422747251562598,0,0.2801320201162421,1,0.3053702167562304,25.930454581044664,80.41660032944489,"{""type"":""MultiPoint"",""coordinates"":[]}",4.664715397533764e-13,Low
1615,618.1423784210236,0.4192015209125475,0.7341285061372068,1,0.3958241346656378,1,0.170287887017925,26.02504718046245,79.94076272344678,"{""type"":""MultiPoint"",""coordinates"":[]}",3.781080061792589e-06,Low
1618,752.8612089887484,0.3905441270070012,0.686306742637691,1,0.3521319487753632,1,0.1293487528671446,26.00429609739929,80.27565466136653,"{""type"":""MultiPoint"",""coordinates"":[]}",1.6430410498816944e-07,Low
1619,1674.305826305338,0.4261749434163227,0.4329413921458143,0,0.2813265083580309,1,0.1802499191661753,26.036276121513943,80.18600279601141,"{""type"":""MultiPoint"",""coordinates"":[]}",1.1417325798231611e-11,Low
1620,2457.9056125083403,0.3597835888187556,0.2925988249622919,0,0.1682826061152788,1,0.0854051268839366,25.99890620569457,80.17010261548249,"{""type"":""MultiPoint"",""coordinates"":[]}",2.9426490590208642e-19,Low
1622,1075.174404457249,0.1948784722222222,0.5841560036852576,0,0.233662401474103,0,0.0,25.96611769782421,80.38632710437005,"{""type"":""MultiPoint"",""coordinates"":[]}",1.7641831964730623e-15,Low
1623,2020.0,0.4818632542279879,0.3642189795715233,0,0.3015703811668847,1,0.2598046488971256,26.005014749626586,80.0287976212905,"{""type"":""MultiPoint"",""coordinates"":[]}",9.015691179648739e-11,Low
1625,2199.931817125249,0.5191284519888523,0.3328824319452215,0,0.3209773601971049,1,0.3130406456983604,26.005104581155,80.2250795108706,"{""type"":""MultiPoint"",""coordinates"":[]}",7.795790255519356e-10,Low
1629,1940.0,0.3375883291543196,0.3790830381033988,0,0.1838517830879192,1,0.0536976130775994,26.005643570325468,80.0341875129952,"{""type"":""MultiPoint"",""coordinates"":[]}",9.581303526494248e-18,Low
1630,2905.236651290218,0.3999548073663992,0.2339569100550498,0,0.1792583131932193,1,0.1427925819519989,26.048672872434796,80.0619454552745,"{""type"":""MultiPoint"",""coordinates"":[]}",3.2652892077836024e-19,Low
1631,1420.035210831055,0.4362479377798727,0.4916355419367693,0,0.3134381634431701,1,0.1946399111141039,25.98677894935896,80.3378180790276,"{""type"":""MultiPoint"",""coordinates"":[]}",1.3054228356920472e-09,Low
1633,100.0,0.3660520472067667,0.951229424500714,1,0.4371078102632285,1,0.0943600674382381,26.020286109456617,80.18483498614205,"{""type"":""MultiPoint"",""coordinates"":[]}",4.735201310261293e-05,Low
1636,1720.523176246109,0.4609375,0.4230514026197658,0,0.3071669896193349,1,0.2299107142857143,26.045349105883552,79.94965604475956,"{""type"":""MultiPoint"",""coordinates"":[]}",3.564166133756188e-10,Low
1637,2822.4280327406045,0.4311111111111111,0.2438470690517546,0,0.2099197800016543,1,0.1873015873015873,26.00537407574023,80.33144004051036,"{""type"":""MultiPoint"",""coordinates"":[]}",2.982354554560829e-17,Low
1640,2668.332812825267,0.3846750226127406,0.2633776338804114,0,0.1779296443630851,1,0.1209643180182009,26.022801392252152,79.90285381845693,"{""type"":""MultiPoint"",""coordinates"":[]}",5.89832148738003e-19,Low
1641,2323.1228981696167,0.4144884241971621,0.3129970701325086,0,0.2233317630791424,1,0.1635548917102315,25.990641705080677,80.27206140023006,"{""type"":""MultiPoint"",""coordinates"":[]}",8.671019805963485e-16,Low
1644,30.0,0.3524445794108715,0.9851119396030626,1,0.438997272479115,1,0.0749208277298165,26.013997902467786,80.26685117158216,"{""type"":""MultiPoint"",""coordinates"":[]}",5.176921124902101e-05,Low
1646,651.9202405202648,0.4592608280054261,0.7218339734088105,1,0.4252428705110324,1,0.2275154685791802,26.032952354962703,80.08206771763878,"{""type"":""MultiPoint"",""coordinates"":[]}",2.2048046143516196e-05,Low
1647,2047.0710783946904,0.4954258471846411,0.3593222936991556,0,0.311236786495069,1,0.2791797816923445,26.044989779769903,79.98343269944245,"{""type"":""MultiPoint"",""coordinates"":[]}",3.1183541274079767e-10,Low
1649,2372.277386816306,0.6452179828788479,0.3053982264830483,1,0.418060418775089,1,0.4931685469697828,26.004116434342468,80.07209641798505,"{""type"":""MultiPoint"",""coordinates"":[]}",1.7754288497923001e-06,Low
1650,948.6832980505136,0.2773984492535586,0.6222946098982804,0,0.2489178439593121,0,0.0,25.968004159920863,80.32757728478865,"{""type"":""MultiPoint"",""coordinates"":[]}",3.2303858694277445e-13,Low
1651,1286.5846260545786,0.3709471534337503,0.5255592669395566,0,0.27103555257618,1,0.101353076333929,26.012291103427955,80.00876519045462,"{""type"":""MultiPoint"",""coordinates"":[]}",4.748228844433135e-12,Low
1652,2261.725005388586,0.3352179034157833,0.3227547594876855,0,0.1592886781514599,1,0.0503112905939761,26.00977582063242,79.94507463681055,"{""type"":""MultiPoint"",""coordinates"":[]}",1.4672282132658238e-19,Low
1654,3090.064724241225,0.4504933255948926,0.2133049681101109,0,0.2143162663253809,1,0.2149904651355609,26.013279250240487,80.32479250740786,"{""type"":""MultiPoint"",""coordinates"":[]}",2.183062772024208e-17,Low
1656,510.0,0.3377517868745939,0.774916497961081,0,0.34232527364837,1,0.0539311241065627,26.027382800201163,80.05089617727982,"{""type"":""MultiPoint"",""coordinates"":[]}",5.984752922883939e-08,Low
1657,1508.6417732516886,0.4500880168305354,0.4703299136328024,0,0.3167788370221513,1,0.2144114526150506,26.0374439313833,80.13291236271994,"{""type"":""MultiPoint"",""coordinates"":[]}",1.789183457670281e-09,Low
1660,2715.437349673161,0.4414578587699316,0.2572469720390475,0,0.224148382046989,1,0.2020826553856166,25.98722810700102,80.3768947938868,"{""type"":""MultiPoint"",""coordinates"":[]}",3.017834638758158e-16,Low
1662,2884.995667241114,0.5130282461134223,0.2363366910624429,0,0.2771303159507677,1,0.3043260658763176,25.93548514663573,80.36512686366484,"{""type"":""MultiPoint"",""coordinates"":[]}",2.611172306137928e-13,Low
1663,1056.834897228512,0.4075867191153412,0.5895372047491643,0,0.3280320697128153,1,0.153695313021916,26.01094363050177,80.1769298116418,"{""type"":""MultiPoint"",""coordinates"":[]}",1.1517674869822368e-08,Low
1666,3352.7600570276422,0.4150255288110868,0.1870498671335989,0,0.1734132572629425,1,0.1643221840158382,26.01067413591654,79.90402162832629,"{""type"":""MultiPoint"",""coordinates"":[]}",2.9225853370851693e-20,Low
1667,2180.73382144635,0.3796427014553497,0.3360931548984334,0,0.2027024346353874,1,0.1137752877933567,26.043193149201667,80.05637590051296,"{""type"":""MultiPoint"",""coordinates"":[]}",7.308110945139195e-17,Low
1668,28.284271247461906,0.65963893447797,0.985957394633712,2,0.7026449016917448,1,0.5137699063971,25.99351631398985,80.30493973962884,"{""type"":""MultiPoint"",""coordinates"":[]}",0.9972160195167816,High
1669,2299.956521328175,0.4178307313064914,0.3166436529269666,0,0.227655230862065,1,0.1683296161521306,26.044899948241493,80.06050815081991,"{""type"":""MultiPoint"",""coordinates"":[]}",1.6787461283101692e-15,Low
1670,509.9019513592785,0.3631291619173316,0.7749544886469559,1,0.364092505673638,1,0.0901845170247594,26.02217257155327,80.07964226637165,"{""type"":""MultiPoint"",""coordinates"":[]}",4.5830732810799625e-07,Low
1674,660.0,0.2807700786244397,0.7189237334319262,0,0.2875694933727705,0,0.0,26.027113305615927,80.1844756600284,"{""type"":""MultiPoint"",""coordinates"":[]}",6.883425477954179e-11,Low
1675,1778.004499431877,0.4092384519350811,0.4110656891193611,0,0.2580592344492425,1,0.1560549313358302,25.9645007303128,80.39548992026808,"{""type"":""MultiPoint"",""coordinates"":[]}",3.8060249082397827e-13,Low
1677,1333.7541002748594,0.3413897280966767,0.5133091159185741,0,0.2408005561645811,1,0.0591281829952524,26.042654160031194,79.94148137567407,"{""type"":""MultiPoint"",""coordinates"":[]}",6.94571034549481e-14,Low
1680,480.0,0.4413691040090946,0.7866278610665535,1,0.4358246621487025,1,0.2019558628701352,26.01893863653044,80.0213416044323,"{""type"":""MultiPoint"",""coordinates"":[]}",4.4093799822968536e-05,Low
1683,1253.9936203984453,0.3402922755741127,0.5341936794401804,0,0.2482137079824544,1,0.0575603936773038,26.03861174125265,79.97561735647061,"{""type"":""MultiPoint"",""coordinates"":[]}",2.0981204830346704e-13,Low
1684,256.3201123595259,0.5755584756898817,0.8797125644434586,1,0.5880780049401393,1,0.3936549652712596,26.011752114257483,80.2671206661674,"{""type"":""MultiPoint"",""coordinates"":[]}",0.286646726854785,Low
1685,2875.134779449478,0.3294543857723131,0.2375048131721628,0,0.1202485416451335,1,0.0420776939604473,25.99127052577956,80.25571206205908,"{""type"":""MultiPoint"",""coordinates"":[]}",1.0386183558174029e-22,Low
1686,1412.267680009707,0.473133618640038,0.4935486516792037,0,0.3458197052202855,1,0.2473337409143401,26.04184567627549,79.95702223008934,"{""type"":""MultiPoint"",""coordinates"":[]}",5.644388497537581e-08,Low
1688,1018.6756107809788,0.635626453971419,0.6008933554358229,1,0.5280371598641169,1,0.4794663628163129,26.032682860377463,80.23442198982545,"{""type"":""MultiPoint"",""coordinates"":[]}",0.008012123760566607,Low
1689,542.3098745182499,0.3758474089394462,0.7624983478483921,1,0.3700114039445964,1,0.108353441342066,26.022082740024857,79.97795297620932,"{""type"":""MultiPoint"",""coordinates"":[]}",7.146147896090859e-07,Low
1695,691.2307863514183,0.3995371900826446,0.707784653572499,1,0.3684314529284093,1,0.1421959858323495,26.02046577251344,80.08251687528083,"{""type"":""MultiPoint"",""coordinates"":[]}",6.15851631083837e-07,Low
1696,953.3624704172072,0.621971330711658,0.6208403998152217,1,0.524311586250367,1,0.4599590438737972,26.032054039678584,80.23451182135386,"{""type"":""MultiPoint"",""coordinates"":[]}",0.00676932303697608,Low
1699,1758.2377541163196,0.6434643995749203,0.4151485474823375,1,0.4604574757714381,1,0.4906634279641719,25.979143269443945,80.37428967956285,"{""type"":""MultiPoint"",""coordinates"":[]}",6.067810931444737e-05,Low
1700,1086.6922287382015,0.3935890698896479,0.5808015688024216,0,0.312539830283524,1,0.1336986712709256,26.019297962644085,80.20837084658598,"{""type"":""MultiPoint"",""coordinates"":[]}",1.5855348824145582e-09,Low
1705,2156.687274502263,0.555581048525869,0.3401584851271492,1,0.3551328642158903,1,0.3651157836083843,25.97761613346094,80.29371079857734,"{""type"":""MultiPoint"",""coordinates"":[]}",3.8908852266739384e-08,Low
1708,785.175139698144,0.4004744288704999,0.6753072072130067,1,0.3562438219170598,1,0.1435348983864285,26.03007774605352,80.03778077413169,"{""type"":""MultiPoint"",""coordinates"":[]}",2.3242375729259709e-07,Low
1711,171.17242768623692,0.3820375335120643,0.9179739975762762,1,0.4375074848979942,1,0.1171964764458061,25.9660278662958,80.35470640636905,"{""type"":""MultiPoint"",""coordinates"":[]}",4.9314328715457776e-05,Low
1714,2578.4685377176897,0.3452768729641693,0.2754816472229277,0,0.1490014071441734,1,0.0646812470916705,26.033940501775238,80.2814937107133,"{""type"":""MultiPoint"",""coordinates"":[]}",1.4305518037395678e-20,Low
1715,240.20824298928628,0.324739376503063,0.886828094043169,1,0.3759364174770359,1,0.0353419664329472,26.026394653388632,80.06203528680291,"{""type"":""MultiPoint"",""coordinates"":[]}",1.0569449846440247e-06,Low
1717,562.2277118748239,0.420933734939759,0.7549423759148957,1,0.4056344374571803,1,0.1727624784853701,26.027203137144337,79.92594052125881,"{""type"":""MultiPoint"",""coordinates"":[]}",7.019096727273505e-06,Low
1720,1543.9235732380018,0.5043904664157829,0.4621056258646495,1,0.3600340787022451,1,0.2919863805939756,26.04067786640613,79.98109707970374,"{""type"":""MultiPoint"",""coordinates"":[]}",1.591274262115715e-07,Low
1721,2586.4261056523537,0.4315937940761636,0.274387742909243,0,0.2225497778004088,1,0.1879911343945194,25.996570585955865,80.34195032933455,"{""type"":""MultiPoint"",""coordinates"":[]}",3.623074678515608e-16,Low
1723,1278.8275880665071,0.4933696021761306,0.5276016166246567,1,0.3767860199436889,1,0.2762422888230437,26.039060898894714,79.9732817367319,"{""type"":""MultiPoint"",""coordinates"":[]}",7.009602683006985e-07,Low
1724,847.17176534632,0.4568210262828536,0.6546949462998116,1,0.3962960010480849,1,0.2240300375469337,26.013279250240487,80.17198907757914,"{""type"":""MultiPoint"",""coordinates"":[]}",3.4522577912380966e-06,Low
1726,474.1307836451879,0.5021622996692954,0.7889396961261378,1,0.4888578495955654,1,0.2888032852418505,25.976807649705236,80.33763841597077,"{""type"":""MultiPoint"",""coordinates"":[]}",0.0010490997477214496,Low
1730,2029.7044119772715,0.4180436219431592,0.3624559946995093,0,0.2461626452596545,1,0.1686337456330846,26.0494813561905,79.91812517828696,"{""type"":""MultiPoint"",""coordinates"":[]}",4.2904593734232804e-14,Low
1731,1278.8275880665071,0.4384724186704384,0.5276016166246567,0,0.3297312912245242,1,0.1978177409577692,26.03654561609918,79.99861422774407,"{""type"":""MultiPoint"",""coordinates"":[]}",1.1813445211290363e-08,Low
1734,3225.926223582926,0.5306688585225522,0.1992962013726057,0,0.2774346449969442,1,0.3295269407465032,25.973663546210812,80.40474256769451,"{""type"":""MultiPoint"",""coordinates"":[]}",8.192396435085384e-14,Low
1735,3167.838379715733,0.3313253012048193,0.2051694225182835,0,0.1089180271828728,1,0.044750430292599,25.969531295903863,80.2889497275715,"{""type"":""MultiPoint"",""coordinates"":[]}",7.79994468211128e-24,Low
1736,2604.6496885377887,0.4540130440569679,0.2718989349901287,0,0.2407707546163097,1,0.220018634367097,26.01983695181456,79.90509960666724,"{""type"":""MultiPoint"",""coordinates"":[]}",4.249227504765884e-15,Low
1737,294.10882339705483,0.5963213939980639,0.8632470054026048,1,0.5992885684450968,1,0.4233162771400914,25.999984184035515,80.29038703202609,"{""type"":""MultiPoint"",""coordinates"":[]}",0.4400325764369962,Medium
1738,1370.5838172107533,0.4515625,0.5039431027737608,0,0.3314879553952186,1,0.2165178571428571,26.04157618169025,79.95594425174839,"{""type"":""MultiPoint"",""coordinates"":[]}",1.3115309305263845e-08,Low
1740,1020.7840124139876,0.3863414634146341,0.6002602269508084,0,0.3141110594214383,1,0.1233449477351916,26.02082509862709,79.94678143585037,"{""type"":""MultiPoint"",""coordinates"":[]}",2.015796972355669e-09,Low
1742,560.4462507680821,0.3544365172819838,0.755615125730085,0,0.3489059222480201,1,0.0777664532599768,26.015525038450782,80.17719930622704,"{""type"":""MultiPoint"",""coordinates"":[]}",1.212273355470066e-07,Low
1743,2841.2145290350745,0.4325113941802033,0.2415672771106257,0,0.2102081058558531,1,0.1893019916860048,26.051367818287154,79.97112578005002,"{""type"":""MultiPoint"",""coordinates"":[]}",2.916062549899022e-17,Low
1745,1300.0,0.3773051250141419,0.522045776761016,0,0.2750798464308137,1,0.1104358928773455,25.965578708653737,80.32551115963517,"{""type"":""MultiPoint"",""coordinates"":[]}",8.17992175405652e-12,Low
1747,1421.442928857856,0.3770742915496553,0.4912896215831298,0,0.2625795271043851,1,0.1101061307852219,26.014806386223487,79.97130544310684,"{""type"":""MultiPoint"",""coordinates"":[]}",1.2666823479891083e-12,Low
1748,532.2593352868505,0.5945132151221144,0.7663397515885866,1,0.5589757993115327,1,0.4207331644601635,26.00573340185388,80.29532776608875,"{""type"":""MultiPoint"",""coordinates"":[]}",0.06378673388804844,Low
1750,220.0,0.5405675613320003,0.8958341352965282,1,0.5645344209746116,1,0.3436679447600005,26.026394653388632,79.96393925777706,"{""type"":""MultiPoint"",""coordinates"":[]}",0.08940193936162455,Low
1752,2130.211257129208,0.4771415889924545,0.3446914435818066,0,0.2897122251405408,1,0.2530594128463636,26.001690983075346,80.1799840836078,"{""type"":""MultiPoint"",""coordinates"":[]}",1.3690365340017992e-11,Low
1755,1821.4829123546565,0.4645847476804707,0.4022258805791687,0,0.3019629931006423,1,0.2351210681149581,26.041396518633427,80.13731410761213,"{""type"":""MultiPoint"",""coordinates"":[]}",1.4573681294546835e-10,Low
1756,1227.8843593759143,0.4738788719371243,0.541213098820787,1,0.3655242726172786,1,0.2483983884816062,26.035377806229825,80.19139268771612,"{""type"":""MultiPoint"",""coordinates"":[]}",3.4492432477217917e-07,Low
1757,1775.387281693772,0.3035204567078972,0.4116039654456786,0,0.1676591204993262,1,0.0050292238684246,26.03564730081506,80.25157981175212,"{""type"":""MultiPoint"",""coordinates"":[]}",1.4376116473911052e-18,Low
1758,40.0,0.504110774556469,0.9801986733067553,1,0.5670315617996755,1,0.2915868207949558,26.02855061007052,79.96636470904419,"{""type"":""MultiPoint"",""coordinates"":[]}",0.09842030216554946,Low
1761,1702.292571798397,0.2249768732654949,0.4269252729373535,0,0.1707701091749414,0,0.0,26.00654188560959,80.19318931828435,"{""type"":""MultiPoint"",""coordinates"":[]}",4.26027546106658e-19,Low
1762,890.5054744357274,0.374361730717549,0.6406623363526089,0,0.3200035608703713,1,0.1062310438822129,26.035826963871884,79.97040712782272,"{""type"":""MultiPoint"",""coordinates"":[]}",4.498365563201211e-09,Low
1764,2817.8005607210744,0.337525159865339,0.2444119200022993,0,0.1299291907426389,1,0.0536073712361986,25.999445194865043,80.22831344589343,"{""type"":""MultiPoint"",""coordinates"":[]}",4.790957794381336e-22,Low
1768,335.26109228480425,0.362740497419052,0.845666211620797,1,0.3920440538646492,1,0.0896292820272172,26.02405903364992,80.21771332554083,"{""type"":""MultiPoint"",""coordinates"":[]}",3.15615049414205e-06,Low
1769,2826.764935398768,0.4839907192575406,0.2433188714431532,0,0.255033879369439,1,0.2628438846536294,25.97617882900635,80.28643444477596,"{""type"":""MultiPoint"",""coordinates"":[]}",1.4989587442411844e-14,Low
1773,430.0,0.4337680164722032,0.8065414401773269,1,0.4372748759042478,1,0.1910971663888617,26.0193877941725,80.02349756111418,"{""type"":""MultiPoint"",""coordinates"":[]}",4.8598313611170396e-05,Low
1779,2188.26415224488,0.4607948442534909,0.3348300879009104,0,0.271756187377642,1,0.2297069203621298,26.006362222552763,80.14890237477726,"{""type"":""MultiPoint"",""coordinates"":[]}",9.970809067060556e-13,Low
1781,802.3091673413684,0.2581353563585546,0.6695465520740294,0,0.2678186208296118,0,0.0,25.95947016472173,80.35847933056235,"{""type"":""MultiPoint"",""coordinates"":[]}",2.1433964529844514e-12,Low
1782,1084.665847162157,0.44652189060504,0.581390329814852,1,0.358146323873118,1,0.2093169865786286,26.02675397950228,80.26011380695127,"{""type"":""MultiPoint"",""coordinates"":[]}",2.267874982775029e-07,Low
1785,2209.547464980103,0.3327137546468401,0.3312858329827127,0,0.1605546943189481,1,0.0467339352097716,26.039060898894714,80.25409509454767,"{""type"":""MultiPoint"",""coordinates"":[]}",2.0046205340258036e-19,Low
1787,1314.6862743635836,0.4364213853206702,0.5182263634076003,0,0.324223161352186,1,0.1948876933152432,26.03681511068441,80.161927946397,"{""type"":""MultiPoint"",""coordinates"":[]}",5.85428624781984e-09,Low
1788,2462.214450449026,0.5903271692745377,0.2919691230675115,1,0.3656395086051798,1,0.4147530989636253,26.01588436456443,80.3130245771859,"{""type"":""MultiPoint"",""coordinates"":[]}",4.994018196774212e-08,Low
1792,288.61739379323626,0.3569709610139579,0.8656204924511702,1,0.3950804492781463,1,0.081387087162797,26.02298105530897,80.1197969595718,"{""type"":""MultiPoint"",""coordinates"":[]}",3.8122244853120837e-06,Low
1793,1903.785702225962,0.5221730890713835,0.3860096726652597,0,0.344837945413004,1,0.3173901272448336,26.03834224666742,80.1725280667496,"{""type"":""MultiPoint"",""coordinates"":[]}",2.4139346257680753e-08,Low
1794,1372.6616480400407,0.6191826128041578,0.5034198203863218,1,0.4749530248438068,1,0.4559751611487968,25.975550008307465,80.37419984803445,"{""type"":""MultiPoint"",""coordinates"":[]}",0.00023785614362373912,Low
1798,1661.1140839809889,0.4042625169147497,0.4358064561986959,0,0.2636904541206924,1,0.1489464527353567,26.04058803487772,80.16147878875495,"{""type"":""MultiPoint"",""coordinates"":[]}",1.0269388833971083e-12,Low
1800,458.9117562233506,0.2143120116721437,0.7949660432670387,0,0.3179864173068155,0,0.0,26.02873027312734,80.0025668149942,"{""type"":""MultiPoint"",""coordinates"":[]}",2.6016649834290165e-10,Low
1802,990.4039579888604,0.4020111731843575,0.6094477992104619,0,0.3312172681279198,1,0.145730247406225,25.97474152455176,80.36449804296595,"{""type"":""MultiPoint"",""coordinates"":[]}",1.7392887276647905e-08,Low
1803,1878.643127366132,0.4245074035210446,0.3908929413870439,0,0.2630778081442844,1,0.1778677193157781,26.012380934956365,79.9537882950665,"{""type"":""MultiPoint"",""coordinates"":[]}",6.208996084183668e-13,Low
1804,1197.5391434103522,0.6832941176470588,0.5494873250677742,1,0.5483327451531601,1,0.547563025210084,25.999445194865043,80.31455171316891,"{""type"":""MultiPoint"",""coordinates"":[]}",0.02249962165523024,Low
1805,796.3039620647382,0.3998162414304898,0.671559955530353,1,0.3541807605811324,1,0.1425946306149854,26.030257409110344,80.03149256714285,"{""type"":""MultiPoint"",""coordinates"":[]}",1.9432625661762224e-07,Low
1806,2751.817581163403,0.4449065359191,0.2526099219399279,0,0.2252495709923426,1,0.2070093370272857,26.05091866064509,79.9740003889592,"{""type"":""MultiPoint"",""coordinates"":[]}",3.1257058246123982e-16,Low
1807,3303.876511009453,0.3578895874476835,0.1916780273450772,0,0.1262908573217596,1,0.0826994106395479,26.045977926582434,80.03778077413169,"{""type"":""MultiPoint"",""coordinates"":[]}",5.215806832358617e-23,Low
1808,2567.8006153126453,0.433564326604399,0.2769549815019946,0,0.2252657011188541,1,0.1908061808634271,26.033581175661585,80.28230219446901,"{""type"":""MultiPoint"",""coordinates"":[]}",5.58121135891893e-16,Low
1810,180.0,0.4691802342187946,0.9139311852712282,1,0.5105841034388867,1,0.2416860488839923,26.02495734893404,79.9822648895731,"{""type"":""MultiPoint"",""coordinates"":[]}",0.0038764440774385752,Low
1812,700.2856560004639,0.4430379746835443,0.7045874477154908,1,0.4044389573863771,1,0.2043399638336347,26.035557469286648,79.95549509410634,"{""type"":""MultiPoint"",""coordinates"":[]}",6.1650703707826774e-06,Low
1814,133.41664064126334,0.3917660512988073,0.935468018558935,1,0.4528438228225518,1,0.1310943589982962,26.01426739705302,80.2708935903607,"{""type"":""MultiPoint"",""coordinates"":[]}",0.00012244387204075557,Low
1815,591.6924876994806,0.3649289099526066,0.7439017987040962,1,0.353214070869587,1,0.0927555856465809,25.988845074512437,80.31958227875998,"{""type"":""MultiPoint"",""coordinates"":[]}",1.8341809737138121e-07,Low
1816,1426.218777046495,0.3513393188395043,0.4901178588554877,0,0.2400522739760559,1,0.0733418840564347,26.003128287529936,80.2596646493092,"{""type"":""MultiPoint"",""coordinates"":[]}",5.605766995268583e-14,Low
1817,548.1788029466298,0.5166278330862105,0.7602641034915786,1,0.4897866411848119,1,0.3094683329803008,25.953810778431773,80.39072884926225,"{""type"":""MultiPoint"",""coordinates"":[]}",0.001085944547047872,Low
1818,1440.0,0.4725848563968667,0.4867522559599717,0,0.3426307792955887,1,0.2465497948526668,26.034120164832057,80.18501464919888,"{""type"":""MultiPoint"",""coordinates"":[]}",4.00211729155897e-08,Low
1819,169.70562748477138,0.5051749630359783,0.91864748673689,1,0.5433232487255946,1,0.2931070900513976,26.02504718046245,80.15528041329452,"{""type"":""MultiPoint"",""coordinates"":[]}",0.026723377693841407,Low
1822,1714.7886167105262,0.4592437773133194,0.4242661500253299,0,0.3062011262786915,1,0.2274911104475991,26.006452054081176,80.23846440860399,"{""type"":""MultiPoint"",""coordinates"":[]}",3.1636490326458103e-10,Low
1827,2027.140843651472,0.3519887812340643,0.3629208829328009,0,0.1897301656594612,1,0.0742696874772347,26.044899948241493,79.98253438415833,"{""type"":""MultiPoint"",""coordinates"":[]}",1.771617791077764e-17,Low
1829,2795.084971874737,0.4219653179190751,0.2472037247044775,0,0.203423190955284,1,0.1742361684558216,25.999445194865043,80.13785309678259,"{""type"":""MultiPoint"",""coordinates"":[]}",1.329772204893178e-17,Low
1832,2463.3716731342024,0.5585009140767825,0.2918002352861239,0,0.3382923061802631,1,0.3692870201096893,25.949678528124824,80.4174088132006,"{""type"":""MultiPoint"",""coordinates"":[]}",3.405309564649497e-09,Low
1833,1261.269202034205,0.4535141800246609,0.5322539249278686,0,0.3444851528494282,1,0.2193059714638013,26.03052690369558,80.25319677926355,"{""type"":""MultiPoint"",""coordinates"":[]}",5.880524560892168e-08,Low
1834,581.3776741499454,0.3600668337510442,0.7477483133748389,1,0.3505851828508307,1,0.0858097625014918,25.99468412385921,80.29460911386145,"{""type"":""MultiPoint"",""coordinates"":[]}",1.4331354885139375e-07,Low
1835,2782.9660436304284,0.3806390977443609,0.2487061942882644,0,0.1686017043533293,1,0.1151987110633727,25.976807649705236,80.28607511866232,"{""type"":""MultiPoint"",""coordinates"":[]}",1.124961369320874e-19,Low
1838,2337.5414434828745,0.4067656765676568,0.3107487031963059,0,0.2158129183365139,1,0.1525223950966525,26.003577445171995,80.32560099116358,"{""type"":""MultiPoint"",""coordinates"":[]}",2.9484325330969e-16,Low
1839,2358.4104816592044,0.3907452061086233,0.3075230482673169,0,0.2007908245428896,1,0.1296360087266047,26.04364230684373,80.18546380684093,"{""type"":""MultiPoint"",""coordinates"":[]}",3.490416599524862e-17,Low
1842,2262.940564840358,0.4911270983213429,0.3225586552885505,0,0.2928466892479998,1,0.2730387118876328,26.004924918098173,80.14288366237366,"{""type"":""MultiPoint"",""coordinates"":[]}",1.497838301447897e-11,Low
1844,2304.1701326073994,0.3894617563739376,0.315977248531995,0,0.2030724048761731,1,0.1278025091056252,25.976358492063174,80.39135766996112,"{""type"":""MultiPoint"",""coordinates"":[]}",5.5546706256792e-17,Low
1846,752.9276193632427,0.4035507680031917,0.686283954072144,1,0.3632713827744506,1,0.1479296685759882,25.954978588301127,80.37375069039238,"{""type"":""MultiPoint"",""coordinates"":[]}",4.1145405022925595e-07,Low
1847,1115.437134042076,0.4645088928056402,0.5725137267295323,1,0.3700131130966473,1,0.2350127040080574,26.03528797470141,79.99645827106218,"{""type"":""MultiPoint"",""coordinates"":[]}",5.249273917605492e-07,Low
1849,1128.716084761797,0.3585141903171953,0.5687251270225417,0,0.2776450710808984,1,0.0835917004531362,26.04220500238913,79.9289049616964,"{""type"":""MultiPoint"",""coordinates"":[]}",1.3462976262132284e-11,Low
1850,3365.828278447966,0.4160618122219621,0.1858316469205801,0,0.1738142121013424,1,0.1658025888885173,26.01624369067808,80.32533149657834,"{""type"":""MultiPoint"",""coordinates"":[]}",2.9402976352760534e-20,Low
1853,2391.0248848558645,0.4541871921182266,0.3025488755707408,0,0.2531800006153477,1,0.2202674173117523,26.042743991559604,80.18384683932952,"{""type"":""MultiPoint"",""coordinates"":[]}",4.437457267574549e-14,Low
1854,2033.2486321156105,0.3343821856468595,0.3618142515693456,0,0.1741961454679035,1,0.0491174080669421,25.965938034767387,80.31266525107226,"{""type"":""MultiPoint"",""coordinates"":[]}",2.041100451359621e-18,Low
1855,1285.496013218244,0.2537838789158746,0.5258454100893909,0,0.2103381640357563,0,0.0,26.03367100719,80.24071019681428,"{""type"":""MultiPoint"",""coordinates"":[]}",5.306502240426401e-16,Low
1856,2280.0,0.4666822812975758,0.3198190218163039,0,0.2707981355530151,1,0.2381175447108226,25.999894352507106,80.17576200177244,"{""type"":""MultiPoint"",""coordinates"":[]}",6.867163730670424e-13,Low
1858,400.24992192379,0.239686212540211,0.8186284500876174,0,0.327451380035047,0,0.0,26.021274256269148,80.06697602086557,"{""type"":""MultiPoint"",""coordinates"":[]}",1.7334156469876705e-09,Low
1859,363.45563690772497,0.3384049079754601,0.8338282621979918,1,0.3664497974295911,1,0.0548641542506573,26.03492864858777,79.93133041296352,"{""type"":""MultiPoint"",""coordinates"":[]}",5.385092284677727e-07,Low
1860,2703.8676003088613,0.4313709208668936,0.2587394262027576,0,0.2160994169384404,1,0.1876727440955624,26.03564730081506,80.27960724861666,"{""type"":""MultiPoint"",""coordinates"":[]}",1.0296026020807916e-16,Low
1861,2335.658365429328,0.3879556622100331,0.3110414230098239,0,0.1998071368125294,1,0.125650946014333,25.92425620558424,80.39333396358619,"{""type"":""MultiPoint"",""coordinates"":[]}",3.2451871166168545e-17,Low
1862,2190.091322296858,0.5370950805693938,0.3345243318347016,0,0.3370340875076468,1,0.3387072579562769,26.04292365461643,80.02448570792671,"{""type"":""MultiPoint"",""coordinates"":[]}",5.777658846534e-09,Low
1865,2070.990101376634,0.4621344663834041,0.3550505693819695,0,0.2809926275099914,1,0.2316206662620059,26.044271127542608,80.19121302465929,"{""type"":""MultiPoint"",""coordinates"":[]}",4.7653236902699595e-12,Low
1867,2500.0,0.4320441988950276,0.2865047968601901,0,0.2277826606540997,1,0.1886345698500395,26.049571187718914,80.08125923388307,"{""type"":""MultiPoint"",""coordinates"":[]}",9.684452728029153e-16,Low
1868,1195.4078801814885,0.2780098746676794,0.5500731882348115,0,0.2200292752939246,0,0.0,26.02325054989421,80.27412752538353,"{""type"":""MultiPoint"",""coordinates"":[]}",5.3895892541507686e-15,Low
1870,140.356688476182,0.3072779821334735,0.9322275476678248,1,0.3791292894672501,1,0.0103971173335336,26.02441835976357,80.07218624951346,"{""type"":""MultiPoint"",""coordinates"":[]}",1.270492894730416e-06,Low
1872,206.15528128088303,0.2999709892660284,0.9020569344845072,1,0.3608227737938029,0,0.0,26.01983695181456,80.25580189358749,"{""type"":""MultiPoint"",""coordinates"":[]}",1.7338076277335333e-07,Low
1873,3330.1651610693425,0.4446424026469839,0.1891750351613704,0,0.1996492163333915,1,0.2066320037814056,26.004565591984527,79.95774088231663,"{""type"":""MultiPoint"",""coordinates"":[]}",1.1948189680170613e-18,Low
1874,290.0,0.5299374441465594,0.8650222931107413,1,0.5430981550842047,1,0.3284820630665135,25.98947389521132,80.30556856032771,"{""type"":""MultiPoint"",""coordinates"":[]}",0.026663435490278605,Low
1876,368.78177829171545,0.3119749075837347,0.8316106727001595,0,0.3429084755804079,1,0.0171070108339068,26.023969202121503,80.2167251787283,"{""type"":""MultiPoint"",""coordinates"":[]}",5.7345437013953166e-08,Low
1879,2773.08492477241,0.4566112300345792,0.2499379823770649,0,0.2342133901233224,1,0.2237303286208275,26.0517271444008,79.96609521445895,"{""type"":""MultiPoint"",""coordinates"":[]}",1.0067447840069669e-15,Low
1881,926.5527507918802,0.5806597379123362,0.6292187079054992,1,0.492252972801345,1,0.4009424827319088,25.98210770988154,80.30484990810042,"{""type"":""MultiPoint"",""coordinates"":[]}",0.0010239288237901102,Low
1884,2427.385424690525,0.3812260536398467,0.2970981532821451,0,0.1884615930041552,1,0.1160372194854953,25.998726542637748,80.1784569476248,"{""type"":""MultiPoint"",""coordinates"":[]}",5.225613262628861e-18,Low
1885,2018.0436070610565,0.3782649443787946,0.364575431603091,0,0.2129144106802032,1,0.1118070633982781,26.005913064910704,80.00651940224432,"{""type"":""MultiPoint"",""coordinates"":[]}",4.456572964612865e-16,Low
1886,2749.8545416076104,0.4816049224458403,0.2528579852940338,0,0.2568045562140481,1,0.2594356034940576,25.977975459574587,80.28454798267931,"{""type"":""MultiPoint"",""coordinates"":[]}",2.4624534542565452e-14,Low
1888,429.4182110716778,0.329794933655006,0.8067760927453028,0,0.3482489516595549,1,0.0425641909357228,25.99351631398985,80.29963967945253,"{""type"":""MultiPoint"",""coordinates"":[]}",1.0707700593286559e-07,Low
1889,780.0,0.5086031452358927,0.6770568744981647,1,0.4496254457157452,1,0.2980044931941324,26.015974196092845,80.04083504609768,"{""type"":""MultiPoint"",""coordinates"":[]}",8.862273903586097e-05,Low
1890,237.69728648009425,0.4291799787007455,0.8879421866439836,1,0.4659025706868038,1,0.1845428267153507,26.0156148699792,80.25571206205908,"{""type"":""MultiPoint"",""coordinates"":[]}",0.000271579481927667,Low
1895,713.8627319029899,0.3637017797545213,0.6998205276023863,0,0.33452973654483,1,0.091002542506459,26.01893863653044,80.0883559246276,"{""type"":""MultiPoint"",""coordinates"":[]}",2.670097557966009e-08,Low
1897,800.49984384758,0.330070534043472,0.6701525392928547,0,0.293835759182975,1,0.0429579057763886,26.01759116360426,80.09078137589474,"{""type"":""MultiPoint"",""coordinates"":[]}",1.3527148128588586e-10,Low
1899,993.5793878699376,0.5813422490418332,0.6084809375876076,1,0.4845428742137572,1,0.4019174986311903,26.03322184954794,80.16183811486859,"{""type"":""MultiPoint"",""coordinates"":[]}",0.0006133059019970754,Low
1900,20.0,0.3715094737476277,0.990049833749168,1,0.4573137681404911,1,0.1021563910680397,26.02226240308168,80.23945255541652,"{""type"":""MultiPoint"",""coordinates"":[]}",0.00015422050362100584,Low
1901,3033.891889965758,0.2847661188369152,0.2193808661174752,0,0.08775234644699,0,0.0,26.051457649815564,79.90518943819565,"{""type"":""MultiPoint"",""coordinates"":[]}",1.0401757791152255e-24,Low
1902,1213.96046064112,0.5055217489294569,0.5449941434605587,1,0.3941591564666151,1,0.2936024984706527,25.956685387340958,80.3536284280281,"{""type"":""MultiPoint"",""coordinates"":[]}",2.2261441077008323e-06,Low
1904,1659.5180023127195,0.419063465652484,0.4361543863592943,0,0.2765161536744183,1,0.1700906652178342,26.006272391024357,80.12545634586175,"{""type"":""MultiPoint"",""coordinates"":[]}",6.0407677572202195e-12,Low
1905,2531.7977802344326,0.6912036610678587,0.2819857080175363,1,0.4481117069794648,1,0.5588623729540839,26.046516915752907,80.05727421579708,"{""type"":""MultiPoint"",""coordinates"":[]}",8.023206143883657e-06,Low
1907,60.82762530298219,0.3585003905233012,0.9700440339876713,1,0.4381608054721838,1,0.0835719864618589,26.013369081768897,80.26783931839469,"{""type"":""MultiPoint"",""coordinates"":[]}",4.9809113860126226e-05,Low
1908,1008.8111815399352,0.5448107448107448,0.6038644113485769,1,0.4513835458057834,1,0.3497296354439211,25.97330422009717,80.37042692384114,"{""type"":""MultiPoint"",""coordinates"":[]}",8.359492753821751e-05,Low
1912,1583.161394173064,0.3903345724907063,0.4531279708271342,0,0.2586808218943163,1,0.1290493892724376,25.99495361844445,80.32748745326023,"{""type"":""MultiPoint"",""coordinates"":[]}",5.855903772422218e-13,Low
1915,1021.8121158021175,0.5036330608537694,0.5999517414598021,1,0.414523320172866,1,0.290904372648242,25.978065291103,80.34976567230639,"{""type"":""MultiPoint"",""coordinates"":[]}",9.11363370591659e-06,Low
1916,1847.8365728602732,0.408895913298713,0.3969605845671043,0,0.2521235880828815,1,0.1555655904267329,26.039420225008364,80.05089617727982,"{""type"":""MultiPoint"",""coordinates"":[]}",1.4582099310685258e-13,Low
1917,2469.757073074192,0.4998935943817834,0.2908700903107053,0,0.2876854027372393,1,0.285562277688262,25.94374964724964,80.36000646654536,"{""type"":""MultiPoint"",""coordinates"":[]}",4.140014924033039e-12,Low
1919,1157.3245007343446,0.4369000018426048,0.5606478716129722,0,0.3416020073674216,1,0.1955714312037211,26.03385067024682,80.0146042398014,"{""type"":""MultiPoint"",""coordinates"":[]}",4.865446424740458e-08,Low
1922,2479.294254419995,0.4487969313030338,0.2894863517744834,0,0.2433347675409652,1,0.2125670447186197,26.04903219854844,80.07721681510453,"{""type"":""MultiPoint"",""coordinates"":[]}",8.828803070905621e-15,Low
1923,1965.400722499104,0.4619015509103169,0.3742989904477116,0,0.2884923541022134,1,0.2312879298718813,26.006362222552763,80.22894226659231,"{""type"":""MultiPoint"",""coordinates"":[]}",1.7071462519999385e-11,Low
1926,214.00934559032692,0.4945652173913043,0.8985214743736962,1,0.5261787760848823,1,0.2779503105590062,25.957044713454604,80.38336266393246,"{""type"":""MultiPoint"",""coordinates"":[]}",0.009827474072063608,Low
1928,416.17304093369626,0.6820809248554913,0.8121367672198638,2,0.6523526424783667,1,0.5458298926507019,25.960368480005844,80.38327283240405,"{""type"":""MultiPoint"",""coordinates"":[]}",0.9487648273861167,High
1929,3128.002557543712,0.4021257750221435,0.2092969381221144,0,0.1712551538392544,1,0.1458939643173478,25.961715952932025,80.29999900556618,"{""type"":""MultiPoint"",""coordinates"":[]}",4.9634633336759595e-20,Low
1937,761.6429609731846,0.4489465153970826,0.6832998610911455,1,0.4009883862053861,1,0.2127807362815466,26.03376083871841,79.97965977524915,"{""type"":""MultiPoint"",""coordinates"":[]}",4.840640295445823e-06,Low
1940,999.2497185388644,0.3700736685318627,0.6067582367514691,0,0.3027664391564699,1,0.1001052407598038,26.016153859149668,80.08907457685491,"{""type"":""MultiPoint"",""coordinates"":[]}",4.4716710332965097e-10,Low
1944,1767.2577627499618,0.3470276049024475,0.4132804414905739,0,0.2056215522268989,1,0.0671822927177821,26.0472355679802,79.93465417951477,"{""type"":""MultiPoint"",""coordinates"":[]}",2.772244245462941e-16,Low
1945,643.5060217278467,0.5489040773037945,0.7248772050162801,1,0.5032972339811931,1,0.3555772532911351,25.95587690358525,80.38974070244971,"{""type"":""MultiPoint"",""coordinates"":[]}",0.0023431048451041246,Low
1948,2209.117470846673,0.4788943219239596,0.3313570661222318,0,0.2858808166694296,1,0.2555633170342281,26.005463907268645,80.07119810270093,"{""type"":""MultiPoint"",""coordinates"":[]}",6.62111018917673e-12,Low
1949,360.5551275463989,0.4161836308833758,0.8350384028320718,1,0.4336013304614365,1,0.1659766155476798,25.950217517295293,80.39333396358619,"{""type"":""MultiPoint"",""coordinates"":[]}",3.936832051849363e-05,Low
1957,2472.933480706669,0.4803266518188567,0.2904084959732152,0,0.2707290999483061,1,0.2576095025983667,25.99001288438179,80.26963594896293,"{""type"":""MultiPoint"",""coordinates"":[]}",3.9576913577039795e-13,Low
1958,600.0,0.4476618298161134,0.7408182206817179,1,0.422894570972213,1,0.2109454711658764,26.02648448491704,80.1829485240454,"{""type"":""MultiPoint"",""coordinates"":[]}",1.957442058567778e-05,Low
1960,123.6931687685298,0.3885180240320427,0.9400270905641572,1,0.4518834282531281,1,0.1264543200457753,25.96198544751726,80.37231338593779,"{""type"":""MultiPoint"",""coordinates"":[]}",0.00011534137834020466,Low
1961,752.7283706623525,0.565518093120909,0.6863523280710905,1,0.5021278681892153,1,0.3793115616012985,25.958571849437607,80.36431837990914,"{""type"":""MultiPoint"",""coordinates"":[]}",0.0020685579160967314,Low
1962,1081.8964830333814,0.54987651669709,0.582195928197053,1,0.4470582427334698,1,0.3569664524244144,25.944737794062167,80.37896091904028,"{""type"":""MultiPoint"",""coordinates"":[]}",6.06051227163612e-05,Low
1963,3128.6099149622346,0.5006593406593407,0.2092333887478774,0,0.2556870760643002,1,0.2866562009419153,25.92434603711265,80.41471386734824,"{""type"":""MultiPoint"",""coordinates"":[]}",5.781988499164626e-15,Low
1966,1944.8650338776724,0.3651670473256493,0.378162032826598,0,0.20712228226691,1,0.0930957818937847,26.041755844747076,80.06104713999038,"{""type"":""MultiPoint"",""coordinates"":[]}",2.362542048849265e-16,Low
1967,619.8386886924694,0.3987452948557089,0.7335061152537687,1,0.3780412702635437,1,0.141064706936727,26.02495734893404,80.1153053831512,"{""type"":""MultiPoint"",""coordinates"":[]}",1.2227889061637899e-06,Low
1968,656.0487786742691,0.6699109678654626,0.720345450743003,1,0.6052047241818834,1,0.5284442398078038,26.021903076968037,80.2017233134835,"{""type"":""MultiPoint"",""coordinates"":[]}",0.5069041082428125,Medium
1969,3164.427278355437,0.4143147437344773,0.2055196479451149,0,0.1801919252361694,1,0.163306776763539,26.02405903364992,80.31032963133354,"{""type"":""MultiPoint"",""coordinates"":[]}",1.4965625101437716e-19,Low
1970,2147.58003343298,0.3781756593273651,0.3417109698205237,0,0.2036920959230939,1,0.1116795133248073,25.947881897556584,80.35479623789746,"{""type"":""MultiPoint"",""coordinates"":[]}",9.112554091584524e-17,Low
1973,2586.4261056523537,0.4253079507278835,0.274387742909243,0,0.2171619120733116,1,0.1790113581826907,26.006272391024357,80.32551115963517,"{""type"":""MultiPoint"",""coordinates"":[]}",1.7207578569274552e-16,Low
1979,2381.596103456672,0.2991313596879985,0.3039785766125705,0,0.1215914306450282,0,0.0,26.001780814603755,80.05709455274025,"{""type"":""MultiPoint"",""coordinates"":[]}",1.51483388131567e-21,Low
1980,2985.2973051272465,0.364012475335752,0.2247765115152862,0,0.1447784406081876,1,0.0914463933367886,26.010584304388125,79.90932168850259,"{""type"":""MultiPoint"",""coordinates"":[]}",2.1154251293294716e-21,Low
1981,162.78820596099706,0.4604453870625662,0.921830323769058,1,0.5062567469898228,1,0.2292076958036661,25.993606145518267,80.30314310906058,"{""type"":""MultiPoint"",""coordinates"":[]}",0.0029870304175873426,Low
1982,1512.1177202850313,0.5181390864167772,0.4695132026154462,1,0.3747816408319875,1,0.3116272663096817,25.9825568675236,80.34976567230639,"{""type"":""MultiPoint"",""coordinates"":[]}",4.6769019066995364e-07,Low
1983,50.0,0.4984604015272816,0.9753099120283326,1,0.5602328804061459,1,0.2835148593246881,26.027831957843222,79.96528673070324,"{""type"":""MultiPoint"",""coordinates"":[]}",0.06803238096918195,Low
1985,1790.111728356641,0.4805474534440205,0.4085847727506756,0,0.318188869195145,1,0.2579249334914579,26.04157618169025,79.9943921459087,"{""type"":""MultiPoint"",""coordinates"":[]}",1.3403395391810372e-09,Low
1987,1098.3624174196784,0.5474599410792556,0.57742240531199,1,0.4430774830498722,1,0.3535142015417937,26.011841945785893,80.19202150841501,"{""type"":""MultiPoint"",""coordinates"":[]}",4.7067189116139675e-05,Low
1988,1872.1111078138497,0.4467671366067088,0.3921716886188384,0,0.2826690782532858,1,0.209667338009584,26.02657431644545,80.2836496673952,"{""type"":""MultiPoint"",""coordinates"":[]}",9.38048423285157e-12,Low
1990,1321.854757528224,0.420816509645581,0.5163722397253812,0,0.3101059041577933,1,0.1725950137794014,25.955427745943187,80.35497590095429,"{""type"":""MultiPoint"",""coordinates"":[]}",9.442736190936903e-10,Low
1991,2197.3848092675985,0.4307771487390633,0.3333066290811696,0,0.2454173505516649,1,0.1868244981986619,26.043732138372132,80.13264286813471,"{""type"":""MultiPoint"",""coordinates"":[]}",2.5629369955608516e-14,Low
1994,1190.0,0.4577882202167992,0.5515625658678298,1,0.3558720722472456,1,0.225411743166856,26.01211144037113,80.05242331326284,"{""type"":""MultiPoint"",""coordinates"":[]}",1.7246574723621908e-07,Low
1997,266.8332812825267,0.4447212438793919,0.87510041374658,1,0.4740869459666822,1,0.206744634113417,26.016962342905376,80.11638336149214,"{""type"":""MultiPoint"",""coordinates"":[]}",0.0004435437093465194,Low
1999,2568.6767021172595,0.3837739288969918,0.2768336897670732,0,0.1825397006756794,1,0.1196770412814168,26.05379326955428,79.9394152505206,"{""type"":""MultiPoint"",""coordinates"":[]}",1.5181357344860474e-18,Low
2000,1236.85083983478,0.3608917789131444,0.5387921414052872,0,0.2677098099162387,1,0.0869882555902063,26.00932666299036,80.17701964317021,"{""type"":""MultiPoint"",""coordinates"":[]}",3.146390950224757e-12,Low
2001,1730.8090593707902,0.6421938838677727,0.4208812592218928,1,0.4616615470039908,1,0.4888484055253895,26.003128287529936,80.10605273572477,"{""type"":""MultiPoint"",""coordinates"":[]}",6.780292209129096e-05,Low
2004,805.0465825031494,0.4439461883408072,0.6686307654974281,1,0.3908347533482346,1,0.2056374119154388,26.01786065818949,79.9965481025906,"{""type"":""MultiPoint"",""coordinates"":[]}",2.533688035119689e-06,Low
2005,555.4277630799526,0.4334096109839817,0.7575135291152323,1,0.4173565067752201,1,0.1905851585485452,26.020286109456617,80.14117686333384,"{""type"":""MultiPoint"",""coordinates"":[]}",1.4266163391778889e-05,Low
2008,215.870331449229,0.5210685761498209,0.8976857953518376,1,0.5485616691262959,1,0.3158122516426014,26.02325054989421,80.12365971529351,"{""type"":""MultiPoint"",""coordinates"":[]}",0.036421275662685694,Low
2009,2213.2555207205514,0.4213324284583192,0.3306721888477959,0,0.2362680999319634,1,0.1733320406547417,25.9983672165241,80.33287734496494,"{""type"":""MultiPoint"",""coordinates"":[]}",6.948125407287949e-15,Low
2010,813.9410298049853,0.4659593280282935,0.6656638171747262,1,0.4085163794655707,1,0.2370847543261336,26.030437072167167,80.03131290408602,"{""type"":""MultiPoint"",""coordinates"":[]}",7.399013580089827e-06,Low
2012,2760.235497199469,0.5487666892962209,0.2515489317813767,0,0.3138481635378828,1,0.3553809847088869,26.04561860046879,80.24547126782012,"{""type"":""MultiPoint"",""coordinates"":[]}",6.091659507602914e-11,Low
2013,2460.5893602956185,0.4898292178831719,0.2922064575504344,0,0.2795933412057497,1,0.27118459697596,25.981838215296303,80.38524912602911,"{""type"":""MultiPoint"",""coordinates"":[]}",1.3941480162915848e-12,Low
2014,957.078889120432,0.3552492046659597,0.6196878195777634,0,0.2952315889733565,1,0.0789274352370853,25.97546017677905,80.31518053386779,"{""type"":""MultiPoint"",""coordinates"":[]}",1.626093838426175e-10,Low
2015,2278.5302280198084,0.4646124217621569,0.3200541387162793,0,0.269118016996932,1,0.2351606025173671,26.04741523103703,80.1506990053455,"{""type"":""MultiPoint"",""coordinates"":[]}",5.46727830695129e-13,Low
2016,1856.25968010944,0.3699204021784667,0.3952922793227724,0,0.2180486850249376,1,0.099886288826381,26.037803257496947,79.90896236238895,"{""type"":""MultiPoint"",""coordinates"":[]}",1.2926675127027175e-15,Low
2017,3193.7595401031685,0.4972257789159197,0.2025274653951707,0,0.2500616538002852,1,0.2817511127370282,25.957853197210312,80.306287212555,"{""type"":""MultiPoint"",""coordinates"":[]}",2.0994605861817534e-15,Low
2018,1154.3396380615195,0.3483253588516746,0.5614852247558723,0,0.2660158260609272,1,0.0690362269309638,26.041216855576604,79.93968474510584,"{""type"":""MultiPoint"",""coordinates"":[]}",2.6613789847817903e-12,Low
2019,859.8837130682264,0.4667584663711863,0.6505469186762718,1,0.4031545957886684,1,0.2382263805302661,26.034389659417293,80.07766597274659,"{""type"":""MultiPoint"",""coordinates"":[]}",5.194657793906326e-06,Low
2020,2073.9334608419817,0.4451189499589828,0.3545284329579709,0,0.2661990445766022,1,0.2073127856556897,26.0126504295416,79.93303721200334,"{""type"":""MultiPoint"",""coordinates"":[]}",6.150009901561607e-13,Low
2021,2008.0089641234176,0.474671669793621,0.3664092202497432,0,0.2962822622087153,1,0.24953095684803,25.93476649440844,80.3776134461141,"{""type"":""MultiPoint"",""coordinates"":[]}",4.5075412294671806e-11,Low
2023,676.8308503607086,0.3962603683396598,0.7128990701495952,1,0.3676685152081179,1,0.1375148119137997,26.014986049280317,80.24286615349617,"{""type"":""MultiPoint"",""coordinates"":[]}",5.855901719098718e-07,Low
2024,1292.4782396620842,0.3689727463312369,0.5240128249678915,0,0.2687246268425025,1,0.0985324947589098,25.9803110793133,80.35093348217575,"{""type"":""MultiPoint"",""coordinates"":[]}",3.4316661565703645e-12,Low
2035,1070.046727951635,0.5693633833168719,0.5856556067415117,1,0.4651451426824948,1,0.3848048333098169,26.015525038450782,80.19965718833002,"{""type"":""MultiPoint"",""coordinates"":[]}",0.00018044851870061232,Low
2038,2047.0710783946904,0.2248636859323882,0.3593222936991556,0,0.1437289174796622,0,0.0,26.04391180142896,80.22705580449566,"{""type"":""MultiPoint"",""coordinates"":[]}",4.908746073844885e-21,Low
2042,20.0,0.4050716648291069,0.990049833749168,1,0.4860813604960446,1,0.1501023783272956,26.03034724063876,79.94184070178771,"{""type"":""MultiPoint"",""coordinates"":[]}",0.0008596259725739926,Low
2043,1252.2779244241271,0.4507078507078507,0.5346521330264695,0,0.3430390109601741,1,0.2152969295826438,26.02819128395687,80.26056296459332,"{""type"":""MultiPoint"",""coordinates"":[]}",5.151365327454398e-08,Low
2046,2379.663841806233,0.4741397361624904,0.3042724015994759,0,0.2709715916362107,1,0.2487710516607006,26.004116434342468,80.14908203783409,"{""type"":""MultiPoint"",""coordinates"":[]}",5.348060929125265e-13,Low
2048,170.8800749063506,0.2471020314472627,0.918108193509203,1,0.3672432774036812,0,0.0,26.017231837490613,80.26280875280362,"{""type"":""MultiPoint"",""coordinates"":[]}",4.9881547135779045e-08,Low
2049,224.7220505424423,0.3580178788213221,0.8937215431873259,1,0.4072182276932065,1,0.0828826840304602,26.009596157575597,80.27475634608241,"{""type"":""MultiPoint"",""coordinates"":[]}",8.015017196322361e-06,Low
2050,2670.880004792428,0.4411187146682535,0.2630424106984978,0,0.2261758625664735,1,0.2015981638117907,26.00025367862075,80.22813378283661,"{""type"":""MultiPoint"",""coordinates"":[]}",4.600584471000639e-16,Low
2051,3330.1651610693425,0.5060765417809425,0.1891750351613704,0,0.2523070498767846,1,0.2943950596870607,26.03726426832648,80.2850869718498,"{""type"":""MultiPoint"",""coordinates"":[]}",1.7282440997847206e-15,Low
2052,2019.925741209315,0.447384768294198,0.3642325030530648,0,0.2720228026162528,1,0.2105496689917115,25.943300489607573,80.41381555206412,"{""type"":""MultiPoint"",""coordinates"":[]}",1.560736426007891e-12,Low
2056,3370.1038559664594,-0.1412989588497769,0.1854348024506407,0,0.0741739209802563,0,0.0,25.99558243914333,80.09015255519586,"{""type"":""MultiPoint"",""coordinates"":[]}",6.490308562253918e-33,Low
2057,2087.773934122179,0.3242204186245194,0.3520834818835808,0,0.161593751574449,1,0.0346005980350277,26.04481011671308,79.98891242267558,"{""type"":""MultiPoint"",""coordinates"":[]}",3.141032841443581e-19,Low
2059,813.9410298049853,0.577965348733896,0.6656638171747262,1,0.5045215400703729,1,0.3970933553341372,25.98965355826814,80.32254671919758,"{""type"":""MultiPoint"",""coordinates"":[]}",0.0023001218625427955,Low
2060,2277.4108105478026,0.5181730729014178,0.3202333259553663,0,0.3150988214405046,1,0.3116758184305969,26.04256432850278,80.12473769363446,"{""type"":""MultiPoint"",""coordinates"":[]}",2.951560954870425e-10,Low
2061,158.11388300841895,0.6118143459915611,0.9239873097198344,1,0.6368643633092719,1,0.4454490657022302,26.025226843519278,80.21968961916589,"{""type"":""MultiPoint"",""coordinates"":[]}",0.8797564756644843,High
2062,2370.0,0.5253752680486061,0.3057461794987117,0,0.3154772729840042,1,0.3219646686408659,25.999535026393456,80.18106206194875,"{""type"":""MultiPoint"",""coordinates"":[]}",2.421898884003259e-10,Low
2064,1920.0260414900629,0.560077519379845,0.382887900456927,1,0.376078748222638,1,0.3715393133997785,26.00187064613217,80.11719184524785,"{""type"":""MultiPoint"",""coordinates"":[]}",2.834267331047704e-07,Low
2065,1041.2012293500234,0.2894393741851369,0.5941635774160952,0,0.237665430966438,0,0.0,26.035377806229825,80.14180568403272,"{""type"":""MultiPoint"",""coordinates"":[]}",1.03588634863305e-13,Low
2066,2157.452201092761,0.353469387755102,0.3400284118677298,0,0.1818422685371794,1,0.0763848396501458,25.969082138261804,80.30449058198677,"{""type"":""MultiPoint"",""coordinates"":[]}",4.340154037512949e-18,Low
2067,652.1502894272147,0.6339075474036435,0.7217509496254937,1,0.5749068490533205,1,0.4770107820052051,26.00779952700736,80.2942497877478,"{""type"":""MultiPoint"",""coordinates"":[]}",0.14425667876971748,Low
2069,924.175308044962,0.3292380081035159,0.6299671183697954,0,0.2770479971509317,1,0.0417685830050227,26.03232353426382,80.23226603314356,"{""type"":""MultiPoint"",""coordinates"":[]}",1.3476834823340337e-11,Low
2070,2302.172886644268,0.7026990990304577,0.316292948280307,1,0.4716878356239437,1,0.5752844271863682,25.995223113029684,80.25849683943984,"{""type"":""MultiPoint"",""coordinates"":[]}",4.970323735288297e-05,Low
2071,2666.927070618917,0.6518875095008867,0.2635628194816686,1,0.4070429930791417,1,0.5026964421441239,26.030706566752404,80.29263282023639,"{""type"":""MultiPoint"",""coordinates"":[]}",5.263928600082812e-07,Low
2072,3074.752022521491,0.3907831384494448,0.2149443737099027,0,0.1637918681549138,1,0.1296901977849212,26.03600662692871,80.28535646643502,"{""type"":""MultiPoint"",""coordinates"":[]}",2.139787043959192e-20,Low
2075,1060.990103629624,0.5023762072665952,0.5883136518345718,1,0.4087907812480532,1,0.2891088675237074,26.035377806229825,80.22463035322855,"{""type"":""MultiPoint"",""coordinates"":[]}",6.243409429577083e-06,Low
2076,1714.0595088852665,0.3518993839835729,0.4244208461061357,0,0.2142535247140882,1,0.0741419771193898,26.03753376291171,79.9102200037867,"{""type"":""MultiPoint"",""coordinates"":[]}",1.0098410189788463e-15,Low
2077,337.34255586866,0.4663891269744092,0.8447865577302867,1,0.4805338747844654,1,0.2376987528205846,26.0261251588034,80.20720303671662,"{""type"":""MultiPoint"",""coordinates"":[]}",0.0006513705072038324,Low
2078,2952.100946783494,0.4055778532468869,0.2285385272636915,0,0.1819107136885225,1,0.1508255046384098,25.992438335648917,80.25077132799642,"{""type"":""MultiPoint"",""coordinates"":[]}",4.014958414010603e-19,Low
2081,2956.7718883945035,0.4054054054054054,0.228005404993406,0,0.1815496523448528,1,0.1505791505791506,25.923537553356944,80.37994906585281,"{""type"":""MultiPoint"",""coordinates"":[]}",3.7587384590063485e-19,Low
2082,1588.0806024884257,0.4769824053988913,0.4520148248964847,0,0.332505134586215,1,0.2528320077127019,25.990282378967027,80.33512313317524,"{""type"":""MultiPoint"",""coordinates"":[]}",1.0994542507031088e-08,Low
2083,613.9218191268332,0.3414324569356301,0.7356793583724829,0,0.3297852778652475,1,0.0591892241937573,26.02729296867275,80.16480255530618,"{""type"":""MultiPoint"",""coordinates"":[]}",1.465475090419566e-08,Low
2086,1302.4592124131948,0.4130634774609015,0.5214042605207854,0,0.3054732563176583,1,0.1615192535155736,26.04238466544596,79.94130171261725,"{""type"":""MultiPoint"",""coordinates"":[]}",5.193627349232538e-10,Low
2087,2422.93210800468,0.4189161898350723,0.29776042641819,0,0.2210323332830523,1,0.1698802711929605,26.0419355078039,80.25023233882595,"{""type"":""MultiPoint"",""coordinates"":[]}",4.769430722426406e-16,Low
2088,1663.069451345914,0.3164189639621975,0.4353805835560485,0,0.188225631104303,1,0.0234556628031393,26.011392788143837,80.21942012458065,"{""type"":""MultiPoint"",""coordinates"":[]}",3.031927522018466e-17,Low
2090,970.82439194738,0.5103915992124262,0.6154434611567572,1,0.4265130409304967,1,0.3005594274463231,25.96126679528997,80.34221982391979,"{""type"":""MultiPoint"",""coordinates"":[]}",1.9490845082065552e-05,Low
2093,271.6615541441225,0.4785161462503336,0.872990349972859,1,0.5022099796322868,1,0.2550230660719052,26.024238696706743,80.16255676709588,"{""type"":""MultiPoint"",""coordinates"":[]}",0.0023755091586002684,Low
2096,30.0,0.4223263075722092,0.9851119396030626,1,0.4988958966174044,1,0.1747518679602989,26.025137011990864,79.99978203761343,"{""type"":""MultiPoint"",""coordinates"":[]}",0.0018537817277500938,Low
2100,2515.094431626773,0.3258785942492012,0.2843506225611046,0,0.1359219012380429,1,0.0369694203560017,26.00249946683105,80.22382186947284,"{""type"":""MultiPoint"",""coordinates"":[]}",2.840850956206165e-21,Low
2101,1990.226117806718,0.4378896882494005,0.3696816463797445,0,0.2660638199085268,1,0.196985268927715,26.041037192519777,80.03086374644397,"{""type"":""MultiPoint"",""coordinates"":[]}",7.342362921549466e-13,Low
2102,604.1522986797286,0.4657302010171954,0.7392817669275075,1,0.4377671647857419,1,0.2367574300245649,26.023789539064683,80.2077420258871,"{""type"":""MultiPoint"",""coordinates"":[]}",4.760202513163236e-05,Low
2103,2473.15587862957,0.6128324650397587,0.2903762046454809,1,0.3842925947494142,1,0.4469035214853696,25.99046204202385,80.35416741719858,"{""type"":""MultiPoint"",""coordinates"":[]}",1.8372378622026748e-07,Low
2104,2258.007971642261,0.4933243765219582,0.3233551624107481,0,0.295048673411692,1,0.2761776807456547,26.042654160031194,80.1258156719754,"{""type"":""MultiPoint"",""coordinates"":[]}",2.052527870879977e-11,Low
2105,2152.881789602021,0.4529053912313824,0.3408063352670928,0,0.2673842980194506,1,0.2184362731876891,25.99818755346728,80.33215869273765,"{""type"":""MultiPoint"",""coordinates"":[]}",5.96573148256199e-13,Low
2106,130.384048104053,0.4875155349678002,0.9368875411613128,1,0.5354826178654968,1,0.2678793356682861,25.955697240528423,80.38048805502328,"{""type"":""MultiPoint"",""coordinates"":[]}",0.016763107188471044,Low
2107,1110.720486891279,0.4473772134981623,0.5738654926727554,1,0.3558695229246699,1,0.2105388764259462,26.03708460526965,80.14845321713521,"{""type"":""MultiPoint"",""coordinates"":[]}",1.8505211644581317e-07,Low
2109,2111.2318678913502,0.3245655237200563,0.3479780298047202,0,0.1602473751105078,1,0.0350936053143662,25.92856811894801,80.38641693589847,"{""type"":""MultiPoint"",""coordinates"":[]}",2.462704446587016e-19,Low
2110,1916.0375779195983,0.3625683377922531,0.3836522295495757,0,0.2070908956417615,1,0.0893833397032187,26.00609272796753,80.23208637008673,"{""type"":""MultiPoint"",""coordinates"":[]}",2.505408346562395e-16,Low
2111,734.9829930005184,0.5530398322851153,0.6924692151953994,1,0.4938789708939729,1,0.3614854746930219,25.96009898542061,80.38695592506895,"{""type"":""MultiPoint"",""coordinates"":[]}",0.001277327041632997,Low
2112,378.549864614954,0.4723300970873786,0.8275589527227524,1,0.4787350928782826,1,0.2461858529819695,25.962614268216143,80.36207259169883,"{""type"":""MultiPoint"",""coordinates"":[]}",0.0005830032581793647,Low
2113,936.2157870918436,0.3089116824297322,0.6261859585892255,0,0.2581129683754607,1,0.0127309748996175,26.014806386223487,80.23343384301292,"{""type"":""MultiPoint"",""coordinates"":[]}",9.86251685337491e-13,Low
2114,2020.6187171260196,0.4328471781864299,0.3641063227379588,0,0.2595115389692663,1,0.1897816831234713,25.999894352507106,80.1100053229749,"{""type"":""MultiPoint"",""coordinates"":[]}",2.7704322611275976e-13,Low
2115,970.82439194738,0.6576971214017522,0.6154434611567572,1,0.5527749170927762,1,0.5109958877167888,25.980670405426945,80.33988420418108,"{""type"":""MultiPoint"",""coordinates"":[]}",0.035500365344954606,Low
2119,505.9644256269408,0.4283611383709519,0.7764816931256178,1,0.4206165101396345,1,0.1833730548156456,26.008069021592597,80.27125291647435,"{""type"":""MultiPoint"",""coordinates"":[]}",1.761217676567295e-05,Low
2120,809.5677859203638,0.5568798834591445,0.667120964818478,1,0.4870311431780866,1,0.3669712620844922,25.95695488192619,80.36773197798878,"{""type"":""MultiPoint"",""coordinates"":[]}",0.000812572017239124,Low
2123,2151.325173003839,0.3823659725299069,0.341071690917071,0,0.2070280813924629,1,0.1176656750427242,26.048223714792734,80.21277259147817,"{""type"":""MultiPoint"",""coordinates"":[]}",1.431432471263978e-16,Low
2124,276.5863337187866,0.3623424156161041,0.8708433519085355,1,0.4017736970057891,1,0.0890605937372915,26.022891223780565,80.11988679110021,"{""type"":""MultiPoint"",""coordinates"":[]}",5.7708477843699946e-06,Low
2125,2478.003228407905,0.4351016018130834,0.2896732793052116,0,0.2316706847047275,1,0.1930022883044048,25.996660417484275,80.10425610515652,"{""type"":""MultiPoint"",""coordinates"":[]}",1.7683102526840522e-15,Low
2126,2168.3173199511184,0.3997395833333333,0.3381861958174652,0,0.2207655497555575,1,0.142485119047619,26.005553738797055,80.22445069017172,"{""type"":""MultiPoint"",""coordinates"":[]}",9.153886383030958e-16,Low
2128,1127.9184367674818,0.2807404142794182,0.5689519934878731,0,0.2275807973951492,0,0.0,26.032682860377463,80.23873390318921,"{""type"":""MultiPoint"",""coordinates"":[]}",1.7777773445960808e-14,Low
2129,1263.7246535539298,0.3892889288928893,0.5316008640453114,0,0.2891737132406011,1,0.1275556127041276,25.959919322363785,80.39360345817143,"{""type"":""MultiPoint"",""coordinates"":[]}",5.889189290457273e-11,Low
2131,2676.060537431842,0.5520189398921478,0.262361942478832,0,0.3209610111848023,1,0.3600270569887825,25.98327551975089,80.27700213429272,"{""type"":""MultiPoint"",""coordinates"":[]}",2.06193474214059e-10,Low
2135,2142.941903085569,0.4559789750328515,0.3425043394124369,0,0.2706980000788475,1,0.2228271071897879,25.962524436687733,80.40411374699562,"{""type"":""MultiPoint"",""coordinates"":[]}",9.663209648125763e-13,Low
2137,2604.400122868988,0.4729484132531805,0.2719328654268312,0,0.2570146432448872,1,0.2470691617902578,25.9983672165241,80.18779942657964,"{""type"":""MultiPoint"",""coordinates"":[]}",4.012254951961141e-14,Low
2138,848.999411071645,0.5871162556618018,0.6540969443653476,1,0.5077384254562549,1,0.4101660795168598,26.018848805002023,80.1529447935558,"{""type"":""MultiPoint"",""coordinates"":[]}",0.0027234477334438507,Low
2139,1896.549498431296,0.4099615247145891,0.3874088246051447,0,0.2492162653117057,1,0.157087892449413,26.04382196990055,80.077755804275,"{""type"":""MultiPoint"",""coordinates"":[]}",8.812058276002674e-14,Low
2142,1385.7849761056004,0.607793681821048,0.5001273624720177,1,0.4638741008354197,1,0.4397052597443543,26.006811380194826,80.104795094327,"{""type"":""MultiPoint"",""coordinates"":[]}",0.00012087856764804927,Low
2144,2490.883377438615,0.4529004393476804,0.287813755962728,0,0.2461830218259601,1,0.2184291990681148,26.046337252696084,80.23415249524021,"{""type"":""MultiPoint"",""coordinates"":[]}",1.2647899072267637e-14,Low
2149,180.0,0.4117355781133944,0.9139311852712282,1,0.4613458267771151,1,0.1596222544477063,26.024867517405628,80.02044328914818,"{""type"":""MultiPoint"",""coordinates"":[]}",0.0002054027639060321,Low
2152,730.0684899377592,0.3347309573724668,0.6941728785423169,0,0.3074385434504698,1,0.0496156533892383,26.018489478888377,80.2258879946263,"{""type"":""MultiPoint"",""coordinates"":[]}",8.443365390398815e-10,Low
2153,1040.4326023342403,0.4821208384710234,0.5943919663884658,1,0.3938603623876922,1,0.2601726263871763,25.95452943065907,80.36854046174449,"{""type"":""MultiPoint"",""coordinates"":[]}",2.5707938866282203e-06,Low
2156,2515.313101782758,0.3738962057856344,0.284319534763134,0,0.1770674188643688,1,0.105566008265192,26.00205030918899,80.06697602086557,"{""type"":""MultiPoint"",""coordinates"":[]}",8.36739930078916e-19,Low
2157,1231.990259701756,0.2187604690117253,0.5401031550208717,0,0.2160412620083487,0,0.0,25.934047842181144,80.3963882355522,"{""type"":""MultiPoint"",""coordinates"":[]}",3.3524058142575564e-16,Low
2158,703.420215802759,0.4072002796225096,0.7034840268806011,1,0.3732795647143915,1,0.1531432566035851,26.030257409110344,80.13399034106088,"{""type"":""MultiPoint"",""coordinates"":[]}",8.608855525614848e-07,Low
2159,126.49110640673518,0.4831789371038518,0.9387129414165152,1,0.5324956940841934,1,0.2616841958626454,26.02873027312734,79.97229358991937,"{""type"":""MultiPoint"",""coordinates"":[]}",0.014049444931579586,Low
2164,2653.695536417092,0.2274119448698315,0.2653122703105581,0,0.1061249081242232,0,0.0,25.99396547163192,80.25220863245102,"{""type"":""MultiPoint"",""coordinates"":[]}",5.571712859021645e-24,Low
2165,3329.294219500584,0.3247166434678862,0.1892574333020064,0,0.0968886677218479,1,0.0353094906684089,25.963961741142324,80.29362096704892,"{""type"":""MultiPoint"",""coordinates"":[]}",8.153737734837413e-25,Low
2166,82.46211251235322,0.4223575467594606,0.9596073810416864,1,0.4887208496390695,1,0.174796495370658,26.017501332075845,80.11162229048631,"{""type"":""MultiPoint"",""coordinates"":[]}",0.0010291053242165306,Low
2168,1504.1608956491325,0.4727470141150923,0.4713848403287854,0,0.3366228053730219,1,0.2467814487358461,25.991719683421618,80.28329034128154,"{""type"":""MultiPoint"",""coordinates"":[]}",1.9668935229746634e-08,Low
2169,445.9820624195552,0.4415807560137457,0.8001220253889717,1,0.4414037438816565,1,0.2022582228767795,26.021274256269148,80.25840700791144,"{""type"":""MultiPoint"",""coordinates"":[]}",6.202235388556149e-05,Low
2170,2704.0894955603817,0.5680890538033395,0.2587107212701313,0,0.3332749060537721,1,0.3829843625761993,26.04660674728132,80.18420616544317,"{""type"":""MultiPoint"",""coordinates"":[]}",9.376689172504284e-10,Low
2171,1860.1075237738276,0.4523089080907966,0.3945324989898298,0,0.2883634922451862,1,0.2175841544154237,26.03977955112201,80.10111200166212,"{""type"":""MultiPoint"",""coordinates"":[]}",2.1037570530303354e-11,Low
2173,2667.376988728815,0.1387955260285979,0.2635035353073843,0,0.1054014141229537,0,0.0,25.9983672165241,80.0942848055028,"{""type"":""MultiPoint"",""coordinates"":[]}",1.8104021315759241e-25,Low
2175,3521.4201680572,0.3987583572110793,0.1719227408769552,0,0.1534191168174214,1,0.1410833674443989,25.987587433114665,80.25750869262731,"{""type"":""MultiPoint"",""coordinates"":[]}",9.657064324231291e-22,Low
2176,2650.0,0.3635371179039301,0.2658029590889266,0,0.1607815704103679,1,0.0907673112913287,25.99962485792187,80.19974701985844,"{""type"":""MultiPoint"",""coordinates"":[]}",5.841753467421922e-20,Low
2177,764.8529270389178,0.5464895023704325,0.6822040560172397,1,0.4841583387244095,1,0.3521278605291893,26.01992678334297,80.08009142401372,"{""type"":""MultiPoint"",""coordinates"":[]}",0.0007032152491716889,Low
2178,376.4306044943742,0.4943679599499374,0.8284363238280241,1,0.4979756380597274,1,0.2776685142141963,26.01345891329731,80.28050556390077,"{""type"":""MultiPoint"",""coordinates"":[]}",0.0018381085990062474,Low
2180,1241.6923934694937,0.3838484546360917,0.5374894233110582,0,0.2868658732982162,1,0.1197835066229882,26.017950489717908,79.95576458869157,"{""type"":""MultiPoint"",""coordinates"":[]}",4.380333516475725e-11,Low
2181,1215.9769734661918,0.4027170158876352,0.5444449265428866,0,0.3058211270922706,1,0.1467385941251932,25.97995175319965,80.34922668313592,"{""type"":""MultiPoint"",""coordinates"":[]}",5.907947533586326e-10,Low
2183,1745.6230979223435,0.4715226497608538,0.4177753007694985,0,0.3141295343885312,1,0.2450323568012197,26.006721548666413,80.19552493802307,"{""type"":""MultiPoint"",""coordinates"":[]}",8.582150309118376e-10,Low
2184,3242.9924452579285,0.3851394507132212,0.1976028199775084,0,0.1520178000309072,1,0.1216277867331731,25.972765230926694,80.28481747726455,"{""type"":""MultiPoint"",""coordinates"":[]}",2.288175851463716e-21,Low
2185,1880.6647760831809,0.4665688791101332,0.3904980169135801,0,0.2989725317169749,1,0.2379555415859046,26.04561860046879,79.96178330109517,"{""type"":""MultiPoint"",""coordinates"":[]}",8.602217620024103e-11,Low
2187,1514.7607071745688,0.345679012345679,0.4688931537814273,0,0.22671070066601,1,0.0652557319223985,26.025226843519278,79.91327427575271,"{""type"":""MultiPoint"",""coordinates"":[]}",7.850297818597572e-15,Low
2188,2777.4268667239467,0.3967273304972551,0.2493959628388085,0,0.1826675255617421,1,0.1381819007103645,26.048223714792734,80.06131663457562,"{""type"":""MultiPoint"",""coordinates"":[]}",8.001651065292012e-19,Low
2191,2264.199637841152,0.3685035929451975,0.3223556567457278,0,0.187659628079889,1,0.0978622756359964,26.00070283626281,80.09832722428133,"{""type"":""MultiPoint"",""coordinates"":[]}",7.35137500283276e-18,Low
2194,762.954782408499,0.4649336333991641,0.6828518243409981,1,0.4145124155071114,1,0.2356194762845202,26.01345891329731,80.24601025699059,"{""type"":""MultiPoint"",""coordinates"":[]}",1.0943606066882709e-05,Low
2195,1410.0,0.3831560056403025,0.4941085742561417,0,0.2689200059655731,1,0.1187942937718607,26.0396897195936,80.15339395119787,"{""type"":""MultiPoint"",""coordinates"":[]}",3.083316185757681e-12,Low
2197,852.1150157109073,0.7143639600164317,0.6530787838804357,1,0.6164006221376872,1,0.5919485143091882,26.01992678334297,79.97148510616367,"{""type"":""MultiPoint"",""coordinates"":[]}",0.6423175824240096,Medium
2198,1886.7962264113207,0.3772770853307766,0.3893026905239112,0,0.2219585779216587,1,0.1103958361868237,25.957493871096663,80.32838576854435,"{""type"":""MultiPoint"",""coordinates"":[]}",2.0814621040216245e-15,Low
2199,1571.5279189374903,0.4590984974958264,0.455771377890189,0,0.318678691866784,1,0.2272835678511805,26.04382196990055,79.95154250685621,"{""type"":""MultiPoint"",""coordinates"":[]}",2.081255159155025e-09,Low
2200,14.142135623730953,0.4193004635482512,0.9929538733665888,1,0.4994390895308509,1,0.1704292336403588,26.03061673522399,79.94255935401502,"{""type"":""MultiPoint"",""coordinates"":[]}",0.0019025645256007314,Low
2201,2329.4849216082084,0.458205067487568,0.3120030046894558,0,0.260405545436555,1,0.2260072392679544,25.96674651852309,80.40034082280232,"{""type"":""MultiPoint"",""coordinates"":[]}",1.4294161007115083e-13,Low
2202,252.9822128134704,0.3510975210221688,0.8811819863828458,1,0.3962706697149973,1,0.0729964586030983,26.021903076968037,80.09410514244598,"{""type"":""MultiPoint"",""coordinates"":[]}",4.092529134789188e-06,Low
2206,2484.854120466632,0.4556108347153123,0.2886827166488405,0,0.2488538021298039,1,0.2223011924504462,26.01309958718366,80.31724665902127,"{""type"":""MultiPoint"",""coordinates"":[]}",1.862066300045004e-14,Low
2209,2354.400135915728,0.453416149068323,0.30814030378633,0,0.2547556778588088,1,0.2191659272404614,26.05199663898604,79.94013390274789,"{""type"":""MultiPoint"",""coordinates"":[]}",6.11341988302007e-14,Low
2211,967.6776322722357,0.3567605306027461,0.6164125496619475,0,0.2952169032385613,1,0.0810864722896373,26.02369970753627,80.26613251935487,"{""type"":""MultiPoint"",""coordinates"":[]}",1.6183899122092676e-10,Low
2213,1816.865432551349,0.5044160942100098,0.4031555883328667,0,0.3364760303702979,1,0.2920229917285854,25.97563983983588,80.30008883709458,"{""type"":""MultiPoint"",""coordinates"":[]}",1.1731351151017677e-08,Low
2215,3005.212138934621,0.5668202764976958,0.222549424498231,0,0.3177228639401745,1,0.3811718235681369,26.01300975565525,80.32398402365216,"{""type"":""MultiPoint"",""coordinates"":[]}",4.566628146949103e-11,Low
2216,1876.7258723638888,0.4350282485875706,0.3912678417768537,0,0.2722456355000877,1,0.1928974979822437,26.04337281225849,80.07595917370676,"{""type"":""MultiPoint"",""coordinates"":[]}",2.2093241523852033e-12,Low
2217,320.1562118716424,0.3424277456647399,0.8520772340773196,1,0.3771975327721335,1,0.0606110652353427,26.02774212631481,80.06616753710986,"{""type"":""MultiPoint"",""coordinates"":[]}",1.1824854403939013e-06,Low
2219,1946.1243536834947,0.3911730466161762,0.3779239943072439,0,0.2293179233939057,1,0.1302472094516803,26.0419355078039,80.06221494985974,"{""type"":""MultiPoint"",""coordinates"":[]}",5.061092548639295e-15,Low
2221,1051.189802081432,0.5535494460402134,0.5912035521220232,1,0.4538095174547065,1,0.362213494343162,25.970519442716395,80.32191789849868,"{""type"":""MultiPoint"",""coordinates"":[]}",9.32143669089951e-05,Low
2222,1690.4733065032408,0.3972985561248253,0.4294557140928409,0,0.2551810480298438,1,0.138997937321179,26.005014749626586,80.12141392708321,"{""type"":""MultiPoint"",""coordinates"":[]}",3.0112363178945445e-13,Low
2223,101.9803902718557,0.5334073685366657,0.9502879879313,1,0.5801786539182335,1,0.3334390979095225,26.019747120286144,80.11359858411137,"{""type"":""MultiPoint"",""coordinates"":[]}",0.1963550938251097,Low
2224,370.0,0.3384813384813385,0.8311042838521256,1,0.3654257179534261,1,0.0549733406876264,26.017501332075845,80.26783931839469,"{""type"":""MultiPoint"",""coordinates"":[]}",4.973839915611098e-07,Low
2226,1353.4031180694094,0.425911559348332,0.5082907975631957,0,0.31124051275242,1,0.1798736562119029,26.01211144037113,80.13785309678259,"{""type"":""MultiPoint"",""coordinates"":[]}",1.0594686997092227e-09,Low
2227,1144.8143954370944,0.2808253648716658,0.5641657443368768,0,0.2256662977347507,0,0.0,25.97330422009717,80.37446934261968,"{""type"":""MultiPoint"",""coordinates"":[]}",1.3535620388253659e-14,Low
2228,2578.5654926722336,0.572063407839756,0.2754682928913304,0,0.343384523876323,1,0.3886620111996514,25.985072150319134,80.2761038190086,"{""type"":""MultiPoint"",""coordinates"":[]}",4.51236483202587e-09,Low
2229,2556.188568944005,0.2857448172686471,0.2785676656561188,0,0.1114270662624475,0,0.0,26.049571187718914,79.909411520031,"{""type"":""MultiPoint"",""coordinates"":[]}",1.359428571750008e-22,Low
2230,833.8465086573187,0.3442348008385744,0.659071498887882,0,0.3015441431310737,1,0.0631925726265349,26.01786065818949,79.99394298826665,"{""type"":""MultiPoint"",""coordinates"":[]}",3.8844717233023757e-10,Low
2233,1691.892431568863,0.510873617497204,0.4291510964940173,1,0.3524092535952103,1,0.3012480249960056,25.965578708653737,80.31895345806109,"{""type"":""MultiPoint"",""coordinates"":[]}",6.949004984585216e-08,Low
2234,206.15528128088303,0.5896391552067364,0.9020569344845072,1,0.6090849068281484,1,0.4137702217239091,26.02360987600786,80.12554617739016,"{""type"":""MultiPoint"",""coordinates"":[]}",0.5838354431556003,Medium
2235,2179.954127957742,0.4816308243727598,0.3362242052637728,0,0.290173245853589,1,0.2594726062467998,26.000972330848047,80.3273077902034,"{""type"":""MultiPoint"",""coordinates"":[]}",1.2873963039527089e-11,Low
2237,303.6445290137795,0.5070254822576804,0.8591409670152601,1,0.5211068001698301,1,0.2957506889395435,26.02145391932597,80.1363259607996,"{""type"":""MultiPoint"",""coordinates"":[]}",0.007310830057197477,Low
2238,502.1951811795888,0.3665465338138647,0.7779464476016358,1,0.3682184651668241,1,0.0950664768769496,26.02082509862709,80.19813005234701,"{""type"":""MultiPoint"",""coordinates"":[]}",6.283253022261948e-07,Low
2239,2470.323865407125,0.5328793492434748,0.2907876705214493,0,0.315925938988701,1,0.3326847846335354,26.04328298073008,80.18231970334651,"{""type"":""MultiPoint"",""coordinates"":[]}",1.9415793942512783e-10,Low
2240,2333.795192385141,0.3664807179238418,0.3113313200184199,0,0.1815160005135181,1,0.0949724541769169,25.99127052577956,80.26981561201976,"{""type"":""MultiPoint"",""coordinates"":[]}",2.6043343764795087e-18,Low
2242,2727.288030260097,0.4289870129870129,0.2557272032105344,0,0.2128511781302249,1,0.1842671614100185,25.992438335648917,80.35326910191446,"{""type"":""MultiPoint"",""coordinates"":[]}",6.098002222823376e-17,Low
2244,1210.0,0.2380267510427153,0.5460744266397094,0,0.2184297706558837,0,0.0,26.01247076648478,80.01649070189805,"{""type"":""MultiPoint"",""coordinates"":[]}",9.704085349205806e-16,Low
2245,2925.816125459698,0.3795855037127341,0.2315618981147055,0,0.1608409052853686,1,0.1136935767324773,26.000343510149165,80.03598414356344,"{""type"":""MultiPoint"",""coordinates"":[]}",2.388852957532128e-20,Low
2248,1426.3590010933433,0.4087351678868972,0.490083496905294,0,0.2892349712366009,1,0.1553359541241389,26.04076769793454,79.91498107479255,"{""type"":""MultiPoint"",""coordinates"":[]}",4.9444500941547476e-11,Low
2249,2868.3967647450727,0.4692965154503616,0.2383063180136715,0,0.2404338261629214,1,0.241852164929088,25.964410898784383,80.41282740525159,"{""type"":""MultiPoint"",""coordinates"":[]}",1.7353198020337272e-15,Low
2251,0.0,0.4596273291925465,1.0,1,0.5368234250221828,1,0.2280390417036379,26.029359093826223,80.20756236283027,"{""type"":""MultiPoint"",""coordinates"":[]}",0.017367415051810258,Low
2253,3424.2663447810246,0.3999543691535478,0.1804803859175354,0,0.157867327927198,1,0.1427919559336397,26.01920813111568,80.32290604531121,"{""type"":""MultiPoint"",""coordinates"":[]}",2.5986653155295675e-21,Low
2254,1197.0797801316337,0.4795763993948563,0.5496135467122452,1,0.3737680467376321,1,0.2565377134212233,25.975999165949524,80.30970081063467,"{""type"":""MultiPoint"",""coordinates"":[]}",6.256394963235743e-07,Low
2255,1910.2355875650524,0.3672894269909195,0.3847668187445113,0,0.211583379204307,1,0.0961277528441708,25.95138532716465,80.3483283678518,"{""type"":""MultiPoint"",""coordinates"":[]}",4.720008151888506e-16,Low
2256,2126.805115660577,0.5665116279069767,0.3452789776557736,1,0.3665501292682895,1,0.3807308970099668,26.001331656961696,80.17737896928385,"{""type"":""MultiPoint"",""coordinates"":[]}",1.0292797264879899e-07,Low
2259,1205.404496424333,0.3777560019598236,0.5473306127790981,0,0.2855802467914881,1,0.111080002799748,26.03699477374124,80.14216501014637,"{""type"":""MultiPoint"",""coordinates"":[]}",3.78906737717456e-11,Low
2260,445.5333881989093,0.473394495412844,0.8003015425874851,1,0.4687444702460033,1,0.2477064220183487,25.99648075442745,80.30799401159483,"{""type"":""MultiPoint"",""coordinates"":[]}",0.00031771801099565066,Low
2261,1887.2466717416671,0.1773933102652825,0.3892150206073891,0,0.1556860082429556,0,0.0,26.01354874482572,80.30646687561183,"{""type"":""MultiPoint"",""coordinates"":[]}",6.314418477578352e-21,Low
2263,1171.537451385998,0.4086727989487516,0.5566777647881508,0,0.3158192192999046,1,0.1552468556410738,26.012291103427955,80.0535911231322,"{""type"":""MultiPoint"",""coordinates"":[]}",2.2996461213796145e-09,Low
2265,317.8049716414141,0.269661329176704,0.8530795422647257,0,0.3412318169058903,0,0.0,26.029359093826223,80.08458300043431,"{""type"":""MultiPoint"",""coordinates"":[]}",1.6296511195999543e-08,Low
2269,2313.655116909173,0.3781844611341993,0.3144822766591384,0,0.1928081630643976,1,0.1116920873345704,26.04687624186656,80.07281507021234,"{""type"":""MultiPoint"",""coordinates"":[]}",1.3104213430249745e-17,Low
2272,1629.8466185503469,0.4942405571926064,0.4426732749939208,0,0.3435612161626595,1,0.2774865102751521,25.95821252332396,80.33161970356718,"{""type"":""MultiPoint"",""coordinates"":[]}",3.37023341892836e-08,Low
2273,2127.204738618265,0.4190693691121895,0.3452099938447427,0,0.2401434567769167,1,0.1700990987316994,25.97896360638712,80.38426097921658,"{""type"":""MultiPoint"",""coordinates"":[]}",1.4767573188372933e-14,Low
2274,2943.637205907005,0.4836824159766196,0.2295077220080926,0,0.2492451596403396,1,0.2624034513951709,25.94887004436912,80.3242535182374,"{""type"":""MultiPoint"",""coordinates"":[]}",4.543710989531487e-15,Low
2276,1973.0686759461769,0.4510547523109741,0.3728666842994089,0,0.2786221757005985,1,0.2157925033013916,26.044720285184667,80.15537024482293,"{""type"":""MultiPoint"",""coordinates"":[]}",4.315468485935652e-12,Low
2280,2170.0691233230336,0.4477302747922997,0.3378901076493739,0,0.2617819928817207,1,0.2110432497032853,26.044271127542608,80.0641912434848,"{""type"":""MultiPoint"",""coordinates"":[]}",2.6354935885080115e-13,Low
2282,123.6931687685298,0.4437174226461129,0.9400270905641572,1,0.4991971984937597,1,0.2053106037801613,25.96566854018215,80.36818113563085,"{""type"":""MultiPoint"",""coordinates"":[]}",0.0019446555557254919,Low
2287,2972.0026917888213,0.5231652839821315,0.2262756470058882,0,0.2817947879298966,1,0.3188075485459021,25.934227505237967,80.36530652672167,"{""type"":""MultiPoint"",""coordinates"":[]}",3.695556334048704e-13,Low
2290,504.8762224545735,0.4373035277680754,0.7769042930046965,1,0.4284504552888004,1,0.1961478968115364,26.01633352220649,80.18187054570446,"{""type"":""MultiPoint"",""coordinates"":[]}",2.8178113663189792e-05,Low
2293,1385.712812959453,0.4121143794199036,0.5001454081795498,0,0.2961562027745945,1,0.1601633991712909,25.93440716829479,80.40213745337056,"{""type"":""MultiPoint"",""coordinates"":[]}",1.339874735329163e-10,Low
2295,2061.5528128088304,0.2507598784194529,0.3567298856538286,0,0.1426919542615314,0,0.0,26.00007401556393,80.10596290419636,"{""type"":""MultiPoint"",""coordinates"":[]}",1.072899183446164e-20,Low
2296,2989.866217742861,0.5793950850661626,0.2242636054744886,0,0.3291869436750776,1,0.3991358358088037,25.93988689152792,80.36000646654536,"{""type"":""MultiPoint"",""coordinates"":[]}",2.231341411813524e-10,Low
2298,241.66091947189145,0.45792450652199,0.8861841907591019,1,0.4898375390367752,1,0.2256064378885572,25.9840840035066,80.32227722461234,"{""type"":""MultiPoint"",""coordinates"":[]}",0.0011340323001283264,Low
2299,1180.0,0.34562458249833,0.5543272847345071,0,0.2608376988923714,1,0.0651779749976143,26.012560598013188,80.02619250696654,"{""type"":""MultiPoint"",""coordinates"":[]}",1.2776874306423396e-12,Low
2303,1370.0,0.5180571735818621,0.5040902295748255,1,0.3885422406143834,1,0.3115102479740887,26.03564730081506,80.01658053342646,"{""type"":""MultiPoint"",""coordinates"":[]}",1.3310627485673075e-06,Low
2304,1986.9826370655585,0.4660063963685134,0.3702816604319415,0,0.2904038610600737,1,0.237151994812162,26.00699104325165,80.31706699596444,"{""type"":""MultiPoint"",""coordinates"":[]}",2.1141490124580475e-11,Low
2305,2313.114783144148,0.3670369258480936,0.3145672508335159,0,0.1832871224889152,1,0.0957670369258481,26.002589298359464,80.05835219413802,"{""type"":""MultiPoint"",""coordinates"":[]}",3.520704704334548e-18,Low
2307,3493.365139804312,0.434686913151465,0.1743513836398235,0,0.185186479014328,1,0.1924098759306643,25.996840080541094,80.22921176117755,"{""type"":""MultiPoint"",""coordinates"":[]}",8.685126343547016e-20,Low
2310,649.3843238021689,0.515146457481432,0.7227498093274428,1,0.473511173000776,1,0.3073520821163314,26.017950489717908,80.13506831940182,"{""type"":""MultiPoint"",""coordinates"":[]}",0.0003951748755405681,Low
2311,1799.0275150758534,0.3434354606791284,0.4067673992437311,0,0.1999373545653168,1,0.0620506581130405,25.97141775800052,80.30682620172549,"{""type"":""MultiPoint"",""coordinates"":[]}",1.1879402740913697e-16,Low
2312,567.5385449465084,0.4668501376032024,0.7529403487307254,1,0.4441905431521779,1,0.2383573394331462,26.02774212631481,80.23774575637668,"{""type"":""MultiPoint"",""coordinates"":[]}",7.084828551308999e-05,Low
2315,1081.8964830333814,0.4053182917002417,0.582195928197053,0,0.3231511927361713,1,0.1504547024289168,26.030886229809227,80.17225857216438,"{""type"":""MultiPoint"",""coordinates"":[]}",6.234402654674627e-09,Low
2317,636.3961030678928,0.4090359459162361,0.7274586998351993,1,0.3844428621479964,1,0.1557656370231944,26.037982920553773,79.92710833112815,"{""type"":""MultiPoint"",""coordinates"":[]}",1.8433033200532612e-06,Low
2318,2243.969696765088,0.3911569865968264,0.3256328209851172,0,0.2083876883341838,1,0.1302242665668949,26.051547481343977,79.93456434798635,"{""type"":""MultiPoint"",""coordinates"":[]}",1.3605093533691344e-16,Low
2319,1947.331507473753,0.4519296643069194,0.3776959569421305,0,0.2813038093256402,1,0.2170423775813134,25.9577633656819,80.32694846408975,"{""type"":""MultiPoint"",""coordinates"":[]}",6.612484367888298e-12,Low
2326,2131.7832910500074,0.4352361973977259,0.3444206167122466,0,0.2536849873115209,1,0.1931945677110371,26.041396518633427,80.24106952292793,"{""type"":""MultiPoint"",""coordinates"":[]}",9.48223034252481e-14,Low
2327,1568.948692596415,0.4257588187038556,0.4563595258220174,0,0.2903370835035403,1,0.1796554552912223,26.007080874780065,80.24151868057,"{""type"":""MultiPoint"",""coordinates"":[]}",4.68905526005997e-11,Low
2328,3390.294972417592,0.5070615034168565,0.1835721526702344,0,0.2509101497111137,1,0.2958021477383665,26.03187437662176,80.30197529919124,"{""type"":""MultiPoint"",""coordinates"":[]}",1.1353003073511341e-15,Low
2329,1318.6735759845951,0.2854068015497202,0.517194230196637,0,0.2068776920786548,0,0.0,25.99917570027981,80.27502584066765,"{""type"":""MultiPoint"",""coordinates"":[]}",1.025890017135457e-15,Low
2330,371.0795063055895,0.5348713161754901,0.8306558137370824,1,0.533580596502396,1,0.3355304516792716,26.016423353734904,80.11817999206038,"{""type"":""MultiPoint"",""coordinates"":[]}",0.015219653448777824,Low
2335,1603.7767924496225,0.4191251271617497,0.4484812536562155,0,0.2814997533154146,1,0.1701787530882139,26.0396897195936,79.91228612894018,"{""type"":""MultiPoint"",""coordinates"":[]}",1.3178305686201258e-11,Low
2337,572.1887800367987,0.4052182172575171,0.7511917076013167,1,0.3906637264041128,1,0.1503117389393101,26.030257409110344,80.06760484156445,"{""type"":""MultiPoint"",""coordinates"":[]}",2.79115536331084e-06,Low
2338,2965.467922605133,0.4295140210633168,0.2270161857219998,0,0.2018184923430715,1,0.1850200300904526,26.012201271899546,79.90752505793435,"{""type"":""MultiPoint"",""coordinates"":[]}",6.005023644776324e-18,Low
2340,413.4005321718877,0.3735168485999051,0.8132633760741286,1,0.3883197920867129,1,0.1050240694284358,26.03564730081506,79.92279641776439,"{""type"":""MultiPoint"",""coordinates"":[]}",2.4856961405208416e-06,Low
2342,2344.013651837378,0.5126003877042371,0.3097447134037768,0,0.3061267891079997,1,0.3037148395774816,25.92605283615248,80.40474256769451,"{""type"":""MultiPoint"",""coordinates"":[]}",7.383670013683402e-11,Low
2344,2450.8161905781512,0.4017257909875359,0.2936378436480368,0,0.2046486725913884,1,0.1453225585536228,25.99845704805251,80.17351621356214,"{""type"":""MultiPoint"",""coordinates"":[]}",4.5735824009937186e-17,Low
2346,2931.023711947756,0.5116215477167076,0.2309597430926136,0,0.2737737952799377,1,0.3023164967381538,25.99091119966591,80.36467770602277,"{""type"":""MultiPoint"",""coordinates"":[]}",1.4054081568349927e-13,Low
2347,466.1544808322666,0.5073779795686719,0.7920923896156192,1,0.4945895097622522,1,0.2962542565266742,26.008608010763066,80.2904768635545,"{""type"":""MultiPoint"",""coordinates"":[]}",0.001479521774508812,Low
2348,3431.107692859553,0.3812144029346461,0.1798640760453748,0,0.1415579757907037,1,0.116020575620923,26.05109832370192,80.18312818710223,"{""type"":""MultiPoint"",""coordinates"":[]}",2.6578944741035713e-22,Low
2349,2543.3245958783946,0.2527427458217984,0.2803651837391382,0,0.1121460734956553,0,0.0,26.016153859149668,80.31401272399843,"{""type"":""MultiPoint"",""coordinates"":[]}",4.5946180367373275e-23,Low
2352,1101.3627921806692,0.3955994611585092,0.5765568129440383,0,0.3125651204563375,1,0.1365706587978703,25.978244954159823,80.3077245170096,"{""type"":""MultiPoint"",""coordinates"":[]}",1.57694921572507e-09,Low
2354,538.5164807134504,0.6107011070110702,0.763945948498702,1,0.5718936139803981,1,0.4438587243015288,25.99198917800685,80.31365339788479,"{""type"":""MultiPoint"",""coordinates"":[]}",0.12823644258668282,Low
2356,847.2307831990054,0.4572815533980582,0.654675627239908,1,0.3966830109514417,1,0.2246879334257975,26.019118299587262,80.14710574420903,"{""type"":""MultiPoint"",""coordinates"":[]}",3.534726981461927e-06,Low
2357,2238.057193192345,0.4823747680890538,0.3265968979188112,0,0.2869599889581421,1,0.2605353829843626,25.990282378967027,80.34599274811309,"{""type"":""MultiPoint"",""coordinates"":[]}",7.123204694192413e-12,Low
2358,1889.1532494744836,0.5959697732997481,0.3888441630568772,1,0.4092260423368207,1,0.422813961856783,26.015075880808723,80.30368209823106,"{""type"":""MultiPoint"",""coordinates"":[]}",2.329575218135922e-06,Low
2359,2677.9283037452665,0.4553692795650204,0.2621170414520597,0,0.2380204847794128,1,0.2219561136643148,26.000972330848047,80.14908203783409,"{""type"":""MultiPoint"",""coordinates"":[]}",2.3120905204234128e-15,Low
2360,1166.9190203266037,0.4425416505230531,0.5579647391062811,0,0.3453644532337008,1,0.2036309293186473,26.024598022820392,80.26918679132088,"{""type"":""MultiPoint"",""coordinates"":[]}",6.991233396857536e-08,Low
2361,2430.164603478538,0.3593087195600943,0.2966855955486767,0,0.1695102835566944,1,0.0847267422287061,26.04292365461643,80.17378570814738,"{""type"":""MultiPoint"",""coordinates"":[]}",3.77807642657396e-19,Low
2362,2013.2560691576225,0.4027686222808174,0.3654491863180481,0,0.2342670650536342,1,0.1468123175440249,26.038432078195832,80.11773083441832,"{""type"":""MultiPoint"",""coordinates"":[]}",8.615567615064099e-15,Low
2363,89.44271909999159,0.285284855425136,0.9562638985171494,1,0.3825055594068598,0,0.0,26.02441835976357,80.14036837957813,"{""type"":""MultiPoint"",""coordinates"":[]}",4.1877139537673475e-07,Low
2364,2566.028059082753,0.3101324299353249,0.277200549445598,0,0.1195651597228034,1,0.014474899907607,25.99701974359792,80.24520177323488,"{""type"":""MultiPoint"",""coordinates"":[]}",2.542550857650208e-22,Low
2365,440.1136216933077,0.4036235530951182,0.8024732074851397,1,0.4098094713613002,1,0.1480336472787404,26.027203137144337,79.93510333715682,"{""type"":""MultiPoint"",""coordinates"":[]}",9.324932613616299e-06,Low
2367,1560.0,0.3186787351592806,0.4584060113052235,0,0.1993727489443299,1,0.0266839073704008,26.00878767381989,80.04981819893888,"{""type"":""MultiPoint"",""coordinates"":[]}",1.6769144110410307e-16,Low
2368,1480.0,0.3672432761405397,0.4771139155210344,0,0.2484826600431621,1,0.0960618230579139,26.009955483689243,80.01900598469358,"{""type"":""MultiPoint"",""coordinates"":[]}",1.671113297080865e-13,Low
2370,1574.9603169603988,0.3098871930988719,0.4549898543188161,0,0.1904706786694166,1,0.014124561569817,26.03546763775824,79.91093865601401,"{""type"":""MultiPoint"",""coordinates"":[]}",4.786921971324123e-17,Low
2371,1011.1874208078342,0.3370151216305062,0.6031473742324974,0,0.2729861968048614,1,0.0528787451864374,26.038432078195832,80.20953865645534,"{""type"":""MultiPoint"",""coordinates"":[]}",7.524625546483019e-12,Low
2372,300.0,0.4475400718005764,0.8607079764250578,1,0.4707461092562315,1,0.2107715311436806,26.02594549574657,80.02107210984705,"{""type"":""MultiPoint"",""coordinates"":[]}",0.0003635274613362778,Low
2374,1988.793604173143,0.4365803687837586,0.3699465282293963,0,0.2650474988206945,1,0.1951148125482266,26.03753376291171,80.25193913786578,"{""type"":""MultiPoint"",""coordinates"":[]}",6.402047545893282e-13,Low
2377,2151.952601708504,0.3685330307435907,0.3409647086142754,0,0.1951284812259307,1,0.0979043296337009,25.999894352507106,80.11791049747515,"{""type"":""MultiPoint"",""coordinates"":[]}",2.7600282840148733e-17,Low
2379,848.999411071645,0.4488771466314399,0.6540969443653476,1,0.3892477605730875,1,0.2126816380449142,26.03133538745129,80.23352367454133,"{""type"":""MultiPoint"",""coordinates"":[]}",2.2341486531739493e-06,Low
2380,2539.389690457138,0.3367265786543661,0.2809173319645052,0,0.1438468573466873,1,0.0524665409348087,26.044630453656257,80.12330038917986,"{""type"":""MultiPoint"",""coordinates"":[]}",7.898075265245858e-21,Low
2384,3383.548433228051,0.4972663699936427,0.1841924366356223,0,0.2427624346487998,1,0.2818090999909182,26.0043859289277,79.95881886065757,"{""type"":""MultiPoint"",""coordinates"":[]}",3.7779965808706226e-16,Low
2386,1578.4169284444465,0.4563242487770789,0.4542041718863361,0,0.3156738819920307,1,0.2233203553958271,25.99378580857509,80.3294637468853,"{""type"":""MultiPoint"",""coordinates"":[]}",1.3964738411950233e-09,Low
2387,640.0,0.4717741935483871,0.7261490370736909,1,0.4376946378709511,1,0.2453917050691245,26.028909936184164,80.02673149613702,"{""type"":""MultiPoint"",""coordinates"":[]}",4.669498264559242e-05,Low
2390,2671.3479743380494,0.3763469469203139,0.2629808699798672,0,0.1706325882093589,1,0.1090670670290199,25.954798925244305,80.31949244723157,"{""type"":""MultiPoint"",""coordinates"":[]}",2.1313623667262338e-19,Low
2391,2808.629559055448,0.3894945490584737,0.2455352445996298,0,0.1749237113185437,1,0.1278493557978196,25.99980452097869,80.22696597296725,"{""type"":""MultiPoint"",""coordinates"":[]}",2.4773750269682224e-19,Low
2392,2008.4820138602188,0.4947904607548044,0.3663225656055361,0,0.313492278317761,1,0.2782720867925777,26.04669657880973,79.91363360186637,"{""type"":""MultiPoint"",""coordinates"":[]}",4.598294898926283e-10,Low
2394,2154.158768521949,0.3858512568022804,0.3405888034674065,0,0.2098223129317744,1,0.1226446525746862,26.002768961416287,80.1949859488526,"{""type"":""MultiPoint"",""coordinates"":[]}",2.0911022784759176e-16,Low
2395,101.9803902718557,0.5785698273929614,0.9502879879313,1,0.6188893329379155,1,0.3979568962756591,26.027562463257983,80.2039691016938,"{""type"":""MultiPoint"",""coordinates"":[]}",0.7115755524537632,High
2397,2452.46814454337,0.3768410360589131,0.2933954056858321,0,0.183221907467687,1,0.1097729086555902,26.046516915752907,80.13434966717453,"{""type"":""MultiPoint"",""coordinates"":[]}",2.35619257359886e-18,Low
2400,1140.043858805441,0.3613885545108501,0.5655130372004225,0,0.2788239758894691,1,0.0876979350155001,26.0126504295416,80.23460165288228,"{""type"":""MultiPoint"",""coordinates"":[]}",1.5717264429840062e-11,Low
2401,931.7188417113824,0.2250249641818261,0.6275955046852253,0,0.2510382018740901,0,0.0,26.01992678334297,80.2039691016938,"{""type"":""MultiPoint"",""coordinates"":[]}",6.241555870796079e-14,Low
2402,1458.9036979869506,0.6024664490388103,0.482173221400887,1,0.452126244879335,1,0.4320949271983004,25.96782449686404,80.31931278417474,"{""type"":""MultiPoint"",""coordinates"":[]}",5.492218873003509e-05,Low
2403,625.859409132754,0.4329183955739972,0.7313013179053318,1,0.4064505805112732,1,0.1898834222485675,26.0231607183658,80.25777818721255,"{""type"":""MultiPoint"",""coordinates"":[]}",7.202550186420589e-06,Low
2408,1949.281919066609,0.5417640002525412,0.377327805196668,1,0.3581574080094168,1,0.345377143217916,26.041216855576604,80.01244828311951,"{""type"":""MultiPoint"",""coordinates"":[]}",7.371990325960361e-08,Low
2409,170.0,0.2983408748114631,0.9185122844014574,1,0.367404913760583,0,0.0,26.025226843519278,80.07928294025801,"{""type"":""MultiPoint"",""coordinates"":[]}",2.5038263010620084e-07,Low
2410,1699.5587662684688,0.3774889960176064,0.4275092372936869,0,0.2374228343611374,1,0.1106985657394377,25.934946157465266,80.38264401170517,"{""type"":""MultiPoint"",""coordinates"":[]}",2.5478247047099107e-14,Low
2412,22.360679774997894,0.6089801154586273,0.988881927838342,2,0.6603928700998745,1,0.4414001649408962,25.98731793852943,80.3114974412029,"{""type"":""MultiPoint"",""coordinates"":[]}",0.9662650098363417,High
2413,1518.551941818257,0.4457722660653889,0.4680051537170859,0,0.3121497181143106,1,0.208246094379127,26.015165712337136,80.20684371060298,"{""type"":""MultiPoint"",""coordinates"":[]}",9.632031678328017e-10,Low
2415,2098.022878807569,-0.1882770870337478,0.3502838548261048,0,0.1401135419304419,0,0.0,26.00717070630847,80.08404401126384,"{""type"":""MultiPoint"",""coordinates"":[]}",5.916222018478347e-28,Low
2418,90.55385138137416,0.3836850549179316,0.9557327782234548,1,0.4540231583618948,1,0.1195500784541881,26.02217257155327,80.18860791033535,"{""type"":""MultiPoint"",""coordinates"":[]}",0.0001298918133866392,Low
2419,2978.993118488192,0.4505213875292615,0.2254861458849392,0,0.2192127905219141,1,0.2150305536132307,26.005463907268645,79.9537882950665,"{""type"":""MultiPoint"",""coordinates"":[]}",6.341378499655495e-17,Low
2421,1846.212338816963,0.4092526690391459,0.3972830939547137,0,0.252558382472582,1,0.1560752414844942,25.96459056184121,80.39629840402378,"{""type"":""MultiPoint"",""coordinates"":[]}",1.5536512523418192e-13,Low
2422,441.47480109288233,0.4112778065183652,0.8019272382973474,1,0.4161518723346806,1,0.158968295026236,26.016603016791727,80.17710947469863,"{""type"":""MultiPoint"",""coordinates"":[]}",1.366774799279494e-05,Low
2423,1001.7983829094557,0.3739751944502837,0.6059855176566596,0,0.3058015165914785,1,0.1056788492146911,26.03510831164459,79.98783444433464,"{""type"":""MultiPoint"",""coordinates"":[]}",6.726710753216179e-10,Low
2424,450.4442251822084,0.4693495554515676,0.7983388779485323,1,0.4644923129950423,1,0.2419279363593823,26.026035327274982,80.16615002823237,"{""type"":""MultiPoint"",""coordinates"":[]}",0.00024621633326517934,Low
2425,1724.4709333589824,0.4648457258472433,0.422217174131586,0,0.3101832060931287,1,0.2354938940674905,26.004835086569763,80.12195291625368,"{""type"":""MultiPoint"",""coordinates"":[]}",5.294113114928259e-10,Low
2427,2083.3866659840173,0.4152905917611799,0.3528566719425777,0,0.2399631760008996,1,0.1647008453731142,26.008697842291475,80.21438955898958,"{""type"":""MultiPoint"",""coordinates"":[]}",1.603509397817069e-14,Low
2429,2144.6211786700237,0.3198589894242068,0.3422168805226263,0,0.1539087431440849,1,0.028369984891724,26.04579826352561,79.98415135166975,"{""type"":""MultiPoint"",""coordinates"":[]}",9.441135551800719e-20,Low
2430,2764.489102890442,0.4249375280322931,0.2510145053088034,0,0.2074951118654869,1,0.1784821829032759,25.999355363336637,80.15087866840233,"{""type"":""MultiPoint"",""coordinates"":[]}",2.5795621459499215e-17,Low
2431,800.0,0.372580527353736,0.6703200460356393,0,0.3303398990031723,1,0.1036864676481942,26.01606402762125,80.01855682705153,"{""type"":""MultiPoint"",""coordinates"":[]}",1.638797192909438e-08,Low
2433,3521.4201680572,0.3779823180331839,0.1719227408769552,0,0.1356110832363683,1,0.111403311475977,26.03861174125265,80.28347000433837,"{""type"":""MultiPoint"",""coordinates"":[]}",8.242570813082378e-23,Low
2441,1253.9936203984453,0.5402298850574713,0.5341936794401804,1,0.4195888018253332,1,0.3431855500821018,26.012830092598424,80.13704461302689,"{""type"":""MultiPoint"",""coordinates"":[]}",9.907598600019938e-06,Low
2442,1861.8807695446023,0.3950248756218905,0.3941828524724032,0,0.2391230343791532,1,0.1357498223169865,26.043193149201667,79.98469034084022,"{""type"":""MultiPoint"",""coordinates"":[]}",2.3504600954782237e-14,Low
2443,1881.6216410320117,0.5316986405793419,0.3903112346660031,1,0.3547233286486944,1,0.3309980579704885,25.994773955387625,80.27215123175847,"{""type"":""MultiPoint"",""coordinates"":[]}",6.231098826459731e-08,Low
2444,2183.5979483412234,0.3233908948194662,0.3356121926427993,0,0.1542942154738051,1,0.0334155640278089,25.962165110574084,80.3160788491519,"{""type"":""MultiPoint"",""coordinates"":[]}",9.022382165185078e-20,Low
2445,1996.496932128873,0.5160158989946224,0.3685243591298181,0,0.3325662285044607,1,0.3085941414208892,25.94860054978388,80.3580301729203,"{""type"":""MultiPoint"",""coordinates"":[]}",5.269271690282899e-09,Low
2446,1676.007159889241,0.3928400954653938,0.4325732598818,0,0.2526065286373433,1,0.1326287078077054,26.03456932247412,80.25229846397943,"{""type"":""MultiPoint"",""coordinates"":[]}",2.1650617271396813e-13,Low
2450,2109.834116702069,0.5127250155183116,0.3482213081579718,0,0.321624250850313,1,0.3038928793118737,25.96198544751726,80.40447307310927,"{""type"":""MultiPoint"",""coordinates"":[]}",1.0543262483013109e-09,Low
2451,1050.0,0.465288523887148,0.5915553643668151,1,0.3782980233642815,1,0.2361264626959258,26.03232353426382,80.04433847570576,"{""type"":""MultiPoint"",""coordinates"":[]}",9.625273134540403e-07,Low
2452,410.0,0.4870197300103842,0.8146473164114145,1,0.4861615522877524,1,0.2671710428719775,26.0269336425591,80.01963480539247,"{""type"":""MultiPoint"",""coordinates"":[]}",0.0009044257795150638,Low
2454,751.3321502504734,0.4573441168797286,0.6868316449247144,1,0.409599043866796,1,0.2247773098281838,26.01211144037113,80.11485622550914,"{""type"":""MultiPoint"",""coordinates"":[]}",8.196213205471499e-06,Low
2456,1901.6308790088576,0.3376736111111111,0.3864257880911452,0,0.1868619819031247,1,0.0538194444444444,26.01031480980289,79.97292241061825,"{""type"":""MultiPoint"",""coordinates"":[]}",1.578636683105354e-17,Low
2457,2975.9872311554027,0.3801740607089789,0.2258252936559138,0,0.1590507409272046,1,0.1145343724413985,25.95803286026713,80.30934148452101,"{""type"":""MultiPoint"",""coordinates"":[]}",1.5702383951637947e-20,Low
2458,2238.771984816676,0.5353535353535354,0.3264801944111435,0,0.3323236794960592,1,0.3362193362193362,25.932251211612904,80.3776134461141,"{""type"":""MultiPoint"",""coordinates"":[]}",2.953212126085013e-09,Low
2463,1205.0311199301038,0.4619435136428913,0.5474328025103041,1,0.3577818469837428,1,0.2313478766327019,26.01741150054744,79.96456807847595,"{""type"":""MultiPoint"",""coordinates"":[]}",1.9794780901992737e-07,Low
2466,2370.0210969525147,0.3818651733792806,0.3057429543594067,0,0.1924673303545747,1,0.1169502476846866,26.004924918098173,80.14809389102156,"{""type"":""MultiPoint"",""coordinates"":[]}",1.0696389969998341e-17,Low
2469,316.2277660168379,0.3843971631205674,0.8537525485232971,1,0.4138414449412337,1,0.1205673758865248,25.979143269443945,80.33135020898195,"{""type"":""MultiPoint"",""coordinates"":[]}",1.2042575789467096e-05,Low
2471,2221.9360926903364,0.4661543009163464,0.3292400870947002,0,0.2741140070518914,1,0.2373632870233521,26.04696607339497,80.07910327720118,"{""type"":""MultiPoint"",""coordinates"":[]}",1.2653910635269103e-12,Low
2472,80.62257748298549,0.430319704012902,0.9604904027627154,1,0.4958987645447165,1,0.1861710057327172,26.00878767381989,80.28095472154284,"{""type"":""MultiPoint"",""coordinates"":[]}",0.0015782806585754336,Low
2476,403.6087214122113,0.505791194156342,0.817254799455049,1,0.503294371916027,1,0.2939874202233457,26.027203137144337,80.19300965522754,"{""type"":""MultiPoint"",""coordinates"":[]}",0.0025150476451753236,Low
2477,1858.2787734890587,0.2369555179313529,0.3948934146807908,0,0.1579573658723163,0,0.0,26.006811380194826,80.0589810148369,"{""type"":""MultiPoint"",""coordinates"":[]}",8.347900909559605e-20,Low
2481,403.11288741492746,0.41939085664661,0.8174574359295309,1,0.429317994354621,1,0.1705583666380143,26.020645435570263,80.06302343361544,"{""type"":""MultiPoint"",""coordinates"":[]}",3.0314377925868214e-05,Low
2482,733.48483283569,0.3626073380171741,0.6929881244202054,0,0.3308586823542314,1,0.0894390543102487,25.942222511266632,80.4016882957285,"{""type"":""MultiPoint"",""coordinates"":[]}",1.7354294571485995e-08,Low
2485,90.0,0.2317880794701986,0.9559974818331,1,0.38239899273324,0,0.0,26.02441835976357,79.99555995577806,"{""type"":""MultiPoint"",""coordinates"":[]}",7.904148531539432e-08,Low
2488,790.5694150420949,0.3419023136246787,0.6734882647760267,0,0.3053115747315639,1,0.0598604480352553,26.032054039678584,79.99933287997136,"{""type"":""MultiPoint"",""coordinates"":[]}",6.435946206652824e-10,Low
2490,2377.393530739074,0.6453670416328424,0.3046179942134409,1,0.417876090513527,1,0.4933814880469178,25.929466434232133,80.41031212245605,"{""type"":""MultiPoint"",""coordinates"":[]}",1.7398348149359368e-06,Low
2492,865.8521813797087,0.5021677380774405,0.6486084282349656,1,0.4327300039317924,1,0.2888110543963436,26.027382800201163,80.25104082258166,"{""type"":""MultiPoint"",""coordinates"":[]}",3.055371556227278e-05,Low
2494,3140.0636936215164,0.4478203434610304,0.2080385568869694,0,0.2099185742928138,1,0.2111719192300434,25.995851933728567,80.23729659873463,"{""type"":""MultiPoint"",""coordinates"":[]}",9.94040928620555e-18,Low
2495,1775.4436065389405,0.6087755570870664,0.4115923738440909,1,0.4293017127551218,1,0.4411079386958092,25.996660417484275,80.32793661090228,"{""type"":""MultiPoint"",""coordinates"":[]}",9.195244041276392e-06,Low
2496,2106.181378704123,0.5261992619926199,0.3488578698813279,0,0.3334282296604911,1,0.3231418028465999,25.937730934846037,80.41318673136523,"{""type"":""MultiPoint"",""coordinates"":[]}",4.595043663137697e-09,Low
2497,2127.204738618265,-0.2007864047303436,0.3452099938447427,0,0.1380839975378971,0,0.0,26.007080874780065,80.08323552750814,"{""type"":""MultiPoint"",""coordinates"":[]}",2.6167613658315884e-28,Low
2501,1052.6157893552613,0.5837338262476895,0.5907821779876279,1,0.4795132936930708,1,0.4053340374966994,26.02810145242846,80.11180195354314,"{""type"":""MultiPoint"",""coordinates"":[]}",0.0004321711325195486,Low
2504,1540.0,0.3611966053044193,0.463013068311228,0,0.2376594604425649,1,0.0874237218634562,26.009236831461948,80.03068408338714,"{""type"":""MultiPoint"",""coordinates"":[]}",3.432284815454567e-14,Low
2506,680.6614430096654,0.3492105967353492,0.7115349639316291,0,0.3267944970600938,1,0.0703008524790703,26.032233702735407,79.91866416745744,"{""type"":""MultiPoint"",""coordinates"":[]}",1.0407060885205608e-08,Low
2507,2390.7530194480564,0.4583762050242984,0.3025900046527905,0,0.2567870347390862,1,0.2262517214632834,26.005014749626586,80.08161855999671,"{""type"":""MultiPoint"",""coordinates"":[]}",7.309399605960574e-14,Low
2508,2090.0,0.2819964349376114,0.3516918193780669,0,0.1406767277512267,0,0.0,26.0043859289277,80.02475520251195,"{""type"":""MultiPoint"",""coordinates"":[]}",2.4131980017326143e-20,Low
2511,310.0,0.4440669106116048,0.8564151774836135,1,0.466051994374821,1,0.2058098723022926,26.026035327274982,80.0198144684493,"{""type"":""MultiPoint"",""coordinates"":[]}",0.00027461727872428747,Low
2512,2210.814329607984,0.4056315729955897,0.3310760522789034,0,0.2229717691934954,1,0.1509022471365567,26.000523173205988,80.17639082247132,"{""type"":""MultiPoint"",""coordinates"":[]}",1.1134205426289945e-15,Low
2514,1690.4733065032408,0.4309536216779572,0.4294557140928409,0,0.2840282470753855,1,0.1870766023970818,26.00833851617783,80.15411260342516,"{""type"":""MultiPoint"",""coordinates"":[]}",1.6088323073270076e-11,Low
2516,2698.166043815688,0.2643727753208931,0.2594780873097642,0,0.1037912349239057,0,0.0,26.048672872434796,79.90671657417865,"{""type"":""MultiPoint"",""coordinates"":[]}",1.379715455951656e-23,Low
2517,1385.2075656738234,0.4346400944014684,0.5002717726951612,0,0.3155145042793231,1,0.1923429920020978,26.03834224666742,79.99017006407335,"{""type"":""MultiPoint"",""coordinates"":[]}",1.7875534295166526e-09,Low
2519,912.1403400793104,0.4243455110190801,0.6337693639168265,1,0.3600896121545135,1,0.1776364443129715,26.027113305615927,80.25391543149084,"{""type"":""MultiPoint"",""coordinates"":[]}",2.9814689621013127e-07,Low
2521,734.9829930005184,0.4261987677471203,0.6924692151953994,1,0.3851580584328343,1,0.1802839539244576,26.028640441598927,80.24053053375746,"{""type"":""MultiPoint"",""coordinates"":[]}",1.8468121383041846e-06,Low
2525,1227.8436382536663,0.4932518461930226,0.5412241183353481,1,0.3821340869281586,1,0.2760740659900323,26.011482619672247,80.23612878886527,"{""type"":""MultiPoint"",""coordinates"":[]}",1.041118938838465e-06,Low
2526,1229.6747537458837,0.3794597059158782,0.5407288231716855,0,0.2843998486251413,1,0.1135138655941117,25.98309585669407,80.34042319335155,"{""type"":""MultiPoint"",""coordinates"":[]}",3.155710375550873e-11,Low
2530,2273.697429298806,0.3435035552682611,0.3208284524812752,0,0.1656201426510196,1,0.0621479360975159,26.03313201801953,80.27511567219607,"{""type"":""MultiPoint"",""coordinates"":[]}",3.4088357122797905e-19,Low
2534,50.0,0.4405977059875828,0.9753099120283326,1,0.5106362842292612,1,0.2008538656965469,26.02181324543962,80.1701924470109,"{""type"":""MultiPoint"",""coordinates"":[]}",0.003758969148810651,Low
2535,1550.2902953963169,0.4321926489226869,0.4606369157584062,0,0.297562751094237,1,0.1888466413181242,26.009236831461948,80.02412638181306,"{""type"":""MultiPoint"",""coordinates"":[]}",1.294754641453778e-10,Low
2536,2910.3436223236595,0.4185003204443495,0.2333602665581421,0,0.1949158098612707,1,0.1692861720633564,25.994055303160327,80.24654924616107,"{""type"":""MultiPoint"",""coordinates"":[]}",2.79326888935512e-18,Low
2537,2474.2069436488127,0.4006924771797293,0.2902236426015874,0,0.2023972946232601,1,0.1438463959710418,25.939347902357447,80.41722915014377,"{""type"":""MultiPoint"",""coordinates"":[]}",3.129866098577628e-17,Low
2538,776.4663547121665,0.3414287967197603,0.6782541713093433,0,0.3068120657121033,1,0.0591839953139432,26.027921789371632,80.17710947469863,"{""type"":""MultiPoint"",""coordinates"":[]}",7.8582001580117e-10,Low
2540,449.221548904324,0.4580967522143992,0.7988270821661465,1,0.4550423347645151,1,0.2258525031634275,26.022891223780565,80.25346627384879,"{""type"":""MultiPoint"",""coordinates"":[]}",0.00014004370153494292,Low
2541,623.698645180507,0.543744217127583,0.7320918296187235,1,0.501760346528275,1,0.3482060244679757,25.96288376280138,80.3498555038348,"{""type"":""MultiPoint"",""coordinates"":[]}",0.0021562749930725653,Low
2544,2296.540877058364,0.5804743265024177,0.3171848859996742,1,0.3672805199733706,1,0.4006776092891682,25.988036590756728,80.35812000444871,"{""type"":""MultiPoint"",""coordinates"":[]}",7.910651956393107e-08,Low
2545,1400.1428498549712,0.3791540785498489,0.4965498364887356,0,0.2664662876382219,1,0.1130772550712127,26.035557469286648,80.04272150819435,"{""type"":""MultiPoint"",""coordinates"":[]}",2.2250373754794668e-12,Low
2546,170.0,0.4844356495928153,0.9185122844014574,1,0.5254926134115676,1,0.2634794994183076,26.02504718046245,79.98217505804469,"{""type"":""MultiPoint"",""coordinates"":[]}",0.009376346142533323,Low
2550,1378.8763541376725,0.638004965019183,0.5018579451781972,1,0.4904617195162929,1,0.4828642357416901,25.98219754140995,80.29901085875365,"{""type"":""MultiPoint"",""coordinates"":[]}",0.0005961717584165509,Low
2554,1350.7405376311176,0.35157691999037,0.5089679307608662,0,0.2477959608675208,1,0.0736813142719572,26.04328298073008,79.93663047313983,"{""type"":""MultiPoint"",""coordinates"":[]}",1.791333392570237e-13,Low
2555,1802.4705268048076,0.1423348132671716,0.4060677491790889,0,0.1624270996716355,0,0.0,26.011572451200657,80.30853300076531,"{""type"":""MultiPoint"",""coordinates"":[]}",5.2024555166395996e-21,Low
2557,420.5948168962618,0.4899713467048711,0.8103432072127719,1,0.4869698657749983,1,0.2713876381498158,26.021274256269148,80.25768835568414,"{""type"":""MultiPoint"",""coordinates"":[]}",0.0009475096409352654,Low
2559,2151.325173003839,0.3092257765414928,0.341071690917071,0,0.1443364848309651,1,0.0131796807735611,26.04157618169025,80.12545634586175,"{""type"":""MultiPoint"",""coordinates"":[]}",2.473001909673586e-20,Low
2561,30.0,0.3719676549865229,0.9851119396030626,1,0.4557313372582447,1,0.1028109356950327,26.027113305615927,79.9740003889592,"{""type"":""MultiPoint"",""coordinates"":[]}",0.00014086801239092156,Low
2562,800.49984384758,0.3880179171332587,0.6701525392928547,0,0.3435049446885065,1,0.125739881618941,26.033581175661585,80.08557114724684,"{""type"":""MultiPoint"",""coordinates"":[]}",7.113570261500673e-08,Low
2563,390.5124837953327,0.3059006211180124,0.8226238403530901,0,0.3341072113852467,1,0.0084294587400177,26.03546763775824,79.92908462475322,"{""type"":""MultiPoint"",""coordinates"":[]}",2.082762767182655e-08,Low
2565,2437.580767892625,0.4494226327944572,0.2955874981466804,0,0.2463115416539212,1,0.2134609039920818,26.04696607339497,80.22939142423438,"{""type"":""MultiPoint"",""coordinates"":[]}",1.5039979281946235e-14,Low
2566,710.0,0.4060307692307692,0.7011734432085724,1,0.3713528937669454,1,0.1514725274725275,26.016872511376963,80.01873649010835,"{""type"":""MultiPoint"",""coordinates"":[]}",7.51810889137218e-07,Low
2570,3417.4405627603824,0.51139491357481,0.181097398102939,0,0.2536345994481557,1,0.3019927336783001,25.992528167177323,80.24367463725187,"{""type"":""MultiPoint"",""coordinates"":[]}",1.4917071844155298e-15,Low
2571,3360.014880919428,0.4763871832086636,0.1863725893365083,0,0.2257380499134579,1,0.2519816902980909,25.96710584463674,80.41642066638806,"{""type"":""MultiPoint"",""coordinates"":[]}",3.9285794629092676e-17,Low
2572,1923.3824372703416,0.4219915443577493,0.3822458776615505,0,0.2574625319426911,1,0.1742736347967848,26.007440200893708,80.08997289213903,"{""type"":""MultiPoint"",""coordinates"":[]}",2.598201426783027e-13,Low
2573,1500.0,0.4474671669793621,0.4723665527410147,0,0.3153470499358591,1,0.2106673813990887,26.03546763775824,80.166509354346,"{""type"":""MultiPoint"",""coordinates"":[]}",1.5041779302653705e-09,Low
2575,1458.8008774332432,0.4346750618394423,0.4821980106968975,0,0.3083149715697096,1,0.1923929454849176,25.951205664107825,80.36656416811942,"{""type"":""MultiPoint"",""coordinates"":[]}",6.299020382657498e-10,Low
2577,2836.476687723698,0.5341314849821466,0.2421402091704759,0,0.2975402136528874,1,0.3344735499744951,25.985341644904366,80.38533895755752,"{""type"":""MultiPoint"",""coordinates"":[]}",5.116960447826546e-12,Low
2578,190.0,0.3401441776126663,0.9093729344682314,1,0.3981584688838637,1,0.0573488251609519,26.021543750854384,80.02295857194372,"{""type"":""MultiPoint"",""coordinates"":[]}",4.555585226928045e-06,Low
2579,1397.1399357258383,0.5318732411599169,0.4972959447332211,1,0.3976668703160743,1,0.3312474873713098,26.034030333303647,80.24358480572347,"{""type"":""MultiPoint"",""coordinates"":[]}",2.2557147457128755e-06,Low
2580,1871.095935541521,0.4784791065378341,0.392370800059806,0,0.3099304113420659,1,0.2549701521969059,26.043103317673253,80.08709828322985,"{""type"":""MultiPoint"",""coordinates"":[]}",3.851162634044587e-10,Low
2583,2497.298540423231,0.3807358412567176,0.2868920489013805,0,0.1839589692091673,1,0.1153369160810252,25.92299856418647,80.39962217057503,"{""type"":""MultiPoint"",""coordinates"":[]}",2.287752880193146e-18,Low
2585,300.0,0.452118736780687,0.8607079764250578,1,0.4746706792391835,1,0.2173124811152672,26.020555604041853,80.02277890888689,"{""type"":""MultiPoint"",""coordinates"":[]}",0.000459532454227638,Low
2587,212.1320343559643,0.4084859515413491,0.8993652725587741,1,0.4527340674875232,1,0.1549799307733558,25.969890622017516,80.35335893344288,"{""type"":""MultiPoint"",""coordinates"":[]}",0.00012334144437990222,Low
2593,2221.823575354263,0.3309734513274336,0.3292586102245029,0,0.1582521166561728,1,0.0442477876106194,25.98543147643278,80.28095472154284,"{""type"":""MultiPoint"",""coordinates"":[]}",1.4124402157428258e-19,Low
2597,131.52946437965906,0.3848116564829114,0.9363511316599884,1,0.4472361582207766,1,0.121159509261302,26.0216335823828,80.23603895733686,"{""type"":""MultiPoint"",""coordinates"":[]}",8.752878945217267e-05,Low
2598,2471.9627828913603,0.4337688109806516,0.2905494796298737,0,0.230878772692508,1,0.1910983014009309,26.002319803774228,80.22624732073996,"{""type"":""MultiPoint"",""coordinates"":[]}",1.6133107219952474e-15,Low
2599,2158.2400237230336,0.3634137810423224,0.3398944972058092,0,0.1903124683471715,1,0.0905911157747464,25.96845331756292,80.3054787287993,"{""type"":""MultiPoint"",""coordinates"":[]}",1.3963561563383662e-17,Low
2600,960.0520819205592,0.4834205933682373,0.6187672783022196,1,0.404724562779377,1,0.2620294190974819,25.974651693023347,80.31688733290761,"{""type"":""MultiPoint"",""coordinates"":[]}",5.3116121855801826e-06,Low
2601,2396.4139876073164,0.4625882352941176,0.301734739440256,0,0.2600552403139175,1,0.2322689075630252,26.049750850775737,79.96708336127148,"{""type"":""MultiPoint"",""coordinates"":[]}",1.1297664972426877e-13,Low
2602,2880.0868042473994,0.3578959301666478,0.236917475737384,0,0.1443920732949374,1,0.0827084716666397,25.944288636420104,80.34599274811309,"{""type"":""MultiPoint"",""coordinates"":[]}",2.872393013071045e-21,Low
2603,914.4397191723464,0.4336624127137009,0.6330411445975099,1,0.3677842401650333,1,0.1909463038767156,26.03645578457077,79.96627487751577,"{""type"":""MultiPoint"",""coordinates"":[]}",5.25745768314321e-07,Low
2604,700.0,0.4135831381733021,0.7046880897187134,1,0.3792322114646015,1,0.1622616259618602,26.01678267984855,80.03580448050663,"{""type"":""MultiPoint"",""coordinates"":[]}",1.2830010761199436e-06,Low
2607,2060.0,0.4236299229006043,0.3570069605691474,0,0.2487712895710341,1,0.1766141755722919,26.002319803774228,80.18088239889192,"{""type"":""MultiPoint"",""coordinates"":[]}",5.727653578580117e-14,Low
2609,1215.9358535712315,0.7453717754172989,0.5444561204170545,1,0.5995296842387923,1,0.6362453934532842,26.009506326047184,80.17450436037467,"{""type"":""MultiPoint"",""coordinates"":[]}",0.32475547784627506,Low
2610,508.0354318352215,0.3873581847649919,0.7756780600761458,1,0.3851496681147371,1,0.1247974068071313,26.01920813111568,80.05978949859261,"{""type"":""MultiPoint"",""coordinates"":[]}",2.0021215040158555e-06,Low
2611,1040.0,0.4010872134247223,0.5945205479701944,0,0.324454402123554,1,0.1444103048924604,26.013638576354133,80.19588426413672,"{""type"":""MultiPoint"",""coordinates"":[]}",7.506171544008511e-09,Low
2612,2534.501923455573,0.2293114339861023,0.2816047007797173,0,0.1126418803118869,0,0.0,26.049211861605265,80.22364220641602,"{""type"":""MultiPoint"",""coordinates"":[]}",2.120458240836484e-23,Low
2613,1226.906679417795,0.4618083670715249,0.5414777300965854,1,0.3552839780999413,1,0.2311548101021785,26.04112702404819,79.94732042502085,"{""type"":""MultiPoint"",""coordinates"":[]}",1.586823560948029e-07,Low
2614,613.9218191268332,0.4233172647741474,0.7356793583724829,1,0.399972256012548,1,0.1761675211059248,26.02253189766692,80.21322174912022,"{""type"":""MultiPoint"",""coordinates"":[]}",4.882766207335608e-06,Low
2617,848.5281374238571,0.3023535302954431,0.6542510918525355,0,0.2637177484228226,1,0.0033621861363473,26.017501332075845,80.06904214601904,"{""type"":""MultiPoint"",""coordinates"":[]}",2.151254670852964e-12,Low
2622,1229.186723000212,0.533285951196399,0.5408607854168282,1,0.4163037009065019,1,0.3332656445662843,26.01426739705302,79.99421248285189,"{""type"":""MultiPoint"",""coordinates"":[]}",8.349510542407774e-06,Low
2624,943.6630754670864,0.4825748257482575,0.623858600699663,1,0.4060361480640859,1,0.2608211796403679,26.00429609739929,80.30574822338454,"{""type"":""MultiPoint"",""coordinates"":[]}",5.822260909929057e-06,Low
2625,1974.3353311937665,0.463217387308735,0.372630612291602,0,0.2889528626098422,1,0.2331676961553357,26.043552475315312,80.08934407144014,"{""type"":""MultiPoint"",""coordinates"":[]}",1.782539193919925e-11,Low
2626,424.2640687119285,0.5251427018211471,0.808857893484718,1,0.5165226160977276,1,0.3216324311730673,26.02495734893404,80.18384683932952,"{""type"":""MultiPoint"",""coordinates"":[]}",0.005507769914478541,Low
2627,2640.549185302179,0.0519343470209928,0.2670619586453132,0,0.1068247834581253,0,0.0,25.99594176525698,80.101740822361,"{""type"":""MultiPoint"",""coordinates"":[]}",9.589932250954205e-27,Low
2629,3310.422933704997,0.5039465146649365,0.1910516503422552,0,0.2512319584211333,1,0.2913521638070521,26.05091866064509,80.18393667085793,"{""type"":""MultiPoint"",""coordinates"":[]}",1.6040442215573033e-15,Low
2630,528.3937925449162,0.5478564307078764,0.767822343414878,1,0.5195773065441309,1,0.3540806152969663,25.99468412385921,80.29559726067399,"{""type"":""MultiPoint"",""coordinates"":[]}",0.006441823716740343,Low
2633,1406.307221058045,0.4189828162841656,0.4950217338899094,0,0.2999939646566771,1,0.1699754518345223,25.99513328150127,80.32335520295328,"{""type"":""MultiPoint"",""coordinates"":[]}",2.2009474194146663e-10,Low
2634,2403.039741660549,0.4770384254920337,0.300736783319512,0,0.2720419351781194,1,0.252912036417191,26.04984068230415,79.96681386668624,"{""type"":""MultiPoint"",""coordinates"":[]}",5.803201742790176e-13,Low
2643,826.0750571225353,0.3078275747350412,0.6616374520602631,0,0.2713643305969977,1,0.0111822496214874,26.01777082666108,80.0694913036611,"{""type"":""MultiPoint"",""coordinates"":[]}",6.1697787520340465e-12,Low
2644,284.42925306655786,0.3797457698459466,0.8674350619252966,1,0.41532754178093,1,0.1139225283513523,26.03169471356493,80.20621488990409,"{""type"":""MultiPoint"",""coordinates"":[]}",1.316989843589298e-05,Low
2647,3220.388175360232,0.3318797489263297,0.1998488221164872,0,0.107265027926306,1,0.0455424984661853,26.04885253549162,80.12617499808904,"{""type"":""MultiPoint"",""coordinates"":[]}",5.1246804266812725e-24,Low
2650,2510.2390324429266,0.4526358723360865,0.2850417790721921,0,0.2448474593455224,1,0.2180512461944093,26.012201271899546,80.31850430041904,"{""type"":""MultiPoint"",""coordinates"":[]}",9.931025667440732e-15,Low
2651,1647.573974060042,0.4205012088882067,0.4387668997346957,0,0.278793510369484,1,0.1721445841260095,26.003218119058342,80.25292728467831,"{""type"":""MultiPoint"",""coordinates"":[]}",8.438616170526508e-12,Low
2655,1834.12104289766,0.399947271289217,0.3996922026549231,0,0.2455459707384409,1,0.1427818161274528,25.977436470404115,80.38147620183581,"{""type"":""MultiPoint"",""coordinates"":[]}",6.044379750570365e-14,Low
2656,3138.184188348415,0.4780662488809311,0.2082341535611584,0,0.2359218747509757,1,0.2543803555441873,25.96333292044344,80.29730405971381,"{""type"":""MultiPoint"",""coordinates"":[]}",3.638827297217089e-16,Low
2658,1080.0,0.4245290778975076,0.5827482523739896,0,0.339838510576031,1,0.1778986827107252,26.01354874482572,80.01954497386406,"{""type"":""MultiPoint"",""coordinates"":[]}",4.30427110869673e-08,Low
2659,2030.3940504246957,0.3704249168166694,0.3623310344503734,0,0.2052966281944374,1,0.1006070240238134,26.043552475315312,80.06787433614969,"{""type"":""MultiPoint"",""coordinates"":[]}",1.511173240445991e-16,Low
2661,2384.785105622727,0.393436796588082,0.3034942686603318,0,0.2014863902539173,1,0.1334811379829743,25.94824122367023,80.34248931850503,"{""type"":""MultiPoint"",""coordinates"":[]}",3.568671068951318e-17,Low
2662,1094.1663493271944,0.413843410601394,0.578635128900244,0,0.329034117789864,1,0.1626334437162772,26.022352234610093,80.27394786232671,"{""type"":""MultiPoint"",""coordinates"":[]}",1.2692140871722654e-08,Low
2663,2219.954954497951,0.4755013962934755,0.3295663837332063,0,0.2822563217448329,1,0.2507162804192507,26.035198143173,80.2671206661674,"{""type"":""MultiPoint"",""coordinates"":[]}",3.908355178184085e-12,Low
2665,151.32745950421557,0.4185509921550531,0.9271279196818996,1,0.4724663040056626,1,0.1693585602215044,25.96692618157992,80.36494720060801,"{""type"":""MultiPoint"",""coordinates"":[]}",0.00039697213687778774,Low
2666,20.0,0.3424782807498857,0.990049833749168,1,0.4324298884281407,1,0.0606832582141224,26.027562463257983,79.97426988354444,"{""type"":""MultiPoint"",""coordinates"":[]}",3.477886485385776e-05,Low
2667,1619.9382704288455,0.4744232698094283,0.4448717968836633,0,0.3274543785901181,1,0.2491760997277547,25.98165855223948,80.35892848820441,"{""type"":""MultiPoint"",""coordinates"":[]}",5.768703029027907e-09,Low
2668,192.35384061671343,0.4627164734506941,0.908303304551837,1,0.5027925847784727,1,0.232452104929563,26.02684381103069,80.06778450462127,"{""type"":""MultiPoint"",""coordinates"":[]}",0.0024421154430581656,Low
2670,2037.9646709401025,0.4417434078819424,0.3609620916401976,0,0.2658791862691726,1,0.2024905826884892,26.003577445171995,80.15986182124352,"{""type"":""MultiPoint"",""coordinates"":[]}",6.409189695675129e-13,Low
2671,2674.4158240632664,0.3753449862005519,0.2625777863140785,0,0.1696125312689616,1,0.1076356945722171,26.02774212631481,80.29892102722523,"{""type"":""MultiPoint"",""coordinates"":[]}",1.8333078328723525e-19,Low
2672,2946.7948690059848,0.4021134593993326,0.2291456538732427,0,0.1791840838915822,1,0.1458763705704751,25.99980452097869,80.2063047214325,"{""type"":""MultiPoint"",""coordinates"":[]}",2.8050681681964296e-19,Low
2674,1765.0495743746123,0.5170838662525123,0.4137369940160191,1,0.351566682965704,1,0.3101198089321605,26.03636595304236,80.11871898123086,"{""type"":""MultiPoint"",""coordinates"":[]}",5.757260212644864e-08,Low
2675,2330.0,0.5639237563923757,0.3119226620326467,1,0.350989427435095,1,0.3770339377033939,26.001960477660575,80.04712325308653,"{""type"":""MultiPoint"",""coordinates"":[]}",1.8455280347766736e-08,Low
2677,667.6076692189806,0.5427127211457456,0.7161942609751087,1,0.4945171796578255,1,0.3467324587796366,26.011931777314302,80.25454425218972,"{""type"":""MultiPoint"",""coordinates"":[]}",0.0013730139262906533,Low
2679,2339.7649454592656,0.2804363486672841,0.3104034199884845,0,0.1241613679953938,0,0.0,25.924525700169475,80.39144750148954,"{""type"":""MultiPoint"",""coordinates"":[]}",1.2145853869118073e-21,Low
2680,1397.855500400524,0.4718989025606917,0.4971180528529473,0,0.3461891376217718,1,0.2455698608009882,25.94904970742594,80.37123540759686,"{""type"":""MultiPoint"",""coordinates"":[]}",5.9472353152436716e-08,Low
2681,851.4693182963201,0.4106142406030355,0.6532896635608568,1,0.3561280716555161,1,0.1580203437186221,26.02136408779756,79.95684256703251,"{""type"":""MultiPoint"",""coordinates"":[]}",2.2407783603190597e-07,Low
2682,1552.707313050338,0.1878479401940512,0.4600805682228309,0,0.1840322272891323,0,0.0,26.02594549574657,80.27628348206541,"{""type"":""MultiPoint"",""coordinates"":[]}",8.645548382562628e-19,Low
2683,481.6637831516919,0.3306122448979592,0.7859737440905306,0,0.3406285646916059,1,0.043731778425656,26.02675397950228,79.93573215785571,"{""type"":""MultiPoint"",""coordinates"":[]}",4.8700398355509185e-08,Low
2684,2860.43702954636,0.4273781902552204,0.2392566354218201,0,0.2048839601017741,1,0.1819688432217434,25.98866541145561,80.2640663942014,"{""type"":""MultiPoint"",""coordinates"":[]}",1.3104125084142261e-17,Low
2685,629.3647591023825,0.2585216392186901,0.7300207069542896,0,0.2920082827817158,0,0.0,25.968992306733394,80.37276254357985,"{""type"":""MultiPoint"",""coordinates"":[]}",5.4087105647246554e-11,Low
2687,2033.3469944896271,0.4886672710788758,0.3617964575525458,0,0.3064333868029119,1,0.2695246729698226,25.946085266988344,80.3656658528353,"{""type"":""MultiPoint"",""coordinates"":[]}",1.689081041668679e-10,Low
2692,1842.00977196105,0.3912954218846233,0.3981187760312085,0,0.2375007291707319,1,0.1304220312637476,26.041396518633427,80.00094984748279,"{""type"":""MultiPoint"",""coordinates"":[]}",1.957032660198499e-14,Low
2693,1423.6923825040296,0.6836266258607497,0.4907373655946103,1,0.5251177684042011,1,0.5480380369439283,26.032054039678584,80.11395791022503,"{""type"":""MultiPoint"",""coordinates"":[]}",0.004465385859625948,Low
2694,996.8951800465284,0.4744617982271001,0.6074729752007034,1,0.3925278742749386,1,0.2492311403244287,26.027921789371632,80.25382559996243,"{""type"":""MultiPoint"",""coordinates"":[]}",2.4562181405823907e-06,Low
2695,1206.5239326262863,0.4209513335166346,0.5470243476469718,0,0.3224823106444756,1,0.172787619309478,26.02343021295104,79.91884383051426,"{""type"":""MultiPoint"",""coordinates"":[]}",5.2345640621199895e-09,Low
2696,417.6122603564221,0.3277980737296579,0.8115525559424824,0,0.3484479427166997,1,0.0397115338995113,25.96791432839245,80.36979810314226,"{""type"":""MultiPoint"",""coordinates"":[]}",1.0846074034625225e-07,Low
2697,1294.488315899375,0.4524666525513445,0.5234864366686015,0,0.3400802768543073,1,0.2178095036447778,25.940964869868864,80.40662902979116,"{""type"":""MultiPoint"",""coordinates"":[]}",3.658488581194106e-08,Low
2699,2566.398254363496,0.3730032661657356,0.2771492450262958,0,0.1734339261525774,1,0.1042903802367651,26.048313546321147,80.06760484156445,"{""type"":""MultiPoint"",""coordinates"":[]}",4.343262476488664e-19,Low
2701,1714.7011401407535,0.4930802688809806,0.4242847071048918,0,0.3352112561685116,1,0.275828955544258,26.03672527915601,80.17189924605073,"{""type"":""MultiPoint"",""coordinates"":[]}",1.2190837033446718e-08,Low
2705,1614.465855941215,0.4953472690492245,0.4460907251765855,0,0.345876806398541,1,0.2790675272131779,26.04337281225849,79.96007650205534,"{""type"":""MultiPoint"",""coordinates"":[]}",4.318134980833355e-08,Low
2707,1040.0,0.4058694973462378,0.5945205479701944,0,0.3285535026277102,1,0.151242139066054,26.03241336579223,80.03346886076791,"{""type"":""MultiPoint"",""coordinates"":[]}",1.2377079330633082e-08,Low
2709,2137.7090541044167,0.3213736545361353,0.3434016495143762,0,0.1556809351224379,1,0.030533792194479,25.99710957512633,80.25750869262731,"{""type"":""MultiPoint"",""coordinates"":[]}",1.2271187792456493e-19,Low
2710,3097.821815405141,0.4661906761864762,0.2124792573818912,0,0.2274408539697361,1,0.2374152516949661,26.028460778542104,80.30431091892994,"{""type"":""MultiPoint"",""coordinates"":[]}",1.3024408396490038e-16,Low
2713,294.27877939124323,0.4023591087811271,0.8631736515178654,1,0.433005839562398,1,0.146227298258753,26.02549633810451,79.96600538293053,"{""type"":""MultiPoint"",""coordinates"":[]}",3.8091986996764576e-05,Low
2714,2213.526597987925,0.4035561005518087,0.3306273730283273,0,0.2210133211128812,1,0.1479372865025838,26.027113305615927,80.29065652661133,"{""type"":""MultiPoint"",""coordinates"":[]}",8.43459394277787e-16,Low
2715,291.547594742265,0.5226680562793121,0.8643532000389769,1,0.5365996139692869,1,0.3180972232561602,26.03160488203652,79.95836970301552,"{""type"":""MultiPoint"",""coordinates"":[]}",0.018242319125169888,Low
2717,859.8837130682264,0.334043913877638,0.6505469186762718,0,0.2893992650799127,1,0.04863416268234,26.024238696706743,79.92782698335546,"{""type"":""MultiPoint"",""coordinates"":[]}",7.402978365633968e-11,Low
2719,923.4717104492156,0.3697935530604853,0.6301887790324286,0,0.3118985570933874,1,0.0997050758006932,26.023879370593097,80.26424605725822,"{""type"":""MultiPoint"",""coordinates"":[]}",1.552196020095982e-09,Low
2722,813.9410298049853,0.2778135266027703,0.6656638171747262,0,0.2662655268698905,0,0.0,26.032233702735407,80.137942928311,"{""type"":""MultiPoint"",""coordinates"":[]}",3.5919241023807436e-12,Low
2724,1215.1131634543344,0.4239955434858297,0.5446801258203294,0,0.3241539447445573,1,0.1771364906940424,26.017321669019022,80.21178444466564,"{""type"":""MultiPoint"",""coordinates"":[]}",6.397063583124024e-09,Low
2726,1399.1783303067557,0.2701266857376379,0.4967893602524098,0,0.1987157441009639,0,0.0,26.044271127542608,79.93168973907717,"{""type"":""MultiPoint"",""coordinates"":[]}",1.7176685671837288e-16,Low
2730,2631.805463935357,0.5778846153846153,0.2682320722454572,0,0.3454796420849961,1,0.3969780219780219,25.93835975554492,80.36548618977848,"{""type"":""MultiPoint"",""coordinates"":[]}",4.947672989508988e-09,Low
2731,2674.4158240632664,0.4361571096209115,0.2625777863140785,0,0.2217372084864126,1,0.1945101566013021,26.039599888065187,80.26667150852533,"{""type"":""MultiPoint"",""coordinates"":[]}",2.463670439588115e-16,Low
2733,1421.724305201258,0.3635514018691588,0.491220507806353,0,0.2509608332961059,1,0.0907877169559412,25.97887377485871,80.30179563613441,"{""type"":""MultiPoint"",""coordinates"":[]}",2.5448746848636113e-13,Low
2740,1161.077086157504,0.3344208809135399,0.5595969183539934,0,0.253342379553203,1,0.0491726870193427,26.041037192519777,79.94202036484454,"{""type"":""MultiPoint"",""coordinates"":[]}",4.602821511108166e-13,Low
2741,1140.043858805441,0.393014946017597,0.5655130372004225,0,0.3059323114666807,1,0.1328784943108529,26.0148962177519,80.08889491379809,"{""type"":""MultiPoint"",""coordinates"":[]}",6.360398182963763e-10,Low
2742,3316.986584235758,0.4895857175555047,0.1904256799337483,0,0.2386723155925033,1,0.2708367393650067,25.996121428313803,80.354257248727,"{""type"":""MultiPoint"",""coordinates"":[]}",2.75925178434636e-16,Low
2743,1945.8674158328467,0.4828256107138428,0.377972548915459,0,0.3078966858923346,1,0.2611794438769182,26.04292365461643,80.09096103895156,"{""type"":""MultiPoint"",""coordinates"":[]}",2.5033812130586345e-10,Low
2746,2517.6576415390555,0.2841414851253221,0.2839864308187685,0,0.1135945723275074,0,0.0,25.967734665335627,80.30053799473664,"{""type"":""MultiPoint"",""coordinates"":[]}",1.94033344434939e-22,Low
2747,2111.918559035836,0.4354340615349422,0.3478585735975025,0,0.2552297678975229,1,0.1934772307642032,26.01085379897336,80.31473137622574,"{""type"":""MultiPoint"",""coordinates"":[]}",1.2328332707540932e-13,Low
2749,813.0190649671138,0.4431028174167581,0.6659707472306099,1,0.3890478566780367,1,0.2044325963096545,26.03241336579223,79.99789557551678,"{""type"":""MultiPoint"",""coordinates"":[]}",2.2568677536232165e-06,Low
2751,1507.9124643028852,0.5668925391137759,0.4705014528146179,1,0.4169656146519408,1,0.3812750558768227,26.010135146746062,80.19839954693225,"{""type"":""MultiPoint"",""coordinates"":[]}",6.310355944180166e-06,Low
2752,2210.0,0.6703386372909017,0.331210882241981,1,0.4499174705747081,1,0.5290551961298596,26.001331656961696,80.1867214482387,"{""type"":""MultiPoint"",""coordinates"":[]}",1.5873981431648988e-05,Low
2753,371.6180835212409,0.4212740384615384,0.8304321577047811,1,0.4361220389060882,1,0.1732486263736263,26.005553738797055,80.28185303682696,"{""type"":""MultiPoint"",""coordinates"":[]}",4.5731514031523394e-05,Low
2755,2555.562560376873,0.3708851115256286,0.2786548721760273,0,0.1722206158923783,1,0.1012644450366122,26.04561860046879,80.05017752505253,"{""type"":""MultiPoint"",""coordinates"":[]}",3.795369108967379e-19,Low
2758,1768.1628884240274,0.4237107921318447,0.4130934484377276,0,0.2712752012023866,1,0.1767297030454925,26.039510056536777,80.16516188141983,"{""type"":""MultiPoint"",""coordinates"":[]}",2.4043460424689928e-12,Low
2759,441.47480109288233,0.5199670646356526,0.8019272382973474,1,0.5093140935780698,1,0.314238663765218,25.96503971948327,80.3475198840961,"{""type"":""MultiPoint"",""coordinates"":[]}",0.003576395125221038,Low
2761,907.5791976461336,0.4934345831355797,0.6352163694585682,1,0.4198876190424956,1,0.2763351187651139,26.020106446399797,80.2754749983097,"{""type"":""MultiPoint"",""coordinates"":[]}",1.375181361885346e-05,Low
2762,1001.7983829094557,0.3347921225382932,0.6059855176566596,0,0.2722160263812009,1,0.0497030321975617,26.03196420815017,79.91578955854825,"{""type"":""MultiPoint"",""coordinates"":[]}",6.7893047463785226e-12,Low
2764,1408.0127840328723,0.5151158687213269,0.4945997684671034,1,0.3822249377194073,1,0.3073083838876098,25.949139538954352,80.37105574454003,"{""type"":""MultiPoint"",""coordinates"":[]}",8.581430956462586e-07,Low
2765,1397.4262055650738,0.385489891429979,0.4972247694121038,0,0.2721669575619664,1,0.1221284163285414,26.03924056195154,80.07739647816135,"{""type"":""MultiPoint"",""coordinates"":[]}",4.901502965267129e-12,Low
2767,3507.36368231183,0.6580167886848863,0.1731353117852361,1,0.3761256578725684,1,0.5114525552641234,25.979143269443945,80.27071392730387,"{""type"":""MultiPoint"",""coordinates"":[]}",9.089539861865878e-09,Low
2769,2943.229518742974,0.3525077252198716,0.229554510452847,0,0.1368284257981716,1,0.075011036028388,26.044720285184667,80.17522301260198,"{""type"":""MultiPoint"",""coordinates"":[]}",8.15071349238418e-22,Low
2771,3015.592810709032,0.4166666666666667,0.2213973107487056,0,0.1885589242994823,1,0.1666666666666667,26.02549633810451,80.306287212555,"{""type"":""MultiPoint"",""coordinates"":[]}",8.076151947008821e-19,Low
2773,563.2051136131489,0.3820891751926235,0.7545735250558271,1,0.3721915601874367,1,0.1172702502751764,26.026035327274982,80.17746880081226,"{""type"":""MultiPoint"",""coordinates"":[]}",8.321942505529598e-07,Low
2774,1339.589489358587,0.5012615643397813,0.5118136194745982,1,0.3772353600810804,1,0.2875165204854019,25.95812269179555,80.34105201405043,"{""type"":""MultiPoint"",""coordinates"":[]}",6.75155546696078e-07,Low
2775,14.142135623730953,0.47992700729927,0.9929538733665888,1,0.5514046984602956,1,0.2570385818561001,26.02271156072374,80.1934588128696,"{""type"":""MultiPoint"",""coordinates"":[]}",0.040753768257440655,Low
2776,2361.39789108062,0.5127272727272727,0.3070640425363227,0,0.3051632793521914,1,0.3038961038961039,26.044720285184667,80.09994419179276,"{""type"":""MultiPoint"",""coordinates"":[]}",6.17552672047369e-11,Low
2777,2313.201245028197,0.4175580221997982,0.3145536520888777,0,0.2265854798639495,1,0.1679400317139974,26.001960477660575,80.3280264424307,"{""type"":""MultiPoint"",""coordinates"":[]}",1.3967914730494364e-15,Low
2778,2981.559994365366,0.3624666743943433,0.2251969340431092,0,0.1436216373838237,1,0.0892381062776333,25.95452943065907,80.31473137622574,"{""type"":""MultiPoint"",""coordinates"":[]}",1.826374111170314e-21,Low
2779,2076.6318884193224,0.4024187811240218,0.3540504208505252,0,0.229407695017943,1,0.1463125444628883,25.984263666563425,80.28562596102026,"{""type"":""MultiPoint"",""coordinates"":[]}",3.7904875031635605e-15,Low
2781,1521.0851389715174,0.4126971546326385,0.4674127543008585,0,0.2835626628340336,1,0.1609959351894836,25.99917570027981,80.26909695979246,"{""type"":""MultiPoint"",""coordinates"":[]}",1.9903664067878647e-11,Low
2783,2450.1836665850174,0.4518666223551567,0.2937307248253556,0,0.2476636805202766,1,0.2169523176502239,26.02837094701369,80.29317180940686,"{""type"":""MultiPoint"",""coordinates"":[]}",1.7480543148334784e-14,Low
2785,941.5412895885128,0.547422450345905,0.6245207990829449,1,0.4618847056439537,1,0.3534606433512928,25.97887377485871,80.30943131604943,"{""type"":""MultiPoint"",""coordinates"":[]}",0.00016515317062894272,Low
2786,488.2622246293481,0.3999044433827042,0.7833849161195697,1,0.3989863464901458,1,0.1427206334038632,26.02998791452511,79.92117945025296,"{""type"":""MultiPoint"",""coordinates"":[]}",4.778682165669526e-06,Low
2789,2482.196607845559,0.6459747817652765,0.2890665605913849,1,0.4121764371782195,1,0.4942496882361092,25.93395801065273,80.37204389135256,"{""type"":""MultiPoint"",""coordinates"":[]}",1.0197450166016547e-06,Low
2790,2480.0,0.3961218836565097,0.2893842179390506,0,0.1981438731669142,1,0.1373169766521567,26.00088249931964,80.02538402321083,"{""type"":""MultiPoint"",""coordinates"":[]}",1.709513312483909e-17,Low
2792,430.11626335213134,0.2864708714492056,0.8064945559343359,0,0.3225978223737344,0,0.0,25.9412343644541,80.3956695833249,"{""type"":""MultiPoint"",""coordinates"":[]}",5.329245145501652e-09,Low
2794,2159.837956884729,0.3480130741441596,0.3396230413180593,0,0.1770032800793606,1,0.0685901059202281,26.03097606133764,80.2784394387473,"{""type"":""MultiPoint"",""coordinates"":[]}",2.2103967281460957e-18,Low
2795,1000.0,0.436945521456266,0.6065306597126334,1,0.3599941394189957,1,0.1956364592232372,26.03187437662176,80.0439791495921,"{""type"":""MultiPoint"",""coordinates"":[]}",2.7940165229721866e-07,Low
2798,1188.4864324004711,0.4242692648361382,0.5519801374680168,0,0.3273085677038966,1,0.1775275211944831,26.03672527915601,80.1417158525043,"{""type"":""MultiPoint"",""coordinates"":[]}",9.622000550149405e-09,Low
2799,2727.288030260097,0.4974166275246595,0.2557272032105344,0,0.2715051334482076,1,0.2820237536066564,26.048313546321147,79.99978203761343,"{""type"":""MultiPoint"",""coordinates"":[]}",2.0175113519421536e-13,Low
2800,2526.024544615511,0.4244538487933204,0.2828008689473104,0,0.2197950751160559,1,0.1777912125618863,25.94815139214182,80.33665026915824,"{""type"":""MultiPoint"",""coordinates"":[]}",2.9722109577194977e-16,Low
2802,1747.9702514631076,0.4095848643577515,0.4172852969660561,0,0.2608440025216381,1,0.1565498062253593,26.00797919006418,80.06005899317785,"{""type"":""MultiPoint"",""coordinates"":[]}",5.921803970027382e-13,Low
2806,646.297145282261,0.3512544802867383,0.7238662996503045,0,0.3334789315344689,1,0.0732206861239119,26.01579453303602,80.19103336160248,"{""type"":""MultiPoint"",""coordinates"":[]}",2.320525938974505e-08,Low
2808,1056.219674120871,0.5517728387720211,0.5897185811000524,1,0.4516927228160391,1,0.3596754839600302,26.00717070630847,80.25795785026938,"{""type"":""MultiPoint"",""coordinates"":[]}",8.178154892549713e-05,Low
2811,3521.3917703090065,0.4760577039641168,0.1719251820036379,0,0.2196766761992696,1,0.2515110056630241,26.013638576354133,80.32982307299893,"{""type"":""MultiPoint"",""coordinates"":[]}",9.15084912402373e-18,Low
2813,1424.1137595009743,0.3664171518343961,0.4906339837669723,0,0.2531825807934142,1,0.0948816454777087,25.943300489607573,80.4084256603594,"{""type"":""MultiPoint"",""coordinates"":[]}",3.4483581406176236e-13,Low
2814,2464.163143949686,0.5518869735478173,0.2916847824469287,0,0.332577033162615,1,0.3598385336397391,26.003038456001523,80.14279383084525,"{""type"":""MultiPoint"",""coordinates"":[]}",1.705115615548677e-09,Low
2816,569.2099788303083,0.4759115152574975,0.7523113665871758,1,0.4517058454270111,1,0.2513021646535679,26.01067413591654,80.26137144834904,"{""type"":""MultiPoint"",""coordinates"":[]}",0.00011094816908143982,Low
2817,3156.8655340384707,0.4342569808494704,0.2062981622642044,0,0.1975966770623706,1,0.1917956869278148,25.93027491798784,80.3671031572899,"{""type"":""MultiPoint"",""coordinates"":[]}",1.70433854490064e-18,Low
2819,2931.023711947756,0.5904319238181612,0.2309597430926136,0,0.3413255462240408,1,0.4149027483116589,26.04058803487772,80.26882746520722,"{""type"":""MultiPoint"",""coordinates"":[]}",1.2710115482946276e-09,Low
2820,1248.0785231707175,0.6159858799798286,0.5357759218424202,1,0.4851554087196782,1,0.4514083999711837,25.98722810700102,80.33422481789113,"{""type"":""MultiPoint"",""coordinates"":[]}",0.0005016527455188798,Low
2821,1687.601848778319,0.4759858442871587,0.4300727388908782,0,0.3228741049453445,1,0.2514083489816553,26.04400163295737,79.960435828169,"{""type"":""MultiPoint"",""coordinates"":[]}",2.932683797424628e-09,Low
2824,2171.128738697915,0.4312522555034283,0.3377111382866895,0,0.2475863886033286,1,0.1875032221477547,25.998546879580925,80.11135279590107,"{""type"":""MultiPoint"",""coordinates"":[]}",3.698804923873548e-14,Low
2827,1807.1247881648903,0.4090394316894883,0.4051238751468734,0,0.2555119200783108,1,0.155770616699269,25.984712824205484,80.35246061815876,"{""type"":""MultiPoint"",""coordinates"":[]}",2.5283506891586243e-13,Low
2828,2264.9724060129297,0.3056805741393991,0.3222311277095331,0,0.1337615146318696,1,0.0081151059134272,26.00932666299036,79.94938655017432,"{""type"":""MultiPoint"",""coordinates"":[]}",4.2724691512092086e-21,Low
2829,2459.7764126033894,0.5148221343873518,0.2923252559756852,0,0.3010633604365756,1,0.3068887634105026,25.98040091084171,80.28553612949185,"{""type"":""MultiPoint"",""coordinates"":[]}",2.6737114958386432e-11,Low
2830,1037.4005976477938,0.3652841098632269,0.5952937493821584,0,0.2940753082070579,1,0.0932630140903242,25.93620379886303,80.39854419223408,"{""type"":""MultiPoint"",""coordinates"":[]}",1.3506334032585626e-10,Low
2831,2860.43702954636,0.4628394860953,0.2392566354218201,0,0.235279356536128,1,0.232627837279,26.05028983994621,79.98262421568674,"{""type"":""MultiPoint"",""coordinates"":[]}",8.742139055064983e-16,Low
2833,2391.401262858243,0.3737596471885336,0.3024919445570994,0,0.1842193325558686,1,0.105370924555048,26.019477625700908,80.30502957115723,"{""type"":""MultiPoint"",""coordinates"":[]}",3.2216547142047255e-18,Low
2834,939.0420650854784,0.5126323046352245,0.6253016957322002,1,0.4323769394087868,1,0.3037604351931778,26.01309958718366,80.16821615338584,"{""type"":""MultiPoint"",""coordinates"":[]}",2.8373174458792445e-05,Low
2836,1234.220401711137,0.4455822814955942,0.5395012373060295,0,0.3405853076329211,1,0.2079746878508488,25.969082138261804,80.38497963144388,"{""type"":""MultiPoint"",""coordinates"":[]}",4.094084183000105e-08,Low
2839,1673.140759171206,0.524888558692422,0.4331936685119031,1,0.366039089141123,1,0.3212693695606029,25.99513328150127,80.27646314512224,"{""type"":""MultiPoint"",""coordinates"":[]}",2.0708502280292098e-07,Low
2840,737.5635565834309,0.3779646228285872,0.6915763109488118,0,0.3434573439468852,1,0.1113780326122674,26.015075880808723,80.19166218230136,"{""type"":""MultiPoint"",""coordinates"":[]}",7.131936938413268e-08,Low
2842,1232.233744059949,0.4672946604508098,0.5400374056881573,1,0.3594103855188142,1,0.2389923720725855,26.03834224666742,80.19696224247767,"{""type"":""MultiPoint"",""coordinates"":[]}",2.1868610172676308e-07,Low
2843,102.95630140987,0.4403148229121119,0.9498244027291172,1,0.5001996093020286,1,0.2004497470173027,25.9615362898752,80.37788294069934,"{""type"":""MultiPoint"",""coordinates"":[]}",0.002053173567673489,Low
2846,704.5565981523414,0.5159413544333256,0.7030844270002343,1,0.4663263603143728,1,0.3084876491904651,26.034389659417293,79.96807150808401,"{""type"":""MultiPoint"",""coordinates"":[]}",0.0002505803791695786,Low
2847,1597.0284906663371,0.4672919109026963,0.4499970529077217,0,0.3233918876511141,1,0.238988444146709,26.02908959924099,80.26783931839469,"{""type"":""MultiPoint"",""coordinates"":[]}",3.6318644673604685e-09,Low
2849,1537.3353570382749,0.441429661109295,0.4636303616933636,0,0.3066775684853126,1,0.2020423730132786,26.041037192519777,79.97696482939679,"{""type"":""MultiPoint"",""coordinates"":[]}",4.5251965156174936e-10,Low
2853,1173.4564329364769,0.3803629371469775,0.5561438937711715,0,0.2913400750630208,1,0.1148041959242536,26.016603016791727,79.97579701952743,"{""type"":""MultiPoint"",""coordinates"":[]}",8.561334377562814e-11,Low
2857,2637.3471519691907,0.4281298299845441,0.2674898717486919,0,0.2168215172576574,1,0.1830426142636344,25.994324797745563,80.25148998022372,"{""type"":""MultiPoint"",""coordinates"":[]}",1.4029109762757898e-16,Low
2858,206.15528128088303,0.3973418881759853,0.9020569344845072,1,0.4442586779446475,1,0.1390598402514076,26.020286109456617,80.19229100300024,"{""type"":""MultiPoint"",""coordinates"":[]}",7.42582492306331e-05,Low
2859,1162.1101496846156,0.2267224630100134,0.5593079434096694,0,0.2237231773638677,0,0.0,26.015165712337136,79.9912480424143,"{""type"":""MultiPoint"",""coordinates"":[]}",1.3770433203537802e-15,Low
2860,1454.9570440394452,0.4252471421016232,0.4831256462384464,0,0.3006049517253413,1,0.1789244887166046,26.008697842291475,80.16129912569812,"{""type"":""MultiPoint"",""coordinates"":[]}",2.2445254597134408e-10,Low
2861,3424.2663447810246,0.4188800541363559,0.1804803859175354,0,0.1740893436267478,1,0.1698286487662227,25.9983672165241,80.14324298848732,"{""type"":""MultiPoint"",""coordinates"":[]}",2.4453717733431193e-20,Low
2862,85.44003745317531,0.5021834061135371,0.958179624866446,1,0.5565719123296102,1,0.288833437305053,26.02657431644545,79.99025989560177,"{""type"":""MultiPoint"",""coordinates"":[]}",0.05603176655355355,Low
2863,1662.0770138594662,0.5154639175257731,0.4355966811734546,1,0.358922030348616,1,0.3078055964653902,26.010045315217656,80.15186681521486,"{""type"":""MultiPoint"",""coordinates"":[]}",1.2386405648029317e-07,Low
2867,1372.7709204379294,0.4256022673594709,0.5033923161922319,0,0.3090160127850107,1,0.1794318105135299,26.010135146746062,80.23621862039369,"{""type"":""MultiPoint"",""coordinates"":[]}",7.712114918304086e-10,Low
2868,1379.0213921473444,0.5043295108822841,0.5018215522590489,1,0.375868201659863,1,0.2918993012604058,26.03528797470141,80.16471272377777,"{""type"":""MultiPoint"",""coordinates"":[]}",5.905768279207344e-07,Low
2869,2685.218799278748,0.2707350901525658,0.2611632992614739,0,0.1044653197045895,0,0.0,25.99288749329097,80.25472391524654,"{""type"":""MultiPoint"",""coordinates"":[]}",1.9974722243759464e-23,Low
2870,2290.8513701242164,0.3299569612651385,0.318088483450443,0,0.1529127887502959,1,0.0427956589501979,26.048223714792734,80.19750123164813,"{""type"":""MultiPoint"",""coordinates"":[]}",5.622279440118472e-20,Low
2871,1999.124808509964,0.4365024288688411,0.3680404588773406,0,0.2642182654385143,1,0.1950034698126301,25.92740030907866,80.39270514288731,"{""type"":""MultiPoint"",""coordinates"":[]}",5.576394858714432e-13,Low
2873,1329.0974381135493,0.2881018262313226,0.514505661924226,0,0.2058022647696904,0,0.0,26.01067413591654,80.13102590062329,"{""type"":""MultiPoint"",""coordinates"":[]}",9.661141409283598e-16,Low
2877,720.0,0.3937984496124031,0.697676326071031,1,0.3594692015247579,1,0.1339977851605759,26.016423353734904,80.04703342155811,"{""type"":""MultiPoint"",""coordinates"":[]}",3.0911851089600664e-07,Low
2878,2471.9627828913603,0.4280326499824897,0.2905494796298737,0,0.2259620632655121,1,0.182903785689271,26.050110176889387,80.21735399942717,"{""type"":""MultiPoint"",""coordinates"":[]}",8.17792846697486e-16,Low
2880,1055.1303237041384,0.54425658876181,0.5900398736831998,1,0.4453787398405456,1,0.3489379839454429,25.957224376511427,80.35812000444871,"{""type"":""MultiPoint"",""coordinates"":[]}",5.613431602739219e-05,Low
2881,726.2231062146122,0.2906757912745936,0.6955088429988494,0,0.2782035371995398,0,0.0,26.030706566752404,80.1927401606423,"{""type"":""MultiPoint"",""coordinates"":[]}",2.886141274185207e-11,Low
2882,284.42925306655786,0.4693554764729142,0.8674350619252966,1,0.4921358617469022,1,0.241936394961306,26.017501332075845,80.11925797040132,"{""type"":""MultiPoint"",""coordinates"":[]}",0.0013032129225919648,Low
2883,1740.0,0.3512241054613936,0.418951549247639,0,0.2114869958088215,1,0.0731772935162766,26.03681511068441,80.1852841437841,"{""type"":""MultiPoint"",""coordinates"":[]}",6.566515072824342e-16,Low
2885,2118.5136298829893,0.4033931404857805,0.3467133868133685,0,0.2273080465703021,1,0.1477044864082579,26.017950489717908,80.30269395141853,"{""type"":""MultiPoint"",""coordinates"":[]}",2.560728947305347e-15,Low
2886,1140.0,0.3684746193969722,0.5655254386995371,0,0.2849027063915053,1,0.0978208848528174,26.0126504295416,80.04739274767176,"{""type"":""MultiPoint"",""coordinates"":[]}",3.6269344141064755e-11,Low
2887,310.0,0.4964302712993812,0.8564151774836135,1,0.5109348749643436,1,0.2806146732848303,26.030257409110344,79.97382072590237,"{""type"":""MultiPoint"",""coordinates"":[]}",0.003994810429343819,Low
2888,2173.29243315298,0.5203358921073837,0.3373459839842267,0,0.3237977296857339,1,0.3147655601534054,26.043193149201667,80.01289744076158,"{""type"":""MultiPoint"",""coordinates"":[]}",1.197044177071373e-09,Low
2889,2841.2145290350745,0.4125523012552301,0.2415672771106257,0,0.1931003119201618,1,0.1607890017931859,25.99189934647844,80.25445442066132,"{""type"":""MultiPoint"",""coordinates"":[]}",2.7418501686403518e-18,Low
2893,735.3910524340095,0.5746586075665995,0.6923279453096854,1,0.512352841752388,1,0.3923694393808564,25.99818755346728,80.30997030521989,"{""type"":""MultiPoint"",""coordinates"":[]}",0.0038400031012062806,Low
2896,2213.0521909796885,0.371353840905214,0.3307058083019602,0,0.1934427583823961,1,0.1019340584360201,26.05091866064509,79.93815760912283,"{""type"":""MultiPoint"",""coordinates"":[]}",1.870330568686819e-17,Low
2898,1394.6325680981354,0.4082191780821917,0.4979197875789571,0,0.2919272105306044,1,0.1545988258317025,26.01354874482572,80.14530911364079,"{""type"":""MultiPoint"",""coordinates"":[]}",7.440227520247645e-11,Low
2901,493.3558553417604,0.4770159143347335,0.7813923178523529,1,0.4642848537135699,1,0.2528798776210479,26.010494472859715,80.2640663942014,"{""type"":""MultiPoint"",""coordinates"":[]}",0.0002407621457385411,Low
2902,50.0,0.4129064532266133,0.9753099120283326,1,0.4869009247198588,1,0.1612949331808762,26.02369970753627,80.01927547927882,"{""type"":""MultiPoint"",""coordinates"":[]}",0.0009131890323502909,Low
2905,1090.0,0.4717895220750747,0.5798417833398464,1,0.3791848751145741,1,0.2454136029643925,26.01345891329731,80.01945514233564,"{""type"":""MultiPoint"",""coordinates"":[]}",9.844225389564316e-07,Low
2907,596.657355607052,0.3687873003600164,0.7420574018645516,1,0.355783503911549,1,0.0982675719428806,26.021004761683912,80.08404401126384,"{""type"":""MultiPoint"",""coordinates"":[]}",2.3080973490236707e-07,Low
2910,732.4616030891996,0.4558503901302519,0.6933427581618541,1,0.4109231519478148,1,0.2226434144717885,26.025676001161333,80.25301711620672,"{""type"":""MultiPoint"",""coordinates"":[]}",8.968968211889062e-06,Low
2911,2607.220742476556,0.5768882448831734,0.2715496261473263,0,0.3459526317873649,1,0.3955546355473905,26.04705590492338,80.09940520262228,"{""type"":""MultiPoint"",""coordinates"":[]}",5.568544630888983e-09,Low
2912,260.768096208106,0.5644140723867376,0.8777582647832907,1,0.5777439393876628,1,0.3777343891239109,26.00717070630847,80.28930905368514,"{""type"":""MultiPoint"",""coordinates"":[]}",0.1781728815972399,Low
2913,2266.384786394402,0.5706033376123235,0.3220036515781548,1,0.3607471785846821,1,0.3865761965890336,26.003667276700405,80.3242535182374,"{""type"":""MultiPoint"",""coordinates"":[]}",5.033183804719586e-08,Low
2914,1905.41334098405,0.6311886586695747,0.3856956583059628,1,0.4381542564677349,1,0.4731266552422496,25.95695488192619,80.32892475771482,"{""type"":""MultiPoint"",""coordinates"":[]}",1.2867076317328055e-05,Low
2915,370.0,0.4778233685033216,0.8311042838521256,1,0.4848617436865545,1,0.2540333835761738,26.01965728875773,80.04011639387039,"{""type"":""MultiPoint"",""coordinates"":[]}",0.0008411967693899379,Low
2917,130.0,0.6271906532129581,0.9370674633774034,2,0.6552761166763541,1,0.4674152188756544,25.988485748398787,80.31230592495861,"{""type"":""MultiPoint"",""coordinates"":[]}",0.9562191752176146,High
2918,30.0,0.4168359286842699,0.9851119396030626,1,0.4941898575705993,1,0.166908469548957,26.027382800201163,80.21816248318288,"{""type"":""MultiPoint"",""coordinates"":[]}",0.0014001376334030653,Low
2919,2398.520377232597,0.5006792452830188,0.3014171212641509,0,0.2925776301768193,1,0.2866846361185983,26.00043334167757,80.19453679121054,"{""type"":""MultiPoint"",""coordinates"":[]}",9.955231177824044e-12,Low
2923,538.2378656319155,0.5711349623201645,0.7640523793432041,1,0.5380223480117083,1,0.3873356604573779,25.952373473977183,80.37833209834139,"{""type"":""MultiPoint"",""coordinates"":[]}",0.01908157332723581,Low
2924,2864.349838968697,0.5418904093769848,0.2387890101943552,0,0.3028502406865863,1,0.3455577276814069,26.0028587929447,80.20962848798375,"{""type"":""MultiPoint"",""coordinates"":[]}",9.671119426375827e-12,Low
2925,806.2257748298549,0.6321353065539113,0.6682366595564831,1,0.5519820694402315,1,0.4744790093627304,25.953361620789718,80.39593907791014,"{""type"":""MultiPoint"",""coordinates"":[]}",0.037952974081414854,Low
2928,666.1080993352356,0.3064848290696077,0.7167314540119019,0,0.2922510065215674,1,0.009264041528011,26.019747120286144,79.99017006407335,"{""type"":""MultiPoint"",""coordinates"":[]}",1.0382359675213046e-10,Low
2930,786.3841300535,0.4718939175554916,0.6748991106214332,1,0.417297287867566,1,0.245562739364988,26.03286252343429,79.99088871630065,"{""type"":""MultiPoint"",""coordinates"":[]}",1.2759406176086994e-05,Low
2931,2080.8171471804053,0.4574718336015847,0.3533102992078962,0,0.2762999770559454,1,0.2249597622879782,26.000523173205988,80.24861537131453,"{""type"":""MultiPoint"",""coordinates"":[]}",2.437633522607719e-12,Low
2933,1153.7764081484763,0.2347729789590254,0.5616433696599693,0,0.2246573478639877,0,0.0,25.97222624175622,80.3175161536065,"{""type"":""MultiPoint"",""coordinates"":[]}",2.123986737065829e-15,Low
2935,2328.797973204202,0.4234979323765507,0.3121101880788249,0,0.230699445840002,1,0.1764256176807867,25.97510085066541,80.39324413205777,"{""type"":""MultiPoint"",""coordinates"":[]}",2.3630351555524637e-15,Low
2939,1288.875478857442,0.4006394729192907,0.5249576221153998,0,0.296245454205552,1,0.1437706755989868,25.95282263161924,80.40438324158086,"{""type"":""MultiPoint"",""coordinates"":[]}",1.510399883255543e-10,Low
2940,2052.3157651784486,0.325459637160599,0.3583812616505708,0,0.1651750507978847,1,0.0363709102294272,26.05028983994621,79.91992180885521,"{""type"":""MultiPoint"",""coordinates"":[]}",5.60952494784484e-19,Low
2941,136.01470508735443,0.6084472049689441,0.9342536044115286,1,0.6380847603094207,1,0.4406388642413488,25.97626866053476,80.32820610548752,"{""type"":""MultiPoint"",""coordinates"":[]}",0.8867853641698108,High
2942,1425.0614021858848,0.4485448226461146,0.4904015659807317,0,0.3234847600889624,1,0.2122068894944495,26.04220500238913,80.20675387907457,"{""type"":""MultiPoint"",""coordinates"":[]}",4.693626133062063e-09,Low
2943,882.9496021857647,0.4514715090795241,0.6430872955232105,1,0.3870676402774478,1,0.2163878701136059,26.03340151260476,80.22606765768313,"{""type"":""MultiPoint"",""coordinates"":[]}",1.906983353544864e-06,Low
2945,834.8652585896721,0.405590622182146,0.658735869853199,1,0.3540005955259762,1,0.1508437459744943,26.013369081768897,80.17944509443733,"{""type"":""MultiPoint"",""coordinates"":[]}",1.8859330895349488e-07,Low
2946,568.59475903318,0.5279960707269156,0.752542820607289,1,0.496442331723129,1,0.3257086724670223,25.98165855223948,80.33161970356718,"{""type"":""MultiPoint"",""coordinates"":[]}",0.0016040677492618345,Low
2947,2855.591007129697,0.2742969906265417,0.2398370598345718,0,0.0959348239338287,0,0.0,26.044271127542608,80.11359858411137,"{""type"":""MultiPoint"",""coordinates"":[]}",4.02707580373266e-24,Low
2950,1366.821129482567,0.3877502665560952,0.5048920854394671,0,0.2771713483667256,1,0.1253575236515646,26.028999767712577,79.91300478116749,"{""type"":""MultiPoint"",""coordinates"":[]}",1.0136257247737778e-11,Low
2955,990.0,0.4561558901682905,0.6095709072963093,1,0.3776762687770584,1,0.2230798430975578,26.032143871206998,80.02179076207436,"{""type"":""MultiPoint"",""coordinates"":[]}",9.706678411281792e-07,Low
2956,3379.970414071697,0.4042941982640475,0.1845222536038824,0,0.1632039285250222,1,0.1489917118057821,26.0148962177519,80.32685863256134,"{""type"":""MultiPoint"",""coordinates"":[]}",6.431762616390898e-21,Low
2958,2340.534127074416,0.4338374291115311,0.3102840646394732,0,0.2388314222371017,1,0.1911963273021874,26.02226240308168,80.30098715237871,"{""type"":""MultiPoint"",""coordinates"":[]}",7.037826020710976e-15,Low
2959,347.1310991541957,0.442799583503101,0.8406620443142987,1,0.4586644607283775,1,0.2039994050044301,26.028011620900045,80.09176952270727,"{""type"":""MultiPoint"",""coordinates"":[]}",0.00017634073790836523,Low
2960,2756.0116110060203,0.3930084745762712,0.2520807501987858,0,0.1805538497163182,1,0.1328692493946731,26.004655423512936,79.96618504598736,"{""type"":""MultiPoint"",""coordinates"":[]}",6.405704175532006e-19,Low
2962,233.238075793812,0.5267906873120196,0.8899241559713728,1,0.5503616800845659,1,0.323986696160028,25.97653815512,80.3340451548343,"{""type"":""MultiPoint"",""coordinates"":[]}",0.04045574863794495,Low
2963,422.0189569201838,0.5435827888053261,0.8097663915064753,1,0.5326918041500125,1,0.3479754125790373,25.974202535381288,80.34177066627772,"{""type"":""MultiPoint"",""coordinates"":[]}",0.014345598811692898,Low
2965,403.6087214122113,0.3449360991586924,0.817254799455049,1,0.365418576203756,1,0.0641944273695606,26.03492864858777,79.92207776553708,"{""type"":""MultiPoint"",""coordinates"":[]}",5.016902534921345e-07,Low
2967,1638.566446623389,0.4424023629799802,0.4407474588158037,0,0.298358151794876,1,0.2034319471142575,26.009057168405125,80.15375327731151,"{""type"":""MultiPoint"",""coordinates"":[]}",1.251700054593978e-10,Low
2968,2206.1731573020284,0.429225836005497,0.3318452349135115,0,0.2435030962558306,1,0.18460833715071,25.974112703852875,80.29658540748652,"{""type"":""MultiPoint"",""coordinates"":[]}",1.9231542898155416e-14,Low
2971,123.6931687685298,0.2668972857903139,0.9400270905641572,1,0.3760108362256629,0,0.0,26.01633352220649,80.26424605725822,"{""type"":""MultiPoint"",""coordinates"":[]}",1.5986454670099454e-07,Low
2972,1200.3332870498923,0.4941427050053248,0.5487201878083001,1,0.385896107985027,1,0.2773467214361783,26.010494472859715,80.1694737947836,"{""type"":""MultiPoint"",""coordinates"":[]}",1.3556602464901282e-06,Low
2973,1372.443077143821,0.2079522862823061,0.503474839853339,0,0.2013899359413355,0,0.0,26.024867517405628,80.27430718844035,"{""type"":""MultiPoint"",""coordinates"":[]}",2.5640135684934095e-17,Low
2975,275.86228448267445,0.5452636779053971,0.8711586757144432,1,0.5586894799189748,1,0.3503766827219959,26.028640441598927,80.15725670691958,"{""type"":""MultiPoint"",""coordinates"":[]}",0.06498692122022864,Low
2976,2378.9913829184,0.4257471264367816,0.3043747241408265,0,0.2295331408878577,1,0.1796387520525451,26.048313546321147,80.15078883687391,"{""type"":""MultiPoint"",""coordinates"":[]}",1.7492110965078939e-15,Low
2979,1274.7548783981963,0.3374527344830766,0.5286770953837192,0,0.2435731819961248,1,0.0535039064043952,26.03277269190588,80.12258173695257,"{""type"":""MultiPoint"",""coordinates"":[]}",1.0833736686576278e-13,Low
2981,1730.4623659588788,0.394392523364486,0.4209542239256903,0,0.2492895667398355,1,0.1348464619492657,26.04238466544596,79.98091741664692,"{""type"":""MultiPoint"",""coordinates"":[]}",1.2405670000073082e-13,Low
2982,2292.967509582288,0.3858556904196712,0.3177521016440344,0,0.2006914324459034,1,0.122650986313816,26.012291103427955,79.92073029261091,"{""type"":""MultiPoint"",""coordinates"":[]}",4.1204999571771673e-17,Low
2983,1569.2354826475216,0.4565469293163383,0.4562940908277891,0,0.3167007186022628,1,0.2236384704519119,26.017501332075845,79.93007277156575,"{""type"":""MultiPoint"",""coordinates"":[]}",1.6185233950022388e-09,Low
2984,500.0,0.3800956501935777,0.7788007830714049,1,0.3801737276802001,1,0.1144223574193968,26.021992908496443,79.98289371027198,"{""type"":""MultiPoint"",""coordinates"":[]}",1.44957664276724e-06,Low
2988,1836.1372497719228,0.2701746628344019,0.3992894746015063,0,0.1597157898406025,0,0.0,26.013997902467786,79.94121188108883,"{""type"":""MultiPoint"",""coordinates"":[]}",3.814855654637596e-19,Low
2991,2121.508896988179,0.2759501165673685,0.3461945258409235,0,0.1384778103363694,0,0.0,26.04004904570725,80.17944509443733,"{""type"":""MultiPoint"",""coordinates"":[]}",1.3176739806006216e-20,Low
2992,1169.144986731757,0.3270980467010244,0.5573440791801311,0,0.246164528844359,1,0.0387114952871777,26.03690494221283,80.22238456501825,"{""type"":""MultiPoint"",""coordinates"":[]}",1.697535073914988e-13,Low
2993,631.5061361538777,0.3387580299785867,0.7292395004488458,0,0.3249169687326126,1,0.0553686142551239,26.014357228581428,80.24735772991677,"{""type"":""MultiPoint"",""coordinates"":[]}",8.047347763916384e-09,Low
2994,1227.762191957384,0.4479407312992909,0.541246159134079,0,0.3433048047673096,1,0.2113439018561299,26.03726426832648,80.15932283207306,"{""type"":""MultiPoint"",""coordinates"":[]}",5.4158733062527204e-08,Low
2995,2973.566881709574,0.4414694894146949,0.2260987471479697,0,0.2116990612146407,1,0.2020992705924213,26.04624742116767,80.24672890921788,"{""type"":""MultiPoint"",""coordinates"":[]}",2.2876005908322028e-17,Low
2996,3012.042496380155,0.5223790928206669,0.2217906748092869,0,0.2793269209128578,1,0.3176844183152384,25.98579080254643,80.38695592506895,"{""type"":""MultiPoint"",""coordinates"":[]}",2.2879041509160004e-13,Low
2998,1726.962651593832,0.3893586425079091,0.4216914785549716,0,0.245269713571625,1,0.1276552035827273,26.042743991559604,80.21942012458065,"{""type"":""MultiPoint"",""coordinates"":[]}",7.165593400917104e-14,Low
