system:index,DistanceToLine,NDVI,ProximityFactor,RiskLabel,RiskScore,Vegetation,VegetationFactor,latitude,longitude,.geo
1,2513.185229942274,0.42671269251194904,0.28462219350519885,0,0.2224597566980359,1,0.18101813215992724,26.04804405173591,80.22777445672297,"{""type"":""MultiPoint"",""coordinates"":[]}"
2,1100.5453193758083,0.3896810992999741,0.576792520869481,0,0.30758652203348447,1,0.12811585614282014,26.01085379897336,80.10093233860529,"{""type"":""MultiPoint"",""coordinates"":[]}"
4,1241.933975700802,0.5225455708346659,0.5374245032849243,1,0.40572314774368334,1,0.31792224404952274,26.011482619672247,80.13102590062329,"{""type"":""MultiPoint"",""coordinates"":[]}"
6,640.0781202322104,0.6031036915118739,0.726120674161926,1,0.5502514338178053,1,0.43300527358839136,25.979322932500768,80.33647060610143,"{""type"":""MultiPoint"",""coordinates"":[]}"
8,932.6306878931232,0.406494960806271,0.6273094346208421,0,0.3422051688251406,1,0.1521356582946729,26.037354099854888,79.95872902912916,"{""type"":""MultiPoint"",""coordinates"":[]}"
9,1322.1951444472938,0.41838649155722324,0.5162843640256414,0,0.3079878812307336,1,0.1691235593674618,26.03690494221283,80.22840327742185,"{""type"":""MultiPoint"",""coordinates"":[]}"
10,1013.1633629380802,0.35958549222797925,0.6025517763439372,0,0.29209398959012856,1,0.08512213175425609,26.013279250240487,80.29308197787846,"{""type"":""MultiPoint"",""coordinates"":[]}"
12,1176.4352935882193,0.4788211103495546,0.5553161727596467,1,0.3754017065463341,1,0.2554587290707923,26.028550610070518,80.25723919804209,"{""type"":""MultiPoint"",""coordinates"":[]}"
13,2025.2654147049466,0.21467503665000187,0.3632613587069582,0,0.1453045434827833,0,0.0,26.044540622127844,80.16004148430035,"{""type"":""MultiPoint"",""coordinates"":[]}"
15,1734.156855650607,0.4883142715067131,0.42017733617705894,0,0.32948316719086335,1,0.269020387866733,26.03564730081506,80.24996284424071,"{""type"":""MultiPoint"",""coordinates"":[]}"
16,2483.082761407682,0.15346121768140117,0.2889385102803603,0,0.11557540411214412,0,0.0,26.02962858841146,80.29092602119657,"{""type"":""MultiPoint"",""coordinates"":[]}"
17,1273.184982632139,0.44305555555555554,0.5290922422635629,0,0.33425594452447277,1,0.20436507936507936,26.03690494221283,79.9943921459087,"{""type"":""MultiPoint"",""coordinates"":[]}"
18,590.3388857258177,0.5530700753252682,0.7444054425896793,1,0.5146793844575303,1,0.3615286790360975,25.941414027510923,80.39144750148954,"{""type"":""MultiPoint"",""coordinates"":[]}"
19,1849.7837711473198,0.506416584402764,0.3965742921594497,0,0.3355582177804348,1,0.2948808348610915,26.043552475315312,80.15141765757281,"{""type"":""MultiPoint"",""coordinates"":[]}"
21,1930.5180651835403,0.4026818366517676,0.3808845254541675,0,0.24036681302603924,1,0.14668833807395373,25.932700369254963,80.40788667118892,"{""type"":""MultiPoint"",""coordinates"":[]}"
25,490.0,0.3246906305244549,0.7827045382418681,0,0.3342452128891372,1,0.03527232932064988,26.01893863653044,80.01487373438664,"{""type"":""MultiPoint"",""coordinates"":[]}"
26,2839.242856819402,0.33601096075524106,0.24180554027979395,0,0.1275887539021242,1,0.05144422965034439,26.04481011671308,80.1799840836078,"{""type"":""MultiPoint"",""coordinates"":[]}"
27,1413.15250415516,0.6126220554973244,0.4933303480908551,1,0.4652939010911915,1,0.4466029364247492,26.010494472859715,80.19705207400608,"{""type"":""MultiPoint"",""coordinates"":[]}"
28,1784.740877550576,0.40769605455431074,0.4096834712548765,0,0.25618429240564555,1,0.15385150650615823,26.033671007189998,79.90878269933212,"{""type"":""MultiPoint"",""coordinates"":[]}"
29,1724.5579143653017,0.5639967283586633,0.42219881209353044,1,0.3951624348591236,1,0.3771381833695191,26.036365953042356,80.17450436037467,"{""type"":""MultiPoint"",""coordinates"":[]}"
33,2505.3941805632103,0.38007736943907156,0.28573310868108,0,0.1829309887059219,1,0.11439624205581653,25.999535026393456,80.23684744109256,"{""type"":""MultiPoint"",""coordinates"":[]}"
34,2405.202694161139,0.5645791405232627,0.30041171943687894,0,0.3469468082232625,1,0.37797020074751825,25.960907469176316,80.41049178551287,"{""type"":""MultiPoint"",""coordinates"":[]}"
35,76.15773105863909,0.5254587155963303,0.962637019019382,1,0.5783051352617502,1,0.322083879423329,25.94779206602817,80.38956103939289,"{""type"":""MultiPoint"",""coordinates"":[]}"
36,1803.3579788827287,0.0664208585725573,0.40588760631519144,0,0.16235504252607658,0,0.0,26.036725279156006,80.1070408825373,"{""type"":""MultiPoint"",""coordinates"":[]}"
37,693.757882838098,0.4180677338910789,0.7068908982871855,1,0.38395727407865615,1,0.16866819127296984,26.014716554695077,80.24340514266665,"{""type"":""MultiPoint"",""coordinates"":[]}"
38,2075.427666771357,0.39610247427195094,0.35426366263230497,0,0.22407901442887995,1,0.13728924895992994,26.0494813561905,79.94013390274789,"{""type"":""MultiPoint"",""coordinates"":[]}"
39,1426.8847185389575,0.3308550185873606,0.48995469111283335,0,0.22242903523429958,1,0.04407859798194374,26.015165712337136,79.96708336127148,"{""type"":""MultiPoint"",""coordinates"":[]}"
41,3252.1377584598104,0.5860436137071651,0.1967013128504461,0,0.32386076546060566,1,0.4086337338673787,25.976897481233646,80.40267644254104,"{""type"":""MultiPoint"",""coordinates"":[]}"
42,332.41540277189324,0.5081405312767782,0.8468703197820632,1,0.5171542975786352,1,0.29734361610968313,26.026664147973865,80.01199912547746,"{""type"":""MultiPoint"",""coordinates"":[]}"
45,1959.7193676646666,0.3944250871080139,0.37536376476132605,0,0.23108129485425663,1,0.134892981582877,26.003218119058346,80.17145008840866,"{""type"":""MultiPoint"",""coordinates"":[]}"
46,2628.554735971842,0.5670400354885217,0.2686684014953024,0,0.3363588195882824,1,0.3814857649836024,25.97402287232446,80.3979153715352,"{""type"":""MultiPoint"",""coordinates"":[]}"
47,819.8780397107853,0.494949494949495,0.6636907208584841,1,0.4325758554429608,1,0.2784992784992786,25.971777084114162,80.32380436059533,"{""type"":""MultiPoint"",""coordinates"":[]}"
48,941.9129471453293,0.28942637685896394,0.6244047559281736,0,0.24976190237126944,0,0.0,26.021723413911207,79.9448051422253,"{""type"":""MultiPoint"",""coordinates"":[]}"
49,1307.7079184588583,0.4060500921609021,0.5200377056191284,0,0.29891516124271034,1,0.1515001316584316,26.00339778211517,80.26226976363316,"{""type"":""MultiPoint"",""coordinates"":[]}"
51,1062.308806327049,0.42183742183742184,0.5879258742896409,0,0.33960242557650366,1,0.17405345976774553,26.03825241513901,80.20351994405173,"{""type"":""MultiPoint"",""coordinates"":[]}"
52,970.1546268507923,0.35951915012580377,0.6156495969450727,0,0.2972762531715752,1,0.08502735732257682,26.016962342905376,80.14324298848732,"{""type"":""MultiPoint"",""coordinates"":[]}"
53,1134.6365056704283,0.35579330753471433,0.5670440703242738,0,0.27464046315946467,1,0.07970472504959192,26.03834224666742,79.91641837924713,"{""type"":""MultiPoint"",""coordinates"":[]}"
54,704.3436661176133,0.4813599062133646,0.7031592855839246,1,0.43671506241645375,1,0.2590855803048066,25.950936169522592,80.37752361458568,"{""type"":""MultiPoint"",""coordinates"":[]}"
55,221.35943621178654,0.5575888051668461,0.8952254275131768,1,0.578880575433996,1,0.3679840073812087,26.02037594098503,80.128780112413,"{""type"":""MultiPoint"",""coordinates"":[]}"
57,1140.043858805441,0.5376984126984127,0.5655130372004225,1,0.4299467114788085,1,0.33956916099773243,26.02908959924099,80.11252060577043,"{""type"":""MultiPoint"",""coordinates"":[]}"
58,2098.022878807569,0.3372889091738932,0.35028385482610486,0,0.17207546407949328,1,0.05326987024841888,26.04436095907102,80.22714563602408,"{""type"":""MultiPoint"",""coordinates"":[]}"
62,1122.7199116431489,0.3369140625,0.5704327727375502,0,0.2598137340950201,1,0.05273437500000002,26.009236831461948,80.10506458891224,"{""type"":""MultiPoint"",""coordinates"":[]}"
64,1259.3649193144934,0.4958196634564504,0.5327609472438923,1,0.3809498047173716,1,0.27974237636635774,25.966746518523095,80.32434334976581,"{""type"":""MultiPoint"",""coordinates"":[]}"
66,80.62257748298549,0.4053238820601764,0.9604904027627154,1,0.4744737742995231,1,0.15046268865739487,26.023340381422624,80.23738643026304,"{""type"":""MultiPoint"",""coordinates"":[]}"
69,2131.3845265460664,0.6851063829787234,0.3444892949168118,1,0.46788690337705907,1,0.5501519756838906,26.031874376621758,80.27484617761083,"{""type"":""MultiPoint"",""coordinates"":[]}"
71,2170.0691233230336,0.401358577829166,0.33789010764937394,0,0.22203482405617758,1,0.14479796832738004,26.002679129887873,80.15770586456163,"{""type"":""MultiPoint"",""coordinates"":[]}"
74,1008.4641788382967,0.48793436293436293,0.6039691917291635,1,0.4026742734925479,1,0.2684776613348042,25.96656685546627,80.3288349261864,"{""type"":""MultiPoint"",""coordinates"":[]}"
75,2799.5713957675734,0.5962626661402816,0.24664981585576717,1,0.3525993544625482,1,0.42323238020040227,26.000433341677574,80.14198534708954,"{""type"":""MultiPoint"",""coordinates"":[]}"
76,3034.5345606863666,0.367189049791708,0.2193103826128451,0,0.14531476715231637,1,0.0959843568452972,25.959829490835375,80.3054787287993,"{""type"":""MultiPoint"",""coordinates"":[]}"
77,822.1921916437786,0.5697873380591543,0.6629232243876808,1,0.49641557952006166,1,0.385410482941649,26.03600662692871,79.96232229026565,"{""type"":""MultiPoint"",""coordinates"":[]}"
79,3164.4272783554375,0.47646461225871994,0.20551964794511499,0,0.23346324111409167,1,0.2520923032267428,26.05109832370192,80.18681127976711,"{""type"":""MultiPoint"",""coordinates"":[]}"
81,1102.088925631684,0.47053649956024624,0.5763475223454189,1,0.37671315141837863,1,0.2436235708003518,25.994414629273976,80.28571579254867,"{""type"":""MultiPoint"",""coordinates"":[]}"
82,180.27756377319946,0.4956521739130435,0.9138043569780524,1,0.5332236061452582,1,0.2795031055900622,25.979053437915532,80.32308570836804,"{""type"":""MultiPoint"",""coordinates"":[]}"
83,1964.611920965563,0.44219445641246585,0.37444664337184486,0,0.27165961998799437,1,0.2031349377320941,26.036815110684415,80.1129697634125,"{""type"":""MultiPoint"",""coordinates"":[]}"
85,152.97058540778355,0.417564778720477,0.9263665385356209,1,0.4713164257460858,1,0.16794968388639572,26.020286109456617,80.19094353007407,"{""type"":""MultiPoint"",""coordinates"":[]}"
86,1525.0245899656832,0.5113915177006659,0.46649298562433517,1,0.3677899237074478,1,0.3019878824295228,25.953990441488596,80.4061798721491,"{""type"":""MultiPoint"",""coordinates"":[]}"
87,2439.77457975117,0.5662590466683304,0.2952634442281686,0,0.3463274176926935,1,0.38037006666904344,25.92335789030012,80.39297463747255,"{""type"":""MultiPoint"",""coordinates"":[]}"
90,2536.1782271756847,0.40486409155937053,0.28136877216177497,0,0.20243101591559903,1,0.14980584508481506,25.962524436687733,80.30934148452101,"{""type"":""MultiPoint"",""coordinates"":[]}"
92,839.3449827097318,0.3791727291623363,0.6572620435707006,0,0.3307671567102828,1,0.11310389880333759,26.03052690369558,80.12994792228234,"{""type"":""MultiPoint"",""coordinates"":[]}"
94,746.7261881037789,0.4531744101191924,0.6884152279845525,1,0.4066584427245573,1,0.2188205858845606,26.017411500547436,80.0063397391875,"{""type"":""MultiPoint"",""coordinates"":[]}"
95,1890.0,0.3639680504881176,0.38867957090175304,0,0.2103015859219449,1,0.09138292926873944,26.00609272796753,80.03310953465426,"{""type"":""MultiPoint"",""coordinates"":[]}"
96,3258.5426190246462,0.42240837696335076,0.19607239817477293,0,0.18335042523849554,1,0.17486910994764399,25.997199406654747,80.35174196593145,"{""type"":""MultiPoint"",""coordinates"":[]}"
98,1996.4217991196147,0.4548798712495689,0.3685382035619031,0,0.2801694567815346,1,0.22125695892795563,26.049211861605265,79.93555249479888,"{""type"":""MultiPoint"",""coordinates"":[]}"
100,3064.000652741445,0.5765501691093574,0.21610295823444964,0,0.3234841853875148,1,0.3950716701562249,26.000792667791224,80.20989798256899,"{""type"":""MultiPoint"",""coordinates"":[]}"
106,2593.472575524947,0.3132752705199261,0.27342271144188307,0,0.12074788787954704,1,0.018964672171323013,26.00474525504135,80.21124545549516,"{""type"":""MultiPoint"",""coordinates"":[]}"
107,1357.1293232407882,0.37479541734860883,0.507344681293484,0,0.2670482302447726,1,0.10685059621229835,25.980131416256476,80.35461657484063,"{""type"":""MultiPoint"",""coordinates"":[]}"
110,320.0,0.3232863917229487,0.8521437889662113,1,0.3608172799204406,1,0.03326627388992674,26.02001661487138,80.04721308461494,"{""type"":""MultiPoint"",""coordinates"":[]}"
111,537.5872022286245,0.48911997801090284,0.7643009902422327,1,0.4678232343919527,1,0.2701713971584327,26.02001661487138,80.06697602086557,"{""type"":""MultiPoint"",""coordinates"":[]}"
112,2480.322559668399,0.47544022242817424,0.2893375498637723,0,0.2661123534553726,1,0.2506288891831061,25.970519442716395,80.29694473360017,"{""type"":""MultiPoint"",""coordinates"":[]}"
113,2524.143419063188,0.5890563930764936,0.2830669860480093,1,0.36098941705619825,1,0.4129377043949909,26.04516944282673,80.12608516656063,"{""type"":""MultiPoint"",""coordinates"":[]}"
115,1719.6511274092777,0.3905768383971819,0.4232359035820924,0,0.2469316514875643,1,0.12939548342454557,25.992887493290972,80.3332366710786,"{""type"":""MultiPoint"",""coordinates"":[]}"
121,1517.4320413118999,0.40075809786354244,0.4682672867052662,0,0.2736709985651429,1,0.14394013980506065,26.01211144037113,80.15141765757281,"{""type"":""MultiPoint"",""coordinates"":[]}"
122,1455.2319402761884,0.36410797502857645,0.4830592460908261,0,0.24817339131796745,1,0.09158282146939495,26.01211144037113,80.06985062977475,"{""type"":""MultiPoint"",""coordinates"":[]}"
123,2028.0532537386684,0.4509505703422053,0.36275535435593637,0,0.27448834489283624,1,0.2156436719174362,26.050379671474623,79.92872529863958,"{""type"":""MultiPoint"",""coordinates"":[]}"
124,260.768096208106,0.4455121205503385,0.8777582647832907,1,0.4758279806707493,1,0.20787445792905504,25.977436470404115,80.3242535182374,"{""type"":""MultiPoint"",""coordinates"":[]}"
126,2245.1057881534225,0.3121167883211679,0.32544789919026423,0,0.14056497823710676,1,0.01730969760166845,26.04561860046879,79.9950209666076,"{""type"":""MultiPoint"",""coordinates"":[]}"
128,2367.1924298628533,0.4894433781190019,0.3061756828149045,0,0.28485031151367773,1,0.2706333973128599,26.004924918098173,80.14683624962379,"{""type"":""MultiPoint"",""coordinates"":[]}"
129,1290.0,0.3595013477088949,0.5246625421065929,0,0.26086617202168993,1,0.08500192529842132,26.011392788143834,80.0379604371885,"{""type"":""MultiPoint"",""coordinates"":[]}"
131,3104.1262860908223,0.22214532871972317,0.21181052730817915,0,0.08472421092327166,0,0.0,25.993606145518267,80.35515556401111,"{""type"":""MultiPoint"",""coordinates"":[]}"
133,2236.06797749979,0.3835361730899256,0.3269218953517579,0,0.20237119221778227,1,0.11933739012846517,26.044899948241493,80.16444322919254,"{""type"":""MultiPoint"",""coordinates"":[]}"
134,1783.7320426566318,0.4338689740420272,0.40989017487358653,0,0.2787009048426008,1,0.19124139148861027,26.037354099854888,80.17189924605073,"{""type"":""MultiPoint"",""coordinates"":[]}"
135,140.0,0.47838086476540936,0.9323938199059483,1,0.525855412047016,1,0.2548298068077277,26.024867517405628,79.98648697140845,"{""type"":""MultiPoint"",""coordinates"":[]}"
139,2150.81379947219,0.3313782991202346,0.34115890958449024,0,0.16335924879399719,1,0.04482614160033514,26.016962342905376,80.30511940268565,"{""type"":""MultiPoint"",""coordinates"":[]}"
143,1686.8906307167636,0.38288761022449,0.4302257038369653,0,0.243136804584349,1,0.11841087174927149,26.039420225008364,80.06113697151879,"{""type"":""MultiPoint"",""coordinates"":[]}"
144,1382.787040726084,0.4993412384716733,0.5008775993790932,1,0.371214958441643,1,0.28477319781667615,26.00878767381989,80.16974328936884,"{""type"":""MultiPoint"",""coordinates"":[]}"
146,882.0430828479978,0.2670404249041015,0.6433788471271428,0,0.2573515388508571,0,0.0,26.0148962177519,80.0535911231322,"{""type"":""MultiPoint"",""coordinates"":[]}"
147,2011.094229517851,0.46184538653366586,0.3658444211568035,0,0.28506238549157786,1,0.2312076950480941,25.927669803663896,80.39099834384749,"{""type"":""MultiPoint"",""coordinates"":[]}"
149,2192.0994502987314,0.41458289556629546,0.3341886165636822,0,0.231889357110869,1,0.16368985080899354,25.97222624175622,80.39432211039872,"{""type"":""MultiPoint"",""coordinates"":[]}"
151,769.0253571892151,0.42222297263072583,0.6807823151754901,1,0.3770754740393897,1,0.17460424661532264,26.03340151260476,80.22157608126254,"{""type"":""MultiPoint"",""coordinates"":[]}"
153,909.5603333479313,0.4091401342863331,0.634587456086727,0,0.34738366896583345,1,0.15591447755190446,26.014626723166664,80.13129539520853,"{""type"":""MultiPoint"",""coordinates"":[]}"
157,1817.9658962697843,0.33368130639027654,0.4029338203014575,0,0.19004321931224866,1,0.04811615198610937,26.04400163295737,79.9725630845046,"{""type"":""MultiPoint"",""coordinates"":[]}"
158,1662.0770138594662,0.443328060199239,0.4355966811734546,0,0.29709129549730096,1,0.20475437171319857,26.039420225008364,80.06266410750179,"{""type"":""MultiPoint"",""coordinates"":[]}"
161,2406.34577731464,0.5288715953307392,0.30024007070594333,0,0.316271681423011,1,0.3269594219010561,26.05127798675874,79.95235099061192,"{""type"":""MultiPoint"",""coordinates"":[]}"
164,155.24174696260025,0.332754255299488,0.9253151715706652,1,0.3982011445992559,1,0.04679179328498286,26.015974196092845,80.2663121824117,"{""type"":""MultiPoint"",""coordinates"":[]}"
165,1962.1671692289624,0.44093259995074296,0.3749046377762945,0,0.27076122649686896,1,0.20133228564391856,26.001690983075342,80.11809016053196,"{""type"":""MultiPoint"",""coordinates"":[]}"
170,1290.310040261642,0.4263712830233385,0.524581215154499,0,0.31815072865323263,1,0.180530404319055,26.035377806229825,80.23361350606974,"{""type"":""MultiPoint"",""coordinates"":[]}"
171,1755.135322418189,0.47636479388826986,0.4157930322271502,0,0.31748703622366287,1,0.2519497055546713,26.002140140717405,80.25310694773513,"{""type"":""MultiPoint"",""coordinates"":[]}"
175,1502.6643005009469,0.3912379285737338,0.47173770846998897,0,0.2668990221654817,1,0.13033989796247689,26.037803257496947,80.06149629763244,"{""type"":""MultiPoint"",""coordinates"":[]}"
177,1430.9786860746738,0.44016337644656234,0.4889527876030933,0,0.3157211519954336,1,0.20023339492366052,26.03241336579223,80.25184930633736,"{""type"":""MultiPoint"",""coordinates"":[]}"
178,1877.7113729218343,0.46947175851817974,0.3910750919313352,0,0.30169154407383103,1,0.24210251216882822,26.038791404309478,80.16821615338584,"{""type"":""MultiPoint"",""coordinates"":[]}"
179,434.1658669218482,0.48795115036528186,0.8048632164449067,1,0.48304627260534716,1,0.26850164337897414,25.966387192409446,80.34132150863567,"{""type"":""MultiPoint"",""coordinates"":[]}"
180,1593.549497191725,0.49452132701421797,0.4507805025195239,0,0.3470447670199964,1,0.2778876100203114,26.034120164832057,80.25095099105324,"{""type"":""MultiPoint"",""coordinates"":[]}"
181,269.07248094147417,0.4894009216589862,0.8741211997387823,1,0.5119921270317869,1,0.27057274522712316,26.003667276700405,80.28598528713391,"{""type"":""MultiPoint"",""coordinates"":[]}"
182,1100.6361796706485,0.37921787709497207,0.5767663176954385,0,0.29860756458815146,1,0.11316839584996012,26.01633352220649,80.14548877669762,"{""type"":""MultiPoint"",""coordinates"":[]}"
183,1180.1694793545544,0.48956303924297245,0.5542803132094968,1,0.3841947303492037,1,0.270804341775675,26.040049045707246,80.20765219435869,"{""type"":""MultiPoint"",""coordinates"":[]}"
184,1028.0077820717117,0.3925113729149656,0.5980960668449924,0,0.3185338892365389,1,0.13215910416423657,25.951115832579415,80.3738405219208,"{""type"":""MultiPoint"",""coordinates"":[]}"
186,2298.7170334775874,0.19983619983619982,0.31683995172856294,0,0.1267359806914252,0,0.0,25.943300489607573,80.41633083485965,"{""type"":""MultiPoint"",""coordinates"":[]}"
187,441.47480109288233,0.5256353660843791,0.8019272382973474,1,0.5141726376769782,1,0.3223362372633988,26.030706566752404,80.14557860822603,"{""type"":""MultiPoint"",""coordinates"":[]}"
188,2823.49074728429,0.6472339369883403,0.24371753355625797,1,0.39511610226965205,1,0.49604848141191477,25.966746518523095,80.29694473360017,"{""type"":""MultiPoint"",""coordinates"":[]}"
191,240.83189157584593,0.22193464898091228,0.8865516026100966,1,0.3546206410440387,0,0.0,26.024777685877215,80.15429226648199,"{""type"":""MultiPoint"",""coordinates"":[]}"
192,1884.728097100481,0.6575875486381322,0.38970546288688424,1,0.46238579827315274,1,0.5108393551973317,26.00294862447311,80.10227981153146,"{""type"":""MultiPoint"",""coordinates"":[]}"
193,2470.8095839218367,0.4385782175639607,0.2907170586184625,0,0.23506815278792276,1,0.1979688822342296,26.048313546321147,80.19157235077294,"{""type"":""MultiPoint"",""coordinates"":[]}"
196,1203.536455617361,0.4887181949111858,0.5478420695572368,1,0.3808952806039111,1,0.269597421301694,26.01022497827448,80.18348751321587,"{""type"":""MultiPoint"",""coordinates"":[]}"
197,200.9975124224178,0.37986455981941303,0.9043862372775356,1,0.43020983189908263,1,0.1140922283134472,26.02504718046245,80.15249563591375,"{""type"":""MultiPoint"",""coordinates"":[]}"
198,2372.003372678884,0.4695707879564382,0.3054400710652846,0,0.2675224181030609,1,0.24224398279491174,25.94213267973822,80.36539635825007,"{""type"":""MultiPoint"",""coordinates"":[]}"
201,3136.000637755037,0.6331578947368421,0.208461622615896,1,0.3689485588207945,1,0.4759398496240603,25.92740030907866,80.41767830778583,"{""type"":""MultiPoint"",""coordinates"":[]}"
204,3397.057550292606,0.4238121855785355,0.1829524904001547,0,0.1793057266559495,1,0.17687455082647932,26.009685989104007,80.33278751343653,"{""type"":""MultiPoint"",""coordinates"":[]}"
205,291.547594742265,0.3965375103050289,0.8643532000389769,1,0.42848771741990127,1,0.13791072900718412,26.02810145242846,79.99385315673824,"{""type"":""MultiPoint"",""coordinates"":[]}"
207,1384.629914453678,0.41695455753388255,0.5004162848635151,0,0.3004132775458768,1,0.16707793933411796,25.981838215296303,80.3476097156245,"{""type"":""MultiPoint"",""coordinates"":[]}"
208,2948.6437560342893,0.4798249878463782,0.22893391954301656,0,0.24570927168553083,1,0.25689283978054034,25.970519442716395,80.29074635813974,"{""type"":""MultiPoint"",""coordinates"":[]}"
209,1625.3307355735324,0.5038790531131888,0.44367393463766286,1,0.35222304795208415,1,0.29125579016169834,26.010404641331302,80.2010944927846,"{""type"":""MultiPoint"",""coordinates"":[]}"
211,2460.0,0.45945736584232233,0.2922925776808594,0,0.2535947732229058,1,0.22779623691760337,26.046786410338143,80.09482379467327,"{""type"":""MultiPoint"",""coordinates"":[]}"
212,312.5699921617557,0.4483932751649287,0.8553153940969451,1,0.4693203934944313,1,0.21199039309275533,26.017411500547436,80.2469085722747,"{""type"":""MultiPoint"",""coordinates"":[]}"
213,825.6512580987205,0.6195985832349469,0.6617776675686886,1,0.5386527098002871,1,0.4565694046213527,25.95911083860808,80.35910815126124,"{""type"":""MultiPoint"",""coordinates"":[]}"
216,3226.701101744629,0.7212556732223903,0.199219001191678,1,0.4407638918101486,1,0.601793818889129,26.000882499319637,80.07883378261594,"{""type"":""MultiPoint"",""coordinates"":[]}"
218,2086.935552430884,0.39594578385510376,0.3522311029946376,0,0.2231316845022297,1,0.1370654055072911,26.04768472562226,79.95962734441329,"{""type"":""MultiPoint"",""coordinates"":[]}"
219,1162.841347734075,0.18687406776049437,0.5591034983457703,0,0.22364139933830815,0,0.0,25.971777084114162,80.31805514277697,"{""type"":""MultiPoint"",""coordinates"":[]}"
220,3176.7278762903193,0.4523238053676631,0.2042595197213763,0,0.21226706963226175,1,0.21760543623951872,25.968183822977686,80.41228841608111,"{""type"":""MultiPoint"",""coordinates"":[]}"
222,652.7633568147036,0.42334494773519166,0.721529742546385,1,0.39433613793443256,1,0.17620706819313098,26.038162583610596,79.92683883654293,"{""type"":""MultiPoint"",""coordinates"":[]}"
223,1884.728097100481,0.3873978996499417,0.38970546288688424,0,0.23079467056898947,1,0.12485414235705959,26.002768961416287,80.24735772991677,"{""type"":""MultiPoint"",""coordinates"":[]}"
224,2612.0490041344938,0.46834804539722574,0.27089486048623246,0,0.2526562688206865,1,0.2404972077103225,25.98318568822248,80.27808011263366,"{""type"":""MultiPoint"",""coordinates"":[]}"
228,553.6244214266563,0.4569111823496135,0.7581968649909421,1,0.4377740451531884,1,0.22415883192801928,26.022442066138503,80.25795785026938,"{""type"":""MultiPoint"",""coordinates"":[]}"
229,2905.236651290218,0.5033299469466079,0.23395691005504987,0,0.26786557569054104,1,0.2904713527808685,25.99881637416616,80.15707704386276,"{""type"":""MultiPoint"",""coordinates"":[]}"
231,2585.652722234755,0.4999354921945555,0.2744938668917319,0,0.2811708257805975,1,0.2856221317065079,25.998726542637748,80.16498221836301,"{""type"":""MultiPoint"",""coordinates"":[]}"
232,2286.9411885748177,0.4297752808988764,0.318710983633872,0,0.2387203485097286,1,0.1853932584269663,26.0006130047344,80.16929413172679,"{""type"":""MultiPoint"",""coordinates"":[]}"
234,1598.311609167624,0.4551113239166866,0.4497084457248697,0,0.3128359416471078,1,0.22158760559526663,26.0419355078039,80.1979503892902,"{""type"":""MultiPoint"",""coordinates"":[]}"
235,161.24515496597098,0.5367901234567901,0.9225418137992832,1,0.5719796884826763,1,0.33827160493827163,25.998726542637748,80.29505827150352,"{""type"":""MultiPoint"",""coordinates"":[]}"
237,70.0,0.4422125946348081,0.9656054162575665,1,0.508138676190005,1,0.20316084947829732,26.02630482186022,80.07182692339981,"{""type"":""MultiPoint"",""coordinates"":[]}"
238,412.31056256176606,0.38140476561283293,0.8137067130515867,1,0.395258198603063,1,0.11629252230404706,26.025226843519274,80.24241699585411,"{""type"":""MultiPoint"",""coordinates"":[]}"
239,1679.1962362987833,0.5042907622412923,0.4318840549204053,0,0.3478599896035556,1,0.29184394605898906,26.00007401556393,80.26173077446268,"{""type"":""MultiPoint"",""coordinates"":[]}"
240,927.6313923105448,0.6163778062114691,0.6288794486871584,1,0.5227327562275512,1,0.451968294587813,25.959919322363785,80.35066398759051,"{""type"":""MultiPoint"",""coordinates"":[]}"
241,779.3587107359485,0.4225092250922509,0.6772740039593864,1,0.375917508805684,1,0.17501317870321562,25.96611769782421,80.38201519100629,"{""type"":""MultiPoint"",""coordinates"":[]}"
243,362.3534186398688,0.47877013177159594,0.8342879192183738,1,0.48694670920586036,1,0.25538590253085136,26.029808251468285,80.15698721233434,"{""type"":""MultiPoint"",""coordinates"":[]}"
247,1287.245120402482,0.3354338978600499,0.5253857311333376,0,0.24052620490480642,1,0.05061985408578559,26.037623594440124,80.07335405938282,"{""type"":""MultiPoint"",""coordinates"":[]}"
250,513.1276644267,0.5880533079485959,0.7737056056418978,1,0.55638507764127,1,0.41150472564085133,25.97402287232446,80.32542132810676,"{""type"":""MultiPoint"",""coordinates"":[]}"
251,3195.3247096343744,0.4510288065843621,0.20236903248781207,0,0.21040087578172095,1,0.2157554379776602,25.974292366909697,80.4039340839388,"{""type"":""MultiPoint"",""coordinates"":[]}"
252,2650.3584663211127,0.5899596788840858,0.26575532265362584,1,0.3548389966763811,1,0.41422811269155124,26.04660674728132,80.01505339744345,"{""type"":""MultiPoint"",""coordinates"":[]}"
253,2064.7518010647186,0.5214899713467048,0.35615975437882746,0,0.33231244862013515,1,0.31641424478100694,25.98040091084171,80.29218366259433,"{""type"":""MultiPoint"",""coordinates"":[]}"
255,1302.4592124131948,0.45295202952029523,0.5214042605207854,0,0.33966344379713864,1,0.2185028993147075,26.038791404309478,80.14881254324885,"{""type"":""MultiPoint"",""coordinates"":[]}"
256,698.5699678629192,0.4402830116127047,0.7051921332042929,1,0.4023194346640355,1,0.2004043023038639,26.0291794307694,80.0995848656791,"{""type"":""MultiPoint"",""coordinates"":[]}"
257,1195.4915307102765,0.45788594607492245,0.5500501817594069,1,0.3553508836251249,1,0.22555135153560352,26.037803257496947,80.19624359025036,"{""type"":""MultiPoint"",""coordinates"":[]}"
258,1450.0,0.5103578154425612,0.48432456895536247,1,0.37403652653291175,1,0.3005111649179446,26.035916795400297,80.04424864417734,"{""type"":""MultiPoint"",""coordinates"":[]}"
260,2836.476687723698,0.31823036708078023,0.24214020917047596,0,0.11248211259457346,1,0.026043381543971775,26.051008492173505,80.19184184535818,"{""type"":""MultiPoint"",""coordinates"":[]}"
261,574.543296888929,0.46930070715007294,0.7503078811820797,1,0.44523804431575154,1,0.2418581530715328,25.973753377739225,80.32479250740786,"{""type"":""MultiPoint"",""coordinates"":[]}"
262,206.15528128088303,0.3376467220154595,0.9020569344845073,1,0.3930913926641968,1,0.053781031450656415,26.0171420059622,80.2641562257298,"{""type"":""MultiPoint"",""coordinates"":[]}"
263,2809.5907175245293,0.558966309118921,0.2454172738091541,0,0.32013803162559396,1,0.3699518701698872,26.053433943440627,79.91066916142877,"{""type"":""MultiPoint"",""coordinates"":[]}"
265,641.2487816752559,0.43830570902394106,0.7256957777883879,1,0.4088260617073047,1,0.19757958431991582,26.020735267098676,79.98253438415833,"{""type"":""MultiPoint"",""coordinates"":[]}"
267,1924.2141252989493,0.4631630648330059,0.382086956046924,0,0.2926888379899175,1,0.23309009261857988,25.98722810700102,80.34554359047102,"{""type"":""MultiPoint"",""coordinates"":[]}"
268,360.0,0.4519748653500898,0.835270211411272,1,0.4643722548645858,1,0.2171069505001283,26.01992678334297,80.02556368626766,"{""type"":""MultiPoint"",""coordinates"":[]}"
270,441.47480109288233,0.5219856368905128,0.8019272382973474,1,0.51104429836795,1,0.31712233841501836,26.0148962177519,80.1145867309239,"{""type"":""MultiPoint"",""coordinates"":[]}"
273,1566.780137734711,0.3836562012914718,0.45685461451446374,0,0.25444716119847566,1,0.11950885898781691,26.037623594440124,80.23496097899591,"{""type"":""MultiPoint"",""coordinates"":[]}"
276,1636.1540269791228,0.30018959342742785,0.44127941348968697,0,0.17667427404795583,1,2.7084775346836973E-4,25.987587433114665,80.34015369876631,"{""type"":""MultiPoint"",""coordinates"":[]}"
278,3415.333073069155,0.3987715841928381,0.18128832913137047,0,0.15717668953212371,1,0.14110226313262586,25.97519068219382,80.40555105145022,"{""type"":""MultiPoint"",""coordinates"":[]}"
279,502.09560842532767,0.4950681070925317,0.7779851797010209,1,0.4783953065311498,1,0.2786687244179024,26.029359093826226,80.15950249512989,"{""type"":""MultiPoint"",""coordinates"":[]}"
280,2866.234463542716,0.5161091223305765,0.23856410235939668,0,0.28066203151282426,1,0.3087273176151093,25.994234966217153,80.35030466147687,"{""type"":""MultiPoint"",""coordinates"":[]}"
282,1788.4350701101787,0.2581453634085213,0.4089274448809255,0,0.1635709779523702,0,0.0,26.02271156072374,80.29128534731021,"{""type"":""MultiPoint"",""coordinates"":[]}"
285,2117.829077144801,0.5852156057494866,0.34683207892411694,1,0.38320335078349244,1,0.4074508653564095,26.040318540292482,80.18474515461364,"{""type"":""MultiPoint"",""coordinates"":[]}"
286,2029.4087809014723,0.3302174354805934,0.36250957528725475,0,0.17090448909826766,1,0.043167764972276305,25.98138905765424,80.29164467342386,"{""type"":""MultiPoint"",""coordinates"":[]}"
288,1161.8089343777658,0.4409121395036888,0.5593921858101841,0,0.3445387081843784,1,0.20130305643384117,26.01022497827448,80.17827728456798,"{""type"":""MultiPoint"",""coordinates"":[]}"
290,2743.519637254306,0.49118320096917484,0.253660170641122,0,0.26533538337288437,1,0.27311885852739265,26.050379671474623,79.97930044913551,"{""type"":""MultiPoint"",""coordinates"":[]}"
292,280.0,0.32592662551193,0.8693582353988059,1,0.369966116026891,1,0.03703803644561434,26.0254065065761,80.04856055754112,"{""type"":""MultiPoint"",""coordinates"":[]}"
293,478.01673610868477,0.6686336813436223,0.7874082932697313,1,0.6309350441738545,1,0.5266195447766033,26.027831957843222,80.16084996805606,"{""type"":""MultiPoint"",""coordinates"":[]}"
294,1045.4664030948102,0.5881833616298812,0.5928978221171239,1,0.48417343881531916,1,0.411690516614116,26.01211144037113,80.12608516656063,"{""type"":""MultiPoint"",""coordinates"":[]}"
295,1121.4722466472365,0.402800390752198,0.5707887382589691,0,0.3164301159483288,1,0.14685770107456855,26.035198143173,80.06724551545081,"{""type"":""MultiPoint"",""coordinates"":[]}"
296,2191.4607000811125,0.510267229254571,0.33429536513497105,0,0.3139471997007636,1,0.30038175607795864,25.981928046824713,80.3784219298698,"{""type"":""MultiPoint"",""coordinates"":[]}"
299,651.9202405202648,0.4690185436454093,0.7218339734088105,1,0.43360662677387507,1,0.24145506235058473,26.03241336579223,79.98325303638563,"{""type"":""MultiPoint"",""coordinates"":[]}"
301,338.3784863137726,0.3442176870748299,0.8443491009763722,1,0.3756405150261174,1,0.06316812439261418,26.01902846805885,80.26217993210474,"{""type"":""MultiPoint"",""coordinates"":[]}"
302,2318.1458107720487,0.40201309725927725,0.31377694699547976,0,0.212950576449001,1,0.14573299608468182,26.005643570325468,80.21816248318288,"{""type"":""MultiPoint"",""coordinates"":[]}"
303,1674.3058263053379,0.41326810341191855,0.43294139214581434,0,0.27026350263997023,1,0.16181157630274082,26.043193149201667,79.96744268738513,"{""type"":""MultiPoint"",""coordinates"":[]}"
304,140.356688476182,0.23621609872726837,0.9322275476678249,1,0.37289101906712996,0,0.0,26.021903076968034,80.17450436037467,"{""type"":""MultiPoint"",""coordinates"":[]}"
307,1071.6809226630844,0.2606060606060606,0.5851772645465629,0,0.2340709058186252,0,0.0,26.03501848011618,79.99511079813601,"{""type"":""MultiPoint"",""coordinates"":[]}"
308,1850.0,0.29371437087819957,0.39653141907499284,0,0.15861256762999715,0,0.0,26.039510056536777,80.04811139989906,"{""type"":""MultiPoint"",""coordinates"":[]}"
309,3363.4060117684276,0.4625652930934417,0.18605685017180462,0,0.21376441986310044,1,0.232236132990631,25.983275519750894,80.39746621389314,"{""type"":""MultiPoint"",""coordinates"":[]}"
311,2013.2560691576223,0.4274451835427445,0.3654491863180481,0,0.25541840327814314,1,0.18206454791820648,26.04669657880973,80.20208263959714,"{""type"":""MultiPoint"",""coordinates"":[]}"
312,260.1922366251538,0.4176854599406528,0.8780110339255731,1,0.45207766494793167,1,0.16812208562950404,26.028909936184164,80.07748630968976,"{""type"":""MultiPoint"",""coordinates"":[]}"
316,1988.617610301186,0.4306292645943897,0.36997908382273154,0,0.2599595746099981,1,0.1866132351348425,25.985970465603252,80.35443691178382,"{""type"":""MultiPoint"",""coordinates"":[]}"
317,1655.8381563425817,0.520568351094305,0.4369576155531247,1,0.36384163287351134,1,0.31509764442043575,25.95955999625014,80.32901458924323,"{""type"":""MultiPoint"",""coordinates"":[]}"
318,3110.9644806715487,0.525074070009876,0.2110875631548792,0,0.2773556566989883,1,0.3215343857283944,25.930185086459428,80.3678218095172,"{""type"":""MultiPoint"",""coordinates"":[]}"
319,1027.0345661174215,0.3414309022853059,0.5983871759844888,0,0.2748670723526292,1,0.05918700326472277,26.03609645845712,80.07892361414436,"{""type"":""MultiPoint"",""coordinates"":[]}"
320,1430.0,0.5662270036981728,0.48919211179633154,1,0.4238714193169665,1,0.38032429099738974,26.035737132343474,80.04631476933082,"{""type"":""MultiPoint"",""coordinates"":[]}"
321,1645.1443705644804,0.474239074987247,0.4393002384161537,0,0.3250678739269589,1,0.24891296426749573,26.011752114257483,79.98172590040262,"{""type"":""MultiPoint"",""coordinates"":[]}"
323,820.9750300709517,0.5078703703703704,0.6633267895134456,1,0.44350531897998147,1,0.29695767195767203,25.967195676165154,80.33099088286829,"{""type"":""MultiPoint"",""coordinates"":[]}"
324,2870.2090516197595,0.22226135963367386,0.2380904761141552,0,0.09523619044566209,0,0.0,26.047954220207497,80.12851061782776,"{""type"":""MultiPoint"",""coordinates"":[]}"
325,1705.813588877753,0.3883232910866404,0.4261743285644894,0,0.24617540950005895,1,0.126176130123772,25.962165110574084,80.32407385518057,"{""type"":""MultiPoint"",""coordinates"":[]}"
327,1636.8872899500443,0.49940828402366866,0.44111765621728244,0,0.34736844879291473,1,0.28486897717666954,26.0396897195936,79.99951254302819,"{""type"":""MultiPoint"",""coordinates"":[]}"
330,225.61028345356956,0.32042686555321936,0.8933247148688203,1,0.3748386278502876,1,0.02918123650459911,26.027472631729573,80.14072770569177,"{""type"":""MultiPoint"",""coordinates"":[]}"
333,2160.0,0.30991351583160603,0.3395955256449391,0,0.14433550954220942,1,0.014162165473722923,26.042743991559604,80.01792800635265,"{""type"":""MultiPoint"",""coordinates"":[]}"
334,1850.0,0.49081290060026445,0.39653141907499284,0,0.32216648243022383,1,0.2725898580003778,26.039959214178836,80.01711952259693,"{""type"":""MultiPoint"",""coordinates"":[]}"
336,1578.4802817900513,0.4169127840395395,0.45418978443727226,0,0.28188687152308567,1,0.16701826291362792,26.040588034877718,80.19381813898325,"{""type"":""MultiPoint"",""coordinates"":[]}"
338,182.4828759089466,0.2674289615154876,0.9127973003795515,1,0.3651189201518206,0,0.0,26.03007774605352,79.93007277156575,"{""type"":""MultiPoint"",""coordinates"":[]}"
341,2115.3959440256094,0.44480946123521675,0.34725427999891295,0,0.2630241073440367,1,0.20687065890745254,26.044540622127844,80.19085369854565,"{""type"":""MultiPoint"",""coordinates"":[]}"
342,2040.7106605298068,0.35894765689229924,0.3604668326390537,0,0.19471329610616372,1,0.08421093841757037,26.044181296014198,80.07137776575776,"{""type"":""MultiPoint"",""coordinates"":[]}"
343,1495.8609561052122,0.4567000911577028,0.4733451379416352,0,0.32365241902611364,1,0.22385727308243264,25.960278648477434,80.39629840402378,"{""type"":""MultiPoint"",""coordinates"":[]}"
344,2101.5232570685484,0.46158984635938544,0.3496713280060492,0,0.27837411379617866,1,0.23084263765626495,26.048133883264324,80.20513691156314,"{""type"":""MultiPoint"",""coordinates"":[]}"
346,410.1219330881975,0.35735232509426057,0.8145976516938321,1,0.3749981964726134,1,0.08193189299180084,25.99279766176256,80.30080748932188,"{""type"":""MultiPoint"",""coordinates"":[]}"
347,259.6150997149434,0.38306745907621725,0.878264436773474,1,0.42250645391757585,1,0.11866779868031038,26.0254065065761,80.05430977535949,"{""type"":""MultiPoint"",""coordinates"":[]}"
348,1486.6068747318504,0.4941050375133976,0.4755404000205908,1,0.3565919064482914,1,0.2772929107334252,25.955427745943187,80.3476097156245,"{""type"":""MultiPoint"",""coordinates"":[]}"
351,1248.0785231707177,0.3656487683051425,0.5357759218424202,0,0.2705807415699473,1,0.09378395472163213,25.966297360881033,80.32524166504993,"{""type"":""MultiPoint"",""coordinates"":[]}"
356,482.59714048054616,0.36640917416580393,0.7856070324882595,1,0.3711649622802786,1,0.09487024880829135,26.022442066138503,80.07973209790006,"{""type"":""MultiPoint"",""coordinates"":[]}"
357,310.16124838541646,-0.19663596315578694,0.8563461324846919,0,0.3425384529938768,0,0.0,26.0193877941725,80.09913570803705,"{""type"":""MultiPoint"",""coordinates"":[]}"
360,250.0,0.5014773667415199,0.8824969025845955,1,0.5256936468122838,1,0.2878248096307427,26.02810145242846,80.19633342177877,"{""type"":""MultiPoint"",""coordinates"":[]}"
361,1191.0499569707392,0.3883243674038653,0.5512730833801014,0,0.2962158339839251,1,0.12617766771980757,26.037803257496947,80.0807202447126,"{""type"":""MultiPoint"",""coordinates"":[]}"
362,2508.8842141477953,0.39253216190775025,0.2852349343959793,0,0.19340725539360623,1,0.13218880272535752,26.012380934956365,79.9146217486789,"{""type"":""MultiPoint"",""coordinates"":[]}"
363,924.1753080449619,0.4864450127877238,0.6299671183697954,1,0.4117968583088243,1,0.2663500182681769,25.998726542637748,80.28275135211108,"{""type"":""MultiPoint"",""coordinates"":[]}"
366,1592.4823389915505,0.4383565563217075,0.4510210937559147,0,0.2989997714924009,1,0.19765222331672502,26.004026602814054,80.10757987170777,"{""type"":""MultiPoint"",""coordinates"":[]}"
367,2223.3533232484665,0.3494924057606045,0.3290068651805692,0,0.17402480815274582,1,0.07070343680086355,26.034748985530943,80.2686478021504,"{""type"":""MultiPoint"",""coordinates"":[]}"
369,1742.6990560621764,0.5285630153121319,0.4183865437194107,1,0.36326577346959166,1,0.3265185933030456,25.975909334421114,80.38264401170517,"{""type"":""MultiPoint"",""coordinates"":[]}"
370,812.1576201698781,0.46222014925373134,0.6662576575331776,1,0.40554890523075504,1,0.23174307036247338,25.96198544751726,80.34581308505626,"{""type"":""MultiPoint"",""coordinates"":[]}"
372,432.89721643826726,0.35890151515151514,0.8053739234593371,1,0.3726365823707478,1,0.08414502164502165,26.027562463257986,80.01208895700586,"{""type"":""MultiPoint"",""coordinates"":[]}"
373,510.88159097779203,0.40066993043030147,0.7745749935368429,1,0.3961185092121384,1,0.1438141863290021,26.018219984303144,80.04918937824,"{""type"":""MultiPoint"",""coordinates"":[]}"
374,1529.7712247261027,0.3476471242629881,0.46538716246752393,0,0.22699525721242797,1,0.06806732037569731,25.965758371710564,80.32137890932822,"{""type"":""MultiPoint"",""coordinates"":[]}"
375,2134.3148783626093,0.4776228906823184,0.343984927085269,0,0.2898421628475234,1,0.2537469866890263,26.004475760456113,80.13614629774277,"{""type"":""MultiPoint"",""coordinates"":[]}"
378,1774.8521065147934,0.5915865719459534,0.41171412029599463,1,0.4146169955006437,1,0.4165522456370764,25.951924316335123,80.35174196593145,"{""type"":""MultiPoint"",""coordinates"":[]}"
380,2685.218799278748,0.5357842572317622,0.2611632992614739,0,0.30656611161752856,1,0.3368346531882317,25.94231234279504,80.35829966750553,"{""type"":""MultiPoint"",""coordinates"":[]}"
384,1212.4768039018313,0.33806217929369153,0.5453985855722366,0,0.25078415933777315,1,0.05437454184813078,26.019208131115676,80.28625478171914,"{""type"":""MultiPoint"",""coordinates"":[]}"
386,160.0,0.3460559796437659,0.9231163463866358,1,0.4087230925350251,1,0.06579425663395129,26.021543750854384,80.04074521456928,"{""type"":""MultiPoint"",""coordinates"":[]}"
387,3521.3917703090065,0.518254844481669,0.17192518200363796,0,0.2558456537857429,1,0.31179263497381293,25.978244954159823,80.27224106328688,"{""type"":""MultiPoint"",""coordinates"":[]}"
388,1891.0843450253615,0.564945226917058,0.38846889663822765,1,0.38248346744134076,1,0.3784931813100828,25.948690381312293,80.36162343405677,"{""type"":""MultiPoint"",""coordinates"":[]}"
393,687.6772498781678,0.3139868398852708,0.7090433407298883,0,0.2956060561936161,1,0.019981199836101186,26.02908959924099,80.16228727251065,"{""type"":""MultiPoint"",""coordinates"":[]}"
394,3417.4405627603824,0.39855072463768115,0.18109739810293907,0,0.15691100893061663,1,0.14078674948240166,25.952912463147655,80.31095845203242,"{""type"":""MultiPoint"",""coordinates"":[]}"
395,1584.3295111813072,0.5213704206241518,0.45286339485376204,1,0.3708914327622064,1,0.31624345803450266,26.023789539064683,80.28382933045202,"{""type"":""MultiPoint"",""coordinates"":[]}"
396,2130.0,0.3598092541539379,0.3447278547672202,0,0.18915621689597772,1,0.08544179164848272,26.003757108228818,80.04586561168875,"{""type"":""MultiPoint"",""coordinates"":[]}"
399,863.7129152675674,0.5163434151634342,0.649302572423855,1,0.44515824196677134,1,0.3090620216620489,26.034838817059352,80.14881254324885,"{""type"":""MultiPoint"",""coordinates"":[]}"
400,2645.996976566678,0.501996121820463,0.2663354995911117,0,0.279673732825413,1,0.2885658883149472,25.92335789030012,80.38614744131323,"{""type"":""MultiPoint"",""coordinates"":[]}"
401,2000.0249998437519,0.4105288872602907,0.367874842735908,0,0.2418889833174695,1,0.15789841037184388,26.023969202121506,79.90896236238895,"{""type"":""MultiPoint"",""coordinates"":[]}"
402,2777.4268667239467,-0.23273415326395458,0.2493959628388085,0,0.0997583851355234,0,0.0,26.00187064613217,80.08278636986607,"{""type"":""MultiPoint"",""coordinates"":[]}"
403,746.2573282722253,0.5179666958808063,0.6885766320266972,1,0.46225924927994144,1,0.3113809941154377,25.980041584728063,80.31086862050402,"{""type"":""MultiPoint"",""coordinates"":[]}"
405,2703.8676003088613,0.44662851455585967,0.2587394262027576,0,0.2291773543861256,1,0.20946930650837098,25.9878569276999,80.26981561201976,"{""type"":""MultiPoint"",""coordinates"":[]}"
406,2047.9257799051215,0.41840564479807835,0.35916876985217994,0,0.24515806062493917,1,0.16915092114011196,26.045079611298316,79.98262421568674,"{""type"":""MultiPoint"",""coordinates"":[]}"
408,1269.0547663517127,0.4715943069010884,0.5301860039393439,1,0.35915523606238475,1,0.245134724144412,25.955697240528423,80.35596404776682,"{""type"":""MultiPoint"",""coordinates"":[]}"
409,1135.2973178863765,0.44188280499519694,0.5668567464481287,0,0.3483565314322774,1,0.20268972142170993,26.028640441598927,80.25571206205908,"{""type"":""MultiPoint"",""coordinates"":[]}"
410,1020.0,0.5639611650485437,0.6004955788122659,1,0.4664506587093724,1,0.3770873786407767,26.032503197320644,80.01595171272758,"{""type"":""MultiPoint"",""coordinates"":[]}"
411,1179.5338062132853,0.479467758444217,0.5544565117631062,1,0.3756121119431428,1,0.2563825120631672,26.021543750854384,80.27897842791778,"{""type"":""MultiPoint"",""coordinates"":[]}"
412,2293.8613733179254,0.37471917914532427,0.3176101198342045,0,0.19108905862967407,1,0.1067416844933204,26.04669657880973,80.07281507021234,"{""type"":""MultiPoint"",""coordinates"":[]}"
413,2851.2453419514777,0.31816828946808956,0.24035875218407465,0,0.11171632041770664,1,0.02595469924012796,26.011302956615424,79.91039966684353,"{""type"":""MultiPoint"",""coordinates"":[]}"
414,1800.499930574839,0.46321192862380833,0.4064680441394616,0,0.30248315647619184,1,0.23315989803401194,26.04301348614484,80.14485995599873,"{""type"":""MultiPoint"",""coordinates"":[]}"
415,1059.9056561788884,0.41066098081023455,0.5886327359542265,0,0.33030536364760593,1,0.15808711544319226,26.010135146746066,80.24852553978613,"{""type"":""MultiPoint"",""coordinates"":[]}"
416,743.3034373659252,0.3549982056700825,0.6895943735418603,0,0.3229790685625291,1,0.07856886524297502,26.013997902467782,80.24448312100759,"{""type"":""MultiPoint"",""coordinates"":[]}"
417,2604.6496885377887,0.39822134387351776,0.2718989349901287,0,0.19294929731620958,1,0.14031620553359683,25.965129551011678,80.303232940589,"{""type"":""MultiPoint"",""coordinates"":[]}"
418,594.138031100518,0.42305738953783645,0.742992732540133,1,0.40267485547705584,1,0.17579627076833781,26.02873027312734,80.01496356591505,"{""type"":""MultiPoint"",""coordinates"":[]}"
419,1416.7568598739872,0.35810662971336876,0.49244207970936726,0,0.24678251449520588,1,0.08300947101909825,26.002768961416287,80.26101212223539,"{""type"":""MultiPoint"",""coordinates"":[]}"
421,3132.4910215354166,0.24215916364412204,0.2088277539129774,0,0.08353110156519096,0,0.0,25.97195674717099,80.28697343394644,"{""type"":""MultiPoint"",""coordinates"":[]}"
422,920.869154657707,0.5570210346787948,0.6310093635491896,1,0.47270748943007146,1,0.36717290668399266,25.96890247520498,80.37994906585281,"{""type"":""MultiPoint"",""coordinates"":[]}"
425,208.80613017821102,0.37488762361402456,0.9008621181637524,1,0.4245342389346649,1,0.10698231944860653,26.024148865178333,80.22229473348983,"{""type"":""MultiPoint"",""coordinates"":[]}"
426,1153.1695452100703,0.41323594510845507,0.5618138157908455,0,0.32178490783787117,1,0.16176563586922155,26.03340151260476,80.10012385484958,"{""type"":""MultiPoint"",""coordinates"":[]}"
427,662.872536767062,0.587708066581306,0.7178919071705228,1,0.5337636770807572,1,0.4110115236875801,25.96243460515932,80.38453047380182,"{""type"":""MultiPoint"",""coordinates"":[]}"
428,2404.703723954367,0.3952267303102625,0.3004866770357743,0,0.20181758250882048,1,0.1360381861575179,26.049571187718914,80.19884870457432,"{""type"":""MultiPoint"",""coordinates"":[]}"
432,145.60219778561037,0.3831660864222814,0.9297857470496248,1,0.443199515753234,1,0.11880869488897344,26.019118299587262,80.25625105122955,"{""type"":""MultiPoint"",""coordinates"":[]}"
433,2692.582403567252,0.4404466501240694,0.2602035156172015,0,0.2244642492103687,1,0.20063807160581348,26.003218119058346,80.21492854816005,"{""type"":""MultiPoint"",""coordinates"":[]}"
435,2404.4126101815386,0.2903681290973273,0.3005304181242237,0,0.12021216724968949,0,0.0,25.946264930045167,80.35120297676099,"{""type"":""MultiPoint"",""coordinates"":[]}"
436,2445.9762877019066,0.44421906693711966,0.2943492934598604,0,0.24135606047290387,1,0.20602723848159954,26.02046577251344,80.30422108740153,"{""type"":""MultiPoint"",""coordinates"":[]}"
437,2347.871376374779,0.44752428334517885,0.30914783434696635,0,0.2501085194632256,1,0.21074897620739838,25.999894352507106,80.1701924470109,"{""type"":""MultiPoint"",""coordinates"":[]}"
440,1075.6393447619885,0.4865338645418326,0.5840202206334381,1,0.3934942578606604,1,0.2664769493454752,26.02136408779756,79.93600165244094,"{""type"":""MultiPoint"",""coordinates"":[]}"
443,990.0505037623082,0.31731935370290676,0.6095555146785503,0,0.25866736618819736,1,0.024741933861295386,26.04067786640613,79.92126928178138,"{""type"":""MultiPoint"",""coordinates"":[]}"
444,22.360679774997898,0.39738915676819947,0.988881927838342,1,0.479029191222365,1,0.13912736681171356,25.97303472551193,80.33602144845936,"{""type"":""MultiPoint"",""coordinates"":[]}"
445,2476.449070746257,0.4246362323669888,0.28989846576089734,0,0.22279044261892078,1,0.17805176052426971,25.982826362108835,80.28077505848601,"{""type"":""MultiPoint"",""coordinates"":[]}"
451,3264.9655434629017,0.4297635605006954,0.19544372908964275,0,0.18940340063645317,1,0.18537651500099347,25.947432739914525,80.32470267587946,"{""type"":""MultiPoint"",""coordinates"":[]}"
452,810.0,0.48182521268368134,0.6669768108584744,1,0.42264090664368803,1,0.2597503038338305,26.01076396744495,80.11045448061695,"{""type"":""MultiPoint"",""coordinates"":[]}"
454,900.9439494219383,0.517493251468798,0.6373272782670983,1,0.4413536982800948,1,0.3107046449554257,26.013279250240487,80.18986555173312,"{""type"":""MultiPoint"",""coordinates"":[]}"
458,300.1666203960727,0.4082469254883048,0.8606362736599177,1,0.43703758845394264,1,0.15463846498329262,26.029359093826226,80.07811513038865,"{""type"":""MultiPoint"",""coordinates"":[]}"
459,2190.0,0.37218487333305617,0.3345396069486076,0,0.19568859135063407,1,0.10312124761865168,26.042833823088017,80.0281688005916,"{""type"":""MultiPoint"",""coordinates"":[]}"
462,810.5553651663777,0.38807815978233984,0.6667916287268244,0,0.3422122170184496,1,0.1258259425461998,26.03708460526965,79.95010520240162,"{""type"":""MultiPoint"",""coordinates"":[]}"
467,1393.0183056945089,0.3432321928125672,0.4983218364067625,0,0.23638489983061978,1,0.06176027544652463,26.044899948241493,79.92306591234961,"{""type"":""MultiPoint"",""coordinates"":[]}"
468,2146.741717114567,0.36358180290481334,0.34185423078401767,0,0.19124038051773282,1,0.09083114700687622,26.011572451200657,79.93734912536712,"{""type"":""MultiPoint"",""coordinates"":[]}"
471,693.1810730249349,0.43551565579154805,0.7070947984921659,1,0.39899419578962186,1,0.1935937939879258,25.94231234279504,80.40132896961485,"{""type"":""MultiPoint"",""coordinates"":[]}"
472,1993.7151250868314,0.4026310772163965,0.3690372975997808,0,0.23558441379682366,1,0.1466158245948522,26.039510056536777,80.24367463725187,"{""type"":""MultiPoint"",""coordinates"":[]}"
473,912.3595782365635,0.22701856407962426,0.6336998945107479,0,0.25347995780429916,0,0.0,26.00699104325165,80.30017866862299,"{""type"":""MultiPoint"",""coordinates"":[]}"
474,1979.0907002964768,0.45975365224863934,0.371745666719014,0,0.2856299686150108,1,0.22821950321234194,26.04157618169025,80.13201404743582,"{""type"":""MultiPoint"",""coordinates"":[]}"
475,2410.74677226788,0.39584728734092434,0.2995801195646859,0,0.20198686554666667,1,0.1369246962013205,26.044720285184667,80.03751127954645,"{""type"":""MultiPoint"",""coordinates"":[]}"
476,2004.4201156444226,0.44454628780934924,0.3670673041003578,0,0.27072373976244246,1,0.20649469687049893,25.927220646021834,80.39360345817143,"{""type"":""MultiPoint"",""coordinates"":[]}"
477,2905.236651290218,0.49907137171663574,0.23395691005504987,0,0.2642153683505649,1,0.28438767388090824,25.991180694251145,80.36288107545454,"{""type"":""MultiPoint"",""coordinates"":[]}"
478,729.9315036357864,0.3242219660793677,0.6942204262584255,0,0.2984498557142568,1,0.034602808684811026,26.032593028849053,79.9883734335051,"{""type"":""MultiPoint"",""coordinates"":[]}"
479,3028.8776799336083,0.40430820215410107,0.21993156703140498,0,0.17737965723036292,1,0.14901171736300156,26.006362222552763,80.33287734496494,"{""type"":""MultiPoint"",""coordinates"":[]}"
480,392.93765408777,0.5437021388962239,0.8216269434366992,1,0.5375383250000144,1,0.3481459127088913,26.02585566421816,80.12770213407205,"{""type"":""MultiPoint"",""coordinates"":[]}"
481,798.1227975693967,0.6640589047399907,0.670949504604567,1,0.5804302916189616,1,0.5200841496285582,26.01211144037113,80.11665285607738,"{""type"":""MultiPoint"",""coordinates"":[]}"
482,2903.5323314886646,0.36507936507936506,0.23415636372344764,0,0.14944485841454913,1,0.09297052154195011,25.952103979391946,80.3198517733452,"{""type"":""MultiPoint"",""coordinates"":[]}"
485,1217.579566188592,0.2924522392734106,0.5440088395451695,0,0.21760353581806782,0,0.0,26.003757108228818,80.26379689961615,"{""type"":""MultiPoint"",""coordinates"":[]}"
487,1001.6985574512922,0.43389673535540635,0.6060157648024823,1,0.35717493622562696,1,0.19128105050772337,26.016423353734904,80.22400153252966,"{""type"":""MultiPoint"",""coordinates"":[]}"
489,2284.4255295369117,0.440279394644936,0.3191121199447601,0,0.2478843291021349,1,0.20039913520705144,25.998726542637748,80.33350616566383,"{""type"":""MultiPoint"",""coordinates"":[]}"
494,1433.9107364128356,0.2950004466545574,0.48823649568925165,0,0.19529459827570067,0,0.0,26.01345891329731,80.08323552750814,"{""type"":""MultiPoint"",""coordinates"":[]}"
495,1889.5766721676048,0.32618762682761854,0.38876184904922634,0,0.17795127690050644,1,0.0374108954680265,26.005104581155,80.19453679121054,"{""type"":""MultiPoint"",""coordinates"":[]}"
499,2538.5231927244627,0.47702876771146413,0.2810390654486562,0,0.26415456993214603,1,0.25289823958780594,26.02360987600786,80.30215496224805,"{""type"":""MultiPoint"",""coordinates"":[]}"
501,1294.3724348115577,0.4467005076142132,0.5235167686361877,0,0.3351499996952293,1,0.20957215373459032,25.978694111801882,80.358838656676,"{""type"":""MultiPoint"",""coordinates"":[]}"
503,1133.5784048754633,0.5071303126097647,0.5673441445852734,1,0.40447792578533626,1,0.2959004465853782,26.010404641331302,80.17791795845433,"{""type"":""MultiPoint"",""coordinates"":[]}"
504,1616.044553841261,0.5825220738057505,0.4457387428677612,1,0.4204572746948907,1,0.4036029625796436,26.014716554695077,80.2994600163957,"{""type"":""MultiPoint"",""coordinates"":[]}"
507,20.0,0.483554933519944,0.9900498337491681,1,0.5533527336596192,1,0.26222133359992,26.019297962644085,80.25059166493959,"{""type"":""MultiPoint"",""coordinates"":[]}"
509,817.4350127074322,0.4247318456417211,0.6645019233815015,1,0.3727137799026473,1,0.17818835091674448,26.03277269190588,79.99457180896553,"{""type"":""MultiPoint"",""coordinates"":[]}"
510,2016.9531476958011,0.48890347997373607,0.3647742631494627,0,0.3078269738087017,1,0.2698621142481944,25.928927445061664,80.4039340839388,"{""type"":""MultiPoint"",""coordinates"":[]}"
511,332.41540277189324,0.46814781228746316,0.8468703197820632,1,0.4828748241592223,1,0.24021116041066168,26.03016757758193,79.97687499786838,"{""type"":""MultiPoint"",""coordinates"":[]}"
514,2202.044504545719,0.38342220067862337,0.3325309793420429,0,0.20451713517563722,1,0.1191745723980334,26.015525038450782,79.9146217486789,"{""type"":""MultiPoint"",""coordinates"":[]}"
515,1605.2414148656894,0.1818634778276034,0.448152946033918,0,0.1792611784135672,0,0.0,26.011392788143834,80.30511940268565,"{""type"":""MultiPoint"",""coordinates"":[]}"
517,2727.288030260097,0.4143341059012301,0.2557272032105344,0,0.20029154348526815,1,0.16333443700175732,26.050379671474623,79.97894112302185,"{""type"":""MultiPoint"",""coordinates"":[]}"
518,1971.8519214180358,0.5072729655353164,0.37309359692990995,0,0.3268999806593781,1,0.2961042364790235,26.005823233382294,80.23100839174579,"{""type"":""MultiPoint"",""coordinates"":[]}"
519,2469.0281488877363,0.31942125765164164,0.2909761207535423,0,0.13303724057425262,1,0.027744653788059508,25.97195674717099,80.29541759761716,"{""type"":""MultiPoint"",""coordinates"":[]}"
521,235.3720459187964,0.400990099009901,0.8889751265803281,1,0.4421529926406178,1,0.14427157001414434,26.027023474087514,79.95594425174839,"{""type"":""MultiPoint"",""coordinates"":[]}"
522,1527.612516314265,0.6042267050912584,0.46588975124557636,1,0.4471216477193092,1,0.4346095787017978,26.006452054081176,80.31176693578814,"{""type"":""MultiPoint"",""coordinates"":[]}"
523,960.2083107326243,0.351921274601687,0.6187189455515693,0,0.29199152787921656,1,0.07417324943098143,26.032682860377466,79.9161488846619,"{""type"":""MultiPoint"",""coordinates"":[]}"
524,1082.5894882179487,0.5122925246474479,0.5819942307450788,1,0.41476271342441545,1,0.30327503521063987,25.976897481233646,80.35812000444871,"{""type"":""MultiPoint"",""coordinates"":[]}"
526,640.3124237432849,0.5042090916379378,0.7260356128328554,1,0.4654506093942318,1,0.2917272737684826,26.0314252189797,80.15905333748782,"{""type"":""MultiPoint"",""coordinates"":[]}"
527,2424.396832203837,0.4649337910740559,0.29754243780017114,0,0.2603887960406878,1,0.23561970153436562,25.925424015453597,80.40510189380815,"{""type"":""MultiPoint"",""coordinates"":[]}"
531,608.3584469702053,0.43200962695547535,0.7377286363043128,1,0.408242563340704,1,0.1885851813649648,26.028011620900045,80.10021368637798,"{""type"":""MultiPoint"",""coordinates"":[]}"
533,1169.144986731757,0.4974840230153506,0.5573440791801311,1,0.3922096513994958,1,0.28212003287907234,26.03645578457077,80.08790676698555,"{""type"":""MultiPoint"",""coordinates"":[]}"
534,1541.8495387034366,0.4373234846839018,0.4625850859392,0,0.302739878390453,1,0.19617640669128833,25.988126422285138,80.33772824749919,"{""type"":""MultiPoint"",""coordinates"":[]}"
535,1186.9709347747316,0.37437456457027046,0.5523985582708233,0,0.28470905008284686,1,0.10624937795752926,26.03708460526965,80.07577951064994,"{""type"":""MultiPoint"",""coordinates"":[]}"
536,1910.1047091717248,0.36156052782558806,0.384791998399892,0,0.20668296606760372,1,0.08794361117941155,26.042654160031194,79.91093865601401,"{""type"":""MultiPoint"",""coordinates"":[]}"
541,2107.225664232476,0.45635459068294887,0.34867576381566295,0,0.27348852611165,1,0.22336370097564126,25.958661680966017,80.40896464952986,"{""type"":""MultiPoint"",""coordinates"":[]}"
543,1879.7074240423694,0.45248012116622494,0.39068498369498006,0,0.2869712401918991,1,0.21782874452317852,26.0419355078039,80.2288524350639,"{""type"":""MultiPoint"",""coordinates"":[]}"
544,1310.0,0.46218487394957986,0.5194420625870482,0,0.3467924312773163,1,0.23169267707082838,26.01121312508701,80.03751127954645,"{""type"":""MultiPoint"",""coordinates"":[]}"
545,2124.923528035774,0.365334111467756,0.3456039668314369,0,0.19424225370493708,1,0.0933344449539372,26.008518179234652,80.21349124370546,"{""type"":""MultiPoint"",""coordinates"":[]}"
547,2975.9872311554027,0.33140543666859457,0.22582529365591386,0,0.11724906317830376,1,0.04486490952656368,25.953451452318124,80.31652800679397,"{""type"":""MultiPoint"",""coordinates"":[]}"
548,1049.237818609299,0.3143369979807045,0.5917808435732449,0,0.24900119284133043,1,0.020481425686720768,25.97617882900635,80.36009629807377,"{""type"":""MultiPoint"",""coordinates"":[]}"
549,2090.9328061896204,0.4323557237464522,0.35152782747122874,0,0.25405889419973626,1,0.1890796053520746,26.007799527007357,80.14800405949315,"{""type"":""MultiPoint"",""coordinates"":[]}"
551,787.7182237323191,0.5114068441064639,0.6744490714180741,1,0.4509854949441987,1,0.30200977729494843,25.992438335648913,80.31715682749285,"{""type"":""MultiPoint"",""coordinates"":[]}"
555,1012.0276676059801,0.3806294557468266,0.6028940311289022,0,0.3102685745202694,1,0.11518493678118089,26.033311681076352,80.09545261537215,"{""type"":""MultiPoint"",""coordinates"":[]}"
556,1569.7452022541747,0.3564036222509702,0.45617781462323637,0,0.23081708777869764,1,0.08057660321567177,26.037174436798065,80.18869774186376,"{""type"":""MultiPoint"",""coordinates"":[]}"
557,2401.49953154274,0.4626325316783036,0.3009684714383908,0,0.2597867014424737,1,0.23233218811186232,26.046067758110848,80.13443949870295,"{""type"":""MultiPoint"",""coordinates"":[]}"
558,989.9494936611666,0.650965774313792,0.609586301088073,1,0.544662326989908,1,0.5013796775911314,26.0126504295416,80.19094353007407,"{""type"":""MultiPoint"",""coordinates"":[]}"
559,2083.866598417471,0.30638852672750977,0.3527720084205637,0,0.14658468342037673,1,0.0091264667535854,26.010943630501774,79.94956621323115,"{""type"":""MultiPoint"",""coordinates"":[]}"
560,1956.16972678753,0.3706422018348624,0.37603055958843323,0,0.21096268255096967,1,0.1009174311926606,25.984084003506602,80.2882310753442,"{""type"":""MultiPoint"",""coordinates"":[]}"
561,610.0,0.41623200500730234,0.7371233743916278,1,0.39447678262005315,1,0.16604572143900337,25.97447202996652,80.34886735702227,"{""type"":""MultiPoint"",""coordinates"":[]}"
562,1469.8639392814562,0.3638914873713751,0.4795380810131729,0,0.24657936443787642,1,0.09127355338767876,26.03888123583789,79.99241585228364,"{""type"":""MultiPoint"",""coordinates"":[]}"
563,3104.1262860908223,0.47674858223062383,0.21181052730817915,0,0.2362229956923778,1,0.2524979746151769,26.046516915752907,80.02457553945513,"{""type"":""MultiPoint"",""coordinates"":[]}"
565,3383.548433228051,0.32778306374881067,0.18419243663562235,0,0.09749102929608666,1,0.03969009106972954,25.953361620789714,80.3106889574472,"{""type"":""MultiPoint"",""coordinates"":[]}"
567,541.2023651093923,0.4737999376012123,0.7629207018250903,1,0.4541396558167896,1,0.24828562514458904,26.019747120286144,80.09185935423568,"{""type"":""MultiPoint"",""coordinates"":[]}"
568,1731.1845655504212,0.5992767967081781,0.4208022448828538,1,0.4248438665601514,1,0.42753828101168306,26.011123293558597,80.07991176095689,"{""type"":""MultiPoint"",""coordinates"":[]}"
569,384.70768123342685,0.5426322693484915,0.8250148930597873,1,0.5379764738083362,1,0.3466175276407022,26.018489478888377,80.160400810414,"{""type"":""MultiPoint"",""coordinates"":[]}"
570,588.5575587824865,0.4322844907838391,0.7450687526746853,1,0.411414207456022,1,0.18897784397691306,26.02145391932597,79.98019876441963,"{""type"":""MultiPoint"",""coordinates"":[]}"
571,1461.6771189288008,0.417094407846886,0.4815050501330899,0,0.2929686553505669,1,0.16727772549555148,26.00977582063242,80.04200285596704,"{""type"":""MultiPoint"",""coordinates"":[]}"
573,1063.6728820459793,0.46834264432029793,0.5875250232981313,1,0.37930370445093653,1,0.24048949188613994,26.0171420059622,80.15177698368645,"{""type"":""MultiPoint"",""coordinates"":[]}"
574,1833.5757415498276,0.4733994589720469,0.3998011938609237,0,0.3085485852346954,1,0.24771351281720985,26.039869382650423,80.09985436026435,"{""type"":""MultiPoint"",""coordinates"":[]}"
575,2136.7732682715778,0.42355057423550574,0.34356236230892784,0,0.2433254371254332,1,0.1765008203364368,26.041216855576604,80.12455803057763,"{""type"":""MultiPoint"",""coordinates"":[]}"
577,2575.9658382827984,0.4431764146457442,0.27582658687940137,0,0.23305327587668417,1,0.20453773520820603,25.966387192409446,80.301705804606,"{""type"":""MultiPoint"",""coordinates"":[]}"
578,1207.0211265756702,0.5368291890721426,0.5468883759508403,1,0.42175179815645836,1,0.33832741296020374,26.033132018019526,80.10192048541782,"{""type"":""MultiPoint"",""coordinates"":[]}"
580,1198.2069938036582,0.47544253303415607,0.5493038680368599,1,0.37010086124402064,1,0.2506321900487944,26.036815110684415,79.98855309656193,"{""type"":""MultiPoint"",""coordinates"":[]}"
581,101.9803902718557,0.37690939379394073,0.9502879879313,1,0.44603753271018354,1,0.10987056256277249,26.02226240308168,80.05556741675726,"{""type"":""MultiPoint"",""coordinates"":[]}"
582,1836.9812192834197,0.46349967313140117,0.3991210160760584,0,0.29979098340019583,1,0.2335709616162874,25.97519068219382,80.38542878908594,"{""type"":""MultiPoint"",""coordinates"":[]}"
583,1621.1415730897781,0.4369807737953952,0.4446042196773439,0,0.295253779695562,1,0.19568681970770743,26.037174436798065,80.16588053364713,"{""type"":""MultiPoint"",""coordinates"":[]}"
584,1639.5426191471815,0.52981220657277,0.4405323885268864,1,0.3731948467588431,1,0.3283031522468143,26.010314809802892,80.14135652639067,"{""type"":""MultiPoint"",""coordinates"":[]}"
586,526.1178575186362,0.34671470235031737,0.7686965976396557,0,0.3475198124989915,1,0.06673528907188198,26.03178454509335,80.08045075012735,"{""type"":""MultiPoint"",""coordinates"":[]}"
587,114.0175425099138,0.4151970389723492,0.9445857841274462,1,0.476574632770135,1,0.16456719853192747,25.96503971948327,80.36207259169883,"{""type"":""MultiPoint"",""coordinates"":[]}"
589,1812.2085972646746,0.5536349771225216,0.404095396626257,1,0.3790395676126642,1,0.36233568160360236,26.039150730423128,80.10165099083258,"{""type"":""MultiPoint"",""coordinates"":[]}"
591,220.90722034374522,0.6594626865671642,0.8954278679709089,2,0.6662820213887901,1,0.5135181236673775,25.969261801318627,80.35677253152252,"{""type"":""MultiPoint"",""coordinates"":[]}"
592,1344.0610105199837,0.2612137203166227,0.5106706049890024,0,0.20426824199560098,0,0.0,26.025226843519274,80.2724207263437,"{""type"":""MultiPoint"",""coordinates"":[]}"
593,1950.0,0.32983468905799,0.37719235356315695,0,0.1764495320463971,1,0.042620984368557185,26.005643570325468,80.02574334932449,"{""type"":""MultiPoint"",""coordinates"":[]}"
595,3390.294972417592,0.3860607384749836,0.18357215267023447,0,0.1471952083323655,1,0.12294391210711948,25.95084633799418,80.31455171316891,"{""type"":""MultiPoint"",""coordinates"":[]}"
596,770.0,0.5745126115210927,0.6804506362045877,1,0.5074767786427716,1,0.392160873601561,26.014357228581428,80.18833841575011,"{""type"":""MultiPoint"",""coordinates"":[]}"
597,1145.294721894762,0.35288073974551487,0.5640302687388992,0,0.2709384558488582,1,0.07554391392216413,26.01669284832014,79.97741398703886,"{""type"":""MultiPoint"",""coordinates"":[]}"
598,1336.3382805263043,0.41866576248198695,0.5126463025779525,0,0.306772031730027,1,0.16952251783140995,26.037803257496947,79.99115821088589,"{""type"":""MultiPoint"",""coordinates"":[]}"
599,1990.0,0.4302678120262759,0.369723444544059,0,0.25954750241157437,1,0.1860968743232513,26.041037192519777,80.02771964294955,"{""type"":""MultiPoint"",""coordinates"":[]}"
601,1180.0,0.513722957701001,0.5543272847345071,1,0.40492202049466086,1,0.30531851100143,26.03385067024682,80.02161109901753,"{""type"":""MultiPoint"",""coordinates"":[]}"
603,1002.2474744293447,0.3169573988370713,0.6058494614540754,0,0.25687469787054845,1,0.02422485548153045,26.03385067024682,80.13740393914054,"{""type"":""MultiPoint"",""coordinates"":[]}"
604,2346.4441182350797,0.4668183541903678,0.30936852996647624,0,0.2667345727211915,1,0.23831193455766836,26.036725279156006,80.26613251935487,"{""type"":""MultiPoint"",""coordinates"":[]}"
609,2790.627169652012,0.5205880028451751,0.24775533187175308,0,0.2881775637588514,1,0.3151257183502503,25.988755242984023,80.26514437254234,"{""type"":""MultiPoint"",""coordinates"":[]}"
611,2068.7435800504613,0.43522960932145305,0.35544960779008006,0,0.2580909368201346,1,0.19318515617350437,26.046427084224497,79.97085628546478,"{""type"":""MultiPoint"",""coordinates"":[]}"
612,14.142135623730951,0.4049266052028634,0.9929538733665889,1,0.4871186395205185,1,0.14989515028980485,26.026753979502278,80.08242704375242,"{""type"":""MultiPoint"",""coordinates"":[]}"
613,2411.32743525221,0.42409699419045216,0.29949315464648785,0,0.22616611402183986,1,0.17728142027207455,25.93153255938561,80.41264774219476,"{""type"":""MultiPoint"",""coordinates"":[]}"
614,1596.151621870554,0.40597897184941134,0.4501943903512669,0,0.27091687486857363,1,0.1513985312134448,26.045079611298316,79.9409423865036,"{""type"":""MultiPoint"",""coordinates"":[]}"
615,1970.8373854785686,0.2517725924970994,0.37328290337183306,0,0.14931316134873324,0,0.0,25.93350885301067,80.40914431258669,"{""type"":""MultiPoint"",""coordinates"":[]}"
619,3214.0317359976393,0.4221248630887185,0.20048499599088232,0,0.18487245247239736,1,0.17446409012674075,26.017950489717908,80.32164840391346,"{""type"":""MultiPoint"",""coordinates"":[]}"
622,1891.0843450253615,-0.33748443337484435,0.38846889663822765,0,0.15538755865529108,0,0.0,26.03600662692871,80.11063414367378,"{""type"":""MultiPoint"",""coordinates"":[]}"
623,2462.72207120495,0.3688978359335682,0.29189502767751974,0,0.17581329901406634,1,0.09842547990509741,26.00187064613217,80.00678889682956,"{""type"":""MultiPoint"",""coordinates"":[]}"
624,1964.713719603953,0.39858823529411763,0.37442758477766125,0,0.23427523559173677,1,0.1408403361344538,26.008608010763062,79.98433101472658,"{""type"":""MultiPoint"",""coordinates"":[]}"
625,2500.019999920001,0.4370189743198964,0.2865019318380066,0,0.2320456078665424,1,0.1957413918855663,26.0457084319972,80.0243958763983,"{""type"":""MultiPoint"",""coordinates"":[]}"
627,372.15588131856794,0.4416407367871175,0.830208885432339,1,0.45348989999046496,1,0.2023439096958822,26.029269262297813,80.07308456479758,"{""type"":""MultiPoint"",""coordinates"":[]}"
628,335.4101966249684,0.43097758051667234,0.8456031677196146,1,0.450507764673565,1,0.18711082930953193,25.969082138261804,80.36279124392613,"{""type"":""MultiPoint"",""coordinates"":[]}"
629,2522.399651125888,0.45277296360485264,0.2833138952376394,0,0.2442738126135009,1,0.21824709086407523,26.045977926582434,80.12949876464029,"{""type"":""MultiPoint"",""coordinates"":[]}"
632,2670.8238429368566,0.39915325994919565,0.26304979727714767,0,0.19020842743874108,1,0.14164751421313668,26.00070283626281,80.20289112335286,"{""type"":""MultiPoint"",""coordinates"":[]}"
633,1406.1649974309557,0.44413750767341925,0.4950569370348151,0,0.3215692099625711,1,0.20591072524774182,26.035377806229825,80.12833095477093,"{""type"":""MultiPoint"",""coordinates"":[]}"
634,863.1338250816034,0.3950285522337924,0.6494906020177704,0,0.34124928557893025,1,0.13575507461970346,26.029269262297813,80.17010261548249,"{""type"":""MultiPoint"",""coordinates"":[]}"
637,892.6925562588724,0.5056713268266948,0.639962128799884,1,0.43227456022854915,1,0.2938161811809926,26.021004761683912,80.20873017269963,"{""type"":""MultiPoint"",""coordinates"":[]}"
638,2330.772404161333,0.4563855421686747,0.3118022201105202,0,0.25876563847450074,1,0.22340791738382107,26.04660674728132,80.09033221825267,"{""type"":""MultiPoint"",""coordinates"":[]}"
641,1940.3092537015846,0.4620706396407331,0.3790244262186305,0,0.2905274616080806,1,0.2315294852010473,26.00537407574023,80.13246320507788,"{""type"":""MultiPoint"",""coordinates"":[]}"
643,3303.876511009453,0.47559007024126354,0.19167802734507722,0,0.22717698543054252,1,0.2508429574875194,26.00797919006418,79.92315574387803,"{""type"":""MultiPoint"",""coordinates"":[]}"
644,2131.3845265460664,0.420208009788696,0.3444892949168118,0,0.24083115492846413,1,0.17172572826956573,26.044989779769903,79.99106837935747,"{""type"":""MultiPoint"",""coordinates"":[]}"
648,1321.8547575282241,0.42575520380356,0.5163722397253812,0,0.3143390705789182,1,0.17965029114794293,26.036365953042356,80.1356073085723,"{""type"":""MultiPoint"",""coordinates"":[]}"
651,441.81444068749045,0.4728901461574729,0.8017910667389275,1,0.4689079805448335,1,0.24698592308210415,26.03097606133764,79.97867162843662,"{""type"":""MultiPoint"",""coordinates"":[]}"
653,250.59928172283335,0.5079069767441861,0.8822325100658867,1,0.5310989840928,1,0.2970099667774087,25.964410898784383,80.37572698401745,"{""type"":""MultiPoint"",""coordinates"":[]}"
654,1250.0,0.2977478276290122,0.5352614285189903,0,0.21410457140759612,0,0.0,26.011931777314306,80.0288874528189,"{""type"":""MultiPoint"",""coordinates"":[]}"
656,1221.8428704215612,0.3725396636049147,0.5428504370451799,0,0.27931702933657027,1,0.10362809086416387,25.959919322363785,80.33763841597077,"{""type"":""MultiPoint"",""coordinates"":[]}"
657,1641.2799883018133,0.3595744680851064,0.44014987100275627,0,0.22712377818833657,1,0.08510638297872346,26.039060898894714,79.91156747671289,"{""type"":""MultiPoint"",""coordinates"":[]}"
659,646.297145282261,0.4582030719043088,0.7238662996503045,1,0.42514915292095795,1,0.2260043884347269,26.018848805002026,80.0010396790112,"{""type"":""MultiPoint"",""coordinates"":[]}"
660,1154.1230437002807,0.39524550099977784,0.5615460353154194,0,0.3062574149831202,1,0.1360650014282541,25.935934304277794,80.40061031738756,"{""type"":""MultiPoint"",""coordinates"":[]}"
662,2214.362210660216,0.3696612665684831,0.33048926367046444,0,0.1919053625268856,1,0.09951609509783299,26.043552475315312,80.09913570803705,"{""type"":""MultiPoint"",""coordinates"":[]}"
663,2813.201023745015,0.3551901543427822,0.2449746576691726,0,0.14529570964719668,1,0.07884307763254605,26.005553738797058,80.33090105133988,"{""type"":""MultiPoint"",""coordinates"":[]}"
664,450.0,0.44836025452765543,0.7985162187593771,1,0.4465724199560269,1,0.21194322075379352,26.017501332075845,80.16453306072094,"{""type"":""MultiPoint"",""coordinates"":[]}"
667,3098.2091601439693,0.4236658932714617,0.21243811000534618,0,0.1909745810919628,1,0.17666556181637388,25.94716324532929,80.32847560007276,"{""type"":""MultiPoint"",""coordinates"":[]}"
668,3376.818028854975,0.35265901981230446,0.1848133255485536,0,0.11906163291568242,1,0.07522717116043497,25.949319202011175,80.31715682749285,"{""type"":""MultiPoint"",""coordinates"":[]}"
672,1863.0351580150066,0.4431045411505083,0.3939553980513456,0,0.28024319449240254,1,0.20443505878644044,25.994773955387622,80.27269022092894,"{""type"":""MultiPoint"",""coordinates"":[]}"
673,1732.9743217947575,0.4900692840646651,0.4204258466005614,0,0.33108686783850894,1,0.2715275486638073,26.00339778211517,80.2498730127123,"{""type"":""MultiPoint"",""coordinates"":[]}"
676,3410.131962256006,0.4151260504201681,0.18176039302395305,0,0.17138362899829673,1,0.16446578631452588,26.00294862447311,80.34473510671532,"{""type"":""MultiPoint"",""coordinates"":[]}"
677,3101.1127035307827,0.4664307045680788,0.21212992213398268,0,0.2275068584833749,1,0.2377581493829697,26.017860658189495,80.32021109945886,"{""type"":""MultiPoint"",""coordinates"":[]}"
678,528.1098370604357,0.4943531520764864,0.7679313648367622,1,0.4737609620002647,1,0.27764736010926633,26.008069021592593,80.27062409577546,"{""type"":""MultiPoint"",""coordinates"":[]}"
679,3116.0231064611826,0.39207874384813685,0.21055433129883658,0,0.16314637010365196,1,0.13154106264019552,25.96854314909133,80.41076128009811,"{""type"":""MultiPoint"",""coordinates"":[]}"
681,2498.039231077046,0.40506422018348626,0.2867858194437487,0,0.20476937364905914,1,0.1500917431192661,26.050379671474623,79.91120815059924,"{""type"":""MultiPoint"",""coordinates"":[]}"
684,2320.344801963708,0.3027574141058529,0.3134321402156894,0,0.12773635389129254,1,0.003939163008361279,26.001960477660578,80.04909954671159,"{""type"":""MultiPoint"",""coordinates"":[]}"
686,538.5164807134504,0.30046852719494804,0.763945948498702,0,0.30597997413800776,1,6.693245642115059E-4,25.949678528124824,80.39755604542155,"{""type"":""MultiPoint"",""coordinates"":[]}"
688,1154.3396380615195,0.6388083922568679,0.5614852247558723,1,0.5150012832653785,1,0.48401198893838276,25.989384063682905,80.32928408382847,"{""type"":""MultiPoint"",""coordinates"":[]}"
689,3125.4119728445403,0.19618882633174534,0.2095682144980343,0,0.08382728579921372,0,0.0,25.96647702393786,80.2927226517648,"{""type"":""MultiPoint"",""coordinates"":[]}"
691,542.3098745182499,0.2802373345504336,0.7624983478483921,0,0.30499933913935684,0,0.0,26.035287974701415,79.94381699541277,"{""type"":""MultiPoint"",""coordinates"":[]}"
693,3408.2546853191593,0.5420935412026726,0.18193108041522496,0,0.2802811817683808,1,0.34584791600381803,26.011482619672247,80.33054172522624,"{""type"":""MultiPoint"",""coordinates"":[]}"
694,991.8165152889924,0.3623745462310485,0.6090175112110502,0,0.2970709012538902,1,0.08910649461578356,26.03501848011618,79.98783444433464,"{""type"":""MultiPoint"",""coordinates"":[]}"
702,2027.6587484091103,0.35408073990751154,0.36282691587386395,0,0.19148568627026977,1,0.07725819986787365,25.952553137034005,80.41237824760952,"{""type"":""MultiPoint"",""coordinates"":[]}"
704,1579.5252451290546,0.3435177539223782,0.4539525405836083,0,0.21888194816691037,1,0.062168219889111746,25.95452943065907,80.40635953520592,"{""type"":""MultiPoint"",""coordinates"":[]}"
707,1030.9219175087899,0.3270968764864436,0.5972252349579908,0,0.2621159881144337,1,0.03870982355206229,26.024777685877215,80.26460538337186,"{""type"":""MultiPoint"",""coordinates"":[]}"
710,798.1227975693967,0.4753337202553685,0.670949504604567,1,0.4186658477749998,1,0.25047674322195507,26.013728407882546,80.12330038917986,"{""type"":""MultiPoint"",""coordinates"":[]}"
711,302.65491900843114,0.4694192025102133,0.859566179453687,1,0.4890429310759433,1,0.2420274321574476,26.024148865178333,80.08027108707054,"{""type"":""MultiPoint"",""coordinates"":[]}"
712,1477.3286702694156,0.543527064105762,0.4777516055900446,1,0.39983812575524247,1,0.34789580586537433,25.958661680966017,80.39881368681932,"{""type"":""MultiPoint"",""coordinates"":[]}"
713,2221.9135896789508,0.42464501884350375,0.32924379156225486,0,0.23853610420504803,1,0.1780643126335768,26.005823233382294,80.20387927016539,"{""type"":""MultiPoint"",""coordinates"":[]}"
714,1970.0,0.26818607555416796,0.37343922693666093,0,0.14937569077466437,0,0.0,26.04076769793454,80.03463667063727,"{""type"":""MultiPoint"",""coordinates"":[]}"
715,3195.3247096343744,0.5111162308489805,0.20236903248781207,0,0.261904382294251,1,0.3015946154985436,26.021543750854384,80.31545002845303,"{""type"":""MultiPoint"",""coordinates"":[]}"
720,862.670273047588,0.4499514091350826,0.6496411558092952,1,0.3883862415823603,1,0.2142162987644037,25.980221247784886,80.30862283229372,"{""type"":""MultiPoint"",""coordinates"":[]}"
721,1730.7223925286225,0.42861657081463683,0.42089949784189307,0,0.2786025741207317,1,0.18373795830662407,26.007260537836885,80.05350129160378,"{""type"":""MultiPoint"",""coordinates"":[]}"
722,1815.406290613757,0.491119314620046,0.4034498262666982,0,0.32519648589529015,1,0.2730275923143514,26.04579826352561,79.9537882950665,"{""type"":""MultiPoint"",""coordinates"":[]}"
723,2123.605424743495,0.45768244346001397,0.34583181276756203,0,0.2734891052156082,1,0.2252606335143057,26.04436095907102,79.99672776564742,"{""type"":""MultiPoint"",""coordinates"":[]}"
726,2127.0872102478543,0.4334646343551978,0.3452302804248121,0,0.2524903701886658,1,0.19066376336456828,25.999804520978692,80.11656302454897,"{""type"":""MultiPoint"",""coordinates"":[]}"
730,3390.294972417592,0.4156359393232205,0.18357215267023447,0,0.1725453804879971,1,0.1651941990331722,25.995492607614917,80.35623354235206,"{""type"":""MultiPoint"",""coordinates"":[]}"
735,2142.1717951648975,0.39807604214383874,0.34263624745898796,0,0.22111967796402843,1,0.14010863163405538,25.964500730312796,80.40061031738756,"{""type"":""MultiPoint"",""coordinates"":[]}"
737,762.954782408499,0.28279819044466514,0.6828518243409981,0,0.27314072973639925,0,0.0,25.938359755544916,80.39450177345554,"{""type"":""MultiPoint"",""coordinates"":[]}"
738,886.4536084872124,0.5359225437341841,0.6419615909621794,1,0.45900395958560103,1,0.3370322053345488,25.958571849437607,80.35901831973283,"{""type"":""MultiPoint"",""coordinates"":[]}"
739,1517.8932768808222,0.38217915386433465,0.46815930839240877,0,0.2577029980978218,1,0.11739879123476381,25.99917570027981,80.26918679132088,"{""type"":""MultiPoint"",""coordinates"":[]}"
740,1584.7397262642216,0.44304038004750596,0.4527705186813549,0,0.30371424751326137,1,0.20434340006786567,26.040857529462954,80.15842451678894,"{""type"":""MultiPoint"",""coordinates"":[]}"
741,2070.0,0.43894065718489456,0.3552263809249515,0,0.2611825442427474,1,0.19848665312127797,26.0419355078039,80.01792800635265,"{""type"":""MultiPoint"",""coordinates"":[]}"
742,258.0697580112788,0.5159663865546219,0.8789433083423315,1,0.53669136895518,1,0.3085234093637456,25.96243460515932,80.3790507505687,"{""type"":""MultiPoint"",""coordinates"":[]}"
743,100.4987562112089,0.590440251572327,0.9509922382845907,1,0.6293456823758309,1,0.4149146451033244,25.968632980619745,80.35452674331222,"{""type"":""MultiPoint"",""coordinates"":[]}"
744,2267.3773395709854,0.4871239991343865,0.3218438883511857,0,0.28912955459851986,1,0.2673199987634093,26.016603016791727,80.30799401159483,"{""type"":""MultiPoint"",""coordinates"":[]}"
747,1901.578291840754,0.3601187876670451,0.38643594874366355,0,0.20610476892636123,1,0.085883982381493,26.038971067366305,79.90896236238895,"{""type"":""MultiPoint"",""coordinates"":[]}"
748,2047.8769494283586,0.37547741340708546,0.3591775391503669,0,0.20836594143764858,1,0.1078248762958364,26.01354874482572,79.92719816265657,"{""type"":""MultiPoint"",""coordinates"":[]}"
749,2184.9713956937744,0.44009645949797216,0.33538179892153064,0,0.25423539913830273,1,0.20013779928281739,25.937461440260797,80.37222355440939,"{""type"":""MultiPoint"",""coordinates"":[]}"
751,2522.102297687388,0.4210263078923677,0.2833560205495502,0,0.2170792435561353,1,0.17289472556052535,25.94410897336328,80.35641320540888,"{""type"":""MultiPoint"",""coordinates"":[]}"
752,513.5172830587107,0.4279105628373169,0.7735548952624428,1,0.4190595833941059,1,0.18272937548188128,26.01633352220649,80.17189924605073,"{""type"":""MultiPoint"",""coordinates"":[]}"
753,1496.4290828502365,0.3478454020435362,0.4732106970211639,0,0.2302946234172109,1,0.06835057434790888,25.931891885499258,80.39324413205777,"{""type"":""MultiPoint"",""coordinates"":[]}"
754,836.7795408588812,0.42683996491507853,0.6581056682993498,1,0.3719622372469501,1,0.18119994987868365,26.016603016791727,80.13668528691325,"{""type"":""MultiPoint"",""coordinates"":[]}"
757,101.9803902718557,0.49547218628719275,0.9502879879313,1,0.5476627834186852,1,0.2792459804102754,26.021903076968034,80.13048691145282,"{""type"":""MultiPoint"",""coordinates"":[]}"
758,1036.9667304209909,0.284640171858217,0.5954229026145794,0,0.23816916104583177,0,0.0,26.01633352220649,79.99079888477223,"{""type"":""MultiPoint"",""coordinates"":[]}"
760,2122.4985276791126,0.35555555555555557,0.3460232658515505,0,0.18602835395966785,1,0.0793650793650794,26.04516944282673,80.19211133994342,"{""type"":""MultiPoint"",""coordinates"":[]}"
765,1840.9236811991964,0.2816753926701571,0.3983350313064922,0,0.1593340125225969,0,0.0,26.04247449697437,80.2250795108706,"{""type"":""MultiPoint"",""coordinates"":[]}"
766,345.2535300326414,0.45769897860859515,0.841451615422927,1,0.4717511992622524,1,0.22528425515513598,26.022352234610093,80.22454052170013,"{""type"":""MultiPoint"",""coordinates"":[]}"
767,350.5709628591621,0.3428007889546351,0.8392174055833166,1,0.3723733527658711,1,0.061143984220907326,26.024867517405628,79.9672630243283,"{""type"":""MultiPoint"",""coordinates"":[]}"
768,1675.0522379914005,0.4383478436930553,0.4327798460354266,0,0.29169580443678944,1,0.19763977670436472,26.01247076648478,79.9717546007489,"{""type"":""MultiPoint"",""coordinates"":[]}"
773,58.309518948453004,0.42932312843817266,0.9712661401976614,1,0.4993548518832126,1,0.18474732634024668,25.969171969790217,80.3498555038348,"{""type"":""MultiPoint"",""coordinates"":[]}"
774,2228.1157959136685,0.3983931947069943,0.32822435412116385,0,0.2156267656830321,1,0.1405617067242776,25.994414629273976,80.33934521501061,"{""type"":""MultiPoint"",""coordinates"":[]}"
776,278.92651361962703,0.490787269681742,0.8698249827620175,1,0.5114619385463002,1,0.2725532424024886,25.96647702393786,80.34778937868133,"{""type"":""MultiPoint"",""coordinates"":[]}"
777,1229.8373876248843,0.4330455654059077,0.5406848545464068,0,0.3303129978807694,1,0.19006509343701106,26.035916795400297,80.06544888488257,"{""type"":""MultiPoint"",""coordinates"":[]}"
784,2010.0,0.29870718983896577,0.3660446348040154,0,0.14641785392160617,0,0.0,26.041037192519777,80.03912824705786,"{""type"":""MultiPoint"",""coordinates"":[]}"
787,3521.4201680572,0.32180652854374714,0.17192274087695528,0,0.08746040653113682,1,0.031152183633924503,25.98641962324531,80.2602934700081,"{""type"":""MultiPoint"",""coordinates"":[]}"
789,2183.048327454067,0.44482225656877905,0.33570443505233794,0,0.2584151367941744,1,0.20688893795539867,26.038162583610596,80.25679004040002,"{""type"":""MultiPoint"",""coordinates"":[]}"
790,1930.3885619221846,0.3963563333811505,0.3809091891467892,0,0.2349548185568447,1,0.13765190483021503,26.01813015277473,79.91507090632096,"{""type"":""MultiPoint"",""coordinates"":[]}"
793,3500.185709358862,0.46637441466573676,0.17375780847574812,0,0.21210976453235936,1,0.23767773523676683,25.97222624175622,80.40986296481398,"{""type"":""MultiPoint"",""coordinates"":[]}"
794,2931.0237119477556,0.5733901850036879,0.23095974309261363,0,0.32671834152592083,1,0.3905574071481256,26.007889358535767,79.92971344545211,"{""type"":""MultiPoint"",""coordinates"":[]}"
795,186.81541692269406,0.420235878336437,0.910822074717966,1,0.467388154175561,1,0.1717655404806243,26.022531897666916,80.06248444444498,"{""type"":""MultiPoint"",""coordinates"":[]}"
798,1383.6184445142383,0.42982626106051797,0.5006694268841784,0,0.3115474230912582,1,0.1854660872293114,26.016513185263314,79.95729172467458,"{""type"":""MultiPoint"",""coordinates"":[]}"
799,2080.793118020146,0.31423969396486634,0.35331454410829705,0,0.1535312696132043,1,0.020342419949809076,26.039150730423128,80.11817999206038,"{""type"":""MultiPoint"",""coordinates"":[]}"
800,1755.135322418189,0.40154956561554866,0.4157930322271502,0,0.25335969770418754,1,0.1450708080222124,26.040228708764072,80.06239461291656,"{""type"":""MultiPoint"",""coordinates"":[]}"
801,3514.3847256667846,0.32679738562091504,0.17252858211201164,0,0.0919806205198747,1,0.03828197945845007,25.946175098516758,80.32748745326023,"{""type"":""MultiPoint"",""coordinates"":[]}"
804,2332.38075793812,0.38826660751913056,0.3115515767656577,0,0.20027772286551787,1,0.12609515359875798,25.962704099744556,80.31275508260067,"{""type"":""MultiPoint"",""coordinates"":[]}"
805,2314.649001468689,0.40161921222596203,0.3143260359441558,0,0.21283259628562978,1,0.14517030317994578,26.04292365461643,80.24178817515522,"{""type"":""MultiPoint"",""coordinates"":[]}"
806,1959.0048494069633,0.3038929574362645,0.37549789085038543,0,0.15353597699980948,1,0.005561367766092142,26.044720285184667,79.91210646588337,"{""type"":""MultiPoint"",""coordinates"":[]}"
808,912.1951545584968,0.5503955090584333,0.6337519942860507,1,0.468125519764506,1,0.35770787008347615,26.01426739705302,80.12994792228234,"{""type"":""MultiPoint"",""coordinates"":[]}"
809,2153.4158910902465,0.3233644859813084,0.3407153348330691,0,0.15631283620292055,1,0.03337783711615488,26.002409635302637,80.1611194626413,"{""type"":""MultiPoint"",""coordinates"":[]}"
810,2908.0061898145955,0.420036210018105,0.23363315793005984,0,0.1963414431875425,1,0.17148030002586429,26.011572451200657,79.90914202544577,"{""type"":""MultiPoint"",""coordinates"":[]}"
811,3226.701101744629,0.4582657335883963,0.199219001191678,0,0.21534394355243947,1,0.22609390512628044,26.04669657880973,80.02457553945513,"{""type"":""MultiPoint"",""coordinates"":[]}"
813,1739.7126199461795,0.28766437069505324,0.41901175273224106,0,0.16760470109289644,0,0.0,25.97626866053476,80.38192535947788,"{""type"":""MultiPoint"",""coordinates"":[]}"
815,3176.7278762903193,0.4656252017300368,0.2042595197213763,0,0.22366826651429636,1,0.23660743104290974,26.037264268326478,80.2829310151679,"{""type"":""MultiPoint"",""coordinates"":[]}"
816,1889.5766721676048,0.4490137077900368,0.38876184904922634,0,0.2832307748682935,1,0.2128767254143383,26.037354099854888,80.11800032900355,"{""type"":""MultiPoint"",""coordinates"":[]}"
817,2743.519637254306,0.5239024390243903,0.253660170641122,0,0.29338044456306905,1,0.3198606271777004,25.99845704805251,80.2340626637118,"{""type"":""MultiPoint"",""coordinates"":[]}"
818,808.9499366462674,0.4532627865961199,0.6673270867568352,1,0.3982989374994083,1,0.21894683799445705,26.03385067024682,79.9829835418004,"{""type"":""MultiPoint"",""coordinates"":[]}"
821,1636.7040050051812,0.43286180631120785,0.4411580831823166,0,0.29034478153967624,1,0.18980258044458267,25.984802655733898,80.34455544365849,"{""type"":""MultiPoint"",""coordinates"":[]}"
823,771.0382610480494,0.30414962794127504,0.6800974851829104,0,0.2755958180228285,1,0.0059280399161072105,26.036276121513946,80.20935899339851,"{""type"":""MultiPoint"",""coordinates"":[]}"
826,943.6630754670864,0.45680688139044223,0.623858600699663,1,0.38394933861453,1,0.22400983055777465,26.031874376621758,80.05583691134248,"{""type"":""MultiPoint"",""coordinates"":[]}"
827,1458.2523787054147,0.4492379646802678,0.48233027132998013,0,0.32085036397222155,1,0.21319709240038257,26.03609645845712,80.05287247090489,"{""type"":""MultiPoint"",""coordinates"":[]}"
828,2364.7832881682834,0.45701357466063347,0.30654471533485655,0,0.2572009501287713,1,0.22430510665804784,26.04481011671308,80.23567963122322,"{""type"":""MultiPoint"",""coordinates"":[]}"
829,2039.8284241572867,0.42282485875706216,0.3606258761903968,0,0.24952880083935486,1,0.17546408393866025,26.010584304388125,79.95729172467458,"{""type"":""MultiPoint"",""coordinates"":[]}"
831,2627.8698597913863,0.4548704200178731,0.2687604195439583,0,0.24025024211861742,1,0.22124345716839017,26.048583040906383,80.13623612927118,"{""type"":""MultiPoint"",""coordinates"":[]}"
832,1944.8650338776724,0.3612448225680063,0.378162032826598,0,0.20376037533178748,1,0.08749260366858042,26.033581175661585,80.2640663942014,"{""type"":""MultiPoint"",""coordinates"":[]}"
834,1170.0427342623002,0.31762351932340754,0.5570939581853337,0,0.2379434569799114,1,0.02517645617629651,26.008518179234652,80.10578324113953,"{""type"":""MultiPoint"",""coordinates"":[]}"
836,2430.226326908669,0.4019755037534572,0.2966764394636499,0,0.20607815043128044,1,0.14567929107636746,26.046876241866556,80.09320682716186,"{""type"":""MultiPoint"",""coordinates"":[]}"
840,1808.7841220001906,0.431453272951832,0.40478789666450227,0,0.2745893926245141,1,0.1877903899311886,26.04112702404819,80.06508955876892,"{""type"":""MultiPoint"",""coordinates"":[]}"
844,1887.9883474216676,0.3080892506722872,0.38907071170910523,0,0.16256192811703113,1,0.011556072388981741,26.006811380194826,80.06077764540514,"{""type"":""MultiPoint"",""coordinates"":[]}"
845,1030.4368005850722,0.45234969808348646,0.5973701145625422,1,0.3695335013251482,1,0.21764242583355212,26.012291103427955,80.16507204989142,"{""type"":""MultiPoint"",""coordinates"":[]}"
847,635.6099432828282,0.36545792200175936,0.727744705430594,0,0.3472046724594599,1,0.09351131714537053,25.975011019136993,80.34734022103927,"{""type"":""MultiPoint"",""coordinates"":[]}"
848,2153.7177159507232,0.4338740318573725,0.340663920533496,0,0.25101473837686056,1,0.1912486169391036,26.001151993904873,80.24376446878028,"{""type"":""MultiPoint"",""coordinates"":[]}"
852,662.7216610312357,0.5165300185136207,0.7179460654481586,1,0.4727755849052241,1,0.309328597876601,26.0148962177519,80.17971458902257,"{""type"":""MultiPoint"",""coordinates"":[]}"
855,1892.828571212935,0.41560975609756096,0.388130255515083,0,0.25434617886108546,1,0.1651567944250871,26.001331656961696,80.25157981175212,"{""type"":""MultiPoint"",""coordinates"":[]}"
859,130.0,0.5493161774104214,0.9370674633774034,1,0.5885265659884654,1,0.3561659677291734,26.021903076968034,80.12141392708321,"{""type"":""MultiPoint"",""coordinates"":[]}"
860,201.24611797498108,0.47621863647883755,0.904273826544039,1,0.512754076170905,1,0.25174090925548226,26.0254065065761,80.09706958288358,"{""type"":""MultiPoint"",""coordinates"":[]}"
861,2916.0589843142748,0.46048472075869334,0.23269434930205818,0,0.2306360717997033,1,0.2292638867981334,25.958482017909194,80.30961097910625,"{""type"":""MultiPoint"",""coordinates"":[]}"
862,2090.861066642162,0.3758563666430428,0.3515404369210074,0,0.2056359176052968,1,0.1083662380614897,26.03196420815017,79.90599792195135,"{""type"":""MultiPoint"",""coordinates"":[]}"
866,1767.0880000724355,0.4625228519195612,0.41331552277658445,0,0.30463151075597195,1,0.23217550274223034,25.967285507693564,80.39324413205777,"{""type"":""MultiPoint"",""coordinates"":[]}"
867,1122.9425630903836,0.2598046434005792,0.5703692724310245,0,0.22814770897240982,0,0.0,26.036725279156006,80.2213065866773,"{""type"":""MultiPoint"",""coordinates"":[]}"
868,1494.0548852033517,0.5117188852345508,0.47377277843992627,1,0.3709824415770141,1,0.3024555503350726,26.038072752082183,80.00274647805102,"{""type"":""MultiPoint"",""coordinates"":[]}"
871,1200.0,0.45245683739668446,0.5488116360940265,1,0.35020194363476875,1,0.21779548199526355,26.034030333303647,80.02367722417101,"{""type"":""MultiPoint"",""coordinates"":[]}"
876,1325.0283015845362,0.3955144179423283,0.5155535244283181,0,0.2880909108647515,1,0.13644916848904043,26.011841945785893,80.09365598480392,"{""type"":""MultiPoint"",""coordinates"":[]}"
878,802.3091673413684,0.40968383816051296,0.6695465520740294,1,0.3618333392529086,1,0.1566911973721614,26.032143871206994,80.06616753710986,"{""type"":""MultiPoint"",""coordinates"":[]}"
879,170.0,0.35710646968925114,0.9185122844014574,1,0.4163533163513697,1,0.0815806709846445,26.024867517405628,80.01496356591505,"{""type"":""MultiPoint"",""coordinates"":[]}"
880,381.8376618407357,0.41100917431192663,0.8261996472945559,1,0.42563057975661667,1,0.15858453473132378,26.00986565216083,80.28850056992944,"{""type"":""MultiPoint"",""coordinates"":[]}"
881,312.5699921617557,0.369885742297975,0.8553153940969452,1,0.40202822246561387,1,0.09983677471139288,26.021004761683912,80.05996916164943,"{""type"":""MultiPoint"",""coordinates"":[]}"
886,1524.5327152934437,0.4306412664341293,0.4666077277756493,0,0.2986213194823706,1,0.18663038062018475,26.009685989104007,80.05790303649596,"{""type"":""MultiPoint"",""coordinates"":[]}"
887,1582.1820375671064,0.5253569670113245,0.4533499120983988,1,0.3745030794204949,1,0.3219385243018922,25.99333665093303,80.28005640625872,"{""type"":""MultiPoint"",""coordinates"":[]}"
891,3465.544690232691,0.6062484502851475,0.17679359706743158,0,0.33321611049995625,1,0.43749778612163936,26.007080874780062,79.93025243462257,"{""type"":""MultiPoint"",""coordinates"":[]}"
894,1933.1321734428818,0.43791854210121856,0.3803870139702934,0,0.2703706988177333,1,0.19702648871602654,25.963692246557088,80.31787547972014,"{""type"":""MultiPoint"",""coordinates"":[]}"
897,3376.818028854975,0.5743615423134703,0.1848133255485536,0,0.3090923664881102,1,0.3919450604478147,25.997738395825216,80.14000905346448,"{""type"":""MultiPoint"",""coordinates"":[]}"
901,400.24992192379,0.34258582907231555,0.8186284500876174,1,0.3639535192398889,1,0.060836898674736524,26.016423353734904,80.247627224502,"{""type"":""MultiPoint"",""coordinates"":[]}"
902,2555.503864211518,0.42340696270677675,0.2786630502822597,0,0.21724261671871253,1,0.17629566100968108,25.999984184035515,80.19830971540384,"{""type"":""MultiPoint"",""coordinates"":[]}"
903,3464.823227814083,0.4714138993495378,0.17685738353969288,0,0.21766915285833816,1,0.24487699907076835,25.981478889182654,80.40132896961485,"{""type"":""MultiPoint"",""coordinates"":[]}"
904,2553.918557824427,0.5079785428125212,0.2788840210039935,0,0.2898209308123299,1,0.29711220401788746,26.045528768940375,80.12644449267428,"{""type"":""MultiPoint"",""coordinates"":[]}"
906,1866.7619023324855,0.6013798390187811,0.39322199604348007,1,0.4156143747192045,1,0.43054262716968733,25.938359755544916,80.37545748943221,"{""type"":""MultiPoint"",""coordinates"":[]}"
907,781.6009211867653,0.5413478153542335,0.6765151340005363,1,0.47747560961812896,1,0.3447825933631907,26.023340381422624,79.94300851165707,"{""type"":""MultiPoint"",""coordinates"":[]}"
909,447.21359549995793,0.3290218270008084,0.7996294886770354,0,0.34472764718579285,1,0.04145975285829773,25.99692991206951,80.29299214635004,"{""type"":""MultiPoint"",""coordinates"":[]}"
911,3092.3130501293044,0.5467059980334317,0.2130653132999489,0,0.2966884093486353,1,0.35243714004775956,25.975011019136993,80.28409882503726,"{""type"":""MultiPoint"",""coordinates"":[]}"
913,1103.675676999362,0.2625794634198901,0.5758904435773148,0,0.23035617743092593,0,0.0,26.009596157575594,80.10452559974176,"{""type"":""MultiPoint"",""coordinates"":[]}"
917,613.9218191268332,0.43161870903232974,0.7356793583724829,1,0.40708777966241866,1,0.1880267271890425,25.970968600358457,80.36593534742055,"{""type"":""MultiPoint"",""coordinates"":[]}"
919,117.04699910719626,0.4021978021978022,0.9431560763924769,1,0.46486054672653554,1,0.1459968602825746,26.031604882036522,79.94193053331612,"{""type"":""MultiPoint"",""coordinates"":[]}"
920,2124.335190124195,0.4685185185185185,0.34570564774442714,0,0.2827267035422153,1,0.24074074074074076,25.965399045596914,80.39908318140455,"{""type"":""MultiPoint"",""coordinates"":[]}"
922,370.0,0.3796347438752784,0.8311042838521256,1,0.4007000654339461,1,0.1137639198218263,26.026214990331805,80.04918937824,"{""type"":""MultiPoint"",""coordinates"":[]}"
925,1737.728402253931,0.5283307810107197,0.4194276642794048,1,0.3634831637209503,1,0.32618683001531396,25.975909334421114,80.38255418017675,"{""type"":""MultiPoint"",""coordinates"":[]}"
928,304.138126514911,0.5040155755658311,0.8589289582608648,1,0.5184420766464869,1,0.2914508222369016,25.97114826341528,80.35138263981781,"{""type"":""MultiPoint"",""coordinates"":[]}"
930,2108.293148497144,0.45930576945859497,0.3484897105266473,0,0.27594368660374036,1,0.2275796706551357,25.94815139214182,80.35524539553953,"{""type"":""MultiPoint"",""coordinates"":[]}"
932,701.78344238091,0.39555555555555555,0.7040599845054349,1,0.36352875570693594,1,0.13650793650793652,26.02729296867275,80.1791755998521,"{""type"":""MultiPoint"",""coordinates"":[]}"
933,2033.7649815059754,0.4898152714031027,0.36172085234241125,0,0.3073871449967669,1,0.27116467343300393,26.04516944282673,80.08440333737748,"{""type"":""MultiPoint"",""coordinates"":[]}"
934,2289.8034850178738,0.5081429112485797,0.31825518721037965,0,0.30571028452579163,1,0.29734701606939956,26.043193149201667,80.10308829528718,"{""type"":""MultiPoint"",""coordinates"":[]}"
936,1856.906028855526,0.467695274831244,0.39516455162850395,0,0.30180462764961075,1,0.2395646783303486,26.003757108228818,80.17728913775545,"{""type"":""MultiPoint"",""coordinates"":[]}"
938,1667.6930173146375,0.37412338652302063,0.43437524064631944,0,0.23728442756397405,1,0.10589055217574378,26.01300975565525,79.96690369821465,"{""type"":""MultiPoint"",""coordinates"":[]}"
940,2822.4280327406045,0.46519641626464503,0.24384706905175468,0,0.2391357558475405,1,0.23599488037806435,25.995043449972858,80.24511194170647,"{""type"":""MultiPoint"",""coordinates"":[]}"
943,2363.810483097154,0.6062966829973495,0.30669385572985214,1,0.385217556289669,1,0.4375666899962136,26.00393677128564,80.14962102700456,"{""type"":""MultiPoint"",""coordinates"":[]}"
945,875.5569655939013,0.3600062241067435,0.6454687494539645,0,0.3096214061587945,1,0.08572317729534787,26.018040321246318,80.22202523890459,"{""type"":""MultiPoint"",""coordinates"":[]}"
947,1072.0074626605917,0.3725707380928405,0.5850817304544476,0,0.29623618197564233,1,0.1036724829897722,26.035737132343474,80.07380321702487,"{""type"":""MultiPoint"",""coordinates"":[]}"
948,89.44271909999159,0.35653050932929903,0.9562638985171494,1,0.43096028168911615,1,0.0807578704704272,26.030257409110344,79.93663047313983,"{""type"":""MultiPoint"",""coordinates"":[]}"
949,1177.115117564973,0.37175621570856604,0.5551274462122113,0,0.283556306235084,1,0.1025088795836658,26.0126504295416,80.05664539509819,"{""type"":""MultiPoint"",""coordinates"":[]}"
952,843.4453153583818,0.4522386401510944,0.6559159274152178,1,0.39285663395273945,1,0.21748377164442056,26.03061673522399,80.0535911231322,"{""type"":""MultiPoint"",""coordinates"":[]}"
953,2191.4607000811125,0.3496235961989387,0.33429536513497105,0,0.17625265708165017,1,0.07089085171276956,26.01633352220649,79.91354377033795,"{""type"":""MultiPoint"",""coordinates"":[]}"
957,136.01470508735443,0.5859413810233483,0.9342536044115286,1,0.6187940540703385,1,0.4084876871762118,25.960278648477434,80.37572698401745,"{""type"":""MultiPoint"",""coordinates"":[]}"
958,1147.3883387938017,0.4882887495200307,0.5634401460144138,1,0.38676641513722043,1,0.2689839278857582,25.983814508921366,80.33790791055601,"{""type"":""MultiPoint"",""coordinates"":[]}"
959,41.23105625617661,0.4720210664911126,0.9795955191004533,1,0.539284836061135,1,0.24574438070158944,26.03097606133764,79.9416610387309,"{""type"":""MultiPoint"",""coordinates"":[]}"
961,1417.603611733548,0.430068520757759,0.49223363571420603,0,0.308380757792333,1,0.18581217251108428,25.977795796517764,80.36836079868766,"{""type"":""MultiPoint"",""coordinates"":[]}"
963,996.0923651951158,0.42638054070644804,0.6077168683108428,1,0.35141292507272115,1,0.18054362958064007,26.034479490945706,80.07003029283158,"{""type"":""MultiPoint"",""coordinates"":[]}"
964,2033.2486321156102,0.3898376554923044,0.3618142515693456,0,0.22172940533542773,1,0.1283395078461492,25.97519068219382,80.38875255563718,"{""type"":""MultiPoint"",""coordinates"":[]}"
966,963.3794683301072,0.23970694458776184,0.6177386952465409,0,0.24709547809861637,0,0.0,25.946534424630403,80.40429341005245,"{""type"":""MultiPoint"",""coordinates"":[]}"
969,2052.924742897313,0.37812089356110384,0.3582721551606673,0,0.2102696279737845,1,0.11160127651586266,26.011482619672247,79.9469610989072,"{""type"":""MultiPoint"",""coordinates"":[]}"
970,1622.374802565671,0.47232472324723246,0.4443301546678833,0,0.3254389675076383,1,0.24617817606747497,26.017321669019022,79.92782698335546,"{""type"":""MultiPoint"",""coordinates"":[]}"
971,2710.608787708031,0.43838889520992147,0.25786878882965525,0,0.22176656856893767,1,0.19769842172845928,25.969531295903863,80.2948786084467,"{""type"":""MultiPoint"",""coordinates"":[]}"
972,1639.176622576103,0.5033394049787493,0.4406130125755177,1,0.3505361235834208,1,0.2904848642553562,25.96791432839245,80.31616868068032,"{""type"":""MultiPoint"",""coordinates"":[]}"
973,1550.0322577288512,0.5022851509991935,0.4606963504300652,1,0.3576658124570491,1,0.288978787141705,26.041216855576604,80.19669274789243,"{""type"":""MultiPoint"",""coordinates"":[]}"
977,1654.6298679765212,0.5445723313021891,0.4372216807134754,1,0.384522099115838,1,0.349389044717413,25.96288376280138,80.39557975179649,"{""type"":""MultiPoint"",""coordinates"":[]}"
978,1986.454127333425,0.4720965309200603,0.37037952209216635,0,0.2956631210540611,1,0.24585218702865763,26.003757108228818,80.16623985976078,"{""type"":""MultiPoint"",""coordinates"":[]}"
979,1910.0,0.36403145119555724,0.3848121445529786,0,0.2088089588459548,1,0.09147350170793894,26.040408371820895,80.02241958277324,"{""type"":""MultiPoint"",""coordinates"":[]}"
980,910.0,0.44084893009153986,0.6344479679482282,1,0.37450684154346836,1,0.2012127572736284,26.031515050508112,80.01774834329582,"{""type"":""MultiPoint"",""coordinates"":[]}"
982,747.3285756613352,0.43789403827010287,0.688207912823253,1,0.3934780550751037,1,0.19699148324300414,25.960009153892198,80.35829966750553,"{""type"":""MultiPoint"",""coordinates"":[]}"
986,2397.540406333124,0.41746641074856045,0.3015648474567587,0,0.22131143391004104,1,0.16780915821222925,26.04993051383256,79.96537656223165,"{""type"":""MultiPoint"",""coordinates"":[]}"
987,446.5422712353222,0.49516488966030253,0.7998979390680638,1,0.48724336676462776,1,0.27880698522900366,26.01076396744495,80.28832090687261,"{""type"":""MultiPoint"",""coordinates"":[]}"
988,320.1562118716424,0.46488602348606956,0.8520772340773197,1,0.4821617709047018,1,0.23555146212295655,26.018040321246318,80.24394413183711,"{""type"":""MultiPoint"",""coordinates"":[]}"
989,3479.425239892359,0.4506458688764319,0.17557084892774472,0,0.19935337003661094,1,0.2152083841091884,26.00609272796753,79.9402237342763,"{""type"":""MultiPoint"",""coordinates"":[]}"
990,1752.6266002774237,0.4266777133388567,0.4163149140658148,0,0.2751068627739174,1,0.18096816191265241,26.040049045707246,80.0063397391875,"{""type"":""MultiPoint"",""coordinates"":[]}"
991,645.3681120105022,0.44204343971631205,0.7242026256971189,1,0.41143257003568645,1,0.20291919959473154,26.018399647359967,80.13677511844165,"{""type"":""MultiPoint"",""coordinates"":[]}"
992,1529.477034806342,0.4262988661364021,0.4654556236085368,0,0.2944384204174737,1,0.18042695162343161,26.037264268326478,80.01406525063092,"{""type"":""MultiPoint"",""coordinates"":[]}"
1000,437.3785545725808,0.37071751777634127,0.8035713672416855,1,0.3820435621335382,1,0.10102502539477326,26.028909936184164,80.1385717490099,"{""type"":""MultiPoint"",""coordinates"":[]}"
1001,1011.3851887386921,0.5638571095026851,0.6030877355770972,1,0.4673983309474261,1,0.3769387278609787,25.975370345250642,80.36234208628407,"{""type"":""MultiPoint"",""coordinates"":[]}"
1002,1164.1735265844177,0.5160349854227405,0.5587312094205686,1,0.4086653284162908,1,0.3086214077467722,26.037713425968537,80.21870147235336,"{""type"":""MultiPoint"",""coordinates"":[]}"
1003,2016.7548190099856,0.4832618025751073,0.3648104375431529,0,0.30300572008163884,1,0.2618025751072962,26.04067786640613,80.10281880070194,"{""type"":""MultiPoint"",""coordinates"":[]}"
1005,2604.400122868988,0.3892464189329458,0.2719328654268312,0,0.18527007668468604,1,0.1274948841899226,25.944378467948518,80.35183179745987,"{""type"":""MultiPoint"",""coordinates"":[]}"
1007,1270.0,0.39671478347436534,0.5299354883175685,0,0.2948725811621977,1,0.13816397639195052,26.01166228272907,80.03203155631331,"{""type"":""MultiPoint"",""coordinates"":[]}"
1008,2337.733945512192,0.422205718529521,0.31071879475770126,0,0.22903527664266995,1,0.17457959789931574,26.004475760456113,80.1438718091862,"{""type"":""MultiPoint"",""coordinates"":[]}"
1009,2021.9297712828702,0.6418055724540699,0.3638677193979976,1,0.43852329271983037,1,0.4882936749343856,25.975011019136993,80.3888423871656,"{""type"":""MultiPoint"",""coordinates"":[]}"
1011,785.87530817554,0.3286331589720264,0.6750708341811329,0,0.2945710413627615,1,0.04090451281718057,26.035737132343474,80.21223360230769,"{""type"":""MultiPoint"",""coordinates"":[]}"
1013,2546.9197081965503,0.5171455050973123,0.2798616642641651,0,0.2980693843605052,1,0.31020786442473186,26.004835086569763,80.21259292842134,"{""type"":""MultiPoint"",""coordinates"":[]}"
1014,2393.846277437213,0.475854729280298,0.3021223718985305,0,0.2715815738568105,1,0.2512210418289971,26.002589298359464,80.2010046612562,"{""type"":""MultiPoint"",""coordinates"":[]}"
1020,2756.0116110060203,0.36065880591428046,0.25208075019878584,0,0.15282556229175473,1,0.08665543702040067,26.051188155230328,80.22166591279095,"{""type"":""MultiPoint"",""coordinates"":[]}"
1024,2102.974084481309,0.2752091589608102,0.349417763612648,0,0.1397671054450592,0,0.0,26.051188155230328,79.92198793400868,"{""type"":""MultiPoint"",""coordinates"":[]}"
1027,2333.430950339007,0.5879930034418552,0.3113880251603771,1,0.3714063558714553,1,0.4114185763455075,26.04624742116767,79.99681759717583,"{""type"":""MultiPoint"",""coordinates"":[]}"
1028,2494.6743274423616,0.3761126060856965,0.2872687288888846,0,0.1801468682004366,1,0.1087322944081379,25.945276783232636,80.35201146051669,"{""type"":""MultiPoint"",""coordinates"":[]}"
1032,2427.8591392418134,0.46997618152187537,0.29702779175610844,0,0.26450498657833654,1,0.242823116459822,25.98956372673973,80.35650303693728,"{""type"":""MultiPoint"",""coordinates"":[]}"
1034,2757.480734293533,0.33640552995391704,0.2518956493408788,0,0.13196299969685188,1,0.05200789993416721,25.976538155119997,80.28706326547486,"{""type"":""MultiPoint"",""coordinates"":[]}"
1036,253.17977802344328,0.4744904582630144,0.8810949452299105,1,0.5020012280316908,1,0.24927208323287772,26.022801392252152,80.06832349379175,"{""type"":""MultiPoint"",""coordinates"":[]}"
1039,465.72524088780074,0.49604916593503073,0.7922624067061634,1,0.4849471049124917,1,0.2800702370500439,26.017950489717908,80.12806146018569,"{""type"":""MultiPoint"",""coordinates"":[]}"
1042,2601.61488310626,0.40868366643694004,0.27231182835602924,0,0.20208215971693178,1,0.15526238062420009,25.986689117830547,80.37554732096062,"{""type"":""MultiPoint"",""coordinates"":[]}"
1043,1860.0,0.3912714620679222,0.3945537103716011,0,0.2360541659211452,1,0.13038780295417457,26.00618255949594,80.04469780181941,"{""type"":""MultiPoint"",""coordinates"":[]}"
1048,1426.8847185389575,0.3465916700147314,0.48995469111283335,0,0.23591759360061743,1,0.06655952859247345,26.01067413591654,80.01226862006268,"{""type"":""MultiPoint"",""coordinates"":[]}"
1049,1608.22883943797,0.5933209647495362,0.4474840341776579,1,0.43041158345638,1,0.41902994964219464,25.981928046824713,80.35713185763618,"{""type"":""MultiPoint"",""coordinates"":[]}"
1052,2435.2617929085163,0.36810592976396084,0.2959304269259844,0,0.17674868199664595,1,0.09729418537708694,25.945097120175813,80.35551489012475,"{""type"":""MultiPoint"",""coordinates"":[]}"
1053,1623.3915116200405,0.48223951285520966,0.4441043348253259,0,0.33384703066316723,1,0.2603421612217281,26.019477625700908,79.91821500981537,"{""type"":""MultiPoint"",""coordinates"":[]}"
1054,317.6476034853718,0.5061946902654867,0.8531466686828431,1,0.517996973414983,1,0.2945638432364096,25.997289238183157,80.29478877691828,"{""type"":""MultiPoint"",""coordinates"":[]}"
1058,1627.4212730574711,0.4300179390073749,0.44321041843386183,0,0.2887281150941518,1,0.18573991286767844,26.013189418712074,80.21313191759181,"{""type"":""MultiPoint"",""coordinates"":[]}"
1060,2132.135080148535,0.472,0.34436004033079665,0,0.2851725875608901,1,0.24571428571428572,26.042115170860722,80.10183065388941,"{""type"":""MultiPoint"",""coordinates"":[]}"
1063,470.7440918375928,0.5473411670981877,0.7902767756785104,1,0.5281174249269937,1,0.35334452442598246,26.02810145242846,80.23244569620039,"{""type"":""MultiPoint"",""coordinates"":[]}"
1064,1554.6382215808283,0.44604141291108407,0.4596365958278905,0,0.30903299225494263,1,0.20863058987297728,26.034928648587766,80.17980442055098,"{""type"":""MultiPoint"",""coordinates"":[]}"
1066,1131.1056537742174,0.3008344312692139,0.5680460288212723,0,0.22793363833069227,1,0.0011920446703055684,26.012830092598424,80.03661296426233,"{""type"":""MultiPoint"",""coordinates"":[]}"
1068,3156.35866149587,0.5106842737094838,0.20635045232704413,0,0.26312670125323234,1,0.30097753387069115,25.93665295650509,80.36072511877265,"{""type"":""MultiPoint"",""coordinates"":[]}"
1070,3252.1377584598104,0.5650180659699289,0.1967013128504461,0,0.3058388674001175,1,0.37859723709989845,25.99818755346728,80.19552493802307,"{""type"":""MultiPoint"",""coordinates"":[]}"
1071,1986.4037857394453,0.5346408262736452,0.37038884495725766,0,0.3492762462174561,1,0.3352011803909217,26.04148635016184,80.09895604498023,"{""type"":""MultiPoint"",""coordinates"":[]}"
1072,111.80339887498948,-0.23576722914366813,0.9456320874878473,1,0.37825283499513895,0,0.0,26.020106446399794,80.10192048541782,"{""type"":""MultiPoint"",""coordinates"":[]}"
1073,1033.9245620450265,0.5095986038394416,0.5963292801404134,1,0.4181876582042582,1,0.29942657691348795,26.03753376291171,79.96627487751577,"{""type"":""MultiPoint"",""coordinates"":[]}"
1076,2982.0295102496893,0.4711811837684156,0.2251440734792535,0,0.23678435833605765,1,0.24454454824059377,26.04894236702003,80.17073143618137,"{""type"":""MultiPoint"",""coordinates"":[]}"
1077,1133.5784048754633,0.41981017279143346,0.5673441445852734,0,0.329632091655338,1,0.17115738970204783,26.031874376621758,80.24241699585411,"{""type"":""MultiPoint"",""coordinates"":[]}"
1078,2040.0,0.3315517143344516,0.3605949401730783,0,0.1712823026416184,1,0.045073877620645124,26.050828829116682,79.92504220597468,"{""type"":""MultiPoint"",""coordinates"":[]}"
1079,1438.3671297690307,0.4565977742448331,0.4871498198647614,0,0.32908659158433295,1,0.22371110606404734,26.01570470150761,80.20989798256899,"{""type"":""MultiPoint"",""coordinates"":[]}"
1080,1502.165104108067,0.425035030359645,0.4718554680468934,0,0.29591507038416737,1,0.17862147194235006,26.00205030918899,80.26074262765015,"{""type"":""MultiPoint"",""coordinates"":[]}"
1084,10.0,0.3904678618277219,0.9950124791926823,1,0.4755488732436917,1,0.12923980261103132,25.97222624175622,80.3370095952719,"{""type"":""MultiPoint"",""coordinates"":[]}"
1086,557.8530272392541,0.29880843263061413,0.756595500636944,0,0.3026382002547776,0,0.0,26.03376083871841,79.91992180885521,"{""type"":""MultiPoint"",""coordinates"":[]}"
1087,763.6753236814714,0.41368078175895767,0.6826058571896485,1,0.370483012954966,1,0.162401116798511,25.988126422285138,80.30098715237871,"{""type"":""MultiPoint"",""coordinates"":[]}"
1090,1430.9786860746738,0.45591049609892537,0.4889527876030933,0,0.32921868312603053,1,0.22272928014132198,26.00896733687671,80.23891356624604,"{""type"":""MultiPoint"",""coordinates"":[]}"
1091,2643.1988196123275,0.5008958280010238,0.26670838464319835,0,0.27887977785815693,1,0.28699404000146267,25.967644833807213,80.40420357852403,"{""type"":""MultiPoint"",""coordinates"":[]}"
1093,1149.4781424629177,0.48074534161490684,0.562851713852641,1,0.38006526406811947,1,0.2582076308784384,26.010584304388125,80.29802271194112,"{""type"":""MultiPoint"",""coordinates"":[]}"
1094,1086.830253535482,0.4446064139941691,0.5807614876760879,1,0.35625294992258016,1,0.20658059142024163,25.935574978164148,80.3979153715352,"{""type"":""MultiPoint"",""coordinates"":[]}"
1095,1661.7159805454119,0.6844675655589766,0.4356753207278134,1,0.5038137559131053,1,0.5492393793699666,25.97995175319965,80.29766338582746,"{""type"":""MultiPoint"",""coordinates"":[]}"
1097,2206.0145058453263,0.4602409638554216,0.3318715598225783,0,0.2700980215193928,1,0.22891566265060234,26.006721548666413,80.14800405949315,"{""type"":""MultiPoint"",""coordinates"":[]}"
1099,1637.1316379570703,0.3663916447249854,0.44106376639923656,0,0.23333263060968215,1,0.09484520674997919,26.043732138372135,80.20432842780744,"{""type"":""MultiPoint"",""coordinates"":[]}"
1100,3310.422933704997,0.5473196558570483,0.1910516503422552,0,0.2884089365858007,1,0.35331379408149766,25.968093991449273,80.41435454123459,"{""type"":""MultiPoint"",""coordinates"":[]}"
1101,181.10770276274835,0.592744086786413,0.9134251433707233,1,0.6162935603080719,1,0.4182058382663043,25.970968600358457,80.34671140034038,"{""type"":""MultiPoint"",""coordinates"":[]}"
1104,2195.358740616212,0.4249751573368666,0.3336444512212313,0,0.24057934392009245,1,0.17853593905266657,26.03753376291171,80.25921549166715,"{""type"":""MultiPoint"",""coordinates"":[]}"
1106,1994.041122946064,0.4487747957992999,0.3689771498174288,0,0.2751121134692286,1,0.21253542257042846,26.005643570325468,80.31850430041904,"{""type"":""MultiPoint"",""coordinates"":[]}"
1107,2601.61488310626,0.46561108362196935,0.27231182835602924,0,0.2508770887326711,1,0.2365872623170991,25.99603159678539,80.11898847581608,"{""type"":""MultiPoint"",""coordinates"":[]}"
1112,1830.0,0.4946427728567159,0.4005166260908188,0,0.32704331288494115,1,0.2780611040810227,26.039510056536777,80.03328919771108,"{""type"":""MultiPoint"",""coordinates"":[]}"
1113,1001.2492197250392,0.5675426463808206,0.6061519329711983,1,0.47178304151489703,1,0.38220378054402954,26.01121312508701,80.29496843997511,"{""type"":""MultiPoint"",""coordinates"":[]}"
1114,30.0,0.25033229951262737,0.9851119396030626,1,0.3940447758412251,0,0.0,26.02360987600786,80.23415249524021,"{""type"":""MultiPoint"",""coordinates"":[]}"
1118,740.9453421137082,0.46911260912808045,0.6904079176603475,1,0.4211168320310651,1,0.24158944161154353,25.956056566642072,80.37222355440939,"{""type"":""MultiPoint"",""coordinates"":[]}"
1119,1965.7314160383153,0.3039404794709286,0.3742371064350762,0,0.15307239640625503,1,0.005629256387040895,26.00573340185388,80.01307710381839,"{""type"":""MultiPoint"",""coordinates"":[]}"
1120,140.0,0.46771749014852976,0.9323938199059483,1,0.5167153766611192,1,0.23959641449789967,26.03241336579223,79.93582198938412,"{""type"":""MultiPoint"",""coordinates"":[]}"
1128,1298.6531484580476,0.5418886198547216,0.522397454241765,1,0.4162920844293245,1,0.34555517122103085,25.97195674717099,80.31545002845303,"{""type"":""MultiPoint"",""coordinates"":[]}"
1130,1303.1116606031887,0.41543026706231456,0.5212341936292366,0,0.30743390636225004,1,0.16490038151759226,26.01525554386555,79.97759365009567,"{""type"":""MultiPoint"",""coordinates"":[]}"
1131,1658.5535867134352,0.37765162832387206,0.4363647541226568,0,0.24110444021238164,1,0.11093089760553153,26.0396897195936,80.19067403548883,"{""type"":""MultiPoint"",""coordinates"":[]}"
1132,20.0,0.36847767616998384,0.9900498337491681,1,0.4547150845025105,1,0.0978252516714055,26.029269262297813,79.95711206161775,"{""type"":""MultiPoint"",""coordinates"":[]}"
1134,2286.1539755668255,0.5339888841385207,0.31883645504148644,0,0.32809648270675523,1,0.3342698344836011,25.96288376280138,80.40609004062068,"{""type"":""MultiPoint"",""coordinates"":[]}"
1135,2372.172000509238,0.526137645731478,0.3054143193026723,0,0.31599799549090724,1,0.32305377961639725,26.04759489409385,79.9867564659937,"{""type"":""MultiPoint"",""coordinates"":[]}"
1136,2441.3111231467406,0.3388447048974466,0.29503668879662104,0,0.15131013685931696,1,0.0554924355677809,25.94231234279504,80.36449804296595,"{""type"":""MultiPoint"",""coordinates"":[]}"
1144,1581.4234094637652,0.4670714619336759,0.45352190670830533,0,0.3246128729121872,1,0.23867351704810844,26.00609272796753,80.12168342166845,"{""type"":""MultiPoint"",""coordinates"":[]}"
1145,1908.9525923919641,0.6805740100983259,0.38501372491650765,1,0.48021178433659667,1,0.5436771572833227,25.93027491798784,80.40438324158086,"{""type"":""MultiPoint"",""coordinates"":[]}"
1149,1533.7535656030275,0.38508229251780085,0.4644614192692861,0,0.2587122470086866,1,0.12154613216828695,25.95452943065907,80.3498555038348,"{""type"":""MultiPoint"",""coordinates"":[]}"
1150,2053.411795037712,0.3955179858661413,0.3581849171734523,0,0.22514652618321634,1,0.136454265523059,26.046516915752907,80.19965718833002,"{""type"":""MultiPoint"",""coordinates"":[]}"
1153,449.22154890432404,0.4716106604866744,0.7988270821661465,1,0.4666256847121795,1,0.24515808640953488,26.012201271899542,80.26011380695127,"{""type"":""MultiPoint"",""coordinates"":[]}"
1154,219.3171219946131,0.5239599789362822,0.8961400602346434,1,0.5504217203249564,1,0.31994282705183175,26.020735267098676,80.15932283207306,"{""type"":""MultiPoint"",""coordinates"":[]}"
1155,3012.042496380155,0.4616840113528855,0.22179067480928694,0,0.22730256536904522,1,0.23097715907555075,26.038521909724242,80.27655297665065,"{""type"":""MultiPoint"",""coordinates"":[]}"
1156,2992.607558635111,0.6242227629088943,0.22395642454832457,1,0.36748779516981067,1,0.4631753755841348,26.008697842291475,80.32847560007276,"{""type"":""MultiPoint"",""coordinates"":[]}"
1157,3125.0759990758625,0.6505690098077092,0.2096034221665748,1,0.38432909155895206,1,0.5008128711538703,26.051008492173505,79.90366230221264,"{""type"":""MultiPoint"",""coordinates"":[]}"
1158,2194.288039433292,0.4080234833659491,0.33382311579535556,0,0.22612080348895577,1,0.15431926195135592,26.00761986395053,79.97346139978873,"{""type"":""MultiPoint"",""coordinates"":[]}"
1159,424.26406871192853,0.3474698795180723,0.808857893484718,1,0.36423162555223493,1,0.06781411359724615,26.026214990331805,79.94660177279356,"{""type"":""MultiPoint"",""coordinates"":[]}"
1160,2826.46422231027,0.4542064786762992,0.2433554587783177,0,0.22951916523386928,1,0.22029496953757033,25.928298624362778,80.37402018497762,"{""type"":""MultiPoint"",""coordinates"":[]}"
1161,1867.0297265978386,0.6610644257703081,0.39316934237293594,1,0.46675153046658135,1,0.5158063225290116,26.03789308902536,80.1731568874485,"{""type"":""MultiPoint"",""coordinates"":[]}"
1162,1031.6006979447038,0.3245571409639087,0.5970225769473475,0,0.25985800874800363,1,0.035081629948441016,26.035737132343474,80.14378197765778,"{""type"":""MultiPoint"",""coordinates"":[]}"
1164,2751.817581163403,0.5062543653565306,0.2526099219399279,0,0.2778334247958545,1,0.29464909336647227,25.99746890123998,80.128780112413,"{""type"":""MultiPoint"",""coordinates"":[]}"
1165,2800.0,0.27549824150058616,0.2465969639416065,0,0.0986387855766426,0,0.0,25.968004159920863,80.29550742914557,"{""type"":""MultiPoint"",""coordinates"":[]}"
1167,388.329756778952,0.3192023507260434,0.8235221120747486,0,0.34586800259507955,1,0.027431929608633467,26.021004761683912,80.06446073807004,"{""type"":""MultiPoint"",""coordinates"":[]}"
1168,1922.1342304844372,0.4720975722011276,0.38248451306957926,0,0.30050600997165533,1,0.24585367457303944,25.97033977965957,80.30646687561183,"{""type"":""MultiPoint"",""coordinates"":[]}"
1169,497.3932046178355,0.4141749723145072,0.7798165320324985,1,0.4097908747968627,1,0.16310710330643885,25.985700971018016,80.32407385518057,"{""type"":""MultiPoint"",""coordinates"":[]}"
1170,1390.0359707575917,0.4488713831237691,0.4990654720228599,0,0.32723023148666036,1,0.21267340446252733,26.00833851617783,80.18133155653398,"{""type"":""MultiPoint"",""coordinates"":[]}"
1171,1487.1785366928882,0.4637832810138356,0.47540449526559647,0,0.3305474675466691,1,0.2339761157340509,25.937281777203975,80.38237451711993,"{""type"":""MultiPoint"",""coordinates"":[]}"
1172,41.23105625617661,0.46156941649899397,0.9795955191004533,1,0.5303262789250334,1,0.23081345214142,25.95470909371589,80.38309316934723,"{""type"":""MultiPoint"",""coordinates"":[]}"
1173,974.1663102366043,0.49685850716260366,0.6144159389902049,1,0.41450223887831367,1,0.28122643880371956,26.017052174433786,79.98927174878924,"{""type"":""MultiPoint"",""coordinates"":[]}"
1176,1262.4579200908045,0.45075921908893707,0.5319376689963339,0,0.34199725538905107,1,0.21537031298419584,26.01669284832014,80.29263282023639,"{""type"":""MultiPoint"",""coordinates"":[]}"
1177,2122.4985276791126,0.3476983349657199,0.3460232658515505,0,0.1792935934540944,1,0.06814047852245701,25.926142667680892,80.39782554000679,"{""type"":""MultiPoint"",""coordinates"":[]}"
1180,1267.517258265149,0.5350125944584383,0.5305937432791161,1,0.4136768639903079,1,0.33573227779776904,26.00932666299036,80.17261789827802,"{""type"":""MultiPoint"",""coordinates"":[]}"
1181,590.0,0.41464742717124964,0.7445315874659094,1,0.39608185827600634,1,0.16378203881607095,26.02819128395687,80.0439791495921,"{""type"":""MultiPoint"",""coordinates"":[]}"
1182,3226.701101744629,0.44535579694081134,0.199219001191678,0,0.20427828356879524,1,0.2076511384868734,25.94455813100534,80.3392553834822,"{""type"":""MultiPoint"",""coordinates"":[]}"
1187,311.44823004794875,0.5365784409602826,0.8557952588601199,1,0.5450996243671473,1,0.33796920137183234,26.0231607183658,80.07416254313853,"{""type"":""MultiPoint"",""coordinates"":[]}"
1190,401.62171256046406,0.36489659874251956,0.8180671491850808,1,0.38285251573904916,1,0.09270942677502797,26.015525038450782,80.27484617761083,"{""type"":""MultiPoint"",""coordinates"":[]}"
1192,58.309518948453004,0.3844137690022716,0.9712661401976614,1,0.4608611152238688,1,0.12059109857467372,26.02953875688305,80.20594539531886,"{""type"":""MultiPoint"",""coordinates"":[]}"
1193,664.6803743153546,0.5011977641735427,0.7172432843931407,1,0.45935254019172145,1,0.2874253773907753,25.989743389796555,80.30062782626506,"{""type"":""MultiPoint"",""coordinates"":[]}"
1194,1364.734406395618,0.27263818710764043,0.5054191453342187,0,0.2021676581336875,0,0.0,26.012380934956365,80.06616753710986,"{""type"":""MultiPoint"",""coordinates"":[]}"
1198,2079.2787210953707,0.48498951567534393,0.35358217464976516,0,0.29999531186734374,1,0.2642707366790628,26.002679129887873,80.24017120764381,"{""type"":""MultiPoint"",""coordinates"":[]}"
1200,1585.3390804493529,0.4780327868852459,0.45263485405752235,0,0.333653473238934,1,0.2543325526932085,26.044540622127844,79.9454339629242,"{""type"":""MultiPoint"",""coordinates"":[]}"
1201,1564.6085772486356,0.5127725856697819,0.4573509276235689,1,0.36531687305209776,1,0.303960836671117,25.96063797459108,80.3288349261864,"{""type"":""MultiPoint"",""coordinates"":[]}"
1202,2190.1826407859235,0.4057446604117967,0.33450905805512954,0,0.22444190357502042,1,0.151063800588281,26.042654160031194,80.23801525096192,"{""type"":""MultiPoint"",""coordinates"":[]}"
1203,614.00325732035,0.5052344105598543,0.7356494027833925,1,0.4701749701646607,1,0.2931920150855062,25.95650572428413,80.37366085886397,"{""type"":""MultiPoint"",""coordinates"":[]}"
1206,290.17236257093816,0.3917228103946102,0.8649477475898222,1,0.4245986508027376,1,0.13103258627801462,26.018309815831554,80.17872644221003,"{""type"":""MultiPoint"",""coordinates"":[]}"
1207,1670.478973228936,0.39476730724704795,0.43377058674351876,0,0.25473735519487717,1,0.13538186749578282,26.03609645845712,80.18231970334651,"{""type"":""MultiPoint"",""coordinates"":[]}"
1208,2643.1988196123275,0.41362763915547024,0.26670838464319835,0,0.20407847313339672,1,0.16232519879352894,25.961715952932025,80.30880249535055,"{""type"":""MultiPoint"",""coordinates"":[]}"
1209,1448.4474446799925,0.44242944521944416,0.4847006852648903,0,0.31596265572262255,1,0.2034706360277774,25.95084633799418,80.36800147257402,"{""type"":""MultiPoint"",""coordinates"":[]}"
1210,2912.043955712207,0.22391968572675688,0.23316195574231757,0,0.09326478229692703,0,0.0,25.982467035995185,80.27457668302559,"{""type"":""MultiPoint"",""coordinates"":[]}"
1211,740.0,0.48770088553624147,0.6907343306373547,1,0.43718020557172027,1,0.2681441221946307,26.016603016791727,80.02170093054595,"{""type"":""MultiPoint"",""coordinates"":[]}"
1215,673.6467917239715,0.218612818261633,0.7140349302917264,0,0.28561397211669054,0,0.0,26.018758973473613,79.99942271149978,"{""type"":""MultiPoint"",""coordinates"":[]}"
1216,1013.9033484509262,0.42725418920117025,0.6023288777892883,1,0.35000657043100414,1,0.1817916988588147,26.01893863653044,80.21277259147817,"{""type"":""MultiPoint"",""coordinates"":[]}"
1217,1699.2056967889437,0.602158273381295,0.42758471418758953,1,0.4300266914304316,1,0.4316546762589929,26.00007401556393,80.2611019537638,"{""type"":""MultiPoint"",""coordinates"":[]}"
1220,2951.016773927251,0.3822992700729927,0.2286624484825949,0,0.16200721088417458,1,0.11757038581856101,25.983724677392953,80.39063901773383,"{""type"":""MultiPoint"",""coordinates"":[]}"
1221,2080.0,0.451356436244462,0.35345468195878016,0,0.2711159609930509,1,0.21622348034923142,26.041845676275486,80.02987559963144,"{""type"":""MultiPoint"",""coordinates"":[]}"
1222,310.4834939252005,0.48905227437989823,0.8562081667388497,1,0.5045280733068813,1,0.2700746776855689,26.023070886837388,80.11934780192973,"{""type"":""MultiPoint"",""coordinates"":[]}"
1226,347.85054261852173,0.5584667637069384,0.8403596942917515,1,0.5576868180369335,1,0.36923823386705484,26.005823233382294,80.28176320529855,"{""type"":""MultiPoint"",""coordinates"":[]}"
1227,2498.019215298393,0.46057257659467604,0.2867886895788521,0,0.2523491129126918,1,0.22938939513525153,26.003487613643582,79.98738528669257,"{""type"":""MultiPoint"",""coordinates"":[]}"
1229,2584.8984506165807,0.37991013190317435,0.27459740788159176,0,0.17833336192678617,1,0.1141573312902491,26.001780814603755,80.14935153241933,"{""type"":""MultiPoint"",""coordinates"":[]}"
1230,2241.0042391749284,0.2545531554426091,0.3261160042717785,0,0.1304464017087114,0,0.0,26.043732138372135,79.90806404710483,"{""type"":""MultiPoint"",""coordinates"":[]}"
1231,1574.9285698088024,0.4054054054054054,0.4549970766920783,0,0.27234632102432166,1,0.15057915057915056,26.011123293558597,80.15177698368645,"{""type"":""MultiPoint"",""coordinates"":[]}"
1232,2917.276126800478,0.4015922158337019,0.23255278129411924,0,0.1801001546608208,1,0.14513173690528847,25.95875151249443,80.41812746542789,"{""type"":""MultiPoint"",""coordinates"":[]}"
1233,1955.7607215607945,0.40478448730108546,0.3761074666841582,0,0.24025826150316515,1,0.1496921247158364,26.050020345360974,79.92638967890086,"{""type"":""MultiPoint"",""coordinates"":[]}"
1234,837.6156636548769,0.6969959874200196,0.6578305972259353,1,0.6034145138218194,1,0.5671371248857423,25.964949887954855,80.33422481789113,"{""type"":""MultiPoint"",""coordinates"":[]}"
1235,82.46211251235322,0.5316216043736305,0.9596073810416865,1,0.5823757561655007,1,0.3308880062480436,26.020196277928207,80.24403396336552,"{""type"":""MultiPoint"",""coordinates"":[]}"
1236,838.1527307120105,0.5717810677433827,0.6576539713705065,1,0.49601678947110206,1,0.3882586682048324,25.970070285074335,80.37554732096062,"{""type"":""MultiPoint"",""coordinates"":[]}"
1237,608.7692502089769,0.46228597871355853,0.7375771212090043,1,0.4341331159523662,1,0.23183711244794078,26.024867517405628,80.25166964328054,"{""type"":""MultiPoint"",""coordinates"":[]}"
1239,1183.4272263219232,0.4126778783958603,0.5533781956219506,0,0.31793231687380336,1,0.16096839770837187,26.014626723166664,79.99475147202236,"{""type"":""MultiPoint"",""coordinates"":[]}"
1240,2506.4716236175504,0.4429561200923788,0.2855792195598213,0,0.2367655050459675,1,0.20422302870339828,26.00753003242212,79.94552379445261,"{""type"":""MultiPoint"",""coordinates"":[]}"
1241,3204.886893480018,0.4094488188976378,0.20140379682006257,0,0.17437479206885742,1,0.15635545556805402,26.04750506256544,80.17809762151116,"{""type"":""MultiPoint"",""coordinates"":[]}"
1243,664.8308055437865,0.5376591230551626,0.7171893385277739,1,0.49058355517267754,1,0.33951303293594665,26.01579453303602,80.1671381750449,"{""type"":""MultiPoint"",""coordinates"":[]}"
1247,480.0,0.39797021588253767,0.7866278610665535,1,0.39862561518308226,1,0.1399574512607681,26.01857931041679,80.0454164540467,"{""type"":""MultiPoint"",""coordinates"":[]}"
1248,793.2212806020776,0.48722316865417375,0.6725958563763409,1,0.4295153442541139,1,0.26746166950596256,25.978155122631414,80.3408723509936,"{""type"":""MultiPoint"",""coordinates"":[]}"
1256,1760.0284088616297,0.5660490137477585,0.4147770199682535,1,0.3939528197710944,1,0.38007001963965503,26.00699104325165,80.05314196549013,"{""type"":""MultiPoint"",""coordinates"":[]}"
1259,1409.1841611372163,0.3649890508899662,0.4943101718597926,0,0.2534289695067452,1,0.0928415012713803,26.010045315217656,80.13147505826535,"{""type"":""MultiPoint"",""coordinates"":[]}"
1261,3128.0025575437116,0.4839797639123103,0.20929693812211442,0,0.24141571574511175,1,0.2628282341604433,25.990282378967027,80.3708760814832,"{""type"":""MultiPoint"",""coordinates"":[]}"
1263,2120.377324911771,0.3795093795093795,0.3463904532914283,0,0.20670707803889665,1,0.1135848278705422,25.933778347595908,80.37725412000044,"{""type"":""MultiPoint"",""coordinates"":[]}"
1266,419.7618372363071,0.3508123441932433,0.8106807772097229,1,0.367825748763812,1,0.07258906313320475,26.027921789371632,80.13515815093024,"{""type"":""MultiPoint"",""coordinates"":[]}"
1267,1448.0676779764126,0.2934893762072492,0.4847927305942845,0,0.1939170922377138,0,0.0,26.032054039678584,80.25400526301925,"{""type"":""MultiPoint"",""coordinates"":[]}"
1268,2510.3187048659775,0.4882556796303427,0.28503042431375414,0,0.275374180837224,1,0.2689366851862039,26.051008492173505,80.2009148297278,"{""type"":""MultiPoint"",""coordinates"":[]}"
1271,2741.277074649697,0.2874436268692143,0.2539447545671022,0,0.10157790182684089,0,0.0,26.051457649815564,79.90905219391736,"{""type"":""MultiPoint"",""coordinates"":[]}"
1274,1322.3085872821066,0.40212834569493716,0.5162550804752392,0,0.29404061421432753,1,0.1458976367070531,26.03286252343429,80.18106206194875,"{""type"":""MultiPoint"",""coordinates"":[]}"
1275,1124.4554237496477,0.3389085892020768,0.5699379909520276,0,0.26132541569687684,1,0.055583698860109707,26.01309958718366,80.02349756111418,"{""type"":""MultiPoint"",""coordinates"":[]}"
1276,3246.243983436858,0.2796934865900383,0.19728182442382508,0,0.07891272976953004,0,0.0,25.96710584463674,80.29038703202609,"{""type"":""MultiPoint"",""coordinates"":[]}"
1278,1476.6516176810292,0.6540457004084336,0.4779133644488986,1,0.49463308898678826,1,0.505779572012048,25.938180092488093,80.40707818743321,"{""type"":""MultiPoint"",""coordinates"":[]}"
1279,2173.0393461693234,0.5195822454308094,0.33738867562411184,0,0.32316882347605286,1,0.31368892204401355,25.99154002036479,80.34293847614708,"{""type"":""MultiPoint"",""coordinates"":[]}"
1281,1605.8953888718904,0.516874833909115,0.4480064298009212,1,0.36509528669961,1,0.3098211912987358,25.987497601586256,80.33979437265266,"{""type"":""MultiPoint"",""coordinates"":[]}"
1282,880.7383266328314,0.5376070354084702,0.6437987103417843,1,0.4611826573439739,1,0.33943862201210034,25.960458311534257,80.35012499842004,"{""type"":""MultiPoint"",""coordinates"":[]}"
1283,1817.9658962697843,0.3820065944418276,0.4029338203014575,0,0.2314648947850067,1,0.11715227777403946,26.012560598013188,79.95756121925982,"{""type"":""MultiPoint"",""coordinates"":[]}"
1284,206.15528128088303,0.6236598000240935,0.9020569344845073,1,0.6382454595287402,1,0.46237114289156217,26.028370947013695,80.15662788622069,"{""type"":""MultiPoint"",""coordinates"":[]}"
1285,669.1038783328041,0.36038100372916393,0.7156586731476653,0,0.3380186153126352,1,0.08625857675594849,26.030706566752404,80.0018481627669,"{""type"":""MultiPoint"",""coordinates"":[]}"
1286,1882.9763673503712,0.46444644464446444,0.3900469417362786,0,0.29697287210405243,1,0.23492349234923496,26.01022497827448,80.21573703191576,"{""type"":""MultiPoint"",""coordinates"":[]}"
1287,237.06539182259394,0.5005371851498149,0.8882227739290058,1,0.5271781254143009,1,0.2864816930711642,25.963063425858206,80.37770327764251,"{""type"":""MultiPoint"",""coordinates"":[]}"
1288,2559.785147234041,0.2687969243045229,0.2780671705991074,0,0.11122686823964296,0,0.0,26.0374439313833,79.90231482928645,"{""type"":""MultiPoint"",""coordinates"":[]}"
1289,2180.0,0.3375065704592154,0.33621649370673334,0,0.16663508644773511,1,0.0535808149417363,26.04247449697437,80.04496729640464,"{""type"":""MultiPoint"",""coordinates"":[]}"
1290,352.2782990761707,0.3837559088955737,0.8385012981505957,1,0.4071912983135872,1,0.11965129842224817,26.00429609739929,80.2844581511509,"{""type"":""MultiPoint"",""coordinates"":[]}"
1291,1081.8964830333814,0.39761167624944715,0.582195928197053,0,0.31654552234977595,1,0.13944525178492453,26.022442066138503,79.92629984737245,"{""type"":""MultiPoint"",""coordinates"":[]}"
1294,3323.567360532956,0.4387432901799811,0.1898001352401082,0,0.1948428742503128,1,0.19820470025711587,26.050469503003033,80.23397283218338,"{""type"":""MultiPoint"",""coordinates"":[]}"
1295,1865.0737250843463,0.760992961477333,0.3935540503790026,1,0.5525584442750293,1,0.6585613735390472,26.03789308902536,80.17306705592009,"{""type"":""MultiPoint"",""coordinates"":[]}"
1296,3500.3571246374277,0.5935921133703019,0.17374291674235348,0,0.32114754958577163,1,0.41941730481471706,25.981119563069008,80.40204762184214,"{""type"":""MultiPoint"",""coordinates"":[]}"
1298,1230.447073221762,0.4024672613399126,0.5405200557824078,0,0.3040371034614597,1,0.14638180191416092,26.038521909724242,79.97426988354444,"{""type"":""MultiPoint"",""coordinates"":[]}"
1299,451.22056690713913,0.543302275851535,0.7980290461954591,1,0.527756426350928,1,0.3475746797879072,26.019747120286144,80.13497848787341,"{""type"":""MultiPoint"",""coordinates"":[]}"
1300,2936.2561196189954,0.43515909207357684,0.23035629504260524,0,0.20799316836582227,1,0.19308441724796693,26.000972330848047,80.0710184396441,"{""type"":""MultiPoint"",""coordinates"":[]}"
1302,872.0665112249179,0.06853905131993815,0.6465962226244917,0,0.2586384890497967,0,0.0,26.029359093826226,80.10299846375877,"{""type"":""MultiPoint"",""coordinates"":[]}"
1305,1955.019181491578,0.5060707960058526,0.37624694191761787,0,0.3271308876292065,1,0.2943868514369323,26.046966073394966,80.20944882492692,"{""type"":""MultiPoint"",""coordinates"":[]}"
1307,1649.0603384958356,0.46698450536352804,0.43844093711682475,0,0.31850595087261113,1,0.23854929337646866,26.01067413591654,80.07200658645664,"{""type"":""MultiPoint"",""coordinates"":[]}"
1310,1951.665955024066,0.7151724961203295,0.37687829163634856,1,0.5066134561862505,1,0.5931035658861851,26.0006130047344,80.32380436059533,"{""type"":""MultiPoint"",""coordinates"":[]}"
1313,1752.6266002774237,0.49739406299569455,0.4163149140658148,0,0.3357208767654927,1,0.281991518565278,26.043282980730076,79.97382072590237,"{""type"":""MultiPoint"",""coordinates"":[]}"
1314,2189.61183774659,0.4021041827046446,0.33460454107349186,0,0.2213596873190921,1,0.1458631181494923,25.98210770988154,80.37779310917092,"{""type"":""MultiPoint"",""coordinates"":[]}"
1316,2198.658682015014,0.3732142857142857,0.3330944015603984,0,0.19599286266497568,1,0.10459183673469391,26.04301348614484,80.1295885961687,"{""type"":""MultiPoint"",""coordinates"":[]}"
1317,590.7622195096772,0.46430116832540025,0.7442478932778857,1,0.43852873016149735,1,0.2347159547505718,25.978694111801882,80.33665026915824,"{""type"":""MultiPoint"",""coordinates"":[]}"
1319,240.20824298928628,0.4604183214191157,0.886828094043169,1,0.49223265597650967,1,0.22916903059873675,26.032233702735407,79.94714076196402,"{""type"":""MultiPoint"",""coordinates"":[]}"
1323,3323.567360532956,0.42892321468547123,0.1898001352401082,0,0.18642566668359006,1,0.18417602097924465,25.92659182532295,80.36907945091497,"{""type"":""MultiPoint"",""coordinates"":[]}"
1324,2161.1339616044165,0.42853754003083855,0.3394030360754845,0,0.24593624874234116,1,0.18362505718691224,26.042833823088017,80.16659918587442,"{""type"":""MultiPoint"",""coordinates"":[]}"
1326,559.7320787662612,0.5304921540656206,0.7558849934936921,1,0.4999187008822945,1,0.3292745058080294,26.01354874482572,80.10802902934984,"{""type"":""MultiPoint"",""coordinates"":[]}"
1328,615.223536610881,0.4283913538404152,0.7352006908201378,1,0.4041300081912682,1,0.18341621977202177,26.029359093826226,80.0589810148369,"{""type"":""MultiPoint"",""coordinates"":[]}"
1329,3277.8651589105984,0.3433794844335653,0.19418721112175785,0,0.1148572996774734,1,0.06197069204795046,25.994414629273976,80.23972205000175,"{""type"":""MultiPoint"",""coordinates"":[]}"
1331,2359.364321167886,0.3695336787564767,0.30737641941855964,0,0.1825508638444039,1,0.09933382679496672,26.033940501775234,80.27511567219607,"{""type"":""MultiPoint"",""coordinates"":[]}"
1332,390.1281840626232,0.3544723142451491,0.8227819226013292,1,0.3758033241078024,1,0.07781759177878442,26.03600662692871,79.92468287986104,"{""type"":""MultiPoint"",""coordinates"":[]}"
1335,2984.4429966075745,0.23407611910865708,0.22487254626905795,0,0.08994901850762319,0,0.0,25.960817637647907,80.30413125587312,"{""type"":""MultiPoint"",""coordinates"":[]}"
1336,3040.2138082707274,0.35446939674152356,0.2186885069967756,0,0.1341634571485876,1,0.07781342391646225,25.978604280273473,80.27825977569047,"{""type"":""MultiPoint"",""coordinates"":[]}"
1337,1391.6896205691842,0.34492642843493215,0.49865300280437813,0,0.2379695683516931,1,0.0641806120499031,26.018669141945203,79.93447451645794,"{""type"":""MultiPoint"",""coordinates"":[]}"
1338,126.49110640673518,0.4431457485342992,0.9387129414165152,1,0.4981815324531483,1,0.20449392647757034,26.025137011990864,80.00840586434097,"{""type"":""MultiPoint"",""coordinates"":[]}"
1339,1132.8283188550681,0.3034323939028402,0.5675569629466015,0,0.2299648370953608,1,0.004903419861200322,26.035557469286648,79.99529046119282,"{""type"":""MultiPoint"",""coordinates"":[]}"
1340,2030.2216627747819,0.32870048644892286,0.3623622664941185,0,0.169545323553867,1,0.04100069492703267,25.996570585955862,80.26226976363316,"{""type"":""MultiPoint"",""coordinates"":[]}"
1341,130.0,0.32811276429130776,0.9370674633774034,1,0.3989236404577966,1,0.04016109184472538,26.027113305615927,80.07353372243963,"{""type"":""MultiPoint"",""coordinates"":[]}"
1342,1452.7904184706065,0.4479013177282869,0.483649306019953,0,0.32023228046079855,1,0.2112875967546956,26.037264268326478,80.13434966717453,"{""type"":""MultiPoint"",""coordinates"":[]}"
1343,965.6603957913983,0.5307131089668157,0.6170345882501588,1,0.44456792870019124,1,0.32959015566687955,25.99324681940462,80.29002770591245,"{""type"":""MultiPoint"",""coordinates"":[]}"
1345,300.0,0.3736406177911549,0.8607079764250578,1,0.4074037201052988,1,0.10520088255879277,26.020196277928207,80.04514695946146,"{""type"":""MultiPoint"",""coordinates"":[]}"
1347,716.9379331573969,0.3272830402722632,0.6987453099597131,0,0.30288358707439655,1,0.03897577181751885,26.0269336425591,79.92153877636662,"{""type"":""MultiPoint"",""coordinates"":[]}"
1350,1915.9592897553955,0.054353419092755664,0.38366724755787873,0,0.1534668990231515,0,0.0,26.037713425968537,80.10731037712253,"{""type"":""MultiPoint"",""coordinates"":[]}"
1352,320.0,0.40613496932515336,0.8521437889662113,1,0.43183034643661605,1,0.1516213847502191,26.018309815831554,80.1852841437841,"{""type"":""MultiPoint"",""coordinates"":[]}"
1358,106.3014581273465,0.576122277048983,0.9482370748237107,1,0.6159710674000412,1,0.39446039578426145,25.953451452318124,80.38246434864834,"{""type"":""MultiPoint"",""coordinates"":[]}"
1360,1577.1493271088823,0.5787574117040475,0.4544921380407178,1,0.42073177953404217,1,0.39822487386292504,26.03789308902536,80.01208895700586,"{""type"":""MultiPoint"",""coordinates"":[]}"
1361,1121.4722466472365,0.3256812739918665,0.5707887382589691,0,0.2503280158680447,1,0.03668753427409505,26.03322184954794,80.05404028077425,"{""type"":""MultiPoint"",""coordinates"":[]}"
1362,130.0,0.4812532100667694,0.9370674633774034,1,0.5301868796939067,1,0.25893315723824206,25.96423123572756,80.36494720060801,"{""type"":""MultiPoint"",""coordinates"":[]}"
1366,2822.4280327406045,0.045904900425604335,0.24384706905175468,0,0.09753882762070187,0,0.0,25.995851933728567,80.09787806663928,"{""type"":""MultiPoint"",""coordinates"":[]}"
1368,2125.0882334623193,0.34250465962545484,0.34557550657895614,0,0.17466276802482947,1,0.06072094232207837,26.030796398280817,80.27799028110525,"{""type"":""MultiPoint"",""coordinates"":[]}"
1370,1346.291201783626,0.538830297219559,0.510101475803787,1,0.4087522736525654,1,0.3411861388850843,25.93341902148226,80.39890351834774,"{""type"":""MultiPoint"",""coordinates"":[]}"
1371,1063.6728820459793,0.7616469120399252,0.5875250232981313,1,0.6307073624963313,1,0.6594955886284646,26.016872511376963,80.07784563580341,"{""type"":""MultiPoint"",""coordinates"":[]}"
1372,376.4306044943742,0.4220552369652626,0.8284363238280241,1,0.4359933040728633,1,0.17436462423608945,26.01426739705302,80.27799028110525,"{""type"":""MultiPoint"",""coordinates"":[]}"
1373,2424.04620418011,0.4499572284003422,0.29759460573139257,0,0.24757260949285034,1,0.21422461200048887,25.948870044369116,80.33772824749919,"{""type"":""MultiPoint"",""coordinates"":[]}"
1376,445.5333881989093,0.42549974802620527,0.8003015425874851,1,0.4276918296288843,1,0.1792853543231504,26.020196277928207,80.06266410750179,"{""type"":""MultiPoint"",""coordinates"":[]}"
1378,1980.0252523642216,0.49263205622307865,0.37157199945669506,0,0.31374199083103116,1,0.27518865174725526,25.96791432839245,80.39513059415442,"{""type"":""MultiPoint"",""coordinates"":[]}"
1380,3310.422933704997,0.5020408163265306,0.1910516503422552,0,0.24959850270249978,1,0.28862973760932953,25.95587690358525,80.3077245170096,"{""type"":""MultiPoint"",""coordinates"":[]}"
1381,1855.2897347853784,0.33206831119544594,0.3954840317653437,0,0.18568073658794831,1,0.045811873136351364,26.01202160884272,79.95971717594169,"{""type"":""MultiPoint"",""coordinates"":[]}"
1384,194.164878389476,0.5555743100683602,0.9074811910308381,1,0.5820561707566441,1,0.36510615724051465,26.019297962644085,80.12330038917986,"{""type"":""MultiPoint"",""coordinates"":[]}"
1387,1295.5307792561316,0.43456543456543456,0.523213650053297,0,0.3246272610774056,1,0.19223633509347798,26.03241336579223,80.1746840234315,"{""type"":""MultiPoint"",""coordinates"":[]}"
1388,708.5901495222749,0.362116991643454,0.701667892319864,0,0.3339102926223348,1,0.08873855949064861,26.027472631729573,80.1723484036928,"{""type"":""MultiPoint"",""coordinates"":[]}"
1391,1370.0364958642524,0.4495129713569293,0.504081031054458,0,0.3297863878705798,1,0.2135899590813276,26.042294833917545,79.91731669453125,"{""type"":""MultiPoint"",""coordinates"":[]}"
1392,544.5181356024793,0.33866623132805485,0.7616569147456974,0,0.3378052498937546,1,0.05523747332579266,26.026125158803396,80.17145008840866,"{""type"":""MultiPoint"",""coordinates"":[]}"
1394,2233.6517185989405,0.5192505426710842,0.32731709800143194,0,0.3188558757757878,1,0.3132150609586917,25.94455813100534,80.36449804296595,"{""type"":""MultiPoint"",""coordinates"":[]}"
1396,20.0,0.4241189163270199,0.9900498337491681,1,0.5024075760656843,1,0.1773127376100285,26.026574316445455,79.98406152014134,"{""type"":""MultiPoint"",""coordinates"":[]}"
1398,933.0058949438637,0.3976318622174381,0.6271917601978226,0,0.33456115740836173,1,0.13947408888205448,25.96279393127297,80.33674010068665,"{""type"":""MultiPoint"",""coordinates"":[]}"
1399,958.8534820294495,0.3967723118802256,0.6191382166389776,0,0.3306029825529273,1,0.13824615982889374,26.0126504295416,80.1881587526933,"{""type"":""MultiPoint"",""coordinates"":[]}"
1400,1711.286066091815,0.42158476369621445,0.4250098078431878,0,0.27421943487688755,1,0.17369251956602066,25.992617998705736,80.33350616566383,"{""type"":""MultiPoint"",""coordinates"":[]}"
1403,530.8483775994798,0.3431348118614503,0.7668805788190612,0,0.3437249274088677,1,0.061621159802071855,26.03322184954794,79.96393925777706,"{""type"":""MultiPoint"",""coordinates"":[]}"
1406,453.10043036836765,0.056424778761061944,0.7972793057805888,0,0.3189117223122355,0,0.0,26.01893863653044,80.09697975135516,"{""type"":""MultiPoint"",""coordinates"":[]}"
1409,1840.0,0.36828246558946737,0.39851904108451414,0,0.21793544408192056,1,0.09754637941352483,26.006811380194826,80.01568221814235,"{""type"":""MultiPoint"",""coordinates"":[]}"
1412,2163.90850083824,0.42131061005957315,0.33893251899813204,0,0.23955353050745837,1,0.17330087151367596,26.001601151546932,80.24142884904158,"{""type"":""MultiPoint"",""coordinates"":[]}"
1413,2104.40015206234,0.45058967059780397,0.349168705744076,0,0.2687443428100338,1,0.2151281008540057,25.98462299267707,80.36611501047737,"{""type"":""MultiPoint"",""coordinates"":[]}"
1414,2670.880004792428,0.4814001372683596,0.2630424106984978,0,0.2607027962237074,1,0.2591430532405138,25.986060297131665,80.37949990821075,"{""type"":""MultiPoint"",""coordinates"":[]}"
1417,1372.7709204379294,0.481441506266115,0.5033923161922319,1,0.3568782175621342,1,0.25920215180873574,26.03340151260476,80.2452916047633,"{""type"":""MultiPoint"",""coordinates"":[]}"
1420,2396.351393264352,0.4055038012635186,0.30174418303191647,0,0.2111295028672111,1,0.15071971609074086,25.95363111537495,80.41552235110395,"{""type"":""MultiPoint"",""coordinates"":[]}"
1423,3214.093962534387,0.5091726400194387,0.20047875834443435,0,0.25948233764014983,1,0.2988180571706268,25.924435868641066,80.37437951109126,"{""type"":""MultiPoint"",""coordinates"":[]}"
1424,291.20439557122074,0.5967501692620176,0.8645015354166289,1,0.6001579021055239,1,0.4239288132314538,26.0193877941725,80.1273428079584,"{""type"":""MultiPoint"",""coordinates"":[]}"
1425,2362.11769393483,0.44202180376610506,0.30695354963367066,0,0.24451439451012974,1,0.20288829109443582,25.996840080541098,80.10955616533283,"{""type"":""MultiPoint"",""coordinates"":[]}"
1426,264.0075756488817,0.4885946366974519,0.8763376756598203,1,0.5121876160046013,1,0.26942090956778847,25.974741524551757,80.33736892138555,"{""type"":""MultiPoint"",""coordinates"":[]}"
1427,1773.41478509682,0.4409484724122207,0.4120101094027178,0,0.28561702011441914,1,0.20135496058888672,25.98722810700102,80.3430283076755,"{""type"":""MultiPoint"",""coordinates"":[]}"
1429,2147.2074888095935,0.5162485445114852,0.34177462704140793,0,0.3220657461121219,1,0.30892649215926454,25.992528167177323,80.27134274800275,"{""type"":""MultiPoint"",""coordinates"":[]}"
1431,691.2307863514183,0.42385216367593015,0.707784653572499,1,0.38927285886551116,1,0.17693166239418595,26.03286252343429,80.08431350584907,"{""type"":""MultiPoint"",""coordinates"":[]}"
1433,1950.0,0.42836732043122483,0.37719235356315695,0,0.2609060732234555,1,0.1833818863303212,26.040588034877718,80.03239088242697,"{""type"":""MultiPoint"",""coordinates"":[]}"
1434,1620.9873534361705,0.27949709864603484,0.44463850435354524,0,0.17785540174141812,0,0.0,26.00717070630847,80.19256049758548,"{""type"":""MultiPoint"",""coordinates"":[]}"
1435,2596.2472917655587,0.39635395329782874,0.2730436392381401,0,0.19180655852196643,1,0.13764850471118395,25.98579080254643,80.37824226681298,"{""type"":""MultiPoint"",""coordinates"":[]}"
1436,318.27660925679095,0.4513556618819777,0.8528783937824352,1,0.4708847819832407,1,0.21622237411711098,25.947073413800876,80.39782554000679,"{""type"":""MultiPoint"",""coordinates"":[]}"
1437,269.2582403567252,0.4584546750108433,0.8740400153875691,1,0.48543429902146484,1,0.2263638214440619,26.00941649451877,80.27394786232671,"{""type"":""MultiPoint"",""coordinates"":[]}"
1438,218.40329667841556,0.4196559989907061,0.8965496115290542,1,0.4611821294607984,1,0.17093714141529445,26.022891223780565,80.17926543138051,"{""type"":""MultiPoint"",""coordinates"":[]}"
1439,1554.1557193537592,0.579504132231405,0.4597474970454385,1,0.4234739693022368,1,0.39929161747343567,26.01211144037113,80.20235213418238,"{""type"":""MultiPoint"",""coordinates"":[]}"
1440,788.4795495128583,0.38614794373022815,0.6741923825442723,0,0.3435180476436188,1,0.1230684910431831,26.030706566752404,80.23379316912656,"{""type"":""MultiPoint"",""coordinates"":[]}"
1442,788.4795495128583,0.41536539662710803,0.6741923825442723,1,0.36856157869808726,1,0.16480770946729723,26.016513185263314,80.13443949870295,"{""type"":""MultiPoint"",""coordinates"":[]}"
1443,610.3277807866851,0.3909476465271501,0.7370025768509053,1,0.3727561563350622,1,0.12992520932450013,26.019118299587262,80.00166849971008,"{""type"":""MultiPoint"",""coordinates"":[]}"
1444,1701.3524032369073,0.3253594297450767,0.4271260109754156,0,0.19258705845737484,1,0.036227756778681015,26.024867517405628,80.28391916198044,"{""type"":""MultiPoint"",""coordinates"":[]}"
1446,2808.629559055448,0.31921373200442965,0.24553524459962986,0,0.11468301098650595,1,0.027448188577756664,26.00699104325165,79.94121188108883,"{""type"":""MultiPoint"",""coordinates"":[]}"
1448,1554.6703830716015,0.5867804771284745,0.45962920458825113,1,0.4296635193739929,1,0.40968639589782074,26.039060898894714,80.22831344589343,"{""type"":""MultiPoint"",""coordinates"":[]}"
1449,932.148056909416,0.39555555555555555,0.6274608323721788,0,0.33288909485363344,1,0.13650793650793652,26.023969202121506,79.92504220597468,"{""type"":""MultiPoint"",""coordinates"":[]}"
1451,531.5072906367325,0.35541052292321323,0.7666279666280127,1,0.3541459205853879,1,0.07915788989030464,26.028460778542104,80.13318185730517,"{""type"":""MultiPoint"",""coordinates"":[]}"
1453,2433.926868252208,0.4212060076216095,0.29612801527176513,0,0.22234206978437135,1,0.17315143945944214,26.04984068230415,79.96968847559542,"{""type"":""MultiPoint"",""coordinates"":[]}"
1454,3323.567360532956,0.5356347438752784,0.1898001352401082,0,0.27789269170342484,1,0.33662106267896924,26.0539729326111,79.95199166449827,"{""type"":""MultiPoint"",""coordinates"":[]}"
1455,1348.517704741024,0.4680664916885389,0.509533920556037,0,0.34787056109830533,1,0.2400949881264842,25.977436470404115,80.36728282034673,"{""type"":""MultiPoint"",""coordinates"":[]}"
1457,1547.19100307622,0.3139399581103095,0.4613512933593818,0,0.19648905286687518,1,0.019914225871870736,26.04624742116767,79.92710833112815,"{""type"":""MultiPoint"",""coordinates"":[]}"
1459,2390.3347045968267,0.2649298597194389,0.30265330021831854,0,0.12106132008732742,0,0.0,25.928118961305955,80.3821050225347,"{""type"":""MultiPoint"",""coordinates"":[]}"
1460,1628.0663377147748,0.4117921230482405,0.44306749179599125,0,0.27304881647403123,1,0.15970303292605786,26.038971067366305,80.23163721244468,"{""type"":""MultiPoint"",""coordinates"":[]}"
1461,2519.1466809219346,0.26478485820944403,0.283775076017591,0,0.1135100304070364,0,0.0,26.00294862447311,79.99088871630065,"{""type"":""MultiPoint"",""coordinates"":[]}"
1462,441.81444068749045,0.339752794436467,0.8017910667389275,1,0.3547902504982571,1,0.05678970633781002,26.020196277928207,80.00598041307386,"{""type"":""MultiPoint"",""coordinates"":[]}"
1463,1171.537451385998,0.46149732620320855,0.5566777647881508,1,0.3610973855180105,1,0.23071046600458367,26.036276121513946,80.08880508226967,"{""type"":""MultiPoint"",""coordinates"":[]}"
1467,246.98178070456936,0.5486170866625691,0.8838296925845457,1,0.5666322370303061,1,0.3551672666608131,25.996301091370626,80.2979328804127,"{""type"":""MultiPoint"",""coordinates"":[]}"
1468,1033.1021246711284,0.36207655081390233,0.5965745523107756,0,0.2918382930505123,1,0.08868078687700336,26.04076769793454,79.92055062955409,"{""type"":""MultiPoint"",""coordinates"":[]}"
1470,331.05890714493694,0.5065373260227752,0.8474449025574838,1,0.5160099547568009,1,0.29505332288967895,26.00007401556393,80.30197529919124,"{""type"":""MultiPoint"",""coordinates"":[]}"
1471,1933.3132182861627,0.44930929524701474,0.38035258197508554,0,0.28012042871604687,1,0.21329899321002108,26.009506326047184,80.31383306094162,"{""type"":""MultiPoint"",""coordinates"":[]}"
1473,2756.0116110060203,0.3150384193194292,0.25208075019878584,0,0.11372237378188225,1,0.021483456170613188,25.998996037222984,80.1589635059594,"{""type"":""MultiPoint"",""coordinates"":[]}"
1475,2118.726032312814,0.48635346756152126,0.3466765673856312,0,0.29840217057841356,1,0.2662192393736018,25.951115832579415,80.41381555206412,"{""type"":""MultiPoint"",""coordinates"":[]}"
1477,104.40306508910551,0.5640454705261925,0.9491375654581122,1,0.6059797152056956,1,0.37720781503741785,25.96854314909133,80.3550657324827,"{""type"":""MultiPoint"",""coordinates"":[]}"
1478,2463.5746386095143,0.4934163275077807,0.29177062410193594,0,0.28249367321887214,1,0.2763090392968296,25.923178227243298,80.39270514288731,"{""type"":""MultiPoint"",""coordinates"":[]}"
1479,104.40306508910551,0.4159334126040428,0.9491375654581122,1,0.47902652270099594,1,0.16561916086291834,26.021004761683912,80.24825604520089,"{""type"":""MultiPoint"",""coordinates"":[]}"
1482,550.0,0.4425970434267277,0.7595721232249685,1,0.4260548865128969,1,0.20371006203818243,26.017860658189495,80.05224365020601,"{""type"":""MultiPoint"",""coordinates"":[]}"
1485,41.23105625617661,0.41250562303193883,0.9795955191004533,1,0.48827159881041465,1,0.1607223186170555,26.03178454509335,79.93330670658858,"{""type"":""MultiPoint"",""coordinates"":[]}"
1486,722.4956747275377,0.49310964649490713,0.6968062824329178,1,0.44424506711165895,1,0.27587092356415305,26.022442066138503,79.95765105078823,"{""type"":""MultiPoint"",""coordinates"":[]}"
1488,1977.725966861941,0.49078947368421055,0.37199942015587534,0,0.3123336026488164,1,0.27255639097744366,26.02594549574657,80.28796158075897,"{""type"":""MultiPoint"",""coordinates"":[]}"
1490,2086.2646045025067,0.3364950838635049,0.3523492871818203,0,0.17222121532716092,1,0.05213583409072131,26.005104581155,80.06140646610403,"{""type"":""MultiPoint"",""coordinates"":[]}"
1493,1508.6417732516886,0.43189284811726053,0.47032991363280247,0,0.3011829781250586,1,0.18841835445322935,26.010943630501774,80.13893107512354,"{""type"":""MultiPoint"",""coordinates"":[]}"
1496,70.71067811865476,0.35697228453578406,0.965262359891545,1,0.4349383307015758,1,0.08138897790826297,26.02262172919533,80.05610640592772,"{""type"":""MultiPoint"",""coordinates"":[]}"
1497,2010.0,0.455207132892582,0.3660446348040154,0,0.2794525392581051,1,0.2217244755608315,26.004835086569763,80.04667409544447,"{""type"":""MultiPoint"",""coordinates"":[]}"
1498,2162.2673285234646,0.4092526690391459,0.33921075647480853,0,0.22932944748061995,1,0.1560752414844942,26.043282980730076,80.01101097866493,"{""type"":""MultiPoint"",""coordinates"":[]}"
1500,110.0,0.44155181214905564,0.9464851479534838,1,0.4999241838805841,1,0.20221687449865094,26.028550610070518,79.9725630845046,"{""type"":""MultiPoint"",""coordinates"":[]}"
1501,480.0,0.6691046927553254,0.7866278610665535,1,0.6310265953597575,1,0.5272924182218934,26.03133538745129,80.15375327731151,"{""type"":""MultiPoint"",""coordinates"":[]}"
1504,861.2200647918046,0.31242037911514264,0.6501123841171697,0,0.2706909928884187,1,0.01774339873591808,26.03097606133764,80.13093606909487,"{""type"":""MultiPoint"",""coordinates"":[]}"
1505,110.0,0.4208611991082952,0.9464851479534838,1,0.4821893727027895,1,0.1726588558689932,26.02217257155327,80.02745014836431,"{""type"":""MultiPoint"",""coordinates"":[]}"
1507,994.786409235671,0.5079006772009029,0.6081138236311926,1,0.4214461099103939,1,0.2970009674298614,25.972316073284635,80.32003143640203,"{""type"":""MultiPoint"",""coordinates"":[]}"
1510,1601.2495120998478,0.5286624203821656,0.44904833080129236,1,0.3756156926480875,1,0.3266606005459509,26.00717070630847,80.19148251924453,"{""type"":""MultiPoint"",""coordinates"":[]}"
1511,980.0510190801293,0.4613583138173302,0.6126107665661965,1,0.3833514327556188,1,0.23051187688190036,25.99046204202385,80.2948786084467,"{""type"":""MultiPoint"",""coordinates"":[]}"
1513,1420.0,0.4262150220913107,0.4916441974609651,0,0.30484198363408094,1,0.18030717441615815,26.035916795400297,80.02906711587572,"{""type"":""MultiPoint"",""coordinates"":[]}"
1515,2237.789087470041,0.37531690497921105,0.32664068210205266,0,0.19521361996585912,1,0.1075955785417301,25.946983582272466,80.35515556401111,"{""type"":""MultiPoint"",""coordinates"":[]}"
1516,2140.0,0.36357630477868313,0.34300851741870664,0,0.1916973824920682,1,0.09082329254097593,26.003667276700405,80.0454164540467,"{""type"":""MultiPoint"",""coordinates"":[]}"
1519,3451.7242068276546,0.43802765006488,0.17801951436878247,0,0.1895172200888387,1,0.19718235723554287,25.999804520978692,80.21717433637035,"{""type"":""MultiPoint"",""coordinates"":[]}"
1520,388.329756778952,0.3752544673150871,0.8235221120747486,1,0.393912673957117,1,0.10750638187869588,26.01579453303602,80.25077132799642,"{""type"":""MultiPoint"",""coordinates"":[]}"
1523,20.0,0.40367705835331735,0.9900498337491681,1,0.4848859835167964,1,0.14811008336188194,26.025586169632923,79.99079888477223,"{""type"":""MultiPoint"",""coordinates"":[]}"
1525,1654.6903033498443,0.4591549295774648,0.4372084690853394,0,0.31130189870053415,1,0.227364185110664,25.987946759228315,80.28679377088962,"{""type"":""MultiPoint"",""coordinates"":[]}"
1527,220.0,0.3022849785033063,0.8958341352965282,1,0.3602922071214453,1,0.0032642550047233348,26.021094593212325,80.03553498592139,"{""type"":""MultiPoint"",""coordinates"":[]}"
1530,92.19544457292886,0.4385650224215247,0.9549486378665073,1,0.5007494743650527,1,0.19795003203074957,25.961176963761552,80.37824226681298,"{""type"":""MultiPoint"",""coordinates"":[]}"
1534,1770.1129907438112,0.4039266173157386,0.41269085749696266,0,0.25415630069798956,1,0.14846659616534086,26.005643570325468,80.16399407155048,"{""type"":""MultiPoint"",""coordinates"":[]}"
1535,2158.6338272157227,0.4467120181405896,0.3398275779742095,0,0.26168418959590345,1,0.20958859734369945,26.0396897195936,80.24942385507025,"{""type"":""MultiPoint"",""coordinates"":[]}"
1538,1166.6190466471905,0.46274558700415025,0.558048432750483,1,0.362715590532322,1,0.23249369572021467,26.03465915400253,80.13452933023136,"{""type"":""MultiPoint"",""coordinates"":[]}"
1539,1751.1139311878026,0.5767822232012556,0.4166299065216647,1,0.40389386820974216,1,0.39540317600179375,26.035287974701415,80.11476639398073,"{""type"":""MultiPoint"",""coordinates"":[]}"
1540,955.0916186418976,0.38629142078983203,0.6203038692462843,0,0.3220856226612269,1,0.12327345827118864,26.022082740024857,80.27071392730387,"{""type"":""MultiPoint"",""coordinates"":[]}"
1541,1901.4205216100936,0.40592389585748917,0.3864664339904482,0,0.24537848433117004,1,0.15131985122498456,25.93207154855608,80.40680869284799,"{""type"":""MultiPoint"",""coordinates"":[]}"
1544,2392.0702330826325,0.39833822091886606,0.30239078242464307,0,0.20524621661459957,1,0.14048317274123726,26.046337252696084,80.00121934206801,"{""type"":""MultiPoint"",""coordinates"":[]}"
1548,3182.9074758779907,0.30792917628945343,0.20362937271482484,0,0.08824818590546148,1,0.011327394699219206,25.99136035730797,80.25050183341119,"{""type"":""MultiPoint"",""coordinates"":[]}"
1551,1811.767093199344,0.477112676056338,0.4041846113532568,0,0.31348470973244963,1,0.2530181086519115,26.037354099854888,80.24574076240535,"{""type"":""MultiPoint"",""coordinates"":[]}"
1556,799.0619500389191,0.4607379375591296,0.6706345166237029,1,0.4060291817001637,1,0.2296256250844709,25.988485748398787,80.30017866862299,"{""type"":""MultiPoint"",""coordinates"":[]}"
1558,2751.817581163403,0.5200921423086767,0.2526099219399279,0,0.28969437646912266,1,0.3144173461552525,25.998636711109338,80.23316434842768,"{""type"":""MultiPoint"",""coordinates"":[]}"
1562,1233.085560697229,0.3970254600453743,0.5398074482385694,0,0.29908765933432,1,0.13860780006482046,26.036725279156006,79.91453191715048,"{""type"":""MultiPoint"",""coordinates"":[]}"
1563,1254.830665866913,0.34813524887534464,0.5339701540193486,0,0.25484684635803484,1,0.06876464125049236,26.012830092598424,80.00624990765908,"{""type"":""MultiPoint"",""coordinates"":[]}"
1564,2577.2077913897438,0.29602157788267025,0.2756553582061229,0,0.11026214328244917,0,0.0,25.962524436687733,80.3084431692369,"{""type"":""MultiPoint"",""coordinates"":[]}"
1570,1813.9735389470266,0.3354683746997598,0.40373895152101874,0,0.1918970446367731,1,0.05066910671394262,26.013728407882546,79.94606278362308,"{""type"":""MultiPoint"",""coordinates"":[]}"
1572,1442.497833620557,-0.14803625377643503,0.48614472234350437,0,0.19445788893740176,0,0.0,26.004835086569763,80.31230592495861,"{""type"":""MultiPoint"",""coordinates"":[]}"
1577,3343.411431457397,0.3755566551212271,0.18792624335160119,0,0.13993334458740658,1,0.10793807874461017,25.94491745711899,80.33584178540254,"{""type"":""MultiPoint"",""coordinates"":[]}"
1578,1631.7475294910057,0.4119853240929474,0.4422527336427066,0,0.2728885141081805,1,0.15997903441849634,26.00474525504135,80.24861537131453,"{""type"":""MultiPoint"",""coordinates"":[]}"
1579,2567.2553437474817,0.39454767394547674,0.2770304996341211,0,0.19185306323548565,1,0.13506810563639537,26.01202160884272,79.91417259103683,"{""type"":""MultiPoint"",""coordinates"":[]}"
1580,2270.7928130941405,0.40373431282522193,0.32129473275162346,0,0.21743301837941106,1,0.14819187546460277,26.052894954270155,79.92423372221897,"{""type"":""MultiPoint"",""coordinates"":[]}"
1581,521.7278984298232,0.4248421052631579,0.7703857240681338,1,0.41516180842424605,1,0.1783458646616542,26.020735267098676,80.1417158525043,"{""type"":""MultiPoint"",""coordinates"":[]}"
1582,676.8308503607086,0.45875251509054327,0.7128990701495952,1,0.4212332124231609,1,0.2267893072722047,26.013189418712074,80.11647319302055,"{""type"":""MultiPoint"",""coordinates"":[]}"
1583,929.7311439335567,0.3693555793662941,0.6282195498321654,0,0.3107354593896897,1,0.09907939909470587,26.02262172919533,80.26837830756516,"{""type"":""MultiPoint"",""coordinates"":[]}"
1584,1463.4206503941373,0.21436158912258338,0.4810854734431398,0,0.19243418937725593,0,0.0,26.01309958718366,79.98469034084022,"{""type"":""MultiPoint"",""coordinates"":[]}"
1585,1691.4490828872147,0.49309141660851363,0.4292462388253637,0,0.3372054240517286,1,0.2758448808693052,26.0028587929447,80.11135279590107,"{""type"":""MultiPoint"",""coordinates"":[]}"
1587,1037.5451797391765,0.4818802268576372,0.5952507165299857,1,0.3939976239185405,1,0.2598288955109103,26.016513185263314,80.08593047336049,"{""type"":""MultiPoint"",""coordinates"":[]}"
1590,1992.5109786397663,0.4377537212449256,0.36925955197514077,0,0.26577843899999254,1,0.19679103034989376,26.044899948241493,80.15528041329452,"{""type"":""MultiPoint"",""coordinates"":[]}"
1593,2380.462140005591,0.23686899652564888,0.3041509757794358,0,0.12166039031177432,0,0.0,25.980490742370122,80.38614744131323,"{""type"":""MultiPoint"",""coordinates"":[]}"
1595,243.51591323771842,0.479200183865778,0.8853626387368506,1,0.5077452130939786,1,0.25600026266539716,25.966836350051505,80.36809130410244,"{""type"":""MultiPoint"",""coordinates"":[]}"
1596,844.0379138403677,0.45452372415441616,0.6557216088134182,1,0.39473754994343835,1,0.2207481773634517,26.01579453303602,80.15644822316388,"{""type"":""MultiPoint"",""coordinates"":[]}"
1597,1585.2129194527784,0.40046773971660476,0.4526634073902282,0,0.26718056842746685,1,0.14352534245229254,26.02145391932597,79.91578955854825,"{""type"":""MultiPoint"",""coordinates"":[]}"
1599,1262.5371281669304,0.2558947629684785,0.5319166025338051,0,0.21276664101352205,0,0.0,26.018848805002026,79.9446254791685,"{""type"":""MultiPoint"",""coordinates"":[]}"
1601,1533.9491516996254,0.36935603256846783,0.46441600039213987,0,0.24521442807268556,1,0.09908004652638264,26.043911801428962,79.94714076196402,"{""type"":""MultiPoint"",""coordinates"":[]}"
1602,1026.1091559868278,0.45809015273811005,0.5986641168278499,1,0.3749714919352343,1,0.22584307534015724,26.03016757758193,80.24547126782012,"{""type"":""MultiPoint"",""coordinates"":[]}"
1603,667.0832032063167,0.5679410409949333,0.7163820953763954,1,0.5162165875747866,1,0.3827729157070475,25.97563983983588,80.34572325352785,"{""type"":""MultiPoint"",""coordinates"":[]}"
1604,1704.9633427144408,0.601733164831197,0.42635554362499467,1,0.4291706444481667,1,0.43104737833028145,26.00007401556393,80.26092229070697,"{""type"":""MultiPoint"",""coordinates"":[]}"
1607,2445.7309745759035,0.5839087374335038,0.29438539954679716,1,0.36110450619029355,1,0.40558391061929117,26.04400163295737,80.18465532308522,"{""type"":""MultiPoint"",""coordinates"":[]}"
1608,1421.2670403551895,0.24888982871643053,0.49133282958100744,0,0.19653313183240298,0,0.0,26.033581175661585,80.12033594874227,"{""type"":""MultiPoint"",""coordinates"":[]}"
1609,2225.061796894639,0.4096313912009512,0.3287259354086451,0,0.22546013804998766,1,0.15661627314421606,26.003128287529936,80.02933661046096,"{""type"":""MultiPoint"",""coordinates"":[]}"
1611,356.93136595149497,0.40546071770102543,0.8365527643863155,1,0.4250160066411195,1,0.15065816814432206,26.0291794307694,80.08700845170144,"{""type"":""MultiPoint"",""coordinates"":[]}"
1612,2640.549185302179,0.4261028495472293,0.26706195864531324,0,0.2149129402128933,1,0.18014692792461334,26.051547481343977,80.19857920998908,"{""type"":""MultiPoint"",""coordinates"":[]}"
1613,1588.6157496386593,0.427760028399006,0.4518938938534786,0,0.29026615331196803,1,0.18251432628429431,26.008158853121003,80.13048691145282,"{""type"":""MultiPoint"",""coordinates"":[]}"
1614,2835.365937581955,0.5137591517293613,0.24227472515625986,0,0.28013202011624216,1,0.3053702167562304,25.930454581044664,80.41660032944489,"{""type"":""MultiPoint"",""coordinates"":[]}"
1615,618.1423784210236,0.41920152091254753,0.7341285061372068,1,0.3958241346656378,1,0.17028788701792508,26.02504718046245,79.94076272344678,"{""type"":""MultiPoint"",""coordinates"":[]}"
1618,752.8612089887484,0.39054412700700125,0.686306742637691,1,0.35213194877536325,1,0.12934875286714467,26.00429609739929,80.27565466136653,"{""type"":""MultiPoint"",""coordinates"":[]}"
1619,1674.3058263053379,0.4261749434163227,0.43294139214581434,0,0.28132650835803097,1,0.18024991916617536,26.036276121513946,80.18600279601141,"{""type"":""MultiPoint"",""coordinates"":[]}"
1620,2457.9056125083403,0.35978358881875566,0.2925988249622919,0,0.1682826061152788,1,0.08540512688393669,25.998906205694574,80.17010261548249,"{""type"":""MultiPoint"",""coordinates"":[]}"
1622,1075.174404457249,0.1948784722222222,0.5841560036852576,0,0.23366240147410303,0,0.0,25.96611769782421,80.38632710437005,"{""type"":""MultiPoint"",""coordinates"":[]}"
1623,2020.0,0.4818632542279879,0.3642189795715233,0,0.3015703811668847,1,0.2598046488971256,26.005014749626586,80.0287976212905,"{""type"":""MultiPoint"",""coordinates"":[]}"
1625,2199.931817125249,0.5191284519888523,0.3328824319452215,0,0.3209773601971049,1,0.31304064569836043,26.005104581155,80.2250795108706,"{""type"":""MultiPoint"",""coordinates"":[]}"
1629,1940.0,0.3375883291543196,0.37908303810339883,0,0.1838517830879192,1,0.05369761307759942,26.005643570325468,80.0341875129952,"{""type"":""MultiPoint"",""coordinates"":[]}"
1630,2905.236651290218,0.39995480736639927,0.23395691005504987,0,0.17925831319321933,1,0.14279258195199898,26.048672872434793,80.0619454552745,"{""type"":""MultiPoint"",""coordinates"":[]}"
1631,1420.0352108310553,0.43624793777987275,0.4916355419367693,0,0.3134381634431701,1,0.19463991111410395,25.98677894935896,80.3378180790276,"{""type"":""MultiPoint"",""coordinates"":[]}"
1633,100.0,0.3660520472067667,0.951229424500714,1,0.43710781026322854,1,0.09436006743823817,26.020286109456617,80.18483498614205,"{""type"":""MultiPoint"",""coordinates"":[]}"
1636,1720.523176246109,0.4609375,0.4230514026197658,0,0.3071669896193349,1,0.22991071428571433,26.045349105883552,79.94965604475956,"{""type"":""MultiPoint"",""coordinates"":[]}"
1637,2822.4280327406045,0.4311111111111111,0.24384706905175468,0,0.2099197800016543,1,0.18730158730158733,26.00537407574023,80.33144004051036,"{""type"":""MultiPoint"",""coordinates"":[]}"
1640,2668.332812825267,0.38467502261274067,0.26337763388041147,0,0.17792964436308517,1,0.12096431801820098,26.022801392252152,79.90285381845693,"{""type"":""MultiPoint"",""coordinates"":[]}"
1641,2323.1228981696167,0.4144884241971621,0.31299707013250866,0,0.22333176307914243,1,0.16355489171023158,25.990641705080673,80.27206140023006,"{""type"":""MultiPoint"",""coordinates"":[]}"
1644,30.0,0.35244457941087154,0.9851119396030626,1,0.438997272479115,1,0.07492082772981651,26.013997902467782,80.26685117158216,"{""type"":""MultiPoint"",""coordinates"":[]}"
1646,651.9202405202648,0.4592608280054261,0.7218339734088105,1,0.4252428705110324,1,0.2275154685791802,26.032952354962703,80.08206771763878,"{""type"":""MultiPoint"",""coordinates"":[]}"
1647,2047.0710783946902,0.49542584718464117,0.35932229369915564,0,0.311236786495069,1,0.27917978169234453,26.044989779769903,79.98343269944245,"{""type"":""MultiPoint"",""coordinates"":[]}"
1649,2372.277386816306,0.6452179828788479,0.3053982264830483,1,0.418060418775089,1,0.4931685469697828,26.004116434342468,80.07209641798505,"{""type"":""MultiPoint"",""coordinates"":[]}"
1650,948.6832980505137,0.2773984492535586,0.6222946098982804,0,0.24891784395931218,0,0.0,25.968004159920863,80.32757728478865,"{""type"":""MultiPoint"",""coordinates"":[]}"
1651,1286.5846260545786,0.37094715343375034,0.5255592669395566,0,0.27103555257618006,1,0.10135307633392908,26.012291103427955,80.00876519045462,"{""type"":""MultiPoint"",""coordinates"":[]}"
1652,2261.725005388586,0.3352179034157833,0.3227547594876855,0,0.1592886781514599,1,0.050311290593976134,26.00977582063242,79.94507463681055,"{""type"":""MultiPoint"",""coordinates"":[]}"
1654,3090.064724241225,0.45049332559489264,0.2133049681101109,0,0.21431626632538092,1,0.21499046513556094,26.013279250240487,80.32479250740786,"{""type"":""MultiPoint"",""coordinates"":[]}"
1656,510.0,0.3377517868745939,0.774916497961081,0,0.34232527364837007,1,0.05393112410656273,26.027382800201163,80.05089617727982,"{""type"":""MultiPoint"",""coordinates"":[]}"
1657,1508.6417732516886,0.45008801683053545,0.47032991363280247,0,0.31677883702215137,1,0.21441145261505068,26.0374439313833,80.13291236271994,"{""type"":""MultiPoint"",""coordinates"":[]}"
1660,2715.437349673161,0.44145785876993165,0.2572469720390475,0,0.224148382046989,1,0.20208265538561668,25.98722810700102,80.3768947938868,"{""type"":""MultiPoint"",""coordinates"":[]}"
1662,2884.995667241114,0.5130282461134223,0.23633669106244296,0,0.27713031595076776,1,0.30432606587631766,25.935485146635735,80.36512686366484,"{""type"":""MultiPoint"",""coordinates"":[]}"
1663,1056.834897228512,0.4075867191153412,0.5895372047491643,0,0.32803206971281534,1,0.15369531302191605,26.010943630501774,80.1769298116418,"{""type"":""MultiPoint"",""coordinates"":[]}"
1666,3352.7600570276422,0.4150255288110868,0.18704986713359897,0,0.17341325726294254,1,0.16432218401583829,26.01067413591654,79.90402162832629,"{""type"":""MultiPoint"",""coordinates"":[]}"
1667,2180.73382144635,0.37964270145534973,0.33609315489843344,0,0.20270243463538745,1,0.11377528779335679,26.043193149201667,80.05637590051296,"{""type"":""MultiPoint"",""coordinates"":[]}"
1668,28.284271247461902,0.65963893447797,0.985957394633712,2,0.7026449016917448,1,0.5137699063971,25.993516313989854,80.30493973962884,"{""type"":""MultiPoint"",""coordinates"":[]}"
1669,2299.956521328175,0.4178307313064914,0.31664365292696667,0,0.22765523086206502,1,0.1683296161521306,26.044899948241493,80.06050815081991,"{""type"":""MultiPoint"",""coordinates"":[]}"
1670,509.9019513592785,0.3631291619173316,0.7749544886469559,1,0.36409250567363804,1,0.09018451702475942,26.02217257155327,80.07964226637165,"{""type"":""MultiPoint"",""coordinates"":[]}"
1674,660.0,0.28077007862443976,0.7189237334319262,0,0.2875694933727705,0,0.0,26.027113305615927,80.1844756600284,"{""type"":""MultiPoint"",""coordinates"":[]}"
1675,1778.004499431877,0.4092384519350811,0.4110656891193611,0,0.25805923444924256,1,0.1560549313358302,25.964500730312796,80.39548992026808,"{""type"":""MultiPoint"",""coordinates"":[]}"
1677,1333.7541002748594,0.3413897280966767,0.5133091159185741,0,0.24080055616458113,1,0.059128182995252486,26.042654160031194,79.94148137567407,"{""type"":""MultiPoint"",""coordinates"":[]}"
1680,480.0,0.4413691040090946,0.7866278610665535,1,0.4358246621487025,1,0.2019558628701352,26.01893863653044,80.0213416044323,"{""type"":""MultiPoint"",""coordinates"":[]}"
1683,1253.9936203984453,0.3402922755741127,0.5341936794401804,0,0.24821370798245446,1,0.057560393677303846,26.038611741252655,79.97561735647061,"{""type"":""MultiPoint"",""coordinates"":[]}"
1684,256.3201123595259,0.5755584756898817,0.8797125644434586,1,0.5880780049401393,1,0.39365496527125965,26.011752114257483,80.2671206661674,"{""type"":""MultiPoint"",""coordinates"":[]}"
1685,2875.1347794494786,0.3294543857723131,0.23750481317216285,0,0.12024854164513354,1,0.04207769396044733,25.99127052577956,80.25571206205908,"{""type"":""MultiPoint"",""coordinates"":[]}"
1686,1412.267680009707,0.47313361864003806,0.4935486516792037,0,0.34581970522028554,1,0.2473337409143401,26.041845676275486,79.95702223008934,"{""type"":""MultiPoint"",""coordinates"":[]}"
1688,1018.6756107809787,0.635626453971419,0.6008933554358229,1,0.5280371598641169,1,0.47946636281631294,26.032682860377466,80.23442198982545,"{""type"":""MultiPoint"",""coordinates"":[]}"
1689,542.3098745182499,0.3758474089394462,0.7624983478483921,1,0.3700114039445964,1,0.108353441342066,26.022082740024857,79.97795297620932,"{""type"":""MultiPoint"",""coordinates"":[]}"
1695,691.2307863514183,0.39953719008264466,0.707784653572499,1,0.3684314529284093,1,0.14219598583234952,26.02046577251344,80.08251687528083,"{""type"":""MultiPoint"",""coordinates"":[]}"
1696,953.3624704172071,0.621971330711658,0.6208403998152217,1,0.524311586250367,1,0.4599590438737972,26.032054039678584,80.23451182135386,"{""type"":""MultiPoint"",""coordinates"":[]}"
1699,1758.2377541163196,0.6434643995749203,0.41514854748233754,1,0.46045747577143814,1,0.4906634279641719,25.979143269443945,80.37428967956285,"{""type"":""MultiPoint"",""coordinates"":[]}"
1700,1086.6922287382017,0.3935890698896479,0.5808015688024216,0,0.31253983028352406,1,0.13369867127092563,26.019297962644085,80.20837084658598,"{""type"":""MultiPoint"",""coordinates"":[]}"
1705,2156.687274502263,0.555581048525869,0.3401584851271492,1,0.3551328642158903,1,0.3651157836083843,25.97761613346094,80.29371079857734,"{""type"":""MultiPoint"",""coordinates"":[]}"
1708,785.175139698144,0.40047442887049994,0.6753072072130067,1,0.35624382191705983,1,0.14353489838642852,26.03007774605352,80.03778077413169,"{""type"":""MultiPoint"",""coordinates"":[]}"
1711,171.17242768623692,0.3820375335120643,0.9179739975762762,1,0.43750748489799424,1,0.11719647644580619,25.9660278662958,80.35470640636905,"{""type"":""MultiPoint"",""coordinates"":[]}"
1714,2578.4685377176897,0.34527687296416937,0.27548164722292773,0,0.14900140714417343,1,0.06468124709167054,26.033940501775234,80.2814937107133,"{""type"":""MultiPoint"",""coordinates"":[]}"
1715,240.20824298928628,0.32473937650306306,0.886828094043169,1,0.37593641747703593,1,0.03534196643294724,26.026394653388632,80.06203528680291,"{""type"":""MultiPoint"",""coordinates"":[]}"
1717,562.2277118748239,0.42093373493975905,0.7549423759148957,1,0.40563443745718036,1,0.1727624784853701,26.027203137144337,79.92594052125881,"{""type"":""MultiPoint"",""coordinates"":[]}"
1720,1543.9235732380018,0.5043904664157829,0.46210562586464954,1,0.36003407870224513,1,0.2919863805939756,26.04067786640613,79.98109707970374,"{""type"":""MultiPoint"",""coordinates"":[]}"
1721,2586.4261056523537,0.4315937940761636,0.274387742909243,0,0.22254977780040888,1,0.18799113439451948,25.996570585955862,80.34195032933455,"{""type"":""MultiPoint"",""coordinates"":[]}"
1723,1278.8275880665071,0.4933696021761306,0.5276016166246567,1,0.3767860199436889,1,0.2762422888230437,26.039060898894714,79.9732817367319,"{""type"":""MultiPoint"",""coordinates"":[]}"
1724,847.17176534632,0.4568210262828536,0.6546949462998116,1,0.39629600104808493,1,0.22403003754693374,26.013279250240487,80.17198907757914,"{""type"":""MultiPoint"",""coordinates"":[]}"
1726,474.1307836451879,0.5021622996692954,0.7889396961261378,1,0.48885784959556544,1,0.28880328524185056,25.976807649705233,80.33763841597077,"{""type"":""MultiPoint"",""coordinates"":[]}"
1730,2029.7044119772713,0.41804362194315925,0.3624559946995093,0,0.24616264525965453,1,0.16863374563308467,26.0494813561905,79.91812517828696,"{""type"":""MultiPoint"",""coordinates"":[]}"
1731,1278.8275880665071,0.43847241867043846,0.5276016166246567,0,0.3297312912245242,1,0.19781774095776924,26.03654561609918,79.99861422774407,"{""type"":""MultiPoint"",""coordinates"":[]}"
1734,3225.926223582926,0.5306688585225522,0.19929620137260576,0,0.2774346449969442,1,0.3295269407465032,25.973663546210815,80.40474256769451,"{""type"":""MultiPoint"",""coordinates"":[]}"
1735,3167.838379715733,0.3313253012048193,0.20516942251828355,0,0.10891802718287283,1,0.044750430292599,25.969531295903863,80.2889497275715,"{""type"":""MultiPoint"",""coordinates"":[]}"
1736,2604.6496885377887,0.4540130440569679,0.2718989349901287,0,0.2407707546163097,1,0.22001863436709704,26.019836951814558,79.90509960666724,"{""type"":""MultiPoint"",""coordinates"":[]}"
1737,294.10882339705483,0.5963213939980639,0.8632470054026048,1,0.5992885684450968,1,0.4233162771400914,25.999984184035515,80.29038703202609,"{""type"":""MultiPoint"",""coordinates"":[]}"
1738,1370.5838172107533,0.4515625,0.5039431027737608,0,0.3314879553952186,1,0.21651785714285715,26.04157618169025,79.95594425174839,"{""type"":""MultiPoint"",""coordinates"":[]}"
1740,1020.7840124139876,0.38634146341463416,0.6002602269508084,0,0.31411105942143835,1,0.12334494773519168,26.02082509862709,79.94678143585037,"{""type"":""MultiPoint"",""coordinates"":[]}"
1742,560.4462507680821,0.3544365172819838,0.755615125730085,0,0.34890592224802014,1,0.07776645325997684,26.015525038450782,80.17719930622704,"{""type"":""MultiPoint"",""coordinates"":[]}"
1743,2841.2145290350745,0.43251139418020335,0.24156727711062573,0,0.21020810585585317,1,0.1893019916860048,26.051367818287154,79.97112578005002,"{""type"":""MultiPoint"",""coordinates"":[]}"
1745,1300.0,0.3773051250141419,0.522045776761016,0,0.27507984643081373,1,0.11043589287734555,25.965578708653737,80.32551115963517,"{""type"":""MultiPoint"",""coordinates"":[]}"
1747,1421.442928857856,0.3770742915496553,0.49128962158312983,0,0.2625795271043851,1,0.11010613078522193,26.014806386223487,79.97130544310684,"{""type"":""MultiPoint"",""coordinates"":[]}"
1748,532.2593352868505,0.5945132151221144,0.7663397515885866,1,0.5589757993115327,1,0.4207331644601635,26.00573340185388,80.29532776608875,"{""type"":""MultiPoint"",""coordinates"":[]}"
1750,220.0,0.5405675613320003,0.8958341352965282,1,0.5645344209746116,1,0.3436679447600005,26.026394653388632,79.96393925777706,"{""type"":""MultiPoint"",""coordinates"":[]}"
1752,2130.2112571292078,0.4771415889924545,0.3446914435818066,0,0.28971222514054085,1,0.25305941284636363,26.001690983075342,80.1799840836078,"{""type"":""MultiPoint"",""coordinates"":[]}"
1755,1821.4829123546563,0.4645847476804707,0.4022258805791687,0,0.30196299310064234,1,0.23512106811495817,26.041396518633427,80.13731410761213,"{""type"":""MultiPoint"",""coordinates"":[]}"
1756,1227.8843593759145,0.47387887193712436,0.541213098820787,1,0.3655242726172786,1,0.24839838848160625,26.035377806229825,80.19139268771612,"{""type"":""MultiPoint"",""coordinates"":[]}"
1757,1775.387281693772,0.30352045670789723,0.4116039654456786,0,0.16765912049932624,1,0.005029223868424637,26.03564730081506,80.25157981175212,"{""type"":""MultiPoint"",""coordinates"":[]}"
1758,40.0,0.504110774556469,0.9801986733067553,1,0.5670315617996755,1,0.2915868207949558,26.028550610070518,79.96636470904419,"{""type"":""MultiPoint"",""coordinates"":[]}"
1761,1702.292571798397,0.22497687326549495,0.42692527293735355,0,0.17077010917494143,0,0.0,26.00654188560959,80.19318931828435,"{""type"":""MultiPoint"",""coordinates"":[]}"
1762,890.5054744357274,0.374361730717549,0.6406623363526089,0,0.32000356087037135,1,0.10623104388221291,26.035826963871884,79.97040712782272,"{""type"":""MultiPoint"",""coordinates"":[]}"
1764,2817.8005607210744,0.33752515986533904,0.24441192000229936,0,0.12992919074263895,1,0.05360737123619865,25.999445194865043,80.22831344589343,"{""type"":""MultiPoint"",""coordinates"":[]}"
1768,335.26109228480425,0.36274049741905207,0.845666211620797,1,0.3920440538646492,1,0.08962928202721726,26.02405903364992,80.21771332554083,"{""type"":""MultiPoint"",""coordinates"":[]}"
1769,2826.764935398768,0.4839907192575406,0.24331887144315326,0,0.255033879369439,1,0.26284388465362946,25.97617882900635,80.28643444477596,"{""type"":""MultiPoint"",""coordinates"":[]}"
1773,430.0,0.4337680164722032,0.8065414401773269,1,0.4372748759042478,1,0.19109716638886173,26.0193877941725,80.02349756111418,"{""type"":""MultiPoint"",""coordinates"":[]}"
1779,2188.2641522448794,0.4607948442534909,0.3348300879009104,0,0.27175618737764207,1,0.22970692036212986,26.006362222552763,80.14890237477726,"{""type"":""MultiPoint"",""coordinates"":[]}"
1781,802.3091673413684,0.2581353563585546,0.6695465520740294,0,0.2678186208296118,0,0.0,25.959470164721726,80.35847933056235,"{""type"":""MultiPoint"",""coordinates"":[]}"
1782,1084.665847162157,0.44652189060504005,0.581390329814852,1,0.358146323873118,1,0.20931698657862868,26.026753979502278,80.26011380695127,"{""type"":""MultiPoint"",""coordinates"":[]}"
1785,2209.547464980103,0.33271375464684017,0.3312858329827127,0,0.1605546943189481,1,0.04673393520977168,26.039060898894714,80.25409509454767,"{""type"":""MultiPoint"",""coordinates"":[]}"
1787,1314.6862743635836,0.4364213853206702,0.5182263634076003,0,0.32422316135218604,1,0.1948876933152432,26.036815110684415,80.161927946397,"{""type"":""MultiPoint"",""coordinates"":[]}"
1788,2462.214450449026,0.5903271692745377,0.29196912306751155,1,0.3656395086051798,1,0.4147530989636253,26.01588436456443,80.3130245771859,"{""type"":""MultiPoint"",""coordinates"":[]}"
1792,288.61739379323626,0.3569709610139579,0.8656204924511702,1,0.39508044927814634,1,0.08138708716279705,26.022981055308975,80.1197969595718,"{""type"":""MultiPoint"",""coordinates"":[]}"
1793,1903.785702225962,0.5221730890713835,0.38600967266525976,0,0.34483794541300405,1,0.3173901272448336,26.03834224666742,80.1725280667496,"{""type"":""MultiPoint"",""coordinates"":[]}"
1794,1372.6616480400407,0.6191826128041578,0.5034198203863218,1,0.47495302484380686,1,0.4559751611487968,25.975550008307465,80.37419984803445,"{""type"":""MultiPoint"",""coordinates"":[]}"
1798,1661.1140839809889,0.4042625169147497,0.43580645619869596,0,0.2636904541206924,1,0.1489464527353567,26.040588034877718,80.16147878875495,"{""type"":""MultiPoint"",""coordinates"":[]}"
1800,458.9117562233506,0.2143120116721437,0.7949660432670387,0,0.3179864173068155,0,0.0,26.02873027312734,80.0025668149942,"{""type"":""MultiPoint"",""coordinates"":[]}"
1802,990.4039579888603,0.40201117318435753,0.6094477992104619,0,0.3312172681279198,1,0.14573024740622506,25.974741524551757,80.36449804296595,"{""type"":""MultiPoint"",""coordinates"":[]}"
1803,1878.643127366132,0.42450740352104466,0.39089294138704395,0,0.26307780814428444,1,0.1778677193157781,26.012380934956365,79.9537882950665,"{""type"":""MultiPoint"",""coordinates"":[]}"
1804,1197.5391434103522,0.6832941176470588,0.5494873250677742,1,0.5483327451531601,1,0.547563025210084,25.999445194865043,80.31455171316891,"{""type"":""MultiPoint"",""coordinates"":[]}"
1805,796.3039620647382,0.3998162414304898,0.671559955530353,1,0.35418076058113246,1,0.14259463061498548,26.030257409110344,80.03149256714285,"{""type"":""MultiPoint"",""coordinates"":[]}"
1806,2751.817581163403,0.4449065359191,0.2526099219399279,0,0.2252495709923426,1,0.20700933702728574,26.05091866064509,79.9740003889592,"{""type"":""MultiPoint"",""coordinates"":[]}"
1807,3303.876511009453,0.35788958744768357,0.19167802734507722,0,0.12629085732175968,1,0.08269941063954797,26.045977926582434,80.03778077413169,"{""type"":""MultiPoint"",""coordinates"":[]}"
1808,2567.8006153126453,0.433564326604399,0.2769549815019946,0,0.22526570111885413,1,0.19080618086342713,26.033581175661585,80.28230219446901,"{""type"":""MultiPoint"",""coordinates"":[]}"
1810,180.0,0.4691802342187946,0.9139311852712282,1,0.5105841034388867,1,0.24168604888399234,26.024957348934038,79.9822648895731,"{""type"":""MultiPoint"",""coordinates"":[]}"
1812,700.2856560004639,0.4430379746835443,0.7045874477154908,1,0.40443895738637714,1,0.2043399638336347,26.035557469286648,79.95549509410634,"{""type"":""MultiPoint"",""coordinates"":[]}"
1814,133.41664064126334,0.39176605129880737,0.935468018558935,1,0.4528438228225518,1,0.13109435899829627,26.01426739705302,80.2708935903607,"{""type"":""MultiPoint"",""coordinates"":[]}"
1815,591.6924876994806,0.36492890995260663,0.7439017987040962,1,0.353214070869587,1,0.09275558564658092,25.988845074512433,80.31958227875998,"{""type"":""MultiPoint"",""coordinates"":[]}"
1816,1426.218777046495,0.3513393188395043,0.4901178588554877,0,0.24005227397605594,1,0.07334188405643476,26.003128287529936,80.2596646493092,"{""type"":""MultiPoint"",""coordinates"":[]}"
1817,548.1788029466298,0.5166278330862105,0.7602641034915786,1,0.4897866411848119,1,0.3094683329803008,25.953810778431773,80.39072884926225,"{""type"":""MultiPoint"",""coordinates"":[]}"
1818,1440.0,0.47258485639686676,0.4867522559599717,0,0.34263077929558877,1,0.24654979485266684,26.034120164832057,80.18501464919888,"{""type"":""MultiPoint"",""coordinates"":[]}"
1819,169.70562748477138,0.5051749630359783,0.91864748673689,1,0.5433232487255946,1,0.2931070900513976,26.02504718046245,80.15528041329452,"{""type"":""MultiPoint"",""coordinates"":[]}"
1822,1714.7886167105262,0.4592437773133194,0.42426615002532997,0,0.3062011262786915,1,0.22749111044759915,26.006452054081176,80.23846440860399,"{""type"":""MultiPoint"",""coordinates"":[]}"
1827,2027.1408436514716,0.3519887812340643,0.3629208829328009,0,0.1897301656594612,1,0.07426968747723472,26.044899948241493,79.98253438415833,"{""type"":""MultiPoint"",""coordinates"":[]}"
1829,2795.084971874737,0.42196531791907516,0.24720372470447757,0,0.20342319095528405,1,0.17423616845582168,25.999445194865043,80.13785309678259,"{""type"":""MultiPoint"",""coordinates"":[]}"
1832,2463.3716731342024,0.5585009140767825,0.2918002352861239,0,0.3382923061802631,1,0.3692870201096893,25.949678528124824,80.4174088132006,"{""type"":""MultiPoint"",""coordinates"":[]}"
1833,1261.269202034205,0.45351418002466093,0.5322539249278686,0,0.34448515284942827,1,0.21930597146380135,26.03052690369558,80.25319677926355,"{""type"":""MultiPoint"",""coordinates"":[]}"
1834,581.3776741499454,0.36006683375104426,0.7477483133748389,1,0.3505851828508307,1,0.08580976250149182,25.994684123859212,80.29460911386145,"{""type"":""MultiPoint"",""coordinates"":[]}"
1835,2782.9660436304284,0.3806390977443609,0.2487061942882644,0,0.16860170435332938,1,0.11519871106337272,25.976807649705233,80.28607511866232,"{""type"":""MultiPoint"",""coordinates"":[]}"
1838,2337.5414434828745,0.4067656765676568,0.31074870319630593,0,0.2158129183365139,1,0.15252239509665255,26.003577445171995,80.32560099116358,"{""type"":""MultiPoint"",""coordinates"":[]}"
1839,2358.4104816592044,0.3907452061086233,0.3075230482673169,0,0.2007908245428896,1,0.12963600872660472,26.043642306843726,80.18546380684093,"{""type"":""MultiPoint"",""coordinates"":[]}"
1842,2262.940564840358,0.49112709832134294,0.3225586552885505,0,0.29284668924799984,1,0.2730387118876328,26.004924918098173,80.14288366237366,"{""type"":""MultiPoint"",""coordinates"":[]}"
1844,2304.1701326073994,0.38946175637393765,0.315977248531995,0,0.20307240487617312,1,0.12780250910562524,25.976358492063174,80.39135766996112,"{""type"":""MultiPoint"",""coordinates"":[]}"
1846,752.9276193632427,0.40355076800319173,0.686283954072144,1,0.3632713827744506,1,0.14792966857598822,25.954978588301127,80.37375069039238,"{""type"":""MultiPoint"",""coordinates"":[]}"
1847,1115.437134042076,0.4645088928056402,0.5725137267295323,1,0.37001311309664736,1,0.23501270400805743,26.035287974701415,79.99645827106218,"{""type"":""MultiPoint"",""coordinates"":[]}"
1849,1128.716084761797,0.35851419031719534,0.5687251270225417,0,0.2776450710808984,1,0.08359170045313621,26.042205002389135,79.9289049616964,"{""type"":""MultiPoint"",""coordinates"":[]}"
1850,3365.828278447966,0.4160618122219621,0.18583164692058016,0,0.17381421210134246,1,0.1658025888885173,26.01624369067808,80.32533149657834,"{""type"":""MultiPoint"",""coordinates"":[]}"
1853,2391.0248848558645,0.4541871921182266,0.3025488755707408,0,0.25318000061534773,1,0.22026741731175234,26.042743991559604,80.18384683932952,"{""type"":""MultiPoint"",""coordinates"":[]}"
1854,2033.2486321156102,0.3343821856468595,0.36181425156934566,0,0.17419614546790357,1,0.049117408066942175,25.965938034767387,80.31266525107226,"{""type"":""MultiPoint"",""coordinates"":[]}"
1855,1285.4960132182441,0.25378387891587467,0.5258454100893909,0,0.21033816403575636,0,0.0,26.033671007189998,80.24071019681428,"{""type"":""MultiPoint"",""coordinates"":[]}"
1856,2280.0,0.46668228129757583,0.31981902181630395,0,0.27079813555301513,1,0.23811754471082264,25.999894352507106,80.17576200177244,"{""type"":""MultiPoint"",""coordinates"":[]}"
1858,400.24992192379,0.23968621254021108,0.8186284500876174,0,0.327451380035047,0,0.0,26.021274256269148,80.06697602086557,"{""type"":""MultiPoint"",""coordinates"":[]}"
1859,363.45563690772497,0.33840490797546013,0.8338282621979918,1,0.36644979742959116,1,0.054864154250657354,26.034928648587766,79.93133041296352,"{""type"":""MultiPoint"",""coordinates"":[]}"
1860,2703.8676003088613,0.43137092086689366,0.2587394262027576,0,0.21609941693844048,1,0.1876727440955624,26.03564730081506,80.27960724861666,"{""type"":""MultiPoint"",""coordinates"":[]}"
1861,2335.658365429328,0.38795566221003314,0.31104142300982396,0,0.19980713681252943,1,0.12565094601433308,25.92425620558424,80.39333396358619,"{""type"":""MultiPoint"",""coordinates"":[]}"
1862,2190.091322296858,0.5370950805693938,0.33452433183470165,0,0.33703408750764685,1,0.33870725795627693,26.04292365461643,80.02448570792671,"{""type"":""MultiPoint"",""coordinates"":[]}"
1865,2070.990101376634,0.46213446638340416,0.35505056938196955,0,0.28099262750999143,1,0.23162066626200598,26.044271127542608,80.19121302465929,"{""type"":""MultiPoint"",""coordinates"":[]}"
1867,2500.0,0.43204419889502765,0.2865047968601901,0,0.22778266065409977,1,0.18863456985003954,26.049571187718914,80.08125923388307,"{""type"":""MultiPoint"",""coordinates"":[]}"
1868,1195.4078801814885,0.27800987466767946,0.5500731882348115,0,0.22002927529392463,0,0.0,26.02325054989421,80.27412752538353,"{""type"":""MultiPoint"",""coordinates"":[]}"
1870,140.356688476182,0.3072779821334735,0.9322275476678249,1,0.3791292894672501,1,0.01039711733353361,26.02441835976357,80.07218624951346,"{""type"":""MultiPoint"",""coordinates"":[]}"
1872,206.15528128088303,0.29997098926602844,0.9020569344845073,1,0.36082277379380295,0,0.0,26.019836951814558,80.25580189358749,"{""type"":""MultiPoint"",""coordinates"":[]}"
1873,3330.1651610693425,0.44464240264698396,0.1891750351613704,0,0.19964921633339155,1,0.20663200378140567,26.004565591984527,79.95774088231663,"{""type"":""MultiPoint"",""coordinates"":[]}"
1874,290.0,0.5299374441465594,0.8650222931107413,1,0.5430981550842047,1,0.3284820630665135,25.98947389521132,80.30556856032771,"{""type"":""MultiPoint"",""coordinates"":[]}"
1876,368.78177829171545,0.31197490758373475,0.8316106727001595,0,0.34290847558040793,1,0.017107010833906804,26.023969202121506,80.2167251787283,"{""type"":""MultiPoint"",""coordinates"":[]}"
1879,2773.08492477241,0.45661123003457926,0.2499379823770649,0,0.23421339012332248,1,0.22373032862082756,26.0517271444008,79.96609521445895,"{""type"":""MultiPoint"",""coordinates"":[]}"
1881,926.5527507918802,0.5806597379123362,0.6292187079054992,1,0.492252972801345,1,0.40094248273190886,25.98210770988154,80.30484990810042,"{""type"":""MultiPoint"",""coordinates"":[]}"
1884,2427.385424690525,0.38122605363984674,0.29709815328214517,0,0.18846159300415527,1,0.11603721948549536,25.998726542637748,80.1784569476248,"{""type"":""MultiPoint"",""coordinates"":[]}"
1885,2018.0436070610565,0.37826494437879465,0.364575431603091,0,0.21291441068020328,1,0.1118070633982781,26.005913064910704,80.00651940224432,"{""type"":""MultiPoint"",""coordinates"":[]}"
1886,2749.8545416076104,0.4816049224458403,0.25285798529403386,0,0.2568045562140481,1,0.2594356034940576,25.977975459574587,80.28454798267931,"{""type"":""MultiPoint"",""coordinates"":[]}"
1888,429.4182110716778,0.329794933655006,0.8067760927453028,0,0.3482489516595549,1,0.04256419093572288,25.993516313989854,80.29963967945253,"{""type"":""MultiPoint"",""coordinates"":[]}"
1889,780.0,0.5086031452358927,0.6770568744981647,1,0.44962544571574525,1,0.2980044931941324,26.015974196092845,80.04083504609768,"{""type"":""MultiPoint"",""coordinates"":[]}"
1890,237.69728648009425,0.4291799787007455,0.8879421866439836,1,0.46590257068680385,1,0.18454282671535072,26.015614869979196,80.25571206205908,"{""type"":""MultiPoint"",""coordinates"":[]}"
1895,713.8627319029899,0.36370177975452134,0.6998205276023863,0,0.33452973654483,1,0.09100254250645907,26.01893863653044,80.0883559246276,"{""type"":""MultiPoint"",""coordinates"":[]}"
1897,800.49984384758,0.33007053404347203,0.6701525392928547,0,0.29383575918297505,1,0.04295790577638863,26.01759116360426,80.09078137589474,"{""type"":""MultiPoint"",""coordinates"":[]}"
1899,993.5793878699377,0.5813422490418332,0.6084809375876076,1,0.4845428742137572,1,0.4019174986311903,26.03322184954794,80.16183811486859,"{""type"":""MultiPoint"",""coordinates"":[]}"
1900,20.0,0.37150947374762777,0.9900498337491681,1,0.4573137681404911,1,0.1021563910680397,26.02226240308168,80.23945255541652,"{""type"":""MultiPoint"",""coordinates"":[]}"
1901,3033.891889965758,0.28476611883691527,0.2193808661174752,0,0.08775234644699009,0,0.0,26.051457649815564,79.90518943819565,"{""type"":""MultiPoint"",""coordinates"":[]}"
1902,1213.9604606411199,0.5055217489294569,0.5449941434605587,1,0.39415915646661515,1,0.29360249847065273,25.956685387340954,80.3536284280281,"{""type"":""MultiPoint"",""coordinates"":[]}"
1904,1659.5180023127195,0.419063465652484,0.4361543863592943,0,0.2765161536744183,1,0.17009066521783428,26.006272391024353,80.12545634586175,"{""type"":""MultiPoint"",""coordinates"":[]}"
1905,2531.7977802344326,0.6912036610678587,0.2819857080175363,1,0.44811170697946484,1,0.5588623729540839,26.046516915752907,80.05727421579708,"{""type"":""MultiPoint"",""coordinates"":[]}"
1907,60.82762530298219,0.35850039052330124,0.9700440339876711,1,0.43816080547218383,1,0.08357198646185893,26.013369081768897,80.26783931839469,"{""type"":""MultiPoint"",""coordinates"":[]}"
1908,1008.8111815399351,0.5448107448107448,0.6038644113485769,1,0.45138354580578344,1,0.3497296354439211,25.973304220097166,80.37042692384114,"{""type"":""MultiPoint"",""coordinates"":[]}"
1912,1583.161394173064,0.3903345724907063,0.45312797082713424,0,0.2586808218943163,1,0.1290493892724376,25.99495361844445,80.32748745326023,"{""type"":""MultiPoint"",""coordinates"":[]}"
1915,1021.8121158021175,0.5036330608537694,0.5999517414598021,1,0.414523320172866,1,0.290904372648242,25.978065291103,80.34976567230639,"{""type"":""MultiPoint"",""coordinates"":[]}"
1916,1847.8365728602735,0.40889591329871305,0.3969605845671043,0,0.2521235880828815,1,0.15556559042673296,26.039420225008364,80.05089617727982,"{""type"":""MultiPoint"",""coordinates"":[]}"
1917,2469.7570730741922,0.4998935943817834,0.2908700903107053,0,0.2876854027372393,1,0.285562277688262,25.943749647249636,80.36000646654536,"{""type"":""MultiPoint"",""coordinates"":[]}"
1919,1157.3245007343446,0.4369000018426048,0.5606478716129722,0,0.34160200736742163,1,0.19557143120372117,26.03385067024682,80.0146042398014,"{""type"":""MultiPoint"",""coordinates"":[]}"
1922,2479.294254419995,0.44879693130303383,0.2894863517744834,0,0.24333476754096522,1,0.21256704471861979,26.049032198548442,80.07721681510453,"{""type"":""MultiPoint"",""coordinates"":[]}"
1923,1965.400722499104,0.4619015509103169,0.37429899044771164,0,0.28849235410221347,1,0.23128792987188135,26.006362222552763,80.22894226659231,"{""type"":""MultiPoint"",""coordinates"":[]}"
1926,214.00934559032694,0.4945652173913043,0.8985214743736962,1,0.5261787760848823,1,0.2779503105590062,25.957044713454604,80.38336266393246,"{""type"":""MultiPoint"",""coordinates"":[]}"
1928,416.17304093369626,0.6820809248554913,0.8121367672198638,2,0.6523526424783667,1,0.5458298926507019,25.960368480005844,80.38327283240405,"{""type"":""MultiPoint"",""coordinates"":[]}"
1929,3128.0025575437116,0.4021257750221435,0.20929693812211442,0,0.17125515383925446,1,0.14589396431734783,25.961715952932025,80.29999900556618,"{""type"":""MultiPoint"",""coordinates"":[]}"
1937,761.6429609731846,0.44894651539708263,0.6832998610911455,1,0.4009883862053861,1,0.21278073628154665,26.03376083871841,79.97965977524915,"{""type"":""MultiPoint"",""coordinates"":[]}"
1940,999.2497185388645,0.3700736685318627,0.6067582367514691,0,0.30276643915646995,1,0.10010524075980386,26.016153859149668,80.08907457685491,"{""type"":""MultiPoint"",""coordinates"":[]}"
1944,1767.2577627499618,0.3470276049024475,0.41328044149057397,0,0.2056215522268989,1,0.06718229271778216,26.047235567980202,79.93465417951477,"{""type"":""MultiPoint"",""coordinates"":[]}"
1945,643.5060217278467,0.5489040773037945,0.7248772050162801,1,0.5032972339811931,1,0.3555772532911351,25.95587690358525,80.38974070244971,"{""type"":""MultiPoint"",""coordinates"":[]}"
1948,2209.117470846673,0.47889432192395964,0.33135706612223187,0,0.2858808166694296,1,0.2555633170342281,26.005463907268645,80.07119810270093,"{""type"":""MultiPoint"",""coordinates"":[]}"
1949,360.5551275463989,0.41618363088337584,0.8350384028320718,1,0.43360133046143656,1,0.1659766155476798,25.950217517295293,80.39333396358619,"{""type"":""MultiPoint"",""coordinates"":[]}"
1957,2472.933480706669,0.4803266518188567,0.2904084959732152,0,0.27072909994830613,1,0.25760950259836674,25.99001288438179,80.26963594896293,"{""type"":""MultiPoint"",""coordinates"":[]}"
1958,600.0,0.44766182981611347,0.7408182206817179,1,0.42289457097221306,1,0.21094547116587642,26.02648448491704,80.1829485240454,"{""type"":""MultiPoint"",""coordinates"":[]}"
1960,123.6931687685298,0.3885180240320427,0.9400270905641573,1,0.45188342825312816,1,0.12645432004577534,25.96198544751726,80.37231338593779,"{""type"":""MultiPoint"",""coordinates"":[]}"
1961,752.7283706623525,0.565518093120909,0.6863523280710905,1,0.5021278681892153,1,0.37931156160129853,25.958571849437607,80.36431837990914,"{""type"":""MultiPoint"",""coordinates"":[]}"
1962,1081.8964830333814,0.54987651669709,0.582195928197053,1,0.44705824273346983,1,0.3569664524244144,25.944737794062167,80.37896091904028,"{""type"":""MultiPoint"",""coordinates"":[]}"
1963,3128.6099149622346,0.5006593406593407,0.20923338874787747,0,0.2556870760643002,1,0.2866562009419153,25.924346037112652,80.41471386734824,"{""type"":""MultiPoint"",""coordinates"":[]}"
1966,1944.8650338776724,0.3651670473256493,0.37816203282659805,0,0.20712228226691007,1,0.09309578189378474,26.041755844747073,80.06104713999038,"{""type"":""MultiPoint"",""coordinates"":[]}"
1967,619.8386886924694,0.3987452948557089,0.7335061152537687,1,0.3780412702635437,1,0.14106470693672704,26.024957348934038,80.1153053831512,"{""type"":""MultiPoint"",""coordinates"":[]}"
1968,656.0487786742691,0.6699109678654626,0.720345450743003,1,0.6052047241818834,1,0.5284442398078038,26.021903076968034,80.2017233134835,"{""type"":""MultiPoint"",""coordinates"":[]}"
1969,3164.4272783554375,0.4143147437344773,0.20551964794511499,0,0.18019192523616942,1,0.16330677676353902,26.02405903364992,80.31032963133354,"{""type"":""MultiPoint"",""coordinates"":[]}"
1970,2147.58003343298,0.37817565932736513,0.34171096982052374,0,0.2036920959230939,1,0.11167951332480736,25.947881897556584,80.35479623789746,"{""type"":""MultiPoint"",""coordinates"":[]}"
1973,2586.4261056523537,0.4253079507278835,0.274387742909243,0,0.21716191207331165,1,0.17901135818269076,26.006272391024353,80.32551115963517,"{""type"":""MultiPoint"",""coordinates"":[]}"
1979,2381.5961034566717,0.29913135968799853,0.30397857661257055,0,0.12159143064502823,0,0.0,26.001780814603755,80.05709455274025,"{""type"":""MultiPoint"",""coordinates"":[]}"
1980,2985.2973051272465,0.36401247533575204,0.22477651151528624,0,0.14477844060818768,1,0.09144639333678865,26.010584304388125,79.90932168850259,"{""type"":""MultiPoint"",""coordinates"":[]}"
1981,162.78820596099706,0.46044538706256627,0.9218303237690579,1,0.5062567469898228,1,0.22920769580366612,25.993606145518267,80.30314310906058,"{""type"":""MultiPoint"",""coordinates"":[]}"
1982,1512.1177202850313,0.5181390864167772,0.46951320261544627,1,0.37478164083198756,1,0.31162726630968174,25.9825568675236,80.34976567230639,"{""type"":""MultiPoint"",""coordinates"":[]}"
1983,50.0,0.49846040152728166,0.9753099120283326,1,0.5602328804061459,1,0.2835148593246881,26.027831957843222,79.96528673070324,"{""type"":""MultiPoint"",""coordinates"":[]}"
1985,1790.111728356641,0.48054745344402056,0.4085847727506756,0,0.318188869195145,1,0.25792493349145795,26.04157618169025,79.9943921459087,"{""type"":""MultiPoint"",""coordinates"":[]}"
1987,1098.3624174196784,0.5474599410792556,0.57742240531199,1,0.4430774830498722,1,0.3535142015417937,26.011841945785893,80.19202150841501,"{""type"":""MultiPoint"",""coordinates"":[]}"
1988,1872.1111078138497,0.4467671366067088,0.3921716886188384,0,0.2826690782532858,1,0.20966733800958404,26.026574316445455,80.2836496673952,"{""type"":""MultiPoint"",""coordinates"":[]}"
1990,1321.8547575282241,0.420816509645581,0.5163722397253812,0,0.3101059041577933,1,0.17259501377940142,25.955427745943187,80.35497590095429,"{""type"":""MultiPoint"",""coordinates"":[]}"
1991,2197.3848092675985,0.4307771487390633,0.3333066290811696,0,0.24541735055166497,1,0.1868244981986619,26.043732138372135,80.13264286813471,"{""type"":""MultiPoint"",""coordinates"":[]}"
1994,1190.0,0.4577882202167992,0.5515625658678298,1,0.3558720722472456,1,0.22541174316685605,26.01211144037113,80.05242331326284,"{""type"":""MultiPoint"",""coordinates"":[]}"
1997,266.8332812825267,0.4447212438793919,0.87510041374658,1,0.4740869459666822,1,0.206744634113417,26.016962342905376,80.11638336149214,"{""type"":""MultiPoint"",""coordinates"":[]}"
1999,2568.6767021172595,0.3837739288969918,0.2768336897670732,0,0.1825397006756794,1,0.11967704128141689,26.053793269554276,79.9394152505206,"{""type"":""MultiPoint"",""coordinates"":[]}"
2000,1236.85083983478,0.36089177891314445,0.5387921414052872,0,0.2677098099162387,1,0.08698825559020637,26.00932666299036,80.17701964317021,"{""type"":""MultiPoint"",""coordinates"":[]}"
2001,1730.8090593707902,0.6421938838677727,0.42088125922189285,1,0.46166154700399087,1,0.48884840552538955,26.003128287529936,80.10605273572477,"{""type"":""MultiPoint"",""coordinates"":[]}"
2004,805.0465825031494,0.4439461883408072,0.6686307654974281,1,0.3908347533482346,1,0.20563741191543886,26.017860658189495,79.9965481025906,"{""type"":""MultiPoint"",""coordinates"":[]}"
2005,555.4277630799526,0.4334096109839817,0.7575135291152323,1,0.4173565067752201,1,0.19058515854854527,26.020286109456617,80.14117686333384,"{""type"":""MultiPoint"",""coordinates"":[]}"
2008,215.870331449229,0.5210685761498209,0.8976857953518376,1,0.5485616691262959,1,0.3158122516426014,26.02325054989421,80.12365971529351,"{""type"":""MultiPoint"",""coordinates"":[]}"
2009,2213.2555207205514,0.4213324284583192,0.3306721888477959,0,0.2362680999319634,1,0.17333204065474173,25.9983672165241,80.33287734496494,"{""type"":""MultiPoint"",""coordinates"":[]}"
2010,813.9410298049853,0.46595932802829354,0.6656638171747262,1,0.40851637946557073,1,0.23708475432613366,26.030437072167167,80.03131290408602,"{""type"":""MultiPoint"",""coordinates"":[]}"
2012,2760.235497199469,0.5487666892962209,0.25154893178137677,0,0.31384816353788286,1,0.35538098470888696,26.04561860046879,80.24547126782012,"{""type"":""MultiPoint"",""coordinates"":[]}"
2013,2460.5893602956185,0.48982921788317196,0.29220645755043445,0,0.27959334120574975,1,0.27118459697596,25.981838215296303,80.38524912602911,"{""type"":""MultiPoint"",""coordinates"":[]}"
2014,957.0788891204319,0.3552492046659597,0.6196878195777634,0,0.29523158897335655,1,0.07892743523708533,25.975460176779052,80.31518053386779,"{""type"":""MultiPoint"",""coordinates"":[]}"
2015,2278.5302280198084,0.46461242176215695,0.32005413871627936,0,0.269118016996932,1,0.2351606025173671,26.04741523103703,80.1506990053455,"{""type"":""MultiPoint"",""coordinates"":[]}"
2016,1856.2596801094398,0.3699204021784667,0.39529227932277244,0,0.21804868502493763,1,0.09988628882638105,26.037803257496947,79.90896236238895,"{""type"":""MultiPoint"",""coordinates"":[]}"
2017,3193.7595401031685,0.49722577891591974,0.20252746539517077,0,0.2500616538002852,1,0.28175111273702824,25.957853197210312,80.306287212555,"{""type"":""MultiPoint"",""coordinates"":[]}"
2018,1154.3396380615195,0.34832535885167465,0.5614852247558723,0,0.2660158260609272,1,0.0690362269309638,26.041216855576604,79.93968474510584,"{""type"":""MultiPoint"",""coordinates"":[]}"
2019,859.8837130682264,0.4667584663711863,0.6505469186762718,1,0.4031545957886684,1,0.23822638053026615,26.034389659417293,80.07766597274659,"{""type"":""MultiPoint"",""coordinates"":[]}"
2020,2073.9334608419817,0.4451189499589828,0.35452843295797093,0,0.26619904457660226,1,0.20731278565568978,26.0126504295416,79.93303721200334,"{""type"":""MultiPoint"",""coordinates"":[]}"
2021,2008.0089641234176,0.474671669793621,0.3664092202497432,0,0.29628226220871534,1,0.24953095684803006,25.93476649440844,80.3776134461141,"{""type"":""MultiPoint"",""coordinates"":[]}"
2023,676.8308503607086,0.3962603683396598,0.7128990701495952,1,0.3676685152081179,1,0.1375148119137997,26.014986049280314,80.24286615349617,"{""type"":""MultiPoint"",""coordinates"":[]}"
2024,1292.4782396620842,0.3689727463312369,0.5240128249678915,0,0.26872462684250253,1,0.09853249475890986,25.9803110793133,80.35093348217575,"{""type"":""MultiPoint"",""coordinates"":[]}"
2035,1070.046727951635,0.5693633833168719,0.5856556067415117,1,0.46514514268249485,1,0.38480483330981696,26.015525038450782,80.19965718833002,"{""type"":""MultiPoint"",""coordinates"":[]}"
2038,2047.0710783946902,0.22486368593238823,0.35932229369915564,0,0.14372891747966227,0,0.0,26.043911801428962,80.22705580449566,"{""type"":""MultiPoint"",""coordinates"":[]}"
2042,20.0,0.40507166482910695,0.9900498337491681,1,0.48608136049604467,1,0.15010237832729567,26.030347240638758,79.94184070178771,"{""type"":""MultiPoint"",""coordinates"":[]}"
2043,1252.2779244241271,0.4507078507078507,0.5346521330264695,0,0.34303901096017414,1,0.21529692958264388,26.02819128395687,80.26056296459332,"{""type"":""MultiPoint"",""coordinates"":[]}"
2046,2379.663841806233,0.4741397361624904,0.3042724015994759,0,0.2709715916362107,1,0.2487710516607006,26.004116434342468,80.14908203783409,"{""type"":""MultiPoint"",""coordinates"":[]}"
2048,170.88007490635061,0.2471020314472627,0.918108193509203,1,0.36724327740368123,0,0.0,26.017231837490613,80.26280875280362,"{""type"":""MultiPoint"",""coordinates"":[]}"
2049,224.7220505424423,0.35801787882132213,0.8937215431873259,1,0.4072182276932065,1,0.08288268403046022,26.009596157575594,80.27475634608241,"{""type"":""MultiPoint"",""coordinates"":[]}"
2050,2670.880004792428,0.4411187146682535,0.2630424106984978,0,0.22617586256647357,1,0.20159816381179071,26.00025367862075,80.22813378283661,"{""type"":""MultiPoint"",""coordinates"":[]}"
2051,3330.1651610693425,0.5060765417809425,0.1891750351613704,0,0.2523070498767846,1,0.29439505968706076,26.037264268326478,80.2850869718498,"{""type"":""MultiPoint"",""coordinates"":[]}"
2052,2019.925741209315,0.44738476829419804,0.36423250305306487,0,0.27202280261625283,1,0.2105496689917115,25.943300489607573,80.41381555206412,"{""type"":""MultiPoint"",""coordinates"":[]}"
2056,3370.1038559664594,-0.1412989588497769,0.18543480245064078,0,0.07417392098025631,0,0.0,25.99558243914333,80.09015255519586,"{""type"":""MultiPoint"",""coordinates"":[]}"
2057,2087.773934122179,0.32422041862451945,0.3520834818835808,0,0.161593751574449,1,0.034600598035027796,26.04481011671308,79.98891242267558,"{""type"":""MultiPoint"",""coordinates"":[]}"
2059,813.9410298049853,0.577965348733896,0.6656638171747262,1,0.5045215400703729,1,0.39709335533413725,25.98965355826814,80.32254671919758,"{""type"":""MultiPoint"",""coordinates"":[]}"
2060,2277.4108105478026,0.5181730729014178,0.32023332595536635,0,0.31509882144050466,1,0.3116758184305969,26.04256432850278,80.12473769363446,"{""type"":""MultiPoint"",""coordinates"":[]}"
2061,158.11388300841895,0.6118143459915611,0.9239873097198343,1,0.6368643633092719,1,0.44544906570223025,26.025226843519274,80.21968961916589,"{""type"":""MultiPoint"",""coordinates"":[]}"
2062,2370.0,0.5253752680486061,0.30574617949871175,0,0.31547727298400424,1,0.3219646686408659,25.999535026393456,80.18106206194875,"{""type"":""MultiPoint"",""coordinates"":[]}"
2064,1920.0260414900627,0.560077519379845,0.38288790045692705,1,0.376078748222638,1,0.3715393133997785,26.00187064613217,80.11719184524785,"{""type"":""MultiPoint"",""coordinates"":[]}"
2065,1041.2012293500234,0.28943937418513693,0.5941635774160952,0,0.23766543096643808,0,0.0,26.035377806229825,80.14180568403272,"{""type"":""MultiPoint"",""coordinates"":[]}"
2066,2157.4522010927612,0.35346938775510206,0.3400284118677298,0,0.18184226853717944,1,0.07638483965014582,25.969082138261804,80.30449058198677,"{""type"":""MultiPoint"",""coordinates"":[]}"
2067,652.1502894272147,0.6339075474036435,0.7217509496254937,1,0.5749068490533205,1,0.4770107820052051,26.007799527007357,80.2942497877478,"{""type"":""MultiPoint"",""coordinates"":[]}"
2069,924.1753080449619,0.3292380081035159,0.6299671183697954,0,0.27704799715093176,1,0.041768583005022716,26.03232353426382,80.23226603314356,"{""type"":""MultiPoint"",""coordinates"":[]}"
2070,2302.1728866442677,0.7026990990304577,0.316292948280307,1,0.47168783562394373,1,0.5752844271863682,25.995223113029684,80.25849683943984,"{""type"":""MultiPoint"",""coordinates"":[]}"
2071,2666.9270706189172,0.6518875095008867,0.2635628194816686,1,0.40704299307914177,1,0.5026964421441239,26.030706566752404,80.29263282023639,"{""type"":""MultiPoint"",""coordinates"":[]}"
2072,3074.752022521491,0.39078313844944484,0.21494437370990277,0,0.16379186815491384,1,0.12969019778492122,26.03600662692871,80.28535646643502,"{""type"":""MultiPoint"",""coordinates"":[]}"
2075,1060.990103629624,0.5023762072665952,0.5883136518345718,1,0.40879078124805324,1,0.2891088675237074,26.035377806229825,80.22463035322855,"{""type"":""MultiPoint"",""coordinates"":[]}"
2076,1714.0595088852663,0.3518993839835729,0.4244208461061357,0,0.2142535247140882,1,0.07414197711938987,26.03753376291171,79.9102200037867,"{""type"":""MultiPoint"",""coordinates"":[]}"
2077,337.34255586866,0.4663891269744092,0.8447865577302867,1,0.4805338747844654,1,0.2376987528205846,26.026125158803396,80.20720303671662,"{""type"":""MultiPoint"",""coordinates"":[]}"
2078,2952.100946783494,0.4055778532468869,0.22853852726369153,0,0.18191071368852252,1,0.15082550463840985,25.992438335648913,80.25077132799642,"{""type"":""MultiPoint"",""coordinates"":[]}"
2081,2956.7718883945035,0.40540540540540543,0.22800540499340602,0,0.18154965234485282,1,0.15057915057915064,25.923537553356944,80.37994906585281,"{""type"":""MultiPoint"",""coordinates"":[]}"
2082,1588.0806024884255,0.4769824053988913,0.45201482489648476,0,0.33250513458621506,1,0.2528320077127019,25.990282378967027,80.33512313317524,"{""type"":""MultiPoint"",""coordinates"":[]}"
2083,613.9218191268332,0.3414324569356301,0.7356793583724829,0,0.32978527786524753,1,0.05918922419375734,26.02729296867275,80.16480255530618,"{""type"":""MultiPoint"",""coordinates"":[]}"
2086,1302.4592124131948,0.41306347746090155,0.5214042605207854,0,0.30547325631765837,1,0.16151925351557367,26.042384665445958,79.94130171261725,"{""type"":""MultiPoint"",""coordinates"":[]}"
2087,2422.93210800468,0.41891618983507234,0.29776042641819,0,0.22103233328305233,1,0.1698802711929605,26.0419355078039,80.25023233882595,"{""type"":""MultiPoint"",""coordinates"":[]}"
2088,1663.069451345914,0.31641896396219754,0.4353805835560485,0,0.18822563110430302,1,0.023455662803139363,26.011392788143834,80.21942012458065,"{""type"":""MultiPoint"",""coordinates"":[]}"
2090,970.82439194738,0.5103915992124262,0.6154434611567572,1,0.42651304093049675,1,0.30055942744632314,25.961266795289966,80.34221982391979,"{""type"":""MultiPoint"",""coordinates"":[]}"
2093,271.6615541441225,0.4785161462503336,0.872990349972859,1,0.5022099796322868,1,0.2550230660719052,26.024238696706743,80.16255676709588,"{""type"":""MultiPoint"",""coordinates"":[]}"
2096,30.0,0.42232630757220924,0.9851119396030626,1,0.49889589661740447,1,0.17475186796029893,26.025137011990864,79.99978203761343,"{""type"":""MultiPoint"",""coordinates"":[]}"
2100,2515.094431626773,0.32587859424920124,0.2843506225611046,0,0.13592190123804293,1,0.036969420356001786,26.00249946683105,80.22382186947284,"{""type"":""MultiPoint"",""coordinates"":[]}"
2101,1990.226117806718,0.4378896882494005,0.36968164637974454,0,0.26606381990852684,1,0.19698526892771503,26.041037192519777,80.03086374644397,"{""type"":""MultiPoint"",""coordinates"":[]}"
2102,604.1522986797286,0.4657302010171954,0.7392817669275075,1,0.43776716478574196,1,0.23675743002456492,26.023789539064683,80.2077420258871,"{""type"":""MultiPoint"",""coordinates"":[]}"
2103,2473.15587862957,0.6128324650397587,0.2903762046454809,1,0.3842925947494142,1,0.44690352148536966,25.99046204202385,80.35416741719858,"{""type"":""MultiPoint"",""coordinates"":[]}"
2104,2258.0079716422615,0.49332437652195826,0.32335516241074813,0,0.29504867341169205,1,0.2761776807456547,26.042654160031194,80.1258156719754,"{""type"":""MultiPoint"",""coordinates"":[]}"
2105,2152.881789602021,0.4529053912313824,0.34080633526709286,0,0.26738429801945063,1,0.21843627318768918,25.99818755346728,80.33215869273765,"{""type"":""MultiPoint"",""coordinates"":[]}"
2106,130.384048104053,0.48751553496780026,0.9368875411613129,1,0.5354826178654968,1,0.2678793356682861,25.955697240528423,80.38048805502328,"{""type"":""MultiPoint"",""coordinates"":[]}"
2107,1110.720486891279,0.44737721349816234,0.5738654926727554,1,0.3558695229246699,1,0.21053887642594624,26.03708460526965,80.14845321713521,"{""type"":""MultiPoint"",""coordinates"":[]}"
2109,2111.2318678913502,0.32456552372005637,0.3479780298047202,0,0.16024737511050782,1,0.03509360531436626,25.928568118948014,80.38641693589847,"{""type"":""MultiPoint"",""coordinates"":[]}"
2110,1916.0375779195983,0.3625683377922531,0.3836522295495757,0,0.20709089564176153,1,0.08938333970321875,26.00609272796753,80.23208637008673,"{""type"":""MultiPoint"",""coordinates"":[]}"
2111,734.9829930005184,0.5530398322851153,0.6924692151953994,1,0.4938789708939729,1,0.36148547469302195,25.96009898542061,80.38695592506895,"{""type"":""MultiPoint"",""coordinates"":[]}"
2112,378.549864614954,0.47233009708737866,0.8275589527227524,1,0.47873509287828264,1,0.24618585298196954,25.962614268216143,80.36207259169883,"{""type"":""MultiPoint"",""coordinates"":[]}"
2113,936.2157870918435,0.30891168242973227,0.6261859585892255,0,0.25811296837546077,1,0.012730974899617546,26.014806386223487,80.23343384301292,"{""type"":""MultiPoint"",""coordinates"":[]}"
2114,2020.6187171260194,0.4328471781864299,0.3641063227379588,0,0.2595115389692663,1,0.18978168312347135,25.999894352507106,80.1100053229749,"{""type"":""MultiPoint"",""coordinates"":[]}"
2115,970.82439194738,0.6576971214017522,0.6154434611567572,1,0.5527749170927762,1,0.5109958877167888,25.980670405426945,80.33988420418108,"{""type"":""MultiPoint"",""coordinates"":[]}"
2119,505.96442562694074,0.4283611383709519,0.7764816931256178,1,0.4206165101396345,1,0.18337305481564561,26.008069021592593,80.27125291647435,"{""type"":""MultiPoint"",""coordinates"":[]}"
2120,809.5677859203638,0.5568798834591445,0.667120964818478,1,0.4870311431780866,1,0.3669712620844922,25.95695488192619,80.36773197798878,"{""type"":""MultiPoint"",""coordinates"":[]}"
2123,2151.325173003839,0.38236597252990695,0.341071690917071,0,0.20702808139246293,1,0.11766567504272424,26.048223714792734,80.21277259147817,"{""type"":""MultiPoint"",""coordinates"":[]}"
2124,276.5863337187866,0.3623424156161041,0.8708433519085355,1,0.40177369700578913,1,0.08906059373729157,26.022891223780565,80.11988679110021,"{""type"":""MultiPoint"",""coordinates"":[]}"
2125,2478.003228407905,0.4351016018130834,0.2896732793052116,0,0.23167068470472757,1,0.19300228830440486,25.996660417484275,80.10425610515652,"{""type"":""MultiPoint"",""coordinates"":[]}"
2126,2168.3173199511184,0.3997395833333333,0.33818619581746523,0,0.2207655497555575,1,0.14248511904761904,26.005553738797058,80.22445069017172,"{""type"":""MultiPoint"",""coordinates"":[]}"
2128,1127.9184367674818,0.28074041427941826,0.5689519934878731,0,0.22758079739514925,0,0.0,26.032682860377466,80.23873390318921,"{""type"":""MultiPoint"",""coordinates"":[]}"
2129,1263.7246535539298,0.3892889288928893,0.5316008640453114,0,0.28917371324060115,1,0.1275556127041276,25.959919322363785,80.39360345817143,"{""type"":""MultiPoint"",""coordinates"":[]}"
2131,2676.060537431842,0.5520189398921478,0.26236194247883204,0,0.32096101118480236,1,0.36002705698878257,25.983275519750894,80.27700213429272,"{""type"":""MultiPoint"",""coordinates"":[]}"
2135,2142.941903085569,0.4559789750328515,0.3425043394124369,0,0.2706980000788475,1,0.2228271071897879,25.962524436687733,80.40411374699562,"{""type"":""MultiPoint"",""coordinates"":[]}"
2137,2604.400122868988,0.4729484132531805,0.2719328654268312,0,0.2570146432448872,1,0.24706916179025787,25.9983672165241,80.18779942657964,"{""type"":""MultiPoint"",""coordinates"":[]}"
2138,848.999411071645,0.5871162556618018,0.6540969443653476,1,0.5077384254562549,1,0.4101660795168598,26.018848805002026,80.1529447935558,"{""type"":""MultiPoint"",""coordinates"":[]}"
2139,1896.549498431296,0.40996152471458913,0.3874088246051447,0,0.2492162653117057,1,0.15708789244941307,26.04382196990055,80.077755804275,"{""type"":""MultiPoint"",""coordinates"":[]}"
2142,1385.7849761056004,0.607793681821048,0.5001273624720177,1,0.4638741008354197,1,0.4397052597443543,26.006811380194826,80.104795094327,"{""type"":""MultiPoint"",""coordinates"":[]}"
2144,2490.883377438615,0.4529004393476804,0.28781375596272807,0,0.24618302182596014,1,0.21842919906811484,26.046337252696084,80.23415249524021,"{""type"":""MultiPoint"",""coordinates"":[]}"
2149,180.0,0.4117355781133944,0.9139311852712282,1,0.4613458267771151,1,0.1596222544477063,26.024867517405628,80.02044328914818,"{""type"":""MultiPoint"",""coordinates"":[]}"
2152,730.0684899377592,0.33473095737246683,0.6941728785423169,0,0.3074385434504698,1,0.049615653389238346,26.018489478888377,80.2258879946263,"{""type"":""MultiPoint"",""coordinates"":[]}"
2153,1040.4326023342405,0.48212083847102344,0.5943919663884658,1,0.3938603623876922,1,0.26017262638717636,25.95452943065907,80.36854046174449,"{""type"":""MultiPoint"",""coordinates"":[]}"
2156,2515.313101782758,0.37389620578563443,0.28431953476313404,0,0.17706741886436886,1,0.10556600826519207,26.00205030918899,80.06697602086557,"{""type"":""MultiPoint"",""coordinates"":[]}"
2157,1231.990259701756,0.2187604690117253,0.5401031550208717,0,0.2160412620083487,0,0.0,25.934047842181144,80.3963882355522,"{""type"":""MultiPoint"",""coordinates"":[]}"
2158,703.420215802759,0.4072002796225096,0.7034840268806011,1,0.37327956471439155,1,0.15314325660358516,26.030257409110344,80.13399034106088,"{""type"":""MultiPoint"",""coordinates"":[]}"
2159,126.49110640673518,0.4831789371038518,0.9387129414165152,1,0.5324956940841934,1,0.26168419586264546,26.02873027312734,79.97229358991937,"{""type"":""MultiPoint"",""coordinates"":[]}"
2164,2653.695536417092,0.22741194486983154,0.26531227031055815,0,0.10612490812422326,0,0.0,25.993965471631917,80.25220863245102,"{""type"":""MultiPoint"",""coordinates"":[]}"
2165,3329.294219500584,0.32471664346788626,0.18925743330200642,0,0.09688866772184795,1,0.03530949066840896,25.963961741142324,80.29362096704892,"{""type"":""MultiPoint"",""coordinates"":[]}"
2166,82.46211251235322,0.42235754675946063,0.9596073810416865,1,0.4887208496390695,1,0.17479649537065808,26.017501332075845,80.11162229048631,"{""type"":""MultiPoint"",""coordinates"":[]}"
2168,1504.1608956491323,0.4727470141150923,0.47138484032878547,0,0.3366228053730219,1,0.24678144873584615,25.991719683421618,80.28329034128154,"{""type"":""MultiPoint"",""coordinates"":[]}"
2169,445.9820624195552,0.4415807560137457,0.8001220253889717,1,0.4414037438816565,1,0.20225822287677958,26.021274256269148,80.25840700791144,"{""type"":""MultiPoint"",""coordinates"":[]}"
2170,2704.0894955603817,0.5680890538033395,0.2587107212701313,0,0.3332749060537721,1,0.38298436257619933,26.04660674728132,80.18420616544317,"{""type"":""MultiPoint"",""coordinates"":[]}"
2171,1860.1075237738273,0.4523089080907966,0.39453249898982984,0,0.2883634922451862,1,0.21758415441542375,26.03977955112201,80.10111200166212,"{""type"":""MultiPoint"",""coordinates"":[]}"
2173,2667.376988728815,0.1387955260285979,0.2635035353073843,0,0.10540141412295373,0,0.0,25.9983672165241,80.0942848055028,"{""type"":""MultiPoint"",""coordinates"":[]}"
2175,3521.4201680572,0.3987583572110793,0.17192274087695528,0,0.15341911681742149,1,0.14108336744439898,25.987587433114665,80.25750869262731,"{""type"":""MultiPoint"",""coordinates"":[]}"
2176,2650.0,0.3635371179039301,0.2658029590889266,0,0.1607815704103679,1,0.09076731129132876,25.99962485792187,80.19974701985844,"{""type"":""MultiPoint"",""coordinates"":[]}"
2177,764.8529270389178,0.5464895023704325,0.6822040560172397,1,0.4841583387244095,1,0.3521278605291893,26.01992678334297,80.08009142401372,"{""type"":""MultiPoint"",""coordinates"":[]}"
2178,376.4306044943742,0.49436795994993743,0.8284363238280241,1,0.49797563805972744,1,0.27766851421419636,26.01345891329731,80.28050556390077,"{""type"":""MultiPoint"",""coordinates"":[]}"
2180,1241.6923934694937,0.38384845463609174,0.5374894233110582,0,0.2868658732982162,1,0.11978350662298823,26.017950489717908,79.95576458869157,"{""type"":""MultiPoint"",""coordinates"":[]}"
2181,1215.9769734661918,0.40271701588763525,0.5444449265428866,0,0.3058211270922706,1,0.14673859412519324,25.97995175319965,80.34922668313592,"{""type"":""MultiPoint"",""coordinates"":[]}"
2183,1745.6230979223437,0.4715226497608538,0.41777530076949854,0,0.31412953438853125,1,0.24503235680121974,26.006721548666413,80.19552493802307,"{""type"":""MultiPoint"",""coordinates"":[]}"
2184,3242.9924452579285,0.3851394507132212,0.19760281997750848,0,0.15201780003090729,1,0.12162778673317316,25.972765230926694,80.28481747726455,"{""type"":""MultiPoint"",""coordinates"":[]}"
2185,1880.6647760831806,0.46656887911013323,0.39049801691358016,0,0.2989725317169749,1,0.23795554158590465,26.04561860046879,79.96178330109517,"{""type"":""MultiPoint"",""coordinates"":[]}"
2187,1514.7607071745688,0.345679012345679,0.4688931537814273,0,0.22671070066601007,1,0.06525573192239859,26.025226843519274,79.91327427575271,"{""type"":""MultiPoint"",""coordinates"":[]}"
2188,2777.4268667239467,0.39672733049725517,0.2493959628388085,0,0.18266752556174212,1,0.13818190071036454,26.048223714792734,80.06131663457562,"{""type"":""MultiPoint"",""coordinates"":[]}"
2191,2264.1996378411513,0.3685035929451975,0.32235565674572786,0,0.18765962807988903,1,0.09786227563599648,26.00070283626281,80.09832722428133,"{""type"":""MultiPoint"",""coordinates"":[]}"
2194,762.954782408499,0.46493363339916416,0.6828518243409981,1,0.4145124155071114,1,0.23561947628452026,26.01345891329731,80.24601025699059,"{""type"":""MultiPoint"",""coordinates"":[]}"
2195,1410.0,0.3831560056403025,0.4941085742561417,0,0.26892000596557314,1,0.11879429377186074,26.0396897195936,80.15339395119787,"{""type"":""MultiPoint"",""coordinates"":[]}"
2197,852.1150157109073,0.7143639600164317,0.6530787838804357,1,0.6164006221376872,1,0.5919485143091882,26.01992678334297,79.97148510616367,"{""type"":""MultiPoint"",""coordinates"":[]}"
2198,1886.7962264113207,0.3772770853307766,0.38930269052391125,0,0.22195857792165874,1,0.11039583618682372,25.957493871096663,80.32838576854435,"{""type"":""MultiPoint"",""coordinates"":[]}"
2199,1571.5279189374905,0.4590984974958264,0.45577137789018907,0,0.318678691866784,1,0.22728356785118056,26.04382196990055,79.95154250685621,"{""type"":""MultiPoint"",""coordinates"":[]}"
2200,14.142135623730951,0.4193004635482512,0.9929538733665889,1,0.4994390895308509,1,0.17042923364035886,26.03061673522399,79.94255935401502,"{""type"":""MultiPoint"",""coordinates"":[]}"
2201,2329.4849216082084,0.45820506748756806,0.31200300468945585,0,0.260405545436555,1,0.2260072392679544,25.966746518523095,80.40034082280232,"{""type"":""MultiPoint"",""coordinates"":[]}"
2202,252.98221281347037,0.35109752102216885,0.8811819863828458,1,0.39627066971499736,1,0.07299645860309838,26.021903076968034,80.09410514244598,"{""type"":""MultiPoint"",""coordinates"":[]}"
2206,2484.854120466632,0.45561083471531233,0.28868271664884054,0,0.24885380212980396,1,0.22230119245044622,26.01309958718366,80.31724665902127,"{""type"":""MultiPoint"",""coordinates"":[]}"
2209,2354.4001359157282,0.453416149068323,0.30814030378633,0,0.25475567785880887,1,0.21916592724046147,26.051996638986036,79.94013390274789,"{""type"":""MultiPoint"",""coordinates"":[]}"
2211,967.6776322722355,0.3567605306027461,0.6164125496619475,0,0.29521690323856137,1,0.0810864722896373,26.02369970753627,80.26613251935487,"{""type"":""MultiPoint"",""coordinates"":[]}"
2213,1816.865432551349,0.5044160942100098,0.4031555883328667,0,0.33647603037029794,1,0.2920229917285854,25.97563983983588,80.30008883709458,"{""type"":""MultiPoint"",""coordinates"":[]}"
2215,3005.212138934621,0.5668202764976958,0.22254942449823104,0,0.31772286394017457,1,0.38117182356813695,26.01300975565525,80.32398402365216,"{""type"":""MultiPoint"",""coordinates"":[]}"
2216,1876.7258723638888,0.4350282485875706,0.3912678417768537,0,0.27224563550008773,1,0.19289749798224376,26.04337281225849,80.07595917370676,"{""type"":""MultiPoint"",""coordinates"":[]}"
2217,320.1562118716424,0.3424277456647399,0.8520772340773196,1,0.3771975327721335,1,0.0606110652353427,26.02774212631481,80.06616753710986,"{""type"":""MultiPoint"",""coordinates"":[]}"
2219,1946.1243536834947,0.3911730466161762,0.3779239943072439,0,0.22931792339390575,1,0.1302472094516803,26.0419355078039,80.06221494985974,"{""type"":""MultiPoint"",""coordinates"":[]}"
2221,1051.189802081432,0.5535494460402134,0.5912035521220232,1,0.45380951745470655,1,0.362213494343162,25.970519442716395,80.32191789849868,"{""type"":""MultiPoint"",""coordinates"":[]}"
2222,1690.4733065032408,0.39729855612482534,0.42945571409284095,0,0.2551810480298438,1,0.13899793732117907,26.005014749626586,80.12141392708321,"{""type"":""MultiPoint"",""coordinates"":[]}"
2223,101.9803902718557,0.5334073685366657,0.9502879879313,1,0.5801786539182335,1,0.3334390979095225,26.019747120286144,80.11359858411137,"{""type"":""MultiPoint"",""coordinates"":[]}"
2224,370.0,0.3384813384813385,0.8311042838521256,1,0.36542571795342615,1,0.05497334068762643,26.017501332075845,80.26783931839469,"{""type"":""MultiPoint"",""coordinates"":[]}"
2226,1353.4031180694094,0.425911559348332,0.5082907975631957,0,0.31124051275242004,1,0.17987365621190293,26.01211144037113,80.13785309678259,"{""type"":""MultiPoint"",""coordinates"":[]}"
2227,1144.8143954370944,0.2808253648716658,0.5641657443368768,0,0.22566629773475075,0,0.0,25.973304220097166,80.37446934261968,"{""type"":""MultiPoint"",""coordinates"":[]}"
2228,2578.5654926722336,0.572063407839756,0.27546829289133046,0,0.343384523876323,1,0.3886620111996514,25.985072150319134,80.2761038190086,"{""type"":""MultiPoint"",""coordinates"":[]}"
2229,2556.188568944005,0.28574481726864714,0.2785676656561188,0,0.11142706626244753,0,0.0,26.049571187718914,79.909411520031,"{""type"":""MultiPoint"",""coordinates"":[]}"
2230,833.8465086573187,0.34423480083857444,0.659071498887882,0,0.30154414313107375,1,0.06319257262653494,26.017860658189495,79.99394298826665,"{""type"":""MultiPoint"",""coordinates"":[]}"
2233,1691.892431568863,0.510873617497204,0.4291510964940173,1,0.35240925359521036,1,0.30124802499600567,25.965578708653737,80.31895345806109,"{""type"":""MultiPoint"",""coordinates"":[]}"
2234,206.15528128088303,0.5896391552067364,0.9020569344845073,1,0.6090849068281484,1,0.41377022172390915,26.02360987600786,80.12554617739016,"{""type"":""MultiPoint"",""coordinates"":[]}"
2235,2179.954127957742,0.48163082437275984,0.3362242052637728,0,0.290173245853589,1,0.2594726062467998,26.000972330848047,80.3273077902034,"{""type"":""MultiPoint"",""coordinates"":[]}"
2237,303.6445290137795,0.5070254822576804,0.8591409670152601,1,0.5211068001698301,1,0.2957506889395435,26.02145391932597,80.1363259607996,"{""type"":""MultiPoint"",""coordinates"":[]}"
2238,502.19518117958876,0.36654653381386476,0.7779464476016358,1,0.3682184651668241,1,0.09506647687694968,26.02082509862709,80.19813005234701,"{""type"":""MultiPoint"",""coordinates"":[]}"
2239,2470.323865407125,0.5328793492434748,0.2907876705214493,0,0.315925938988701,1,0.33268478463353546,26.043282980730076,80.18231970334651,"{""type"":""MultiPoint"",""coordinates"":[]}"
2240,2333.7951923851415,0.36648071792384185,0.31133132001841995,0,0.18151600051351816,1,0.09497245417691695,25.99127052577956,80.26981561201976,"{""type"":""MultiPoint"",""coordinates"":[]}"
2242,2727.288030260097,0.42898701298701297,0.2557272032105344,0,0.21285117813022492,1,0.18426716141001856,25.992438335648913,80.35326910191446,"{""type"":""MultiPoint"",""coordinates"":[]}"
2244,1210.0,0.23802675104271537,0.5460744266397094,0,0.21842977065588376,0,0.0,26.01247076648478,80.01649070189805,"{""type"":""MultiPoint"",""coordinates"":[]}"
2245,2925.816125459698,0.37958550371273414,0.23156189811470554,0,0.16084090528536865,1,0.11369357673247736,26.000343510149165,80.03598414356344,"{""type"":""MultiPoint"",""coordinates"":[]}"
2248,1426.3590010933433,0.40873516788689723,0.490083496905294,0,0.28923497123660097,1,0.15533595412413892,26.04076769793454,79.91498107479255,"{""type"":""MultiPoint"",""coordinates"":[]}"
2249,2868.3967647450727,0.4692965154503616,0.2383063180136715,0,0.24043382616292142,1,0.24185216492908804,25.964410898784383,80.41282740525159,"{""type"":""MultiPoint"",""coordinates"":[]}"
2251,0.0,0.45962732919254656,1.0,1,0.5368234250221828,1,0.22803904170363798,26.029359093826226,80.20756236283027,"{""type"":""MultiPoint"",""coordinates"":[]}"
2253,3424.2663447810246,0.3999543691535478,0.18048038591753546,0,0.15786732792719804,1,0.14279195593363977,26.019208131115676,80.32290604531121,"{""type"":""MultiPoint"",""coordinates"":[]}"
2254,1197.0797801316335,0.4795763993948563,0.5496135467122452,1,0.3737680467376321,1,0.25653771342122333,25.975999165949524,80.30970081063467,"{""type"":""MultiPoint"",""coordinates"":[]}"
2255,1910.2355875650524,0.36728942699091954,0.3847668187445113,0,0.21158337920430703,1,0.0961277528441708,25.95138532716465,80.3483283678518,"{""type"":""MultiPoint"",""coordinates"":[]}"
2256,2126.805115660577,0.5665116279069767,0.34527897765577364,1,0.36655012926828956,1,0.3807308970099668,26.001331656961696,80.17737896928385,"{""type"":""MultiPoint"",""coordinates"":[]}"
2259,1205.404496424333,0.3777560019598236,0.5473306127790981,0,0.2855802467914881,1,0.11108000279974804,26.03699477374124,80.14216501014637,"{""type"":""MultiPoint"",""coordinates"":[]}"
2260,445.5333881989093,0.47339449541284406,0.8003015425874851,1,0.4687444702460033,1,0.2477064220183487,25.99648075442745,80.30799401159483,"{""type"":""MultiPoint"",""coordinates"":[]}"
2261,1887.2466717416671,0.17739331026528257,0.3892150206073891,0,0.15568600824295564,0,0.0,26.01354874482572,80.30646687561183,"{""type"":""MultiPoint"",""coordinates"":[]}"
2263,1171.537451385998,0.40867279894875164,0.5566777647881508,0,0.3158192192999046,1,0.1552468556410738,26.012291103427955,80.0535911231322,"{""type"":""MultiPoint"",""coordinates"":[]}"
2265,317.8049716414141,0.269661329176704,0.8530795422647257,0,0.34123181690589033,0,0.0,26.029359093826226,80.08458300043431,"{""type"":""MultiPoint"",""coordinates"":[]}"
2269,2313.655116909173,0.3781844611341993,0.3144822766591384,0,0.19280816306439763,1,0.11169208733457044,26.046876241866556,80.07281507021234,"{""type"":""MultiPoint"",""coordinates"":[]}"
2272,1629.8466185503469,0.49424055719260646,0.44267327499392084,0,0.34356121616265956,1,0.2774865102751521,25.958212523323958,80.33161970356718,"{""type"":""MultiPoint"",""coordinates"":[]}"
2273,2127.204738618265,0.41906936911218956,0.34520999384474277,0,0.24014345677691673,1,0.1700990987316994,25.97896360638712,80.38426097921658,"{""type"":""MultiPoint"",""coordinates"":[]}"
2274,2943.637205907005,0.4836824159766196,0.2295077220080926,0,0.2492451596403396,1,0.2624034513951709,25.948870044369116,80.3242535182374,"{""type"":""MultiPoint"",""coordinates"":[]}"
2276,1973.0686759461769,0.45105475231097414,0.37286668429940895,0,0.27862217570059855,1,0.21579250330139166,26.044720285184667,80.15537024482293,"{""type"":""MultiPoint"",""coordinates"":[]}"
2280,2170.0691233230336,0.4477302747922997,0.33789010764937394,0,0.26178199288172077,1,0.21104324970328533,26.044271127542608,80.0641912434848,"{""type"":""MultiPoint"",""coordinates"":[]}"
2282,123.6931687685298,0.4437174226461129,0.9400270905641573,1,0.49919719849375976,1,0.20531060378016133,25.96566854018215,80.36818113563085,"{""type"":""MultiPoint"",""coordinates"":[]}"
2287,2972.0026917888213,0.5231652839821315,0.2262756470058882,0,0.2817947879298966,1,0.31880754854590215,25.934227505237967,80.36530652672167,"{""type"":""MultiPoint"",""coordinates"":[]}"
2290,504.8762224545735,0.43730352776807546,0.7769042930046965,1,0.42845045528880044,1,0.1961478968115364,26.01633352220649,80.18187054570446,"{""type"":""MultiPoint"",""coordinates"":[]}"
2293,1385.712812959453,0.41211437941990364,0.5001454081795498,0,0.2961562027745945,1,0.16016339917129094,25.93440716829479,80.40213745337056,"{""type"":""MultiPoint"",""coordinates"":[]}"
2295,2061.5528128088304,0.2507598784194529,0.3567298856538286,0,0.14269195426153145,0,0.0,26.00007401556393,80.10596290419636,"{""type"":""MultiPoint"",""coordinates"":[]}"
2296,2989.866217742861,0.5793950850661626,0.22426360547448868,0,0.32918694367507767,1,0.3991358358088037,25.93988689152792,80.36000646654536,"{""type"":""MultiPoint"",""coordinates"":[]}"
2298,241.66091947189145,0.45792450652199007,0.8861841907591019,1,0.4898375390367752,1,0.22560643788855728,25.984084003506602,80.32227722461234,"{""type"":""MultiPoint"",""coordinates"":[]}"
2299,1180.0,0.34562458249833,0.5543272847345071,0,0.2608376988923714,1,0.06517797499761431,26.012560598013188,80.02619250696654,"{""type"":""MultiPoint"",""coordinates"":[]}"
2303,1370.0,0.5180571735818621,0.5040902295748255,1,0.38854224061438347,1,0.3115102479740887,26.03564730081506,80.01658053342646,"{""type"":""MultiPoint"",""coordinates"":[]}"
2304,1986.9826370655583,0.4660063963685134,0.3702816604319415,0,0.29040386106007376,1,0.237151994812162,26.00699104325165,80.31706699596444,"{""type"":""MultiPoint"",""coordinates"":[]}"
2305,2313.114783144148,0.36703692584809366,0.31456725083351594,0,0.18328712248891524,1,0.09576703692584812,26.002589298359464,80.05835219413802,"{""type"":""MultiPoint"",""coordinates"":[]}"
2307,3493.365139804312,0.434686913151465,0.1743513836398235,0,0.185186479014328,1,0.19240987593066433,25.996840080541098,80.22921176117755,"{""type"":""MultiPoint"",""coordinates"":[]}"
2310,649.3843238021689,0.515146457481432,0.7227498093274428,1,0.473511173000776,1,0.3073520821163314,26.017950489717908,80.13506831940182,"{""type"":""MultiPoint"",""coordinates"":[]}"
2311,1799.0275150758534,0.3434354606791284,0.4067673992437311,0,0.1999373545653168,1,0.06205065811304058,25.971417758000516,80.30682620172549,"{""type"":""MultiPoint"",""coordinates"":[]}"
2312,567.5385449465084,0.4668501376032024,0.7529403487307254,1,0.44419054315217793,1,0.23835733943314627,26.02774212631481,80.23774575637668,"{""type"":""MultiPoint"",""coordinates"":[]}"
2315,1081.8964830333814,0.40531829170024175,0.582195928197053,0,0.3231511927361713,1,0.15045470242891681,26.030886229809227,80.17225857216438,"{""type"":""MultiPoint"",""coordinates"":[]}"
2317,636.3961030678928,0.4090359459162361,0.7274586998351993,1,0.3844428621479964,1,0.15576563702319446,26.037982920553773,79.92710833112815,"{""type"":""MultiPoint"",""coordinates"":[]}"
2318,2243.969696765088,0.3911569865968264,0.3256328209851172,0,0.2083876883341838,1,0.1302242665668949,26.051547481343977,79.93456434798635,"{""type"":""MultiPoint"",""coordinates"":[]}"
2319,1947.331507473753,0.4519296643069194,0.3776959569421305,0,0.28130380932564025,1,0.21704237758131345,25.9577633656819,80.32694846408975,"{""type"":""MultiPoint"",""coordinates"":[]}"
2326,2131.7832910500074,0.43523619739772595,0.34442061671224666,0,0.25368498731152095,1,0.1931945677110371,26.041396518633427,80.24106952292793,"{""type"":""MultiPoint"",""coordinates"":[]}"
2327,1568.948692596415,0.4257588187038556,0.45635952582201744,0,0.29033708350354037,1,0.17965545529122234,26.007080874780062,80.24151868057,"{""type"":""MultiPoint"",""coordinates"":[]}"
2328,3390.294972417592,0.5070615034168565,0.18357215267023447,0,0.2509101497111137,1,0.2958021477383665,26.031874376621758,80.30197529919124,"{""type"":""MultiPoint"",""coordinates"":[]}"
2329,1318.6735759845953,0.2854068015497202,0.517194230196637,0,0.2068776920786548,0,0.0,25.99917570027981,80.27502584066765,"{""type"":""MultiPoint"",""coordinates"":[]}"
2330,371.07950630558946,0.5348713161754901,0.8306558137370824,1,0.533580596502396,1,0.33553045167927165,26.016423353734904,80.11817999206038,"{""type"":""MultiPoint"",""coordinates"":[]}"
2335,1603.7767924496225,0.41912512716174977,0.44848125365621555,0,0.2814997533154146,1,0.17017875308821398,26.0396897195936,79.91228612894018,"{""type"":""MultiPoint"",""coordinates"":[]}"
2337,572.1887800367987,0.4052182172575171,0.7511917076013167,1,0.39066372640411284,1,0.15031173893931019,26.030257409110344,80.06760484156445,"{""type"":""MultiPoint"",""coordinates"":[]}"
2338,2965.4679226051326,0.4295140210633168,0.22701618572199989,0,0.20181849234307153,1,0.18502003009045262,26.012201271899542,79.90752505793435,"{""type"":""MultiPoint"",""coordinates"":[]}"
2340,413.40053217188773,0.3735168485999051,0.8132633760741286,1,0.38831979208671297,1,0.10502406942843585,26.03564730081506,79.92279641776439,"{""type"":""MultiPoint"",""coordinates"":[]}"
2342,2344.013651837378,0.5126003877042371,0.3097447134037768,0,0.30612678910799973,1,0.30371483957748163,25.92605283615248,80.40474256769451,"{""type"":""MultiPoint"",""coordinates"":[]}"
2344,2450.8161905781512,0.40172579098753597,0.29363784364803686,0,0.20464867259138844,1,0.14532255855362283,25.99845704805251,80.17351621356214,"{""type"":""MultiPoint"",""coordinates"":[]}"
2346,2931.0237119477556,0.5116215477167076,0.23095974309261363,0,0.2737737952799377,1,0.3023164967381538,25.99091119966591,80.36467770602277,"{""type"":""MultiPoint"",""coordinates"":[]}"
2347,466.1544808322666,0.5073779795686719,0.7920923896156192,1,0.49458950976225224,1,0.2962542565266742,26.008608010763062,80.2904768635545,"{""type"":""MultiPoint"",""coordinates"":[]}"
2348,3431.1076928595526,0.38121440293464615,0.17986407604537483,0,0.14155797579070378,1,0.11602057562092309,26.05109832370192,80.18312818710223,"{""type"":""MultiPoint"",""coordinates"":[]}"
2349,2543.3245958783946,0.2527427458217984,0.28036518373913827,0,0.11214607349565531,0,0.0,26.016153859149668,80.31401272399843,"{""type"":""MultiPoint"",""coordinates"":[]}"
2352,1101.3627921806692,0.3955994611585092,0.5765568129440383,0,0.3125651204563375,1,0.1365706587978703,25.978244954159823,80.3077245170096,"{""type"":""MultiPoint"",""coordinates"":[]}"
2354,538.5164807134504,0.6107011070110702,0.763945948498702,1,0.5718936139803981,1,0.44385872430152884,25.991989178006854,80.31365339788479,"{""type"":""MultiPoint"",""coordinates"":[]}"
2356,847.2307831990054,0.45728155339805826,0.654675627239908,1,0.39668301095144176,1,0.22468793342579754,26.019118299587262,80.14710574420903,"{""type"":""MultiPoint"",""coordinates"":[]}"
2357,2238.0571931923455,0.48237476808905383,0.32659689791881125,0,0.2869599889581421,1,0.26053538298436263,25.990282378967027,80.34599274811309,"{""type"":""MultiPoint"",""coordinates"":[]}"
2358,1889.1532494744833,0.5959697732997481,0.38884416305687725,1,0.40922604233682075,1,0.42281396185678305,26.015075880808723,80.30368209823106,"{""type"":""MultiPoint"",""coordinates"":[]}"
2359,2677.9283037452665,0.4553692795650204,0.2621170414520597,0,0.23802048477941282,1,0.22195611366431486,26.000972330848047,80.14908203783409,"{""type"":""MultiPoint"",""coordinates"":[]}"
2360,1166.9190203266035,0.4425416505230531,0.5579647391062811,0,0.34536445323370085,1,0.20363092931864732,26.024598022820392,80.26918679132088,"{""type"":""MultiPoint"",""coordinates"":[]}"
2361,2430.164603478538,0.3593087195600943,0.29668559554867674,0,0.1695102835566944,1,0.08472674222870617,26.04292365461643,80.17378570814738,"{""type"":""MultiPoint"",""coordinates"":[]}"
2362,2013.2560691576223,0.40276862228081745,0.3654491863180481,0,0.2342670650536342,1,0.14681231754402493,26.038432078195832,80.11773083441832,"{""type"":""MultiPoint"",""coordinates"":[]}"
2363,89.44271909999159,0.28528485542513604,0.9562638985171494,1,0.3825055594068598,0,0.0,26.02441835976357,80.14036837957813,"{""type"":""MultiPoint"",""coordinates"":[]}"
2364,2566.028059082753,0.3101324299353249,0.277200549445598,0,0.11956515972280343,1,0.01447489990760704,25.99701974359792,80.24520177323488,"{""type"":""MultiPoint"",""coordinates"":[]}"
2365,440.1136216933077,0.40362355309511827,0.8024732074851397,1,0.4098094713613002,1,0.1480336472787404,26.027203137144337,79.93510333715682,"{""type"":""MultiPoint"",""coordinates"":[]}"
2367,1560.0,0.3186787351592806,0.4584060113052235,0,0.1993727489443299,1,0.026683907370400845,26.00878767381989,80.04981819893888,"{""type"":""MultiPoint"",""coordinates"":[]}"
2368,1480.0,0.36724327614053975,0.4771139155210344,0,0.2484826600431621,1,0.09606182305791396,26.009955483689243,80.01900598469358,"{""type"":""MultiPoint"",""coordinates"":[]}"
2370,1574.9603169603988,0.3098871930988719,0.4549898543188161,0,0.19047067866941667,1,0.01412456156981704,26.035467637758238,79.91093865601401,"{""type"":""MultiPoint"",""coordinates"":[]}"
2371,1011.1874208078342,0.33701512163050623,0.6031473742324974,0,0.27298619680486147,1,0.052878745186437495,26.038432078195832,80.20953865645534,"{""type"":""MultiPoint"",""coordinates"":[]}"
2372,300.0,0.4475400718005764,0.8607079764250578,1,0.4707461092562315,1,0.21077153114368063,26.02594549574657,80.02107210984705,"{""type"":""MultiPoint"",""coordinates"":[]}"
2374,1988.793604173143,0.4365803687837586,0.36994652822939633,0,0.2650474988206945,1,0.1951148125482266,26.03753376291171,80.25193913786578,"{""type"":""MultiPoint"",""coordinates"":[]}"
2377,2151.952601708504,0.3685330307435907,0.3409647086142754,0,0.19512848122593077,1,0.09790432963370098,25.999894352507106,80.11791049747515,"{""type"":""MultiPoint"",""coordinates"":[]}"
2379,848.999411071645,0.4488771466314399,0.6540969443653476,1,0.3892477605730875,1,0.2126816380449142,26.03133538745129,80.23352367454133,"{""type"":""MultiPoint"",""coordinates"":[]}"
2380,2539.389690457138,0.3367265786543661,0.2809173319645052,0,0.14384685734668734,1,0.05246654093480876,26.044630453656257,80.12330038917986,"{""type"":""MultiPoint"",""coordinates"":[]}"
2384,3383.548433228051,0.4972663699936427,0.18419243663562235,0,0.24276243464879985,1,0.2818090999909182,26.0043859289277,79.95881886065757,"{""type"":""MultiPoint"",""coordinates"":[]}"
2386,1578.4169284444463,0.45632424877707894,0.45420417188633616,0,0.3156738819920307,1,0.2233203553958271,25.99378580857509,80.3294637468853,"{""type"":""MultiPoint"",""coordinates"":[]}"
2387,640.0,0.4717741935483871,0.7261490370736909,1,0.4376946378709511,1,0.2453917050691245,26.028909936184164,80.02673149613702,"{""type"":""MultiPoint"",""coordinates"":[]}"
2390,2671.3479743380494,0.37634694692031395,0.26298086997986725,0,0.1706325882093589,1,0.10906706702901996,25.954798925244305,80.31949244723157,"{""type"":""MultiPoint"",""coordinates"":[]}"
2391,2808.629559055448,0.38949454905847375,0.24553524459962986,0,0.17492371131854376,1,0.12784935579781967,25.999804520978692,80.22696597296725,"{""type"":""MultiPoint"",""coordinates"":[]}"
2392,2008.4820138602188,0.4947904607548044,0.3663225656055361,0,0.31349227831776105,1,0.2782720867925777,26.04669657880973,79.91363360186637,"{""type"":""MultiPoint"",""coordinates"":[]}"
2394,2154.1587685219492,0.3858512568022804,0.3405888034674065,0,0.2098223129317744,1,0.12264465257468629,26.002768961416287,80.1949859488526,"{""type"":""MultiPoint"",""coordinates"":[]}"
2395,101.9803902718557,0.5785698273929614,0.9502879879313,1,0.6188893329379155,1,0.3979568962756591,26.027562463257986,80.2039691016938,"{""type"":""MultiPoint"",""coordinates"":[]}"
2397,2452.46814454337,0.37684103605891317,0.29339540568583217,0,0.18322190746768702,1,0.10977290865559027,26.046516915752907,80.13434966717453,"{""type"":""MultiPoint"",""coordinates"":[]}"
2400,1140.043858805441,0.3613885545108501,0.5655130372004225,0,0.2788239758894691,1,0.08769793501550019,26.0126504295416,80.23460165288228,"{""type"":""MultiPoint"",""coordinates"":[]}"
2401,931.7188417113823,0.2250249641818261,0.6275955046852253,0,0.25103820187409015,0,0.0,26.01992678334297,80.2039691016938,"{""type"":""MultiPoint"",""coordinates"":[]}"
2402,1458.9036979869506,0.6024664490388103,0.482173221400887,1,0.45212624487933506,1,0.43209492719830045,25.967824496864036,80.31931278417474,"{""type"":""MultiPoint"",""coordinates"":[]}"
2403,625.859409132754,0.43291839557399725,0.7313013179053318,1,0.40645058051127325,1,0.18988342224856752,26.0231607183658,80.25777818721255,"{""type"":""MultiPoint"",""coordinates"":[]}"
2408,1949.2819190666087,0.5417640002525412,0.37732780519666803,1,0.35815740800941687,1,0.34537714321791607,26.041216855576604,80.01244828311951,"{""type"":""MultiPoint"",""coordinates"":[]}"
2409,170.0,0.2983408748114631,0.9185122844014574,1,0.367404913760583,0,0.0,26.025226843519274,80.07928294025801,"{""type"":""MultiPoint"",""coordinates"":[]}"
2410,1699.5587662684688,0.3774889960176064,0.42750923729368695,0,0.23742283436113742,1,0.11069856573943772,25.934946157465262,80.38264401170517,"{""type"":""MultiPoint"",""coordinates"":[]}"
2412,22.360679774997898,0.6089801154586273,0.988881927838342,2,0.6603928700998745,1,0.4414001649408962,25.98731793852943,80.3114974412029,"{""type"":""MultiPoint"",""coordinates"":[]}"
2413,1518.5519418182573,0.44577226606538894,0.46800515371708595,0,0.31214971811431064,1,0.20824609437912708,26.015165712337136,80.20684371060298,"{""type"":""MultiPoint"",""coordinates"":[]}"
2415,2098.022878807569,-0.1882770870337478,0.35028385482610486,0,0.14011354193044195,0,0.0,26.00717070630847,80.08404401126384,"{""type"":""MultiPoint"",""coordinates"":[]}"
2418,90.55385138137417,0.38368505491793164,0.9557327782234547,1,0.4540231583618948,1,0.1195500784541881,26.02217257155327,80.18860791033535,"{""type"":""MultiPoint"",""coordinates"":[]}"
2419,2978.9931184881916,0.4505213875292615,0.22548614588493926,0,0.21921279052191417,1,0.21503055361323076,26.005463907268645,79.9537882950665,"{""type"":""MultiPoint"",""coordinates"":[]}"
2421,1846.212338816963,0.4092526690391459,0.3972830939547137,0,0.252558382472582,1,0.1560752414844942,25.964590561841206,80.39629840402378,"{""type"":""MultiPoint"",""coordinates"":[]}"
2422,441.47480109288233,0.4112778065183652,0.8019272382973474,1,0.4161518723346806,1,0.15896829502623605,26.016603016791727,80.17710947469863,"{""type"":""MultiPoint"",""coordinates"":[]}"
2423,1001.7983829094555,0.37397519445028377,0.6059855176566596,0,0.30580151659147853,1,0.10567884921469112,26.03510831164459,79.98783444433464,"{""type"":""MultiPoint"",""coordinates"":[]}"
2424,450.44422518220836,0.4693495554515676,0.7983388779485323,1,0.46449231299504234,1,0.2419279363593823,26.026035327274982,80.16615002823237,"{""type"":""MultiPoint"",""coordinates"":[]}"
2425,1724.4709333589824,0.4648457258472433,0.42221717413158605,0,0.31018320609312877,1,0.2354938940674905,26.004835086569763,80.12195291625368,"{""type"":""MultiPoint"",""coordinates"":[]}"
2427,2083.3866659840173,0.41529059176117994,0.35285667194257775,0,0.23996317600089961,1,0.16470084537311422,26.008697842291475,80.21438955898958,"{""type"":""MultiPoint"",""coordinates"":[]}"
2429,2144.6211786700233,0.3198589894242068,0.3422168805226263,0,0.15390874314408495,1,0.028369984891724046,26.04579826352561,79.98415135166975,"{""type"":""MultiPoint"",""coordinates"":[]}"
2430,2764.489102890442,0.4249375280322931,0.2510145053088034,0,0.20749511186548691,1,0.17848218290327592,25.999355363336633,80.15087866840233,"{""type"":""MultiPoint"",""coordinates"":[]}"
2431,800.0,0.372580527353736,0.6703200460356393,0,0.33033989900317234,1,0.10368646764819428,26.016064027621255,80.01855682705153,"{""type"":""MultiPoint"",""coordinates"":[]}"
2433,3521.4201680572,0.37798231803318394,0.17192274087695528,0,0.13561108323636836,1,0.11140331147597708,26.038611741252655,80.28347000433837,"{""type"":""MultiPoint"",""coordinates"":[]}"
2441,1253.9936203984453,0.5402298850574713,0.5341936794401804,1,0.41958880182533326,1,0.34318555008210183,26.012830092598424,80.13704461302689,"{""type"":""MultiPoint"",""coordinates"":[]}"
2442,1861.8807695446023,0.39502487562189054,0.3941828524724032,0,0.2391230343791532,1,0.1357498223169865,26.043193149201667,79.98469034084022,"{""type"":""MultiPoint"",""coordinates"":[]}"
2443,1881.6216410320114,0.5316986405793419,0.39031123466600315,1,0.3547233286486944,1,0.3309980579704885,25.994773955387622,80.27215123175847,"{""type"":""MultiPoint"",""coordinates"":[]}"
2444,2183.5979483412234,0.32339089481946626,0.3356121926427993,0,0.1542942154738051,1,0.03341556402780896,25.962165110574084,80.3160788491519,"{""type"":""MultiPoint"",""coordinates"":[]}"
2445,1996.4969321288727,0.5160158989946224,0.3685243591298181,0,0.33256622850446077,1,0.3085941414208892,25.94860054978388,80.3580301729203,"{""type"":""MultiPoint"",""coordinates"":[]}"
2446,1676.007159889241,0.3928400954653938,0.43257325988180007,0,0.2526065286373433,1,0.13262870780770541,26.034569322474116,80.25229846397943,"{""type"":""MultiPoint"",""coordinates"":[]}"
2450,2109.834116702069,0.5127250155183116,0.3482213081579718,0,0.321624250850313,1,0.30389287931187375,25.96198544751726,80.40447307310927,"{""type"":""MultiPoint"",""coordinates"":[]}"
2451,1050.0,0.46528852388714803,0.5915553643668151,1,0.37829802336428153,1,0.2361264626959258,26.03232353426382,80.04433847570576,"{""type"":""MultiPoint"",""coordinates"":[]}"
2452,410.0,0.48701973001038423,0.8146473164114145,1,0.4861615522877524,1,0.2671710428719775,26.0269336425591,80.01963480539247,"{""type"":""MultiPoint"",""coordinates"":[]}"
2454,751.3321502504734,0.45734411687972865,0.6868316449247144,1,0.409599043866796,1,0.2247773098281838,26.01211144037113,80.11485622550914,"{""type"":""MultiPoint"",""coordinates"":[]}"
2456,1901.6308790088576,0.3376736111111111,0.3864257880911452,0,0.18686198190312475,1,0.053819444444444454,26.010314809802892,79.97292241061825,"{""type"":""MultiPoint"",""coordinates"":[]}"
2457,2975.9872311554027,0.38017406070897897,0.22582529365591386,0,0.15905074092720467,1,0.11453437244139855,25.958032860267135,80.30934148452101,"{""type"":""MultiPoint"",""coordinates"":[]}"
2458,2238.771984816676,0.5353535353535354,0.32648019441114356,0,0.3323236794960592,1,0.33621933621933625,25.932251211612904,80.3776134461141,"{""type"":""MultiPoint"",""coordinates"":[]}"
2463,1205.0311199301038,0.4619435136428913,0.5474328025103041,1,0.3577818469837428,1,0.23134787663270193,26.017411500547436,79.96456807847595,"{""type"":""MultiPoint"",""coordinates"":[]}"
2466,2370.0210969525147,0.38186517337928066,0.3057429543594067,0,0.1924673303545747,1,0.11695024768468669,26.004924918098173,80.14809389102156,"{""type"":""MultiPoint"",""coordinates"":[]}"
2469,316.2277660168379,0.3843971631205674,0.8537525485232971,1,0.41384144494123376,1,0.12056737588652484,25.979143269443945,80.33135020898195,"{""type"":""MultiPoint"",""coordinates"":[]}"
2471,2221.9360926903364,0.46615430091634646,0.32924008709470026,0,0.2741140070518914,1,0.23736328702335213,26.046966073394966,80.07910327720118,"{""type"":""MultiPoint"",""coordinates"":[]}"
2472,80.62257748298549,0.43031970401290204,0.9604904027627154,1,0.4958987645447165,1,0.18617100573271722,26.00878767381989,80.28095472154284,"{""type"":""MultiPoint"",""coordinates"":[]}"
2476,403.6087214122113,0.505791194156342,0.817254799455049,1,0.503294371916027,1,0.29398742022334573,26.027203137144337,80.19300965522754,"{""type"":""MultiPoint"",""coordinates"":[]}"
2477,1858.2787734890587,0.23695551793135294,0.3948934146807908,0,0.15795736587231635,0,0.0,26.006811380194826,80.0589810148369,"{""type"":""MultiPoint"",""coordinates"":[]}"
2481,403.11288741492746,0.41939085664661,0.8174574359295309,1,0.42931799435462104,1,0.17055836663801435,26.020645435570266,80.06302343361544,"{""type"":""MultiPoint"",""coordinates"":[]}"
2482,733.48483283569,0.3626073380171741,0.6929881244202054,0,0.33085868235423144,1,0.08943905431024873,25.942222511266632,80.4016882957285,"{""type"":""MultiPoint"",""coordinates"":[]}"
2485,90.0,0.23178807947019867,0.9559974818331,1,0.38239899273324,0,0.0,26.02441835976357,79.99555995577806,"{""type"":""MultiPoint"",""coordinates"":[]}"
2488,790.5694150420949,0.3419023136246787,0.6734882647760267,0,0.3053115747315639,1,0.05986044803525532,26.032054039678584,79.99933287997136,"{""type"":""MultiPoint"",""coordinates"":[]}"
2490,2377.393530739074,0.6453670416328424,0.30461799421344093,1,0.41787609051352703,1,0.4933814880469178,25.929466434232133,80.41031212245605,"{""type"":""MultiPoint"",""coordinates"":[]}"
2492,865.8521813797087,0.5021677380774405,0.6486084282349656,1,0.4327300039317924,1,0.28881105439634364,26.027382800201163,80.25104082258166,"{""type"":""MultiPoint"",""coordinates"":[]}"
2494,3140.0636936215164,0.4478203434610304,0.2080385568869694,0,0.20991857429281383,1,0.21117191923004344,25.995851933728567,80.23729659873463,"{""type"":""MultiPoint"",""coordinates"":[]}"
2495,1775.4436065389405,0.6087755570870664,0.4115923738440909,1,0.42930171275512186,1,0.4411079386958092,25.996660417484275,80.32793661090228,"{""type"":""MultiPoint"",""coordinates"":[]}"
2496,2106.181378704123,0.5261992619926199,0.3488578698813279,0,0.3334282296604911,1,0.3231418028465999,25.937730934846034,80.41318673136523,"{""type"":""MultiPoint"",""coordinates"":[]}"
2497,2127.204738618265,-0.20078640473034365,0.34520999384474277,0,0.1380839975378971,0,0.0,26.007080874780062,80.08323552750814,"{""type"":""MultiPoint"",""coordinates"":[]}"
2501,1052.6157893552613,0.5837338262476895,0.5907821779876279,1,0.47951329369307083,1,0.4053340374966994,26.02810145242846,80.11180195354314,"{""type"":""MultiPoint"",""coordinates"":[]}"
2504,1540.0,0.3611966053044193,0.46301306831122807,0,0.23765946044256497,1,0.0874237218634562,26.009236831461948,80.03068408338714,"{""type"":""MultiPoint"",""coordinates"":[]}"
2506,680.6614430096654,0.3492105967353492,0.7115349639316291,0,0.32679449706009384,1,0.07030085247907032,26.032233702735407,79.91866416745744,"{""type"":""MultiPoint"",""coordinates"":[]}"
2507,2390.7530194480564,0.4583762050242984,0.3025900046527905,0,0.25678703473908626,1,0.22625172146328343,26.005014749626586,80.08161855999671,"{""type"":""MultiPoint"",""coordinates"":[]}"
2508,2090.0,0.2819964349376114,0.3516918193780669,0,0.14067672775122678,0,0.0,26.0043859289277,80.02475520251195,"{""type"":""MultiPoint"",""coordinates"":[]}"
2511,310.0,0.4440669106116048,0.8564151774836135,1,0.46605199437482103,1,0.2058098723022926,26.026035327274982,80.0198144684493,"{""type"":""MultiPoint"",""coordinates"":[]}"
2512,2210.814329607984,0.4056315729955897,0.33107605227890347,0,0.22297176919349546,1,0.15090224713655676,26.000523173205988,80.17639082247132,"{""type"":""MultiPoint"",""coordinates"":[]}"
2514,1690.4733065032408,0.43095362167795725,0.42945571409284095,0,0.2840282470753855,1,0.18707660239708182,26.00833851617783,80.15411260342516,"{""type"":""MultiPoint"",""coordinates"":[]}"
2516,2698.1660438156878,0.2643727753208931,0.25947808730976424,0,0.1037912349239057,0,0.0,26.048672872434793,79.90671657417865,"{""type"":""MultiPoint"",""coordinates"":[]}"
2517,1385.2075656738234,0.43464009440146845,0.5002717726951612,0,0.31551450427932315,1,0.1923429920020978,26.03834224666742,79.99017006407335,"{""type"":""MultiPoint"",""coordinates"":[]}"
2519,912.1403400793104,0.4243455110190801,0.6337693639168265,1,0.36008961215451357,1,0.17763644431297157,26.027113305615927,80.25391543149084,"{""type"":""MultiPoint"",""coordinates"":[]}"
2521,734.9829930005184,0.4261987677471203,0.6924692151953994,1,0.38515805843283435,1,0.1802839539244576,26.028640441598927,80.24053053375746,"{""type"":""MultiPoint"",""coordinates"":[]}"
2525,1227.8436382536663,0.49325184619302265,0.5412241183353481,1,0.38213408692815864,1,0.27607406599003237,26.011482619672247,80.23612878886527,"{""type"":""MultiPoint"",""coordinates"":[]}"
2526,1229.6747537458837,0.37945970591587824,0.5407288231716855,0,0.2843998486251413,1,0.11351386559411179,25.98309585669407,80.34042319335155,"{""type"":""MultiPoint"",""coordinates"":[]}"
2530,2273.697429298806,0.34350355526826115,0.3208284524812752,0,0.16562014265101965,1,0.06214793609751595,26.033132018019526,80.27511567219607,"{""type"":""MultiPoint"",""coordinates"":[]}"
2534,50.0,0.44059770598758285,0.9753099120283326,1,0.5106362842292612,1,0.20085386569654695,26.02181324543962,80.1701924470109,"{""type"":""MultiPoint"",""coordinates"":[]}"
2535,1550.2902953963169,0.43219264892268694,0.4606369157584062,0,0.297562751094237,1,0.18884664131812423,26.009236831461948,80.02412638181306,"{""type"":""MultiPoint"",""coordinates"":[]}"
2536,2910.3436223236595,0.4185003204443495,0.23336026655814218,0,0.19491580986127072,1,0.16928617206335644,25.994055303160327,80.24654924616107,"{""type"":""MultiPoint"",""coordinates"":[]}"
2537,2474.2069436488127,0.4006924771797293,0.29022364260158745,0,0.2023972946232601,1,0.14384639597104185,25.939347902357447,80.41722915014377,"{""type"":""MultiPoint"",""coordinates"":[]}"
2538,776.4663547121665,0.3414287967197603,0.6782541713093433,0,0.3068120657121033,1,0.059183995313943284,26.027921789371632,80.17710947469863,"{""type"":""MultiPoint"",""coordinates"":[]}"
2540,449.22154890432404,0.45809675221439927,0.7988270821661465,1,0.45504233476451517,1,0.22585250316342756,26.022891223780565,80.25346627384879,"{""type"":""MultiPoint"",""coordinates"":[]}"
2541,623.698645180507,0.543744217127583,0.7320918296187235,1,0.501760346528275,1,0.34820602446797577,25.96288376280138,80.3498555038348,"{""type"":""MultiPoint"",""coordinates"":[]}"
2544,2296.540877058364,0.5804743265024177,0.31718488599967426,1,0.36728051997337063,1,0.4006776092891682,25.988036590756728,80.35812000444871,"{""type"":""MultiPoint"",""coordinates"":[]}"
2545,1400.1428498549712,0.3791540785498489,0.49654983648873563,0,0.2664662876382219,1,0.11307725507121273,26.035557469286648,80.04272150819435,"{""type"":""MultiPoint"",""coordinates"":[]}"
2546,170.0,0.4844356495928153,0.9185122844014574,1,0.5254926134115676,1,0.2634794994183076,26.02504718046245,79.98217505804469,"{""type"":""MultiPoint"",""coordinates"":[]}"
2550,1378.8763541376725,0.638004965019183,0.5018579451781972,1,0.4904617195162929,1,0.4828642357416901,25.98219754140995,80.29901085875365,"{""type"":""MultiPoint"",""coordinates"":[]}"
2554,1350.7405376311176,0.35157691999037005,0.5089679307608662,0,0.24779596086752084,1,0.07368131427195723,26.043282980730076,79.93663047313983,"{""type"":""MultiPoint"",""coordinates"":[]}"
2555,1802.4705268048074,0.1423348132671716,0.4060677491790889,0,0.16242709967163557,0,0.0,26.011572451200657,80.30853300076531,"{""type"":""MultiPoint"",""coordinates"":[]}"
2557,420.5948168962618,0.4899713467048711,0.8103432072127719,1,0.48696986577499835,1,0.27138763814981587,26.021274256269148,80.25768835568414,"{""type"":""MultiPoint"",""coordinates"":[]}"
2559,2151.325173003839,0.3092257765414928,0.341071690917071,0,0.1443364848309651,1,0.013179680773561164,26.04157618169025,80.12545634586175,"{""type"":""MultiPoint"",""coordinates"":[]}"
2561,30.0,0.3719676549865229,0.9851119396030626,1,0.4557313372582447,1,0.10281093569503273,26.027113305615927,79.9740003889592,"{""type"":""MultiPoint"",""coordinates"":[]}"
2562,800.49984384758,0.3880179171332587,0.6701525392928547,0,0.3435049446885065,1,0.12573988161894106,26.033581175661585,80.08557114724684,"{""type"":""MultiPoint"",""coordinates"":[]}"
2563,390.5124837953327,0.3059006211180124,0.8226238403530901,0,0.3341072113852467,1,0.008429458740017754,26.035467637758238,79.92908462475322,"{""type"":""MultiPoint"",""coordinates"":[]}"
2565,2437.580767892625,0.44942263279445727,0.2955874981466804,0,0.24631154165392127,1,0.21346090399208184,26.046966073394966,80.22939142423438,"{""type"":""MultiPoint"",""coordinates"":[]}"
2566,710.0,0.40603076923076925,0.7011734432085724,1,0.37135289376694547,1,0.1514725274725275,26.016872511376963,80.01873649010835,"{""type"":""MultiPoint"",""coordinates"":[]}"
2570,3417.4405627603824,0.51139491357481,0.18109739810293907,0,0.2536345994481557,1,0.3019927336783001,25.992528167177323,80.24367463725187,"{""type"":""MultiPoint"",""coordinates"":[]}"
2571,3360.014880919428,0.47638718320866363,0.18637258933650835,0,0.22573804991345792,1,0.2519816902980909,25.96710584463674,80.41642066638806,"{""type"":""MultiPoint"",""coordinates"":[]}"
2572,1923.3824372703418,0.4219915443577493,0.38224587766155055,0,0.2574625319426911,1,0.1742736347967848,26.007440200893708,80.08997289213903,"{""type"":""MultiPoint"",""coordinates"":[]}"
2573,1500.0,0.4474671669793621,0.4723665527410147,0,0.31534704993585916,1,0.21066738139908878,26.035467637758238,80.166509354346,"{""type"":""MultiPoint"",""coordinates"":[]}"
2575,1458.8008774332432,0.4346750618394423,0.48219801069689755,0,0.3083149715697096,1,0.19239294548491764,25.951205664107825,80.36656416811942,"{""type"":""MultiPoint"",""coordinates"":[]}"
2577,2836.476687723698,0.5341314849821466,0.24214020917047596,0,0.29754021365288746,1,0.33447354997449513,25.985341644904366,80.38533895755752,"{""type"":""MultiPoint"",""coordinates"":[]}"
2578,190.0,0.34014417761266635,0.9093729344682314,1,0.39815846888386375,1,0.05734882516095195,26.021543750854384,80.02295857194372,"{""type"":""MultiPoint"",""coordinates"":[]}"
2579,1397.1399357258383,0.5318732411599169,0.4972959447332211,1,0.39766687031607434,1,0.3312474873713098,26.034030333303647,80.24358480572347,"{""type"":""MultiPoint"",""coordinates"":[]}"
2580,1871.095935541521,0.4784791065378341,0.392370800059806,0,0.30993041134206595,1,0.2549701521969059,26.043103317673253,80.08709828322985,"{""type"":""MultiPoint"",""coordinates"":[]}"
2583,2497.298540423231,0.38073584125671767,0.28689204890138054,0,0.18395896920916738,1,0.11533691608102527,25.92299856418647,80.39962217057503,"{""type"":""MultiPoint"",""coordinates"":[]}"
2585,300.0,0.45211873678068704,0.8607079764250578,1,0.4746706792391835,1,0.21731248111526721,26.020555604041853,80.02277890888689,"{""type"":""MultiPoint"",""coordinates"":[]}"
2587,212.13203435596427,0.4084859515413491,0.8993652725587741,1,0.4527340674875232,1,0.15497993077335587,25.969890622017513,80.35335893344288,"{""type"":""MultiPoint"",""coordinates"":[]}"
2593,2221.823575354263,0.3309734513274336,0.3292586102245029,0,0.15825211665617284,1,0.04424778761061946,25.98543147643278,80.28095472154284,"{""type"":""MultiPoint"",""coordinates"":[]}"
2597,131.52946437965906,0.38481165648291143,0.9363511316599884,1,0.4472361582207766,1,0.12115950926130208,26.021633582382798,80.23603895733686,"{""type"":""MultiPoint"",""coordinates"":[]}"
2598,2471.9627828913603,0.4337688109806516,0.2905494796298737,0,0.23087877269250803,1,0.19109830140093093,26.002319803774228,80.22624732073996,"{""type"":""MultiPoint"",""coordinates"":[]}"
2599,2158.2400237230336,0.36341378104232247,0.3398944972058092,0,0.19031246834717155,1,0.0905911157747464,25.968453317562922,80.3054787287993,"{""type"":""MultiPoint"",""coordinates"":[]}"
2600,960.0520819205592,0.48342059336823734,0.6187672783022196,1,0.404724562779377,1,0.26202941909748195,25.974651693023347,80.31688733290761,"{""type"":""MultiPoint"",""coordinates"":[]}"
2601,2396.4139876073164,0.46258823529411763,0.30173473944025603,0,0.2600552403139175,1,0.23226890756302523,26.049750850775737,79.96708336127148,"{""type"":""MultiPoint"",""coordinates"":[]}"
2602,2880.0868042473994,0.3578959301666478,0.236917475737384,0,0.14439207329493745,1,0.08270847166663971,25.944288636420104,80.34599274811309,"{""type"":""MultiPoint"",""coordinates"":[]}"
2603,914.4397191723465,0.43366241271370093,0.6330411445975099,1,0.36778424016503336,1,0.19094630387671563,26.03645578457077,79.96627487751577,"{""type"":""MultiPoint"",""coordinates"":[]}"
2604,700.0,0.4135831381733021,0.7046880897187134,1,0.3792322114646015,1,0.1622616259618602,26.01678267984855,80.03580448050663,"{""type"":""MultiPoint"",""coordinates"":[]}"
2607,2060.0,0.4236299229006043,0.3570069605691474,0,0.24877128957103412,1,0.1766141755722919,26.002319803774228,80.18088239889192,"{""type"":""MultiPoint"",""coordinates"":[]}"
2609,1215.9358535712317,0.7453717754172989,0.5444561204170545,1,0.5995296842387923,1,0.6362453934532842,26.009506326047184,80.17450436037467,"{""type"":""MultiPoint"",""coordinates"":[]}"
2610,508.0354318352215,0.3873581847649919,0.7756780600761458,1,0.38514966811473716,1,0.1247974068071313,26.019208131115676,80.05978949859261,"{""type"":""MultiPoint"",""coordinates"":[]}"
2611,1040.0,0.4010872134247223,0.5945205479701944,0,0.32445440212355403,1,0.14441030489246046,26.013638576354133,80.19588426413672,"{""type"":""MultiPoint"",""coordinates"":[]}"
2612,2534.5019234555734,0.22931143398610235,0.2816047007797173,0,0.11264188031188692,0,0.0,26.049211861605265,80.22364220641602,"{""type"":""MultiPoint"",""coordinates"":[]}"
2613,1226.906679417795,0.46180836707152495,0.5414777300965854,1,0.3552839780999413,1,0.23115481010217853,26.04112702404819,79.94732042502085,"{""type"":""MultiPoint"",""coordinates"":[]}"
2614,613.9218191268332,0.4233172647741474,0.7356793583724829,1,0.39997225601254804,1,0.17616752110592487,26.022531897666916,80.21322174912022,"{""type"":""MultiPoint"",""coordinates"":[]}"
2617,848.5281374238571,0.30235353029544315,0.6542510918525355,0,0.26371774842282264,1,0.0033621861363473753,26.017501332075845,80.06904214601904,"{""type"":""MultiPoint"",""coordinates"":[]}"
2622,1229.186723000212,0.533285951196399,0.5408607854168282,1,0.41630370090650193,1,0.3332656445662843,26.01426739705302,79.99421248285189,"{""type"":""MultiPoint"",""coordinates"":[]}"
2624,943.6630754670864,0.4825748257482575,0.623858600699663,1,0.40603614806408594,1,0.2608211796403679,26.00429609739929,80.30574822338454,"{""type"":""MultiPoint"",""coordinates"":[]}"
2625,1974.3353311937665,0.463217387308735,0.372630612291602,0,0.28895286260984226,1,0.23316769615533578,26.043552475315312,80.08934407144014,"{""type"":""MultiPoint"",""coordinates"":[]}"
2626,424.26406871192853,0.5251427018211471,0.808857893484718,1,0.5165226160977276,1,0.3216324311730673,26.024957348934038,80.18384683932952,"{""type"":""MultiPoint"",""coordinates"":[]}"
2627,2640.549185302179,0.05193434702099281,0.26706195864531324,0,0.1068247834581253,0,0.0,25.99594176525698,80.101740822361,"{""type"":""MultiPoint"",""coordinates"":[]}"
2629,3310.422933704997,0.5039465146649365,0.1910516503422552,0,0.25123195842113333,1,0.2913521638070521,26.05091866064509,80.18393667085793,"{""type"":""MultiPoint"",""coordinates"":[]}"
2630,528.3937925449162,0.5478564307078764,0.767822343414878,1,0.5195773065441309,1,0.3540806152969663,25.994684123859212,80.29559726067399,"{""type"":""MultiPoint"",""coordinates"":[]}"
2633,1406.3072210580447,0.4189828162841656,0.4950217338899094,0,0.29999396465667716,1,0.16997545183452234,25.99513328150127,80.32335520295328,"{""type"":""MultiPoint"",""coordinates"":[]}"
2634,2403.039741660549,0.47703842549203374,0.300736783319512,0,0.2720419351781194,1,0.25291203641719107,26.04984068230415,79.96681386668624,"{""type"":""MultiPoint"",""coordinates"":[]}"
2643,826.0750571225353,0.3078275747350412,0.6616374520602631,0,0.2713643305969977,1,0.011182249621487428,26.01777082666108,80.0694913036611,"{""type"":""MultiPoint"",""coordinates"":[]}"
2644,284.42925306655786,0.3797457698459466,0.8674350619252966,1,0.41532754178093007,1,0.11392252835135232,26.031694713564935,80.20621488990409,"{""type"":""MultiPoint"",""coordinates"":[]}"
2647,3220.3881753602313,0.3318797489263297,0.1998488221164872,0,0.10726502792630607,1,0.04554249846618532,26.04885253549162,80.12617499808904,"{""type"":""MultiPoint"",""coordinates"":[]}"
2650,2510.2390324429266,0.4526358723360865,0.2850417790721921,0,0.2448474593455224,1,0.2180512461944093,26.012201271899542,80.31850430041904,"{""type"":""MultiPoint"",""coordinates"":[]}"
2651,1647.573974060042,0.4205012088882067,0.4387668997346957,0,0.278793510369484,1,0.17214458412600958,26.003218119058346,80.25292728467831,"{""type"":""MultiPoint"",""coordinates"":[]}"
2655,1834.1210428976601,0.399947271289217,0.3996922026549231,0,0.24554597073844098,1,0.14278181612745286,25.977436470404115,80.38147620183581,"{""type"":""MultiPoint"",""coordinates"":[]}"
2656,3138.184188348415,0.4780662488809311,0.2082341535611584,0,0.23592187475097576,1,0.2543803555441873,25.963332920443438,80.29730405971381,"{""type"":""MultiPoint"",""coordinates"":[]}"
2658,1080.0,0.42452907789750766,0.5827482523739896,0,0.339838510576031,1,0.17789868271072526,26.01354874482572,80.01954497386406,"{""type"":""MultiPoint"",""coordinates"":[]}"
2659,2030.3940504246953,0.3704249168166694,0.3623310344503734,0,0.20529662819443745,1,0.10060702402381344,26.043552475315312,80.06787433614969,"{""type"":""MultiPoint"",""coordinates"":[]}"
2661,2384.785105622727,0.393436796588082,0.30349426866033186,0,0.20148639025391735,1,0.1334811379829743,25.94824122367023,80.34248931850503,"{""type"":""MultiPoint"",""coordinates"":[]}"
2662,1094.1663493271944,0.41384341060139407,0.578635128900244,0,0.329034117789864,1,0.16263344371627728,26.022352234610093,80.27394786232671,"{""type"":""MultiPoint"",""coordinates"":[]}"
2663,2219.954954497951,0.4755013962934755,0.3295663837332063,0,0.28225632174483295,1,0.2507162804192507,26.035198143173,80.2671206661674,"{""type"":""MultiPoint"",""coordinates"":[]}"
2665,151.32745950421557,0.4185509921550531,0.9271279196818997,1,0.4724663040056626,1,0.16935856022150444,25.966926181579918,80.36494720060801,"{""type"":""MultiPoint"",""coordinates"":[]}"
2666,20.0,0.3424782807498857,0.9900498337491681,1,0.4324298884281407,1,0.06068325821412242,26.027562463257986,79.97426988354444,"{""type"":""MultiPoint"",""coordinates"":[]}"
2667,1619.9382704288455,0.4744232698094283,0.4448717968836633,0,0.32745437859011817,1,0.24917609972775473,25.981658552239477,80.35892848820441,"{""type"":""MultiPoint"",""coordinates"":[]}"
2668,192.35384061671343,0.4627164734506941,0.908303304551837,1,0.5027925847784727,1,0.23245210492956306,26.02684381103069,80.06778450462127,"{""type"":""MultiPoint"",""coordinates"":[]}"
2670,2037.9646709401025,0.44174340788194244,0.36096209164019766,0,0.2658791862691726,1,0.20249058268848924,26.003577445171995,80.15986182124352,"{""type"":""MultiPoint"",""coordinates"":[]}"
2671,2674.4158240632664,0.37534498620055196,0.2625777863140785,0,0.16961253126896167,1,0.1076356945722171,26.02774212631481,80.29892102722523,"{""type"":""MultiPoint"",""coordinates"":[]}"
2672,2946.7948690059848,0.4021134593993326,0.22914565387324276,0,0.1791840838915822,1,0.14587637057047512,25.999804520978692,80.2063047214325,"{""type"":""MultiPoint"",""coordinates"":[]}"
2674,1765.0495743746123,0.5170838662525123,0.41373699401601916,1,0.351566682965704,1,0.3101198089321605,26.036365953042356,80.11871898123086,"{""type"":""MultiPoint"",""coordinates"":[]}"
2675,2330.0,0.5639237563923757,0.31192266203264674,1,0.35098942743509504,1,0.3770339377033939,26.001960477660578,80.04712325308653,"{""type"":""MultiPoint"",""coordinates"":[]}"
2677,667.6076692189806,0.5427127211457456,0.7161942609751087,1,0.4945171796578255,1,0.34673245877963665,26.011931777314306,80.25454425218972,"{""type"":""MultiPoint"",""coordinates"":[]}"
2679,2339.7649454592656,0.2804363486672841,0.31040341998848453,0,0.12416136799539382,0,0.0,25.924525700169475,80.39144750148954,"{""type"":""MultiPoint"",""coordinates"":[]}"
2680,1397.855500400524,0.4718989025606917,0.4971180528529473,0,0.34618913762177184,1,0.24556986080098822,25.94904970742594,80.37123540759686,"{""type"":""MultiPoint"",""coordinates"":[]}"
2681,851.4693182963201,0.4106142406030355,0.6532896635608568,1,0.3561280716555161,1,0.15802034371862214,26.02136408779756,79.95684256703251,"{""type"":""MultiPoint"",""coordinates"":[]}"
2682,1552.707313050338,0.18784794019405124,0.4600805682228309,0,0.18403222728913238,0,0.0,26.02594549574657,80.27628348206541,"{""type"":""MultiPoint"",""coordinates"":[]}"
2683,481.66378315169186,0.3306122448979592,0.7859737440905306,0,0.3406285646916059,1,0.04373177842565603,26.026753979502278,79.93573215785571,"{""type"":""MultiPoint"",""coordinates"":[]}"
2684,2860.4370295463596,0.4273781902552204,0.2392566354218201,0,0.20488396010177412,1,0.18196884322174345,25.98866541145561,80.2640663942014,"{""type"":""MultiPoint"",""coordinates"":[]}"
2685,629.3647591023825,0.25852163921869015,0.7300207069542896,0,0.2920082827817158,0,0.0,25.968992306733394,80.37276254357985,"{""type"":""MultiPoint"",""coordinates"":[]}"
2687,2033.3469944896271,0.4886672710788758,0.36179645755254586,0,0.3064333868029119,1,0.26952467296982263,25.946085266988344,80.3656658528353,"{""type"":""MultiPoint"",""coordinates"":[]}"
2692,1842.00977196105,0.3912954218846233,0.3981187760312085,0,0.23750072917073198,1,0.1304220312637476,26.041396518633427,80.00094984748279,"{""type"":""MultiPoint"",""coordinates"":[]}"
2693,1423.6923825040296,0.6836266258607497,0.4907373655946103,1,0.5251177684042011,1,0.5480380369439283,26.032054039678584,80.11395791022503,"{""type"":""MultiPoint"",""coordinates"":[]}"
2694,996.8951800465283,0.4744617982271001,0.6074729752007034,1,0.3925278742749386,1,0.24923114032442875,26.027921789371632,80.25382559996243,"{""type"":""MultiPoint"",""coordinates"":[]}"
2695,1206.5239326262865,0.4209513335166346,0.5470243476469718,0,0.3224823106444756,1,0.17278761930947803,26.023430212951038,79.91884383051426,"{""type"":""MultiPoint"",""coordinates"":[]}"
2696,417.61226035642204,0.3277980737296579,0.8115525559424824,0,0.34844794271669977,1,0.03971153389951132,25.96791432839245,80.36979810314226,"{""type"":""MultiPoint"",""coordinates"":[]}"
2697,1294.488315899375,0.4524666525513445,0.5234864366686015,0,0.3400802768543073,1,0.21780950364477789,25.940964869868864,80.40662902979116,"{""type"":""MultiPoint"",""coordinates"":[]}"
2699,2566.398254363496,0.3730032661657356,0.27714924502629584,0,0.1734339261525774,1,0.10429038023676515,26.048313546321147,80.06760484156445,"{""type"":""MultiPoint"",""coordinates"":[]}"
2701,1714.7011401407535,0.4930802688809806,0.42428470710489186,0,0.3352112561685116,1,0.27582895554425807,26.036725279156006,80.17189924605073,"{""type"":""MultiPoint"",""coordinates"":[]}"
2705,1614.465855941215,0.49534726904922455,0.44609072517658555,0,0.345876806398541,1,0.27906752721317796,26.04337281225849,79.96007650205534,"{""type"":""MultiPoint"",""coordinates"":[]}"
2707,1040.0,0.40586949734623784,0.5945205479701944,0,0.3285535026277102,1,0.15124213906605408,26.03241336579223,80.03346886076791,"{""type"":""MultiPoint"",""coordinates"":[]}"
2709,2137.7090541044167,0.3213736545361353,0.3434016495143762,0,0.1556809351224379,1,0.030533792194479034,25.997109575126334,80.25750869262731,"{""type"":""MultiPoint"",""coordinates"":[]}"
2710,3097.8218154051406,0.46619067618647625,0.2124792573818912,0,0.22744085396973615,1,0.2374152516949661,26.028460778542104,80.30431091892994,"{""type"":""MultiPoint"",""coordinates"":[]}"
2713,294.27877939124323,0.40235910878112713,0.8631736515178654,1,0.433005839562398,1,0.14622729825875305,26.02549633810451,79.96600538293053,"{""type"":""MultiPoint"",""coordinates"":[]}"
2714,2213.5265979879255,0.4035561005518087,0.3306273730283273,0,0.22101332111288124,1,0.14793728650258386,26.027113305615927,80.29065652661133,"{""type"":""MultiPoint"",""coordinates"":[]}"
2715,291.547594742265,0.5226680562793121,0.8643532000389769,1,0.5365996139692869,1,0.3180972232561602,26.031604882036522,79.95836970301552,"{""type"":""MultiPoint"",""coordinates"":[]}"
2717,859.8837130682264,0.334043913877638,0.6505469186762718,0,0.2893992650799127,1,0.04863416268234,26.024238696706743,79.92782698335546,"{""type"":""MultiPoint"",""coordinates"":[]}"
2719,923.4717104492156,0.3697935530604853,0.6301887790324286,0,0.31189855709338743,1,0.09970507580069328,26.023879370593097,80.26424605725822,"{""type"":""MultiPoint"",""coordinates"":[]}"
2722,813.9410298049853,0.27781352660277037,0.6656638171747262,0,0.2662655268698905,0,0.0,26.032233702735407,80.137942928311,"{""type"":""MultiPoint"",""coordinates"":[]}"
2724,1215.1131634543344,0.4239955434858297,0.5446801258203294,0,0.3241539447445573,1,0.17713649069404244,26.017321669019022,80.21178444466564,"{""type"":""MultiPoint"",""coordinates"":[]}"
2726,1399.1783303067555,0.27012668573763793,0.4967893602524098,0,0.19871574410096393,0,0.0,26.044271127542608,79.93168973907717,"{""type"":""MultiPoint"",""coordinates"":[]}"
2730,2631.805463935357,0.5778846153846153,0.26823207224545725,0,0.3454796420849961,1,0.39697802197802196,25.938359755544916,80.36548618977848,"{""type"":""MultiPoint"",""coordinates"":[]}"
2731,2674.4158240632664,0.4361571096209115,0.2625777863140785,0,0.22173720848641268,1,0.19451015660130214,26.039599888065187,80.26667150852533,"{""type"":""MultiPoint"",""coordinates"":[]}"
2733,1421.724305201258,0.36355140186915885,0.49122050780635307,0,0.25096083329610597,1,0.09078771695594123,25.97887377485871,80.30179563613441,"{""type"":""MultiPoint"",""coordinates"":[]}"
2740,1161.077086157504,0.33442088091353994,0.5595969183539934,0,0.25334237955320305,1,0.04917268701934279,26.041037192519777,79.94202036484454,"{""type"":""MultiPoint"",""coordinates"":[]}"
2741,1140.043858805441,0.39301494601759707,0.5655130372004225,0,0.30593231146668076,1,0.13287849431085297,26.0148962177519,80.08889491379809,"{""type"":""MultiPoint"",""coordinates"":[]}"
2742,3316.986584235758,0.4895857175555047,0.19042567993374837,0,0.23867231559250335,1,0.2708367393650067,25.996121428313803,80.354257248727,"{""type"":""MultiPoint"",""coordinates"":[]}"
2743,1945.8674158328467,0.4828256107138428,0.37797254891545906,0,0.3078966858923346,1,0.26117944387691827,26.04292365461643,80.09096103895156,"{""type"":""MultiPoint"",""coordinates"":[]}"
2746,2517.6576415390555,0.2841414851253221,0.2839864308187685,0,0.11359457232750741,0,0.0,25.967734665335627,80.30053799473664,"{""type"":""MultiPoint"",""coordinates"":[]}"
2747,2111.9185590358356,0.43543406153494224,0.3478585735975025,0,0.25522976789752294,1,0.19347723076420323,26.01085379897336,80.31473137622574,"{""type"":""MultiPoint"",""coordinates"":[]}"
2749,813.0190649671138,0.44310281741675817,0.6659707472306099,1,0.3890478566780367,1,0.20443259630965455,26.03241336579223,79.99789557551678,"{""type"":""MultiPoint"",""coordinates"":[]}"
2751,1507.9124643028852,0.5668925391137759,0.4705014528146179,1,0.4169656146519408,1,0.38127505587682275,26.010135146746066,80.19839954693225,"{""type"":""MultiPoint"",""coordinates"":[]}"
2752,2210.0,0.6703386372909017,0.331210882241981,1,0.44991747057470816,1,0.5290551961298596,26.001331656961696,80.1867214482387,"{""type"":""MultiPoint"",""coordinates"":[]}"
2753,371.6180835212409,0.42127403846153844,0.8304321577047811,1,0.43612203890608825,1,0.17324862637362637,26.005553738797058,80.28185303682696,"{""type"":""MultiPoint"",""coordinates"":[]}"
2755,2555.562560376873,0.3708851115256286,0.2786548721760273,0,0.1722206158923783,1,0.10126444503661229,26.04561860046879,80.05017752505253,"{""type"":""MultiPoint"",""coordinates"":[]}"
2758,1768.1628884240274,0.42371079213184476,0.4130934484377276,0,0.2712752012023866,1,0.17672970304549254,26.039510056536777,80.16516188141983,"{""type"":""MultiPoint"",""coordinates"":[]}"
2759,441.47480109288233,0.5199670646356526,0.8019272382973474,1,0.5093140935780698,1,0.314238663765218,25.96503971948327,80.3475198840961,"{""type"":""MultiPoint"",""coordinates"":[]}"
2761,907.5791976461337,0.49343458313557975,0.6352163694585682,1,0.4198876190424956,1,0.27633511876511396,26.020106446399794,80.2754749983097,"{""type"":""MultiPoint"",""coordinates"":[]}"
2762,1001.7983829094555,0.3347921225382932,0.6059855176566596,0,0.2722160263812009,1,0.04970303219756175,26.03196420815017,79.91578955854825,"{""type"":""MultiPoint"",""coordinates"":[]}"
2764,1408.0127840328723,0.5151158687213269,0.49459976846710346,1,0.3822249377194073,1,0.30730838388760984,25.949139538954352,80.37105574454003,"{""type"":""MultiPoint"",""coordinates"":[]}"
2765,1397.4262055650738,0.385489891429979,0.49722476941210386,0,0.27216695756196646,1,0.12212841632854149,26.03924056195154,80.07739647816135,"{""type"":""MultiPoint"",""coordinates"":[]}"
2767,3507.36368231183,0.6580167886848863,0.17313531178523617,1,0.37612565787256846,1,0.5114525552641234,25.979143269443945,80.27071392730387,"{""type"":""MultiPoint"",""coordinates"":[]}"
2769,2943.229518742974,0.3525077252198716,0.22955451045284703,0,0.13682842579817164,1,0.07501103602838805,26.044720285184667,80.17522301260198,"{""type"":""MultiPoint"",""coordinates"":[]}"
2771,3015.5928107090317,0.4166666666666667,0.22139731074870567,0,0.1885589242994823,1,0.1666666666666667,26.02549633810451,80.306287212555,"{""type"":""MultiPoint"",""coordinates"":[]}"
2773,563.2051136131489,0.3820891751926235,0.7545735250558271,1,0.3721915601874367,1,0.11727025027517642,26.026035327274982,80.17746880081226,"{""type"":""MultiPoint"",""coordinates"":[]}"
2774,1339.589489358587,0.5012615643397813,0.5118136194745982,1,0.37723536008108044,1,0.2875165204854019,25.95812269179555,80.34105201405043,"{""type"":""MultiPoint"",""coordinates"":[]}"
2775,14.142135623730951,0.47992700729927007,0.9929538733665889,1,0.5514046984602956,1,0.2570385818561001,26.02271156072374,80.1934588128696,"{""type"":""MultiPoint"",""coordinates"":[]}"
2776,2361.39789108062,0.5127272727272727,0.30706404253632275,0,0.30516327935219145,1,0.3038961038961039,26.044720285184667,80.09994419179276,"{""type"":""MultiPoint"",""coordinates"":[]}"
2777,2313.201245028197,0.4175580221997982,0.31455365208887776,0,0.22658547986394956,1,0.16794003171399746,26.001960477660578,80.3280264424307,"{""type"":""MultiPoint"",""coordinates"":[]}"
2778,2981.559994365366,0.3624666743943433,0.22519693404310925,0,0.14362163738382372,1,0.08923810627763334,25.95452943065907,80.31473137622574,"{""type"":""MultiPoint"",""coordinates"":[]}"
2779,2076.6318884193224,0.4024187811240218,0.3540504208505252,0,0.22940769501794306,1,0.1463125444628883,25.984263666563425,80.28562596102026,"{""type"":""MultiPoint"",""coordinates"":[]}"
2781,1521.0851389715174,0.4126971546326385,0.46741275430085855,0,0.2835626628340336,1,0.1609959351894836,25.99917570027981,80.26909695979246,"{""type"":""MultiPoint"",""coordinates"":[]}"
2783,2450.1836665850174,0.45186662235515673,0.29373072482535567,0,0.24766368052027662,1,0.21695231765022394,26.028370947013695,80.29317180940686,"{""type"":""MultiPoint"",""coordinates"":[]}"
2785,941.5412895885129,0.547422450345905,0.6245207990829449,1,0.4618847056439537,1,0.35346064335129285,25.97887377485871,80.30943131604943,"{""type"":""MultiPoint"",""coordinates"":[]}"
2786,488.2622246293481,0.39990444338270426,0.7833849161195697,1,0.39898634649014586,1,0.14272063340386323,26.02998791452511,79.92117945025296,"{""type"":""MultiPoint"",""coordinates"":[]}"
2789,2482.196607845559,0.6459747817652765,0.28906656059138497,1,0.41217643717821956,1,0.49424968823610926,25.93395801065273,80.37204389135256,"{""type"":""MultiPoint"",""coordinates"":[]}"
2790,2480.0,0.3961218836565097,0.2893842179390506,0,0.19814387316691429,1,0.13731697665215672,26.000882499319637,80.02538402321083,"{""type"":""MultiPoint"",""coordinates"":[]}"
2792,430.11626335213134,0.2864708714492056,0.8064945559343359,0,0.3225978223737344,0,0.0,25.9412343644541,80.3956695833249,"{""type"":""MultiPoint"",""coordinates"":[]}"
2794,2159.837956884729,0.34801307414415966,0.3396230413180593,0,0.17700328007936061,1,0.06859010592022811,26.03097606133764,80.2784394387473,"{""type"":""MultiPoint"",""coordinates"":[]}"
2795,1000.0,0.43694552145626603,0.6065306597126334,1,0.3599941394189957,1,0.19563645922323722,26.031874376621758,80.0439791495921,"{""type"":""MultiPoint"",""coordinates"":[]}"
2798,1188.4864324004711,0.4242692648361382,0.5519801374680168,0,0.3273085677038966,1,0.17752752119448317,26.036725279156006,80.1417158525043,"{""type"":""MultiPoint"",""coordinates"":[]}"
2799,2727.288030260097,0.4974166275246595,0.2557272032105344,0,0.2715051334482076,1,0.28202375360665644,26.048313546321147,79.99978203761343,"{""type"":""MultiPoint"",""coordinates"":[]}"
2800,2526.024544615511,0.4244538487933204,0.2828008689473104,0,0.21979507511605592,1,0.1777912125618863,25.94815139214182,80.33665026915824,"{""type"":""MultiPoint"",""coordinates"":[]}"
2802,1747.9702514631076,0.40958486435775154,0.41728529696605615,0,0.2608440025216381,1,0.15654980622535938,26.00797919006418,80.06005899317785,"{""type"":""MultiPoint"",""coordinates"":[]}"
2806,646.297145282261,0.35125448028673834,0.7238662996503045,0,0.33347893153446895,1,0.07322068612391193,26.01579453303602,80.19103336160248,"{""type"":""MultiPoint"",""coordinates"":[]}"
2808,1056.2196741208713,0.5517728387720211,0.5897185811000524,1,0.4516927228160391,1,0.3596754839600302,26.00717070630847,80.25795785026938,"{""type"":""MultiPoint"",""coordinates"":[]}"
2811,3521.3917703090065,0.47605770396411684,0.17192518200363796,0,0.21967667619926962,1,0.2515110056630241,26.013638576354133,80.32982307299893,"{""type"":""MultiPoint"",""coordinates"":[]}"
2813,1424.1137595009745,0.3664171518343961,0.4906339837669723,0,0.2531825807934142,1,0.09488164547770875,25.943300489607573,80.4084256603594,"{""type"":""MultiPoint"",""coordinates"":[]}"
2814,2464.163143949686,0.5518869735478173,0.29168478244692875,0,0.332577033162615,1,0.3598385336397391,26.003038456001523,80.14279383084525,"{""type"":""MultiPoint"",""coordinates"":[]}"
2816,569.2099788303083,0.47591151525749753,0.7523113665871758,1,0.4517058454270111,1,0.2513021646535679,26.01067413591654,80.26137144834904,"{""type"":""MultiPoint"",""coordinates"":[]}"
2817,3156.8655340384707,0.4342569808494704,0.2062981622642044,0,0.19759667706237066,1,0.19179568692781487,25.93027491798784,80.3671031572899,"{""type"":""MultiPoint"",""coordinates"":[]}"
2819,2931.0237119477556,0.5904319238181612,0.23095974309261363,0,0.3413255462240408,1,0.41490274831165896,26.040588034877718,80.26882746520722,"{""type"":""MultiPoint"",""coordinates"":[]}"
2820,1248.0785231707177,0.6159858799798286,0.5357759218424202,1,0.48515540871967827,1,0.4514083999711837,25.98722810700102,80.33422481789113,"{""type"":""MultiPoint"",""coordinates"":[]}"
2821,1687.601848778319,0.47598584428715873,0.4300727388908782,0,0.3228741049453445,1,0.25140834898165537,26.04400163295737,79.960435828169,"{""type"":""MultiPoint"",""coordinates"":[]}"
2824,2171.128738697915,0.43125225550342833,0.3377111382866895,0,0.24758638860332866,1,0.18750322214775478,25.998546879580925,80.11135279590107,"{""type"":""MultiPoint"",""coordinates"":[]}"
2827,1807.1247881648903,0.4090394316894883,0.4051238751468734,0,0.2555119200783108,1,0.15577061669926903,25.984712824205484,80.35246061815876,"{""type"":""MultiPoint"",""coordinates"":[]}"
2828,2264.9724060129297,0.3056805741393991,0.32223112770953316,0,0.13376151463186964,1,0.008115105913427283,26.00932666299036,79.94938655017432,"{""type"":""MultiPoint"",""coordinates"":[]}"
2829,2459.7764126033894,0.5148221343873518,0.2923252559756852,0,0.3010633604365756,1,0.3068887634105026,25.98040091084171,80.28553612949185,"{""type"":""MultiPoint"",""coordinates"":[]}"
2830,1037.4005976477938,0.36528410986322696,0.5952937493821584,0,0.2940753082070579,1,0.09326301409032425,25.93620379886303,80.39854419223408,"{""type"":""MultiPoint"",""coordinates"":[]}"
2831,2860.4370295463596,0.4628394860953,0.2392566354218201,0,0.23527935653612808,1,0.23262783727900005,26.05028983994621,79.98262421568674,"{""type"":""MultiPoint"",""coordinates"":[]}"
2833,2391.401262858243,0.3737596471885336,0.30249194455709943,0,0.1842193325558686,1,0.10537092455504803,26.019477625700908,80.30502957115723,"{""type"":""MultiPoint"",""coordinates"":[]}"
2834,939.0420650854785,0.5126323046352245,0.6253016957322002,1,0.4323769394087868,1,0.30376043519317786,26.01309958718366,80.16821615338584,"{""type"":""MultiPoint"",""coordinates"":[]}"
2836,1234.2204017111367,0.4455822814955942,0.5395012373060295,0,0.34058530763292116,1,0.20797468785084888,25.969082138261804,80.38497963144388,"{""type"":""MultiPoint"",""coordinates"":[]}"
2839,1673.1407591712061,0.524888558692422,0.4331936685119031,1,0.366039089141123,1,0.3212693695606029,25.99513328150127,80.27646314512224,"{""type"":""MultiPoint"",""coordinates"":[]}"
2840,737.5635565834309,0.3779646228285872,0.6915763109488118,0,0.3434573439468852,1,0.11137803261226749,26.015075880808723,80.19166218230136,"{""type"":""MultiPoint"",""coordinates"":[]}"
2842,1232.233744059949,0.46729466045080986,0.5400374056881573,1,0.35941038551881427,1,0.23899237207258556,26.03834224666742,80.19696224247767,"{""type"":""MultiPoint"",""coordinates"":[]}"
2843,102.95630140987001,0.44031482291211194,0.9498244027291172,1,0.5001996093020286,1,0.20044974701730278,25.961536289875202,80.37788294069934,"{""type"":""MultiPoint"",""coordinates"":[]}"
2846,704.5565981523414,0.5159413544333256,0.7030844270002343,1,0.4663263603143728,1,0.3084876491904651,26.034389659417293,79.96807150808401,"{""type"":""MultiPoint"",""coordinates"":[]}"
2847,1597.0284906663373,0.46729191090269634,0.44999705290772174,0,0.32339188765111415,1,0.23898844414670908,26.02908959924099,80.26783931839469,"{""type"":""MultiPoint"",""coordinates"":[]}"
2849,1537.3353570382747,0.441429661109295,0.46363036169336364,0,0.30667756848531263,1,0.2020423730132786,26.041037192519777,79.97696482939679,"{""type"":""MultiPoint"",""coordinates"":[]}"
2853,1173.4564329364769,0.38036293714697755,0.5561438937711715,0,0.2913400750630208,1,0.11480419592425367,26.016603016791727,79.97579701952743,"{""type"":""MultiPoint"",""coordinates"":[]}"
2857,2637.3471519691907,0.4281298299845441,0.26748987174869193,0,0.21682151725765741,1,0.1830426142636344,25.994324797745563,80.25148998022372,"{""type"":""MultiPoint"",""coordinates"":[]}"
2858,206.15528128088303,0.3973418881759853,0.9020569344845073,1,0.4442586779446475,1,0.1390598402514076,26.020286109456617,80.19229100300024,"{""type"":""MultiPoint"",""coordinates"":[]}"
2859,1162.1101496846156,0.22672246301001342,0.5593079434096694,0,0.22372317736386776,0,0.0,26.015165712337136,79.9912480424143,"{""type"":""MultiPoint"",""coordinates"":[]}"
2860,1454.9570440394452,0.42524714210162323,0.48312564623844645,0,0.30060495172534135,1,0.17892448871660466,26.008697842291475,80.16129912569812,"{""type"":""MultiPoint"",""coordinates"":[]}"
2861,3424.2663447810246,0.41888005413635593,0.18048038591753546,0,0.17408934362674786,1,0.16982864876622278,25.9983672165241,80.14324298848732,"{""type"":""MultiPoint"",""coordinates"":[]}"
2862,85.44003745317531,0.5021834061135371,0.9581796248664459,1,0.5565719123296102,1,0.288833437305053,26.026574316445455,79.99025989560177,"{""type"":""MultiPoint"",""coordinates"":[]}"
2863,1662.0770138594662,0.5154639175257731,0.4355966811734546,1,0.35892203034861603,1,0.30780559646539024,26.010045315217656,80.15186681521486,"{""type"":""MultiPoint"",""coordinates"":[]}"
2867,1372.7709204379294,0.42560226735947093,0.5033923161922319,0,0.30901601278501073,1,0.17943181051352994,26.010135146746066,80.23621862039369,"{""type"":""MultiPoint"",""coordinates"":[]}"
2868,1379.0213921473444,0.5043295108822841,0.5018215522590489,1,0.375868201659863,1,0.2918993012604058,26.035287974701415,80.16471272377777,"{""type"":""MultiPoint"",""coordinates"":[]}"
2869,2685.218799278748,0.27073509015256586,0.2611632992614739,0,0.10446531970458957,0,0.0,25.992887493290972,80.25472391524654,"{""type"":""MultiPoint"",""coordinates"":[]}"
2870,2290.8513701242164,0.32995696126513857,0.318088483450443,0,0.15291278875029599,1,0.042795658950197976,26.048223714792734,80.19750123164813,"{""type"":""MultiPoint"",""coordinates"":[]}"
2871,1999.124808509964,0.4365024288688411,0.3680404588773406,0,0.26421826543851434,1,0.19500346981263017,25.92740030907866,80.39270514288731,"{""type"":""MultiPoint"",""coordinates"":[]}"
2873,1329.0974381135493,0.28810182623132263,0.514505661924226,0,0.2058022647696904,0,0.0,26.01067413591654,80.13102590062329,"{""type"":""MultiPoint"",""coordinates"":[]}"
2877,720.0,0.3937984496124031,0.697676326071031,1,0.3594692015247579,1,0.13399778516057592,26.016423353734904,80.04703342155811,"{""type"":""MultiPoint"",""coordinates"":[]}"
2878,2471.9627828913603,0.4280326499824897,0.2905494796298737,0,0.2259620632655121,1,0.18290378568927101,26.050110176889387,80.21735399942717,"{""type"":""MultiPoint"",""coordinates"":[]}"
2880,1055.1303237041384,0.54425658876181,0.5900398736831998,1,0.44537873984054566,1,0.34893798394544295,25.957224376511427,80.35812000444871,"{""type"":""MultiPoint"",""coordinates"":[]}"
2881,726.2231062146122,0.29067579127459364,0.6955088429988494,0,0.2782035371995398,0,0.0,26.030706566752404,80.1927401606423,"{""type"":""MultiPoint"",""coordinates"":[]}"
2882,284.42925306655786,0.4693554764729142,0.8674350619252966,1,0.49213586174690227,1,0.24193639496130603,26.017501332075845,80.11925797040132,"{""type"":""MultiPoint"",""coordinates"":[]}"
2883,1740.0,0.3512241054613936,0.418951549247639,0,0.21148699580882158,1,0.0731772935162766,26.036815110684415,80.1852841437841,"{""type"":""MultiPoint"",""coordinates"":[]}"
2885,2118.5136298829893,0.40339314048578057,0.3467133868133685,0,0.22730804657030218,1,0.14770448640825798,26.017950489717908,80.30269395141853,"{""type"":""MultiPoint"",""coordinates"":[]}"
2886,1140.0,0.3684746193969722,0.5655254386995371,0,0.2849027063915053,1,0.09782088485281742,26.0126504295416,80.04739274767176,"{""type"":""MultiPoint"",""coordinates"":[]}"
2887,310.0,0.4964302712993812,0.8564151774836135,1,0.5109348749643436,1,0.28061467328483036,26.030257409110344,79.97382072590237,"{""type"":""MultiPoint"",""coordinates"":[]}"
2888,2173.29243315298,0.5203358921073837,0.3373459839842267,0,0.32379772968573395,1,0.3147655601534054,26.043193149201667,80.01289744076158,"{""type"":""MultiPoint"",""coordinates"":[]}"
2889,2841.2145290350745,0.4125523012552301,0.24156727711062573,0,0.19310031192016186,1,0.16078900179318592,25.99189934647844,80.25445442066132,"{""type"":""MultiPoint"",""coordinates"":[]}"
2893,735.3910524340095,0.5746586075665995,0.6923279453096854,1,0.512352841752388,1,0.39236943938085644,25.99818755346728,80.30997030521989,"{""type"":""MultiPoint"",""coordinates"":[]}"
2896,2213.0521909796885,0.37135384090521406,0.3307058083019602,0,0.19344275838239616,1,0.1019340584360201,26.05091866064509,79.93815760912283,"{""type"":""MultiPoint"",""coordinates"":[]}"
2898,1394.6325680981354,0.40821917808219177,0.4979197875789571,0,0.2919272105306044,1,0.15459882583170256,26.01354874482572,80.14530911364079,"{""type"":""MultiPoint"",""coordinates"":[]}"
2901,493.3558553417604,0.4770159143347335,0.7813923178523529,1,0.4642848537135699,1,0.2528798776210479,26.010494472859715,80.2640663942014,"{""type"":""MultiPoint"",""coordinates"":[]}"
2902,50.0,0.41290645322661335,0.9753099120283326,1,0.4869009247198588,1,0.16129493318087623,26.02369970753627,80.01927547927882,"{""type"":""MultiPoint"",""coordinates"":[]}"
2905,1090.0,0.47178952207507474,0.5798417833398464,1,0.3791848751145741,1,0.24541360296439252,26.01345891329731,80.01945514233564,"{""type"":""MultiPoint"",""coordinates"":[]}"
2907,596.657355607052,0.36878730036001645,0.7420574018645516,1,0.35578350391154906,1,0.09826757194288066,26.021004761683912,80.08404401126384,"{""type"":""MultiPoint"",""coordinates"":[]}"
2910,732.4616030891996,0.45585039013025197,0.6933427581618541,1,0.4109231519478148,1,0.22264341447178856,26.025676001161333,80.25301711620672,"{""type"":""MultiPoint"",""coordinates"":[]}"
2911,2607.2207424765556,0.5768882448831734,0.27154962614732636,0,0.3459526317873649,1,0.39555463554739057,26.04705590492338,80.09940520262228,"{""type"":""MultiPoint"",""coordinates"":[]}"
2912,260.768096208106,0.5644140723867376,0.8777582647832907,1,0.5777439393876628,1,0.3777343891239109,26.00717070630847,80.28930905368514,"{""type"":""MultiPoint"",""coordinates"":[]}"
2913,2266.384786394402,0.5706033376123235,0.3220036515781548,1,0.3607471785846821,1,0.38657619658903364,26.003667276700405,80.3242535182374,"{""type"":""MultiPoint"",""coordinates"":[]}"
2914,1905.4133409840501,0.6311886586695747,0.3856956583059628,1,0.4381542564677349,1,0.47312665524224967,25.95695488192619,80.32892475771482,"{""type"":""MultiPoint"",""coordinates"":[]}"
2915,370.0,0.47782336850332163,0.8311042838521256,1,0.48486174368655455,1,0.2540333835761738,26.019657288757735,80.04011639387039,"{""type"":""MultiPoint"",""coordinates"":[]}"
2917,130.0,0.6271906532129581,0.9370674633774034,2,0.6552761166763541,1,0.46741521887565446,25.988485748398787,80.31230592495861,"{""type"":""MultiPoint"",""coordinates"":[]}"
2918,30.0,0.41683592868426994,0.9851119396030626,1,0.49418985757059936,1,0.16690846954895708,26.027382800201163,80.21816248318288,"{""type"":""MultiPoint"",""coordinates"":[]}"
2919,2398.520377232597,0.5006792452830188,0.3014171212641509,0,0.2925776301768193,1,0.2866846361185983,26.000433341677574,80.19453679121054,"{""type"":""MultiPoint"",""coordinates"":[]}"
2923,538.2378656319155,0.5711349623201645,0.7640523793432041,1,0.5380223480117083,1,0.3873356604573779,25.952373473977183,80.37833209834139,"{""type"":""MultiPoint"",""coordinates"":[]}"
2924,2864.349838968697,0.5418904093769848,0.23878901019435522,0,0.3028502406865863,1,0.34555772768140697,26.0028587929447,80.20962848798375,"{""type"":""MultiPoint"",""coordinates"":[]}"
2925,806.2257748298549,0.6321353065539113,0.6682366595564831,1,0.5519820694402315,1,0.4744790093627304,25.953361620789714,80.39593907791014,"{""type"":""MultiPoint"",""coordinates"":[]}"
2928,666.1080993352356,0.3064848290696077,0.7167314540119019,0,0.2922510065215674,1,0.009264041528011049,26.019747120286144,79.99017006407335,"{""type"":""MultiPoint"",""coordinates"":[]}"
2930,786.3841300535,0.4718939175554916,0.6748991106214332,1,0.41729728786756604,1,0.24556273936498801,26.03286252343429,79.99088871630065,"{""type"":""MultiPoint"",""coordinates"":[]}"
2931,2080.8171471804053,0.4574718336015847,0.35331029920789625,0,0.27629997705594544,1,0.2249597622879782,26.000523173205988,80.24861537131453,"{""type"":""MultiPoint"",""coordinates"":[]}"
2933,1153.7764081484765,0.23477297895902546,0.5616433696599693,0,0.22465734786398772,0,0.0,25.97222624175622,80.3175161536065,"{""type"":""MultiPoint"",""coordinates"":[]}"
2935,2328.797973204202,0.4234979323765507,0.31211018807882496,0,0.23069944584000202,1,0.17642561768078674,25.975100850665406,80.39324413205777,"{""type"":""MultiPoint"",""coordinates"":[]}"
2939,1288.875478857442,0.40063947291929075,0.5249576221153998,0,0.29624545420555204,1,0.14377067559898682,25.95282263161924,80.40438324158086,"{""type"":""MultiPoint"",""coordinates"":[]}"
2940,2052.3157651784486,0.32545963716059906,0.3583812616505708,0,0.1651750507978847,1,0.03637091022942724,26.05028983994621,79.91992180885521,"{""type"":""MultiPoint"",""coordinates"":[]}"
2941,136.01470508735443,0.6084472049689441,0.9342536044115286,1,0.6380847603094207,1,0.4406388642413488,25.97626866053476,80.32820610548752,"{""type"":""MultiPoint"",""coordinates"":[]}"
2942,1425.0614021858848,0.44854482264611467,0.4904015659807317,0,0.32348476008896243,1,0.21220688949444955,26.042205002389135,80.20675387907457,"{""type"":""MultiPoint"",""coordinates"":[]}"
2943,882.9496021857647,0.45147150907952416,0.6430872955232105,1,0.3870676402774478,1,0.21638787011360597,26.03340151260476,80.22606765768313,"{""type"":""MultiPoint"",""coordinates"":[]}"
2945,834.8652585896721,0.40559062218214603,0.658735869853199,1,0.35400059552597624,1,0.15084374597449435,26.013369081768897,80.17944509443733,"{""type"":""MultiPoint"",""coordinates"":[]}"
2946,568.59475903318,0.5279960707269156,0.752542820607289,1,0.496442331723129,1,0.3257086724670223,25.981658552239477,80.33161970356718,"{""type"":""MultiPoint"",""coordinates"":[]}"
2947,2855.591007129697,0.2742969906265417,0.23983705983457182,0,0.09593482393382874,0,0.0,26.044271127542608,80.11359858411137,"{""type"":""MultiPoint"",""coordinates"":[]}"
2950,1366.821129482567,0.38775026655609524,0.5048920854394671,0,0.27717134836672563,1,0.12535752365156463,26.028999767712577,79.91300478116749,"{""type"":""MultiPoint"",""coordinates"":[]}"
2955,990.0,0.4561558901682905,0.6095709072963093,1,0.37767626877705845,1,0.22307984309755788,26.032143871206994,80.02179076207436,"{""type"":""MultiPoint"",""coordinates"":[]}"
2956,3379.970414071697,0.4042941982640475,0.1845222536038824,0,0.16320392852502225,1,0.14899171180578216,26.0148962177519,80.32685863256134,"{""type"":""MultiPoint"",""coordinates"":[]}"
2958,2340.534127074416,0.43383742911153117,0.3102840646394732,0,0.23883142223710174,1,0.1911963273021874,26.02226240308168,80.30098715237871,"{""type"":""MultiPoint"",""coordinates"":[]}"
2959,347.1310991541957,0.44279958350310106,0.8406620443142987,1,0.4586644607283775,1,0.20399940500443012,26.028011620900045,80.09176952270727,"{""type"":""MultiPoint"",""coordinates"":[]}"
2960,2756.0116110060203,0.3930084745762712,0.25208075019878584,0,0.18055384971631822,1,0.13286924939467315,26.004655423512936,79.96618504598736,"{""type"":""MultiPoint"",""coordinates"":[]}"
2962,233.23807579381202,0.5267906873120196,0.8899241559713728,1,0.5503616800845659,1,0.32398669616002806,25.976538155119997,80.3340451548343,"{""type"":""MultiPoint"",""coordinates"":[]}"
2963,422.0189569201838,0.5435827888053261,0.8097663915064753,1,0.5326918041500125,1,0.3479754125790373,25.974202535381288,80.34177066627772,"{""type"":""MultiPoint"",""coordinates"":[]}"
2965,403.6087214122113,0.34493609915869244,0.817254799455049,1,0.365418576203756,1,0.06419442736956066,26.034928648587766,79.92207776553708,"{""type"":""MultiPoint"",""coordinates"":[]}"
2967,1638.566446623389,0.44240236297998026,0.44074745881580374,0,0.298358151794876,1,0.20343194711425755,26.009057168405125,80.15375327731151,"{""type"":""MultiPoint"",""coordinates"":[]}"
2968,2206.1731573020284,0.429225836005497,0.3318452349135115,0,0.2435030962558306,1,0.18460833715071007,25.974112703852875,80.29658540748652,"{""type"":""MultiPoint"",""coordinates"":[]}"
2971,123.6931687685298,0.26689728579031397,0.9400270905641573,1,0.37601083622566295,0,0.0,26.01633352220649,80.26424605725822,"{""type"":""MultiPoint"",""coordinates"":[]}"
2972,1200.3332870498925,0.4941427050053248,0.5487201878083001,1,0.38589610798502705,1,0.27734672143617833,26.010494472859715,80.1694737947836,"{""type"":""MultiPoint"",""coordinates"":[]}"
2973,1372.443077143821,0.20795228628230616,0.503474839853339,0,0.20138993594133558,0,0.0,26.024867517405628,80.27430718844035,"{""type"":""MultiPoint"",""coordinates"":[]}"
2975,275.86228448267445,0.5452636779053971,0.8711586757144432,1,0.5586894799189748,1,0.3503766827219959,26.028640441598927,80.15725670691958,"{""type"":""MultiPoint"",""coordinates"":[]}"
2976,2378.9913829183997,0.4257471264367816,0.3043747241408265,0,0.2295331408878577,1,0.17963875205254515,26.048313546321147,80.15078883687391,"{""type"":""MultiPoint"",""coordinates"":[]}"
2979,1274.7548783981963,0.33745273448307667,0.5286770953837192,0,0.24357318199612485,1,0.05350390640439526,26.03277269190588,80.12258173695257,"{""type"":""MultiPoint"",""coordinates"":[]}"
2981,1730.4623659588788,0.394392523364486,0.4209542239256903,0,0.24928956673983554,1,0.13484646194926572,26.042384665445958,79.98091741664692,"{""type"":""MultiPoint"",""coordinates"":[]}"
2982,2292.967509582288,0.3858556904196712,0.31775210164403445,0,0.20069143244590343,1,0.12265098631381605,26.012291103427955,79.92073029261091,"{""type"":""MultiPoint"",""coordinates"":[]}"
2983,1569.2354826475216,0.45654692931633833,0.4562940908277891,0,0.3167007186022628,1,0.22363847045191193,26.017501332075845,79.93007277156575,"{""type"":""MultiPoint"",""coordinates"":[]}"
2984,500.0,0.38009565019357777,0.7788007830714049,1,0.3801737276802001,1,0.11442235741939684,26.021992908496443,79.98289371027198,"{""type"":""MultiPoint"",""coordinates"":[]}"
2988,1836.1372497719228,0.2701746628344019,0.3992894746015063,0,0.15971578984060253,0,0.0,26.013997902467782,79.94121188108883,"{""type"":""MultiPoint"",""coordinates"":[]}"
2991,2121.508896988179,0.2759501165673685,0.34619452584092353,0,0.1384778103363694,0,0.0,26.040049045707246,80.17944509443733,"{""type"":""MultiPoint"",""coordinates"":[]}"
2992,1169.144986731757,0.3270980467010244,0.5573440791801311,0,0.24616452884435905,1,0.038711495287177704,26.03690494221283,80.22238456501825,"{""type"":""MultiPoint"",""coordinates"":[]}"
2993,631.5061361538777,0.3387580299785867,0.7292395004488458,0,0.32491696873261267,1,0.05536861425512392,26.014357228581428,80.24735772991677,"{""type"":""MultiPoint"",""coordinates"":[]}"
2994,1227.762191957384,0.44794073129929096,0.541246159134079,0,0.3433048047673096,1,0.21134390185612997,26.037264268326478,80.15932283207306,"{""type"":""MultiPoint"",""coordinates"":[]}"
2995,2973.566881709574,0.44146948941469494,0.22609874714796976,0,0.21169906121464072,1,0.20209927059242136,26.04624742116767,80.24672890921788,"{""type"":""MultiPoint"",""coordinates"":[]}"
2996,3012.042496380155,0.5223790928206669,0.22179067480928694,0,0.2793269209128578,1,0.3176844183152384,25.98579080254643,80.38695592506895,"{""type"":""MultiPoint"",""coordinates"":[]}"
2998,1726.962651593832,0.38935864250790914,0.4216914785549716,0,0.24526971357162508,1,0.12765520358272736,26.042743991559604,80.21942012458065,"{""type"":""MultiPoint"",""coordinates"":[]}"
